Feature ID	Taxon
5ebd4bacd8ab00fcd5fda21569d3e559	d__Bacteria
81b72761d59ab564da9daa13e5f90b73	d__Bacteria; p__Bacteroidota; c__Bacteroidia; o__Bacteroidales; f__Rikenellaceae; g__Alistipes
b9681574412acbd83b1d1cab92d52f78	d__Bacteria
7947355093c1f4ce4945a0c60b7e0cec	d__Bacteria; p__Firmicutes; c__Clostridia; o__Oscillospirales; f__Ruminococcaceae; g__Faecalibacterium
7a3b0c3c5d3a4b05fcb855be5480ee4b	d__Bacteria; p__Firmicutes; c__Clostridia; o__Lachnospirales; f__Lachnospiraceae
45a232b8705928d092b15e500da766c8	d__Bacteria; p__Firmicutes; c__Clostridia; o__Christensenellales; f__Christensenellaceae; g__Christensenellaceae_R-7_group
39b481bff0d8a19df4fe7ed199b05ccb	d__Bacteria; p__Bacteroidota; c__Bacteroidia; o__Bacteroidales; f__Tannerellaceae; g__Parabacteroides
92ca245c2d64fa9f9c8887ab00a44cc2	Unassigned
f33a0fd4a12ae5253b48d76f64b54507	d__Bacteria; p__Firmicutes; c__Clostridia; o__Oscillospirales; f__Ruminococcaceae; g__Faecalibacterium
21eecfef2469139b121cca0b98c29ecf	d__Bacteria; p__Bacteroidota; c__Bacteroidia; o__Bacteroidales; f__Prevotellaceae; g__uncultured; s__Prevotella_sp.
23fbe1d998a389fe85e231af37c76039	d__Bacteria; p__Bacteroidota; c__Bacteroidia; o__Bacteroidales; f__Bacteroidaceae; g__Bacteroides
9e923ba9322570421177eab4100b3e4f	d__Bacteria; p__Bacteroidota; c__Bacteroidia; o__Bacteroidales; f__Bacteroidaceae; g__Bacteroides
95cfa4b3d0ae0d4365ba77b1fec09a2e	d__Bacteria; p__Bacteroidota; c__Bacteroidia; o__Bacteroidales; f__Bacteroidaceae; g__Bacteroides
1a332d8e48fad2ca28c0454dc150b89a	d__Bacteria; p__Firmicutes; c__Clostridia; o__Lachnospirales; f__Lachnospiraceae
fd01cd58440af85f05645a27e8f282f8	d__Bacteria; p__Firmicutes; c__Clostridia; o__Lachnospirales; f__Lachnospiraceae; g__[Eubacterium]_xylanophilum_group
e68527b27357d67d7e6c363012696ad5	d__Bacteria; p__Proteobacteria; c__Gammaproteobacteria; o__Burkholderiales; f__Sutterellaceae; g__Sutterella; s__Sutterella_wadsworthensis
cb172b5e55a3d7308497b814a222503e	d__Bacteria; p__Firmicutes; c__Clostridia; o__Oscillospirales; f__Oscillospiraceae; g__UCG-003; s__uncultured_organism
90b2769b33e617e08f4130a083562764	d__Bacteria; p__Bacteroidota; c__Bacteroidia; o__Bacteroidales; f__Rikenellaceae; g__Alistipes
f98a03fb183ff127e20ae8a03100b386	d__Bacteria; p__Firmicutes; c__Bacilli; o__Erysipelotrichales; f__Erysipelotrichaceae; g__Holdemanella; s__uncultured_bacterium
d6c3298ab0f7074ebbaad70e200dcd34	d__Bacteria; p__Firmicutes; c__Negativicutes; o__Acidaminococcales; f__Acidaminococcaceae; g__Phascolarctobacterium; s__uncultured_Veillonellaceae
11db55ea10f8ffd646bb8155dd89b757	d__Bacteria; p__Firmicutes; c__Clostridia; o__Lachnospirales; f__Lachnospiraceae; g__Agathobacter
69779ab59ed3555a4ee07d8fd3e00e82	d__Bacteria; p__Firmicutes; c__Clostridia; o__Lachnospirales; f__Lachnospiraceae; g__Coprococcus
815f4b61e78c9de413291b4f2d3b8585	d__Bacteria; p__Firmicutes; c__Clostridia; o__Clostridia_UCG-014; f__Clostridia_UCG-014; g__Clostridia_UCG-014; s__uncultured_bacterium
6a5c8ea278e8e6a0bf0b05dfe9ab270d	d__Bacteria; p__Firmicutes; c__Clostridia; o__Lachnospirales; f__Lachnospiraceae; g__Blautia
df4a4388bba4812538e81e5f472bb2bf	d__Eukaryota
2c3c750344199e420473a156559ae921	d__Bacteria; p__Bacteroidota; c__Bacteroidia; o__Bacteroidales; f__Bacteroidaceae; g__Bacteroides
b201b91ed7979c66d31492ab05bfa0ab	Unassigned
a248ad2173dd4da0048309514b58e1d4	d__Bacteria; p__Firmicutes; c__Clostridia; o__Lachnospirales; f__Lachnospiraceae; g__Lachnospiraceae_NC2004_group; s__uncultured_bacterium
97245ddbb4741580d531bd14ece472b8	d__Bacteria; p__Firmicutes; c__Clostridia; o__Lachnospirales; f__Lachnospiraceae
f7bf12ce65d69b7263d41a3f18d8f7f4	d__Bacteria; p__Firmicutes; c__Clostridia; o__Oscillospirales; f__Butyricicoccaceae; g__Butyricicoccus
803d946281ceec56f6e751b026d64525	d__Bacteria; p__Spirochaetota; c__Spirochaetia; o__Spirochaetales; f__Spirochaetaceae; g__Treponema; s__Treponema_succinifaciens
cb5c737fd70d72ddcb15702939254515	d__Bacteria; p__Spirochaetota; c__Spirochaetia; o__Spirochaetales; f__Spirochaetaceae; g__Treponema; s__Treponema_succinifaciens
f2e0fe13b458c8e9a8e5876fdb0a1ec8	Unassigned
a355824cce6fe9d45671dee3fae312d0	Unassigned
010f4ee008dbc38ec87deefd188780c2	d__Bacteria; p__Bacteroidota; c__Bacteroidia; o__Bacteroidales; f__Bacteroidaceae; g__Bacteroides; s__Bacteroides_coprocola
07cdac911d1e3c4cceb839918887093a	d__Bacteria; p__Bacteroidota; c__Bacteroidia; o__Bacteroidales; f__Prevotellaceae; g__Prevotellaceae_NK3B31_group
d8e0d7c784efbcaa86a6d7bc430e8044	d__Bacteria; p__Bacteroidota; c__Bacteroidia; o__Bacteroidales; f__Prevotellaceae; g__Prevotellaceae_NK3B31_group; s__uncultured_organism
2be8b93d8c60617cdabebd8be698db79	d__Bacteria; p__Bacteroidota; c__Bacteroidia; o__Bacteroidales; f__Bacteroidaceae; g__Bacteroides; s__Bacteroides_cellulosilyticus
5c074345a0b092379297a840b58dc891	d__Bacteria; p__Bacteroidota; c__Bacteroidia; o__Bacteroidales; f__Bacteroidaceae; g__Bacteroides
23ed1b9146d0279ee1a9a8dd48bee4c7	d__Eukaryota; p__Ascomycota; c__Dothideomycetes; o__Pleosporales; f__Didymellaceae
71eac84bee9340b573eb05e019567cf7	d__Archaea; p__Euryarchaeota; c__Methanobacteria; o__Methanobacteriales; f__Methanobacteriaceae; g__Methanosphaera
b2cd88067732e647df7a89f7c0dfbb3a	d__Archaea; p__Euryarchaeota; c__Methanobacteria; o__Methanobacteriales; f__Methanobacteriaceae; g__Methanobrevibacter
aad79a31425766ff28ab36fc1d338ef8	d__Archaea; p__Euryarchaeota; c__Methanobacteria; o__Methanobacteriales; f__Methanobacteriaceae; g__Methanobrevibacter
1aaf3fcacb6907c432d78dc0c5fa7857	d__Archaea; p__Euryarchaeota; c__Methanobacteria; o__Methanobacteriales; f__Methanobacteriaceae; g__Methanobrevibacter
8db92c647ffb339415602b20cfd23236	d__Archaea; p__Euryarchaeota; c__Methanobacteria; o__Methanobacteriales; f__Methanobacteriaceae; g__Methanobrevibacter
3aceadd84521f994f71895af808e40d3	d__Bacteria; p__Verrucomicrobiota; c__Verrucomicrobiae; o__Verrucomicrobiales; f__Akkermansiaceae; g__Akkermansia
70b87c6728f50120dedec237963dbf68	d__Bacteria; p__Firmicutes; c__Clostridia; o__Lachnospirales; f__Lachnospiraceae; g__Dorea
2b49f669e8daacbdac2426f8d4c27fce	Unassigned
8887a4a05125e8528a037cf4f7ca44e5	Unassigned
dcd78f061d22360d18b5ac62ba5f32f3	d__Bacteria; p__Proteobacteria; c__Gammaproteobacteria; o__Enterobacterales; f__Enterobacteriaceae; g__Escherichia-Shigella
71cfc5f92f75ec1d76c6cef9de3ac198	d__Bacteria; p__Firmicutes; c__Clostridia
bb7c7612ca5e713ef4f3a2b941f1b09f	d__Bacteria; p__Firmicutes; c__Clostridia
cd2f69c5cfeb213e72d884af42b07788	d__Bacteria; p__Firmicutes; c__Clostridia
bb7bdeeadeec6188dd9b77a4e88d8342	d__Bacteria; p__Firmicutes; c__Clostridia
198890fe6a41fed0486a479aef3f91cc	d__Bacteria; p__Firmicutes; c__Bacilli; o__Erysipelotrichales; f__Erysipelatoclostridiaceae; g__Erysipelatoclostridium
01fa8636b29eabacfa92f629cc9eab3e	d__Bacteria; p__Firmicutes; c__Bacilli; o__Erysipelotrichales; f__Erysipelatoclostridiaceae; g__Erysipelatoclostridium; s__bacterium_ic1391
9ed5a5049be3780a4442ac8263819382	d__Bacteria; p__Bacteroidota; c__Bacteroidia; o__Bacteroidales; f__Bacteroidaceae; g__Bacteroides; s__Bacteroides_vulgatus
4b2dc0075f8f2e5f7633c7154867ff71	d__Bacteria; p__Bacteroidota; c__Bacteroidia; o__Bacteroidales; f__Bacteroidaceae; g__Bacteroides; s__Bacteroides_dorei
fe2ae07f49ac57c4a1a5f41e54b1a098	d__Bacteria; p__Bacteroidota; c__Bacteroidia; o__Bacteroidales; f__Prevotellaceae; g__Prevotella; s__Massiliprevotella_massiliensis
69739b93595c7c1e5e309b0da7c5e6d3	d__Eukaryota
6f0facc99fc1b39ceb84e71771e4cca9	d__Bacteria; p__Bacteroidota; c__Bacteroidia; o__Bacteroidales; f__Rikenellaceae; g__Alistipes; s__Alistipes_inops
867c2890c1af1e0f5b3abbd0fe2cc327	Unassigned
e4b2d8a96c5386cfeab595288affdb98	d__Bacteria; p__Firmicutes; c__Bacilli; o__Lactobacillales; f__Streptococcaceae; g__Lactococcus
e2f7634f6aecbcd5124e896dbade405e	d__Bacteria; p__Firmicutes; c__Bacilli; o__Erysipelotrichales; f__Erysipelotrichaceae; g__uncultured; s__uncultured_bacterium
b2c6782a270bc4a82c4704e82280bc85	d__Bacteria; p__Firmicutes; c__Bacilli; o__Erysipelotrichales; f__Erysipelotrichaceae; g__uncultured; s__uncultured_bacterium
be91f0634bd19aa556f02cf1e186230c	d__Bacteria; p__Proteobacteria; c__Gammaproteobacteria; o__Aeromonadales; f__Succinivibrionaceae; g__Succinivibrio; s__uncultured_bacterium
26c67d533742f50e5c56586cfe828226	d__Bacteria; p__Proteobacteria; c__Gammaproteobacteria
45cc4eee06381c85195f636383e88e37	d__Bacteria; p__Proteobacteria; c__Gammaproteobacteria
72ba2341032511e698aaf6dee856e9c0	d__Bacteria; p__Proteobacteria; c__Gammaproteobacteria
c2b08c027f98b2c6051ac051c7e1ecfe	d__Bacteria; p__Proteobacteria; c__Gammaproteobacteria; o__Aeromonadales; f__Succinivibrionaceae; g__Succinivibrio
7c7c2779f2ac326c8faab40b34997805	d__Bacteria; p__Proteobacteria; c__Gammaproteobacteria
f261e56b39788c154a50084883f699f7	d__Bacteria; p__Proteobacteria; c__Gammaproteobacteria
0d068cde5abfa6e4772d53bd4376f37d	d__Bacteria; p__Proteobacteria; c__Gammaproteobacteria
2911fc172af0aae43051a9fe68f72f5e	d__Bacteria; p__Proteobacteria; c__Gammaproteobacteria; o__Pasteurellales; f__Pasteurellaceae
0f95a6a74cb372782353842c40d48484	d__Bacteria; p__Proteobacteria; c__Gammaproteobacteria
f2454dd0eb2dccc212c8c6281111d9eb	d__Bacteria; p__Proteobacteria; c__Gammaproteobacteria
628be3268cfee250728ad0703a83fadf	d__Bacteria; p__Proteobacteria; c__Gammaproteobacteria
0d78add3b2fb50c7efe03d2dd4672a41	d__Bacteria; p__Proteobacteria; c__Gammaproteobacteria
fe31f0b6e5a0388c4468f44adc1a0889	d__Bacteria; p__Firmicutes; c__Clostridia
6929f755d30aad0990acb585b51cb8ee	d__Bacteria
1a1bf89cae8b38a019cd86b1f88d0039	d__Bacteria
cfc360d9d389964bee60aaaaf620920d	d__Bacteria
4e966b56789ffab90cb2d7531ae17165	d__Bacteria; p__Proteobacteria; c__Gammaproteobacteria
e3e6c419be00fb9340cb10eced926326	d__Bacteria; p__Proteobacteria; c__Gammaproteobacteria
309815a68abc2d5968e829bc075ca6a3	d__Bacteria; p__Proteobacteria; c__Gammaproteobacteria; o__Aeromonadales; f__Succinivibrionaceae; g__Succinivibrio; s__uncultured_bacterium
0edfeeaf2642a857c5e711a97b36b03e	d__Bacteria; p__Proteobacteria; c__Gammaproteobacteria
da1b754ea4f10c647b5d52631cf30287	d__Bacteria; p__Proteobacteria; c__Gammaproteobacteria; o__Enterobacterales; f__Enterobacteriaceae
6064fa3f1ec5b99b80ea1afb266b382b	d__Bacteria; p__Proteobacteria; c__Gammaproteobacteria
a0a520c5c50aa21e3b13a67d918069c1	d__Bacteria; p__Proteobacteria; c__Gammaproteobacteria
1f860dcbcf904f1e583b196529d029ac	d__Bacteria; p__Firmicutes; c__Clostridia; o__Lachnospirales; f__Lachnospiraceae
7cdbfb1b1e0288916f1febc8f581558f	d__Bacteria
c9a2e6ae0143ef1063778431925ca4a7	d__Bacteria; p__Firmicutes; c__Clostridia; o__Lachnospirales; f__Lachnospiraceae; g__Agathobacter
33bc4932a00679a4a29706957a0998dc	d__Bacteria; p__Firmicutes; c__Clostridia; o__Oscillospirales; f__Ruminococcaceae
d033cfccac6dfc7d395e47ad6ce2b1fa	d__Bacteria; p__Firmicutes
3730aa465c39762742708bab70499269	d__Bacteria; p__Firmicutes; c__Clostridia
3883f962e4fc80348865bb79608b7e7c	d__Bacteria
0fbf1ce8afd73328e186fea36ba20349	d__Bacteria; p__Firmicutes; c__Clostridia; o__Lachnospirales; f__Lachnospiraceae
f148d69a10a5524a44c09f9912dfa1f1	d__Bacteria; p__Firmicutes; c__Clostridia; o__Lachnospirales; f__Lachnospiraceae; g__[Eubacterium]_ventriosum_group
1616a6b62a8680632c5455d8e12f3377	d__Bacteria; p__Firmicutes; c__Clostridia; o__Lachnospirales; f__Lachnospiraceae; g__[Eubacterium]_ventriosum_group
d2830c77e44852c06228faa0ba24c3e6	d__Bacteria; p__Firmicutes; c__Clostridia; o__Lachnospirales; f__Lachnospiraceae
14d13a9441941692f5c1191b8b30322c	d__Bacteria; p__Firmicutes; c__Clostridia; o__Lachnospirales; f__Lachnospiraceae
c49b89e8f6110a06088c2507fd391771	d__Bacteria; p__Firmicutes; c__Clostridia; o__Lachnospirales; f__Lachnospiraceae
a7b3e564cb0772bf49f3344dff9b6444	d__Bacteria; p__Firmicutes; c__Clostridia; o__Lachnospirales; f__Lachnospiraceae; g__[Eubacterium]_ventriosum_group
5999d79116cafd5e5ea2c8c449720abb	d__Bacteria; p__Firmicutes; c__Clostridia; o__Lachnospirales; f__Lachnospiraceae; g__[Eubacterium]_ventriosum_group
fd40cce1e14720a20707339aa8d7af8b	d__Bacteria; p__Firmicutes; c__Clostridia; o__Lachnospirales; f__Lachnospiraceae; g__[Eubacterium]_ventriosum_group
d05e0ff6cf994cc4c8d83e34f5605e38	d__Bacteria; p__Firmicutes; c__Clostridia; o__Lachnospirales; f__Lachnospiraceae; g__[Eubacterium]_ventriosum_group
c94d75f6e2a6e513b5b320174f1ac9d5	d__Bacteria; p__Firmicutes; c__Clostridia
5115fe2eac3e247d75e650fa78fba074	d__Bacteria; p__Firmicutes; c__Clostridia; o__Lachnospirales; f__Lachnospiraceae; g__[Eubacterium]_ventriosum_group
a8c00ad73571977bf1aa2ed78e66b2e5	d__Bacteria; p__Firmicutes; c__Clostridia; o__Peptostreptococcales-Tissierellales; f__Peptostreptococcales-Tissierellales; g__Fenollaria
88fb3169d7d9359ad8b22d8458bb38cb	d__Bacteria; p__Firmicutes; c__Clostridia; o__Lachnospirales; f__Lachnospiraceae
be5a171eec2cc1fd55bcc010d431cdda	d__Bacteria; p__Desulfobacterota; c__Desulfovibrionia; o__Desulfovibrionales; f__Desulfovibrionaceae; g__Desulfovibrio; s__Desulfovibrio_legallii
33943fa6491fcf3773d545dadf84e197	d__Bacteria; p__Campilobacterota; c__Campylobacteria; o__Campylobacterales; f__Campylobacteraceae; g__Campylobacter; s__Campylobacter_hominis
316008baa970c26dda2571e7d77a8d5a	d__Bacteria; p__Bacteroidota; c__Bacteroidia; o__Bacteroidales; f__Prevotellaceae; g__Prevotella
5fd8f162437b7a4c8b12744266a4f464	d__Bacteria; p__Bacteroidota; c__Bacteroidia; o__Bacteroidales; f__Bacteroidaceae; g__Bacteroides
5731e0cafa3d1311593cf891511e529c	d__Bacteria
5a4b5046a9940fde6254dd279adb5aa6	d__Bacteria
f753343e420bcbb5d722475348a4bb2b	d__Bacteria
165bb803b62670e5c88059d9a899b0e0	d__Bacteria; p__Campilobacterota; c__Campylobacteria; o__Campylobacterales; f__Helicobacteraceae; g__Helicobacter
04f453a264f731d8feef3b8ec099dab8	d__Bacteria; p__Campilobacterota; c__Campylobacteria; o__Campylobacterales; f__Helicobacteraceae; g__Helicobacter
2f21dd3fc46de0f9397d7d4212d67751	d__Bacteria; p__Bacteroidota; c__Bacteroidia; o__Bacteroidales; f__Bacteroidaceae; g__Bacteroides
fc22576bfd8af4f2c9187142c122e274	d__Bacteria; p__Firmicutes; c__Clostridia; o__Clostridia_vadinBB60_group; f__Clostridia_vadinBB60_group; g__Clostridia_vadinBB60_group; s__uncultured_Thermoanaerobacterales
3921b8f98b8482b707108667e7610378	d__Bacteria; p__Firmicutes; c__Clostridia; o__Clostridia_vadinBB60_group; f__Clostridia_vadinBB60_group; g__Clostridia_vadinBB60_group; s__uncultured_Thermoanaerobacterales
3dbb281e91e03417697f3a1ab48e3e32	d__Bacteria; p__Firmicutes; c__Clostridia; o__Clostridia_vadinBB60_group; f__Clostridia_vadinBB60_group; g__Clostridia_vadinBB60_group; s__uncultured_Thermoanaerobacterales
034a948dd91fe85b34c1a0a8adf15ed3	d__Bacteria; p__Firmicutes; c__Clostridia; o__Oscillospirales; f__Ruminococcaceae; g__Subdoligranulum
8e07273901319128c926a664f43096b0	d__Bacteria; p__Firmicutes; c__Clostridia; o__Clostridia_vadinBB60_group; f__Clostridia_vadinBB60_group; g__Clostridia_vadinBB60_group; s__uncultured_Thermoanaerobacterales
578f4c3af0d8850991e8320d4397836a	d__Bacteria; p__Firmicutes; c__Clostridia; o__Clostridia_vadinBB60_group; f__Clostridia_vadinBB60_group; g__Clostridia_vadinBB60_group; s__uncultured_Thermoanaerobacterales
81aaf2eb46317ed545b203ef851f0ba6	d__Bacteria; p__Firmicutes; c__Clostridia
6a0d65b37d12a4ef802c6b8f37581ba3	d__Bacteria; p__Firmicutes; c__Clostridia; o__Clostridia_vadinBB60_group; f__Clostridia_vadinBB60_group; g__Clostridia_vadinBB60_group; s__uncultured_bacterium
a258fdd6c9e235b25fbedaa8701b30b0	d__Bacteria; p__Firmicutes; c__Clostridia; o__Clostridia_vadinBB60_group; f__Clostridia_vadinBB60_group; g__Clostridia_vadinBB60_group
5cc99de1fc59b58ac93351c10d563598	d__Bacteria; p__Firmicutes; c__Clostridia; o__Clostridia_vadinBB60_group; f__Clostridia_vadinBB60_group; g__Clostridia_vadinBB60_group; s__uncultured_bacterium
cb6d227d6da26d1574e32e5264fd66cb	d__Bacteria; p__Firmicutes; c__Clostridia; o__Oscillospirales; f__Ruminococcaceae
0b298ce4a738698cec2a92921c68de9d	d__Bacteria; p__Firmicutes; c__Clostridia
c7d8debd9ea15f3fe6580fe21989f50d	d__Bacteria; p__Firmicutes; c__Clostridia
3c1bd6480f653c0f208c5e6788cfe23c	d__Bacteria; p__Firmicutes; c__Clostridia
0118e63a9e102cfdd5cb0e2ec451d5ab	d__Bacteria; p__Firmicutes; c__Clostridia; o__Christensenellales; f__Christensenellaceae; g__Christensenellaceae_R-7_group; s__human_gut
de02aca01885ca93cc91b22bb3b6b87b	d__Bacteria
a414547ea6cb0f4edb6bbac7aeb6c5c8	d__Bacteria; p__Firmicutes; c__Clostridia
3633eff093ca6b2d5e42eb65bdee8e51	d__Bacteria; p__Firmicutes; c__Clostridia
41a46fbe8d81bb924842ef11f9d82113	d__Bacteria; p__Firmicutes; c__Clostridia; o__Christensenellales; f__Christensenellaceae; g__Christensenellaceae_R-7_group; s__human_gut
04e38e91b6efb8c819fc08b3111132eb	d__Bacteria; p__Firmicutes; c__Clostridia
fe1aefd409aeca65de441279c5526b1c	d__Bacteria; p__Firmicutes; c__Clostridia; o__Oscillospirales; f__Oscillospiraceae
35c66c8363da05600e7142d01360084c	d__Bacteria; p__Firmicutes; c__Clostridia
581d1f33a8ccb2a5ad0b547257bd031c	d__Bacteria; p__Firmicutes; c__Clostridia
49bc294324ae9cffc737a3b4e12b3b48	d__Bacteria; p__Firmicutes; c__Clostridia; o__Christensenellales; f__Christensenellaceae; g__Christensenellaceae_R-7_group
ae2b12e537145f4cabd77d000cb7a8be	d__Bacteria; p__Bacteroidota; c__Bacteroidia; o__Bacteroidales; f__Bacteroidaceae; g__Bacteroides
2604f453267a968f832afbb6bf657377	d__Bacteria; p__Firmicutes; c__Clostridia
af7c55c3240ca884b0d2870f0fbefc25	d__Bacteria
150d5a49016505736a2f70d5feb1aad7	d__Bacteria; p__Firmicutes; c__Clostridia
2ebd1312e0633375e4d6ace7ca251fac	d__Bacteria; p__Firmicutes; c__Clostridia; o__Christensenellales; f__Christensenellaceae
d0113f3d3567f2cc81c0eed40bd80453	d__Bacteria; p__Firmicutes; c__Clostridia; o__Christensenellales; f__Christensenellaceae; g__uncultured; s__uncultured_bacterium
85ef6f689d8076d34b97fd3fd52ef030	d__Bacteria; p__Firmicutes; c__Clostridia; o__Christensenellales; f__Christensenellaceae; g__uncultured; s__uncultured_bacterium
2f39e3d3201d882dcb9a22f4e1a2aba7	d__Bacteria; p__Firmicutes; c__Clostridia; o__Christensenellales; f__Christensenellaceae; g__uncultured; s__uncultured_bacterium
c7fead3fa06fa0638febd8f85caa4320	d__Bacteria; p__Firmicutes; c__Clostridia; o__Oscillospirales; f__Ruminococcaceae
18eccffb6a940d8bfcd0706dfe8d1d12	d__Bacteria; p__Bacteroidota; c__Bacteroidia; o__Bacteroidales; f__Tannerellaceae; g__Parabacteroides
affe2cb5f28af599e464cd847f4ff2f1	d__Bacteria; p__Firmicutes; c__Bacilli; o__Lactobacillales; f__Lactobacillaceae; g__Lactobacillus
34a1a0c5f7759f530f8b8632e2d072ac	d__Bacteria; p__Firmicutes; c__Bacilli; o__Lactobacillales; f__Lactobacillaceae; g__Lactobacillus; s__uncultured_rumen
f6dd8f5c78fad9258ff911a387df126a	d__Bacteria; p__Firmicutes; c__Bacilli; o__Lactobacillales; f__Lactobacillaceae; g__Lactobacillus; s__uncultured_rumen
e9e20f349d332194e4ec73aeba1e8b27	d__Bacteria; p__Firmicutes; c__Bacilli; o__Lactobacillales; f__Lactobacillaceae; g__Lactobacillus
dc7e417c363e9a967086644cf773f577	d__Bacteria; p__Firmicutes; c__Bacilli; o__Lactobacillales; f__Lactobacillaceae; g__Lactobacillus
0140e8e36254b0f034e4600e6cd1c70f	d__Bacteria; p__Firmicutes; c__Bacilli; o__Lactobacillales; f__Lactobacillaceae; g__Lactobacillus; s__Lactobacillus_ruminis
cd8566f83bc63aed7801b624e1092541	d__Bacteria; p__Firmicutes; c__Bacilli; o__Lactobacillales; f__Lactobacillaceae; g__Lactobacillus
8412661c82735dc2d4cc99d389bc49d3	d__Bacteria; p__Firmicutes; c__Bacilli; o__Lactobacillales; f__Lactobacillaceae; g__Lactobacillus
1eb78e97a4604f2dc3b5816c4dda6e03	d__Bacteria; p__Firmicutes; c__Bacilli; o__Lactobacillales; f__Lactobacillaceae; g__Lactobacillus; s__Lactobacillus_sanfranciscensis
b591a9bc787ac968a6b4c9e928b86165	d__Bacteria; p__Firmicutes; c__Bacilli; o__Lactobacillales; f__Lactobacillaceae; g__Lactobacillus
e4d753428291d3ab9301fd6ad766f724	d__Bacteria; p__Firmicutes; c__Bacilli; o__Lactobacillales; f__Lactobacillaceae; g__Lactobacillus
1433370f4263f2152e004558f467b2db	d__Bacteria; p__Firmicutes; c__Bacilli; o__Lactobacillales; f__Lactobacillaceae; g__Lactobacillus; s__Lactobacillus_iners
ac4264988fef35adc1d10841b52d4fc5	d__Bacteria; p__Firmicutes; c__Bacilli; o__Lactobacillales; f__Lactobacillaceae; g__Lactobacillus; s__Lactobacillus_kefiranofaciens
61c131f4dedd51cbc209d3b5ca597e63	d__Bacteria; p__Firmicutes; c__Bacilli; o__Lactobacillales; f__Lactobacillaceae; g__Lactobacillus
2e3de64f7d9791f0e80b5dcf20f7730c	d__Bacteria; p__Firmicutes; c__Bacilli; o__Lactobacillales; f__Leuconostocaceae; g__Weissella
d39b1139b4968556bed7603109cc3c79	d__Bacteria; p__Firmicutes; c__Bacilli; o__Lactobacillales; f__Leuconostocaceae; g__Leuconostoc; s__Leuconostoc_lactis
3540620540826b77931c5c69ccdc9538	d__Bacteria; p__Firmicutes; c__Bacilli; o__Lactobacillales; f__Leuconostocaceae; g__Leuconostoc
527758ddc5689f540fa4169f5b4584f9	d__Bacteria; p__Firmicutes; c__Bacilli; o__Lactobacillales; f__Leuconostocaceae; g__Leuconostoc
760784c46cde5ebe63f7c5bb0cb5acd9	d__Bacteria; p__Firmicutes; c__Bacilli; o__Lactobacillales; f__Lactobacillaceae; g__Lactobacillus; s__Lactobacillus_fermentum
58f344ecfcf02511efc2fbcff38a4c88	d__Bacteria; p__Firmicutes; c__Bacilli; o__Lactobacillales; f__Lactobacillaceae; g__Lactobacillus
3119f67a62658fb97d32485bdd4d8d73	d__Bacteria; p__Firmicutes; c__Bacilli; o__Lactobacillales; f__Lactobacillaceae; g__Lactobacillus
d86a08cd8f3baab95782874fbf165659	d__Bacteria; p__Firmicutes; c__Bacilli; o__Staphylococcales; f__Staphylococcaceae; g__Macrococcus
5a082a01d2e0a7e304c0ca6a02e4133a	d__Bacteria; p__Firmicutes; c__Clostridia; o__Lachnospirales; f__Lachnospiraceae; g__[Ruminococcus]_torques_group
eefb28e5ff06964bcfeb980fc420448b	d__Bacteria; p__Firmicutes; c__Bacilli; o__Lactobacillales
77cbf9c9dd246ec69559c44ae0b1f25e	d__Bacteria; p__Firmicutes; c__Bacilli; o__Lactobacillales; f__Carnobacteriaceae; g__Granulicatella
8b2673b714ce92a67b6042ad67e0f81c	d__Bacteria; p__Firmicutes; c__Bacilli; o__Lactobacillales; f__Carnobacteriaceae; g__Granulicatella
48895b6f2e12a2029d57e7e2aec8e00d	d__Bacteria; p__Firmicutes; c__Bacilli; o__Lactobacillales; f__Carnobacteriaceae; g__Granulicatella
a38f91b85b248fd21565c5edfd46eb79	d__Bacteria; p__Firmicutes; c__Bacilli; o__Staphylococcales; f__Gemellaceae; g__Gemella; s__Gemella_sanguinis
1aed594517588aeed836e924810f42ba	d__Bacteria; p__Firmicutes; c__Bacilli; o__Staphylococcales; f__Gemellaceae; g__Gemella
7341456748dff0c61a51a4aa73c88ee8	d__Bacteria; p__Firmicutes; c__Bacilli; o__Staphylococcales; f__Gemellaceae; g__Gemella
8dab140073a5ce75805547fd752b486a	d__Bacteria; p__Firmicutes; c__Bacilli; o__Staphylococcales; f__Gemellaceae; g__Gemella
f0cf83126cad8862768bf0b908f5424d	d__Bacteria; p__Firmicutes; c__Bacilli; o__Staphylococcales; f__Staphylococcaceae; g__Staphylococcus
707388bc5166de8cb4db54d56fe79efc	d__Bacteria
ffd140df8cfee401bbea219a535ecbb2	d__Bacteria; p__Firmicutes; c__Bacilli; o__Lactobacillales; f__Streptococcaceae; g__Lactococcus
e94a94ff7aa85ff9fcfd459af5f1409b	d__Bacteria; p__Firmicutes; c__Bacilli; o__Lactobacillales; f__Streptococcaceae; g__Lactococcus
80ce8a81a2f81b7d1b0b11a8714aa0b1	d__Bacteria; p__Firmicutes; c__Bacilli; o__Lactobacillales; f__Enterococcaceae; g__Enterococcus
6281d851ef91195fa6eca92e406b2560	d__Bacteria; p__Firmicutes; c__Bacilli; o__Lactobacillales; f__Enterococcaceae; g__Enterococcus
f0cffa3d282cc67f9e2fbb066d31fe17	d__Bacteria; p__Firmicutes; c__Bacilli; o__Lactobacillales; f__Enterococcaceae; g__Enterococcus
5c1ae77592703bed23dcbbe0bacc73cd	d__Bacteria; p__Firmicutes; c__Bacilli; o__Lactobacillales; f__Enterococcaceae; g__Enterococcus
591f14a107599de2aafc7e08ab66a493	d__Bacteria; p__Firmicutes; c__Bacilli; o__Lactobacillales; f__Streptococcaceae; g__Lactococcus
1c1151f1d67162b8c1211702d84fd3a6	d__Bacteria; p__Firmicutes; c__Bacilli; o__Lactobacillales; f__Streptococcaceae; g__Streptococcus
a65b9427b6eaf659a392457e202f77eb	d__Bacteria; p__Firmicutes; c__Bacilli; o__Lactobacillales; f__Streptococcaceae; g__Lactococcus
5f6a1f0301b4dad88641d08dee49fdfe	d__Bacteria; p__Firmicutes; c__Bacilli; o__Lactobacillales; f__Enterococcaceae; g__Enterococcus
7aac5f380daca65b5527081cf2232321	d__Bacteria; p__Firmicutes; c__Bacilli; o__Lactobacillales; f__Streptococcaceae; g__Streptococcus
ac93204131a79e98c85c82759818bbf9	d__Bacteria; p__Firmicutes; c__Bacilli; o__Lactobacillales; f__Streptococcaceae; g__Streptococcus
ec15c1d80f9ea9e88ec973c24393ff12	d__Bacteria; p__Firmicutes; c__Bacilli; o__Lactobacillales; f__Streptococcaceae; g__Streptococcus
733e4f875be0e4152f40f7b19834fb19	d__Bacteria; p__Firmicutes; c__Bacilli; o__Lactobacillales; f__Streptococcaceae; g__Streptococcus
6e95ba07e1566279ab3c1a0dcf640477	d__Bacteria; p__Firmicutes; c__Bacilli; o__Lactobacillales; f__Streptococcaceae; g__Streptococcus
c33e45eb0831d3e78c4e906aea492487	d__Bacteria; p__Firmicutes; c__Bacilli; o__Lactobacillales; f__Streptococcaceae; g__Streptococcus
2cce406530bfa9b87214a40bde3fbde2	d__Bacteria; p__Firmicutes; c__Bacilli; o__Lactobacillales; f__Streptococcaceae; g__Streptococcus
ca87f0be64fc9c0ce0bcab53546ee3e8	d__Bacteria; p__Firmicutes; c__Bacilli; o__Lactobacillales; f__Streptococcaceae; g__Streptococcus
b469b0a804a299adb7c4e449c8c7b00b	d__Bacteria; p__Firmicutes; c__Bacilli; o__Lactobacillales; f__Streptococcaceae; g__Streptococcus
3dace8183a2dbf6fa7915e0b3685fb15	d__Bacteria; p__Firmicutes; c__Bacilli; o__Lactobacillales; f__Streptococcaceae; g__Streptococcus
156710448d2c657b5b864740284095e9	d__Bacteria; p__Firmicutes; c__Bacilli; o__Lactobacillales; f__Streptococcaceae; g__Streptococcus
42047bdf05ec67020cf35a7174ff46cc	d__Bacteria; p__Firmicutes; c__Bacilli; o__Lactobacillales; f__Streptococcaceae; g__Streptococcus
46b8f794b24994e9d4832ff9681fa6e9	d__Bacteria; p__Firmicutes; c__Bacilli; o__Erysipelotrichales; f__Erysipelotrichaceae; g__Turicibacter
7c81393243bc9ead16e0a882e96ca22b	d__Bacteria; p__Firmicutes; c__Bacilli; o__Erysipelotrichales; f__Erysipelotrichaceae; g__Turicibacter
c76401788c267ddb8c203268aaf5e15e	d__Bacteria; p__Firmicutes; c__Bacilli; o__Erysipelotrichales; f__Erysipelotrichaceae; g__Turicibacter
0e9aaab79b7dee7e855673bc4cccf31c	d__Bacteria; p__Firmicutes; c__Bacilli; o__Erysipelotrichales; f__Erysipelotrichaceae; g__Turicibacter
8d9cdfabe47e03165d0d0b36a2076149	d__Bacteria; p__Firmicutes; c__Bacilli; o__Erysipelotrichales; f__Erysipelotrichaceae; g__Turicibacter
fbb02eeda420bd6e60c1769605433c1d	d__Bacteria; p__Firmicutes; c__Bacilli; o__Erysipelotrichales; f__Erysipelotrichaceae; g__Turicibacter
b9056c07619c29aef060f820f202cb14	d__Bacteria; p__Firmicutes; c__Bacilli; o__Lactobacillales; f__Streptococcaceae; g__Streptococcus
252f9bb773519d078e9079e56d996c43	d__Bacteria; p__Firmicutes; c__Bacilli; o__Lactobacillales; f__Streptococcaceae; g__Streptococcus; s__Streptococcus_salivarius
513076b2cf3b9e8346b8d2b2487e2dfd	d__Bacteria; p__Firmicutes; c__Bacilli; o__Lactobacillales; f__Streptococcaceae; g__Lactococcus
2256bc56111552475c5892721da9152c	d__Bacteria; p__Firmicutes; c__Bacilli; o__Lactobacillales; f__Streptococcaceae; g__Lactococcus; s__Lactococcus_garvieae
0238db9d903fcd78a3c0da581c8c94d3	d__Bacteria; p__Firmicutes; c__Bacilli; o__Lactobacillales; f__Streptococcaceae; g__Streptococcus
47871da2bbe50f5bfdfd480f571e03b7	d__Bacteria; p__Firmicutes; c__Bacilli; o__Lactobacillales; f__Streptococcaceae; g__Streptococcus
3a5b9e8ba6e5821e2ba390be00a893bc	d__Bacteria; p__Firmicutes; c__Bacilli; o__Lactobacillales; f__Streptococcaceae; g__Streptococcus
1ab9c89a782594e687564e0e6db51d43	d__Bacteria; p__Firmicutes; c__Bacilli; o__Lactobacillales; f__Streptococcaceae; g__Streptococcus; s__Streptococcus_peroris
639aa0019356f29dc187660a63671afc	d__Bacteria; p__Firmicutes; c__Bacilli; o__Lactobacillales; f__Streptococcaceae; g__Streptococcus
4272803bfd94edaaf8dc2cf3329ac977	d__Bacteria; p__Firmicutes; c__Bacilli; o__Lactobacillales; f__Streptococcaceae; g__Streptococcus
e343ed5c82087a1feae898e1a4d2fb17	d__Bacteria; p__Firmicutes; c__Bacilli; o__Lactobacillales; f__Streptococcaceae
d8b72fbf8e4b7ef59edbca4c3475c518	d__Bacteria; p__Firmicutes; c__Bacilli; o__Lactobacillales; f__Streptococcaceae; g__Streptococcus
0921c15e8213a28a1e509f3a57c1638c	d__Bacteria; p__Firmicutes; c__Bacilli; o__Lactobacillales; f__Streptococcaceae; g__Streptococcus
74b6a82b0f51fb262f157c6c4446ce1b	d__Bacteria; p__Firmicutes; c__Bacilli; o__Lactobacillales; f__Streptococcaceae; g__Streptococcus
a7d8d9fdb08748b502cdcedf22276641	d__Bacteria; p__Firmicutes; c__Bacilli; o__Lactobacillales; f__Streptococcaceae; g__Streptococcus; s__Streptococcus_salivarius
81a3e889fd35b3289f143256dabf2f4d	d__Bacteria; p__Firmicutes; c__Bacilli; o__Lactobacillales; f__Streptococcaceae; g__Streptococcus; s__Streptococcus_salivarius
7113e1ccfb47ea3057dd1332f2152d1b	d__Bacteria; p__Firmicutes; c__Bacilli; o__Lactobacillales; f__Streptococcaceae; g__Streptococcus
b75b5afdec976b1a8f9f18c4c78d2d6d	d__Bacteria; p__Firmicutes; c__Bacilli; o__Lactobacillales; f__Streptococcaceae; g__Streptococcus
b80faecd5b07b62556645854da43ee1e	d__Bacteria; p__Firmicutes; c__Bacilli; o__Lactobacillales; f__Streptococcaceae; g__Streptococcus
9da7994d37b00abb55be612044628d79	d__Bacteria; p__Firmicutes; c__Bacilli; o__Lactobacillales; f__Streptococcaceae; g__Streptococcus
c8cb745fd103c7737aa44de09cf8eee2	d__Bacteria; p__Firmicutes; c__Bacilli; o__Lactobacillales; f__Streptococcaceae; g__Streptococcus
9e720fb0a35598bdf7ebe32fc7850350	d__Bacteria; p__Firmicutes; c__Bacilli; o__Lactobacillales; f__Streptococcaceae; g__Streptococcus
e4567e969728b332b89fd88c8bf068ba	d__Bacteria; p__Firmicutes; c__Bacilli; o__Lactobacillales; f__Streptococcaceae; g__Streptococcus
c48ac3dca049051d442a45a1007ba59c	d__Bacteria; p__Firmicutes; c__Bacilli; o__Lactobacillales; f__Streptococcaceae; g__Streptococcus
b57d16395e9657c30234166b87ce3545	d__Bacteria; p__Firmicutes; c__Bacilli; o__Lactobacillales; f__Streptococcaceae; g__Streptococcus
dd29868980073379c84410dfba5504aa	d__Bacteria; p__Firmicutes; c__Bacilli; o__Lactobacillales; f__Streptococcaceae; g__Streptococcus
9daf9504ddf3c2851231d53f6ba266c9	d__Bacteria; p__Firmicutes; c__Bacilli; o__Lactobacillales; f__Streptococcaceae; g__Streptococcus
135ad4db69d31461d82494e81a928b7a	d__Bacteria; p__Firmicutes; c__Bacilli; o__Lactobacillales; f__Streptococcaceae; g__Streptococcus
920c3291ec06300ff9aa4278814730c3	d__Bacteria; p__Firmicutes; c__Bacilli; o__Lactobacillales; f__Streptococcaceae; g__Streptococcus; s__Streptococcus_constellatus
0b38e60368fdeaba1b489fd74230f6ce	d__Bacteria; p__Patescibacteria; c__Saccharimonadia; o__Saccharimonadales; f__Saccharimonadaceae; g__Candidatus_Saccharimonas; s__uncultured_bacterium
1929d532bb1d5e17dde5eaba092760e3	d__Bacteria
5cdc89a8d69b2be18c4c3a2d557b032d	d__Bacteria; p__Firmicutes; c__Bacilli; o__Erysipelotrichales; f__Erysipelatoclostridiaceae; g__Erysipelotrichaceae_UCG-003
79f7b08616cc22c6cbbdf231fb4e1505	d__Bacteria; p__Firmicutes; c__Bacilli; o__Erysipelotrichales; f__Erysipelatoclostridiaceae; g__Erysipelatoclostridium; s__Clostridiales_bacterium
0964b75ad9d1315706791de0a3febc20	d__Bacteria; p__Firmicutes; c__Bacilli; o__Erysipelotrichales; f__Erysipelatoclostridiaceae; g__Erysipelatoclostridium
84b20be79c6a8b210433e6408fc8ec10	d__Bacteria; p__Firmicutes; c__Bacilli; o__Erysipelotrichales; f__Erysipelatoclostridiaceae; g__Erysipelatoclostridium; s__Massiliomicrobiota_timonensis
3ec2d0b57f3e878aff1d26c408b17d67	d__Bacteria; p__Firmicutes; c__Bacilli; o__Erysipelotrichales; f__Erysipelatoclostridiaceae; g__Erysipelatoclostridium; s__Massiliomicrobiota_timonensis
5d08d0a9c1371b77149a30463e78763e	d__Bacteria; p__Firmicutes; c__Bacilli; o__Erysipelotrichales; f__Erysipelotrichaceae; g__Holdemania
b19654e4862c799442676e1ac2514f60	d__Bacteria; p__Firmicutes; c__Bacilli; o__Erysipelotrichales; f__Erysipelotrichaceae; g__Holdemania
ae7607b067d47af4f406d1ef89a4a386	d__Bacteria; p__Firmicutes; c__Bacilli; o__Erysipelotrichales; f__Erysipelotrichaceae; g__Holdemania
27ae9a4e9ddded86b73307cf01a1f05e	d__Bacteria; p__Firmicutes; c__Bacilli; o__Erysipelotrichales; f__Erysipelotrichaceae; g__Holdemania; s__uncultured_bacterium
ad4e3f8680970700634f42017f0c63b7	d__Bacteria; p__Firmicutes; c__Bacilli; o__Erysipelotrichales; f__Erysipelotrichaceae; g__Holdemania; s__Holdemania_massiliensis
bae06f5f3c5f797b72544f97b7262733	d__Bacteria; p__Firmicutes; c__Bacilli; o__Erysipelotrichales; f__Erysipelotrichaceae; g__Holdemania; s__Holdemania_massiliensis
f07264fb7c48dd8bb2587d07bfe6b963	d__Bacteria; p__Firmicutes; c__Bacilli; o__Izemoplasmatales; f__Izemoplasmatales; g__Izemoplasmatales; s__uncultured_organism
d722a4b97e4b1809007bf4da963afaed	d__Bacteria; p__Firmicutes; c__Bacilli; o__Izemoplasmatales; f__Izemoplasmatales; g__Izemoplasmatales; s__uncultured_organism
1721fd32d57943767a2a7565805a1a8b	d__Bacteria; p__Firmicutes; c__Bacilli; o__Izemoplasmatales; f__Izemoplasmatales; g__Izemoplasmatales; s__uncultured_organism
2500466960a51ba2ea138b8682bfc87d	d__Bacteria; p__Firmicutes; c__Bacilli; o__Izemoplasmatales; f__Izemoplasmatales; g__Izemoplasmatales; s__uncultured_organism
ff000adf56c33e036974352dd7e3e1c6	d__Bacteria; p__Firmicutes; c__Bacilli; o__Izemoplasmatales; f__Izemoplasmatales; g__Izemoplasmatales; s__uncultured_organism
a3ee9e13d52def61b3ca84819e1716db	d__Bacteria; p__Firmicutes; c__Bacilli; o__Izemoplasmatales; f__Izemoplasmatales; g__Izemoplasmatales; s__uncultured_organism
daaf00254de4f9417ec532d3cf09d364	d__Bacteria; p__Firmicutes; c__Bacilli; o__Erysipelotrichales; f__Erysipelatoclostridiaceae; g__Erysipelotrichaceae_UCG-003
ddf5d879ffa636db607a0e9222c40ce1	d__Bacteria; p__Firmicutes; c__Bacilli; o__Erysipelotrichales; f__Erysipelatoclostridiaceae; g__Erysipelatoclostridium
4080a7f4b063a962d4eecf216bf612b8	d__Bacteria; p__Firmicutes; c__Clostridia; o__Oscillospirales; f__Ruminococcaceae; g__Subdoligranulum
9b342b421b7c6a336a694772b4edfccb	d__Bacteria; p__Firmicutes; c__Bacilli; o__Erysipelotrichales; f__Erysipelatoclostridiaceae; g__Erysipelotrichaceae_UCG-003
154eeeeefecb6a4cb85fb65f590bb242	d__Bacteria; p__Firmicutes; c__Clostridia
301d18122171a0a886ce23d4e24c8e9f	d__Bacteria; p__Firmicutes; c__Bacilli; o__Erysipelotrichales; f__Erysipelatoclostridiaceae; g__Erysipelotrichaceae_UCG-003
8ab5502d8cfa30b10a7d200b4aa10157	d__Bacteria; p__Firmicutes; c__Bacilli; o__Erysipelotrichales; f__Erysipelatoclostridiaceae; g__Erysipelotrichaceae_UCG-003
c6076b1280e1507bfb46ec16aecb4fcf	d__Bacteria; p__Firmicutes; c__Bacilli; o__Erysipelotrichales; f__Erysipelatoclostridiaceae; g__Erysipelotrichaceae_UCG-003
30414f89ae50a9f438632c99ff408167	d__Bacteria; p__Firmicutes; c__Bacilli; o__Erysipelotrichales; f__Erysipelatoclostridiaceae; g__Erysipelotrichaceae_UCG-003
eb01d88832cb6c1eab5119476c3e98d4	d__Bacteria; p__Firmicutes; c__Clostridia; o__Oscillospirales; f__Ruminococcaceae; g__Faecalibacterium
374bef8abc3621cc7a8033f770e13fcf	d__Bacteria; p__Firmicutes; c__Bacilli; o__Erysipelotrichales; f__Erysipelatoclostridiaceae; g__Erysipelotrichaceae_UCG-003
1d4eb000b8776fa17fd2e0f7c4bcf095	d__Bacteria; p__Firmicutes; c__Bacilli; o__Erysipelotrichales; f__Erysipelatoclostridiaceae; g__Erysipelotrichaceae_UCG-003
a52fa09e5911447be133c82c2661595a	d__Bacteria; p__Firmicutes; c__Bacilli; o__Erysipelotrichales; f__Erysipelatoclostridiaceae; g__Erysipelotrichaceae_UCG-003
a7f53e505fde6f52d468662eb4959c8e	d__Bacteria; p__Firmicutes
98f2a2d9c5de91059d6213f46570de3b	d__Bacteria; p__Firmicutes; c__Bacilli; o__Erysipelotrichales; f__Erysipelatoclostridiaceae; g__Erysipelotrichaceae_UCG-003
5b44d04513d34a67376dcde3a71dce37	d__Bacteria; p__Firmicutes; c__Bacilli; o__Erysipelotrichales; f__Erysipelatoclostridiaceae; g__Erysipelotrichaceae_UCG-003
74931fa831a9779a3b52e69e5b2132d1	d__Bacteria; p__Firmicutes; c__Bacilli; o__Erysipelotrichales; f__Erysipelatoclostridiaceae; g__Catenibacterium
06f05b56116ceaa300e6e8f7f03e234c	d__Bacteria; p__Firmicutes; c__Bacilli; o__Erysipelotrichales; f__Erysipelatoclostridiaceae; g__Catenibacterium; s__uncultured_Catenibacterium
33db896df376b3657721baeaf8084b96	d__Bacteria; p__Firmicutes; c__Bacilli; o__Erysipelotrichales; f__Erysipelatoclostridiaceae; g__Catenibacterium; s__uncultured_bacterium
97723939676a6f3e79288f2a7e669156	d__Bacteria; p__Firmicutes
7f2d4c54e33bf953bfaabb164e0176ac	d__Bacteria; p__Firmicutes; c__Bacilli; o__Erysipelotrichales; f__Erysipelatoclostridiaceae; g__Catenibacterium
e721211fba12a6fdf880da1118d80f74	d__Bacteria; p__Firmicutes; c__Bacilli; o__Erysipelotrichales; f__Erysipelatoclostridiaceae; g__Catenibacterium; s__uncultured_bacterium
bc4d1386befbf6f6df3c911032e5463e	d__Bacteria; p__Firmicutes; c__Bacilli; o__Erysipelotrichales; f__Erysipelatoclostridiaceae; g__Catenibacterium
bb20f3ef8f73e90b23940c556ea44611	d__Bacteria; p__Firmicutes; c__Bacilli; o__Erysipelotrichales; f__Erysipelatoclostridiaceae; g__Coprobacillus
2fb9e7d0c788f4bfe1fc9175a856981e	d__Bacteria; p__Firmicutes; c__Bacilli
a9742c9bc9ec1dc9aeee59329b6e0d3d	d__Bacteria; p__Firmicutes; c__Bacilli; o__Erysipelotrichales; f__Erysipelatoclostridiaceae; g__Coprobacillus
f01d4841909f53130f8bd5bc70b686ba	d__Bacteria; p__Firmicutes; c__Bacilli; o__Erysipelotrichales; f__Erysipelotrichaceae; g__[Anaerorhabdus]_furcosa_group
e74f41e560970e8540b502612a50eb31	d__Bacteria; p__Firmicutes; c__Bacilli; o__Erysipelotrichales; f__Erysipelotrichaceae; g__Solobacterium; s__uncultured_organism
ad3f6f69ced048024a51a8a555b3fa47	d__Bacteria; p__Firmicutes; c__Bacilli; o__Erysipelotrichales; f__Erysipelotrichaceae; g__Solobacterium; s__uncultured_organism
423208e4e158534568d5675a00f1d6e5	d__Bacteria; p__Firmicutes; c__Bacilli; o__Izemoplasmatales; f__Izemoplasmatales; g__Izemoplasmatales; s__gut_metagenome
b4ff7187ecdacd8f529c3fd73e002569	d__Bacteria; p__Firmicutes; c__Bacilli; o__Erysipelotrichales; f__Erysipelotrichaceae; g__Dielma; s__Dielma_fastidiosa
737987b33c6363c743d244f133c42b68	d__Bacteria; p__Firmicutes; c__Bacilli; o__Erysipelotrichales; f__Erysipelotrichaceae; g__Solobacterium; s__uncultured_organism
53bc17fce9d1cfe0609b104b21988d15	d__Bacteria; p__Firmicutes; c__Bacilli; o__Erysipelotrichales; f__Erysipelotrichaceae; g__Solobacterium; s__uncultured_organism
d32944dd0bd9050b04562db1b7f656af	d__Bacteria; p__Firmicutes; c__Bacilli; o__Erysipelotrichales; f__Erysipelatoclostridiaceae; g__Erysipelatoclostridium; s__bacterium_ic1391
4308d1c1251cdb88f55623a806231d5c	d__Bacteria; p__Firmicutes; c__Bacilli; o__Erysipelotrichales; f__Erysipelatoclostridiaceae; g__Erysipelatoclostridium; s__uncultured_Firmicutes
5eba4527578137cff62bdc940f82e876	d__Bacteria; p__Firmicutes; c__Bacilli; o__Erysipelotrichales; f__Erysipelatoclostridiaceae; g__Erysipelatoclostridium
f3698e9004c0411e159943db0f2a6f2f	d__Bacteria; p__Firmicutes; c__Bacilli; o__Erysipelotrichales; f__Erysipelatoclostridiaceae; g__Erysipelatoclostridium; s__[Clostridium]_spiroforme
c9d8691f873fbb2f339c4676c46641a9	d__Bacteria; p__Firmicutes; c__Bacilli; o__Erysipelotrichales; f__Erysipelatoclostridiaceae; g__Erysipelatoclostridium; s__[Clostridium]_spiroforme
e2d2a9fba1e0f144758c522f046665a8	d__Bacteria; p__Firmicutes; c__Bacilli; o__Erysipelotrichales; f__Erysipelatoclostridiaceae; g__Erysipelotrichaceae_UCG-003
eaca7ecfc90ff261853bd2ef0caaa9e5	d__Bacteria; p__Firmicutes; c__Bacilli; o__Erysipelotrichales; f__Erysipelatoclostridiaceae; g__Erysipelatoclostridium; s__[Clostridium]_saccharogumia
54d038abf49f457df02d66e76585e566	d__Bacteria; p__Firmicutes; c__Bacilli; o__Erysipelotrichales; f__Erysipelotrichaceae; g__Solobacterium; s__uncultured_bacterium
14893c1cb0d0a913a389a56b3552ded9	d__Bacteria; p__Firmicutes; c__Bacilli; o__Erysipelotrichales; f__Erysipelotrichaceae
85eb1f9e8a9c925d4a2a44d867ee7e94	d__Bacteria; p__Firmicutes; c__Bacilli; o__Erysipelotrichales; f__Erysipelotrichaceae; g__Bulleidia; s__Bulleidia_extructa
34554e696a334d1174336b43111f6348	d__Bacteria; p__Firmicutes; c__Bacilli; o__Erysipelotrichales; f__Erysipelotrichaceae; g__[Clostridium]_innocuum_group
a2a5a508838b05fc6a668c3554bb1bdc	d__Bacteria; p__Firmicutes; c__Bacilli; o__Erysipelotrichales; f__Erysipelotrichaceae; g__Holdemanella
ef269bcf46a54792c4e09efb5804eb1b	d__Bacteria; p__Firmicutes; c__Bacilli; o__Erysipelotrichales; f__Erysipelotrichaceae; g__Holdemanella; s__uncultured_bacterium
25607ee131efb8ac5117dc3135c40e86	d__Bacteria; p__Firmicutes; c__Bacilli; o__Erysipelotrichales; f__Erysipelotrichaceae; g__[Clostridium]_innocuum_group
45d132b64bf3f2ba39b8861102a486a9	d__Bacteria; p__Firmicutes; c__Bacilli; o__Erysipelotrichales; f__Erysipelotrichaceae; g__[Clostridium]_innocuum_group
e3f89479032601c81b02daac563d29ab	d__Bacteria; p__Firmicutes; c__Bacilli; o__Erysipelotrichales; f__Erysipelotrichaceae; g__[Clostridium]_innocuum_group
10837e3bafe4a0e3ee5466b36d786577	d__Bacteria; p__Firmicutes; c__Bacilli; o__Erysipelotrichales; f__Erysipelotrichaceae; g__Merdibacter; s__uncultured_bacterium
dbe691c2355f59cf8bb70415826c5bcd	d__Bacteria; p__Firmicutes; c__Clostridia; o__Oscillospirales; f__Ruminococcaceae; g__Subdoligranulum
e3b50b6a2f98d5ce83573a18d1ddf7b3	d__Bacteria; p__Firmicutes; c__Clostridia; o__Oscillospirales; f__Ruminococcaceae; g__Faecalibacterium
ba35451df2987e36258340fa9cf25403	d__Bacteria; p__Firmicutes; c__Bacilli; o__Erysipelotrichales; f__Erysipelotrichaceae; g__Holdemanella
3911e7c414c18596249f3f910111bcd6	d__Bacteria; p__Firmicutes; c__Bacilli; o__Erysipelotrichales; f__Erysipelotrichaceae; g__Holdemanella; s__uncultured_bacterium
7543f11fae6471b6ca83ef0e5bdf3988	d__Bacteria; p__Firmicutes; c__Bacilli; o__Erysipelotrichales; f__Erysipelotrichaceae; g__uncultured; s__Clostridiales_bacterium
ca702c8531388ee38f82b50ae2f110c8	d__Bacteria; p__Firmicutes; c__Bacilli; o__Erysipelotrichales; f__Erysipelotrichaceae; g__Faecalitalea; s__Absiella_dolichum
3b24044e29771445ae8b0c0e1a3a8ff3	d__Bacteria; p__Firmicutes; c__Bacilli; o__Erysipelotrichales; f__Erysipelotrichaceae; g__uncultured; s__Clostridiales_bacterium
da77529e91061f48ac4dc6734971f513	d__Bacteria; p__Firmicutes; c__Bacilli; o__Erysipelotrichales; f__Erysipelotrichaceae; g__Merdibacter; s__uncultured_bacterium
ffebccb7c9082767fb9745fbcdcda759	d__Bacteria; p__Firmicutes; c__Bacilli; o__Erysipelotrichales; f__Erysipelotrichaceae; g__Holdemanella; s__uncultured_bacterium
2bc741333e6d299953d14329482a1214	d__Bacteria; p__Firmicutes; c__Bacilli; o__Erysipelotrichales; f__Erysipelotrichaceae; g__Faecalitalea; s__Absiella_argi
a75af2140d429dea27fd9b7ba0afab43	d__Bacteria; p__Firmicutes; c__Bacilli; o__Erysipelotrichales; f__Erysipelotrichaceae; g__Faecalitalea; s__Faecalitalea_cylindroides
b5e226150e47d1967d56914e5a908f23	d__Bacteria; p__Firmicutes; c__Bacilli; o__Erysipelotrichales; f__Erysipelotrichaceae; g__Faecalitalea; s__gut_metagenome
977333c35edae18446c855464ac6d16f	d__Bacteria; p__Firmicutes; c__Bacilli; o__Erysipelotrichales; f__Erysipelotrichaceae; g__Holdemanella
48c01058b2af287ed095cc5d71008f7b	d__Bacteria; p__Firmicutes; c__Bacilli; o__Erysipelotrichales; f__Erysipelotrichaceae; g__Holdemanella
358da11bdbad9e7421c3429b437493df	d__Bacteria; p__Firmicutes; c__Bacilli; o__Erysipelotrichales; f__Erysipelotrichaceae; g__Holdemanella
f9b1b1cfdec3d88447597c07edf38c89	d__Bacteria; p__Firmicutes; c__Bacilli; o__Erysipelotrichales; f__Erysipelotrichaceae; g__Holdemanella
399e911a4abe805e2394743d1f556ce6	d__Bacteria; p__Firmicutes; c__Bacilli; o__Erysipelotrichales; f__Erysipelotrichaceae; g__Holdemanella
024db658fc56a8276c9aea4cf9b81d89	d__Bacteria; p__Firmicutes; c__Bacilli; o__Erysipelotrichales; f__Erysipelotrichaceae; g__Holdemanella
52faee4fd88e4a947dabbe7630dd9d38	d__Bacteria; p__Firmicutes; c__Bacilli; o__Erysipelotrichales; f__Erysipelotrichaceae; g__Holdemanella
9b5d7e0d2cfac3bc448863b9c261e8c1	d__Bacteria; p__Firmicutes; c__Bacilli; o__Erysipelotrichales; f__Erysipelotrichaceae; g__Holdemanella; s__uncultured_bacterium
9525f21468aa8406f76a519f349a3cc0	d__Bacteria; p__Firmicutes; c__Bacilli; o__Erysipelotrichales; f__Erysipelotrichaceae; g__Holdemanella; s__uncultured_bacterium
512a23bede813e79b20a9c04d35b771a	d__Bacteria; p__Firmicutes; c__Bacilli; o__Erysipelotrichales; f__Erysipelotrichaceae; g__Holdemanella; s__uncultured_bacterium
380b3e1dfcb720fe83bbc68153536483	d__Bacteria; p__Firmicutes; c__Bacilli; o__Erysipelotrichales; f__Erysipelotrichaceae; g__Holdemanella
c112d386c6b004554839a99c64c16bf4	d__Bacteria; p__Firmicutes; c__Bacilli; o__Erysipelotrichales; f__Erysipelotrichaceae; g__Holdemanella
7ee45d47da7a61fc9e2b63bf850efb13	d__Bacteria; p__Firmicutes; c__Bacilli; o__Erysipelotrichales; f__Erysipelotrichaceae; g__Holdemanella
9370b381e02e605fa0c03fece6f3f26f	d__Bacteria; p__Firmicutes; c__Bacilli; o__Erysipelotrichales; f__Erysipelotrichaceae; g__Holdemanella
f536004098450902fea9798613cc2f5b	d__Bacteria; p__Firmicutes; c__Bacilli; o__Erysipelotrichales; f__Erysipelotrichaceae; g__Holdemanella
e40dac2912c8038344c89358c5f06727	d__Bacteria; p__Firmicutes; c__Bacilli; o__Erysipelotrichales; f__Erysipelotrichaceae; g__Holdemanella
7e9e4c04c63eb1bfaf190e6597feb941	d__Bacteria; p__Firmicutes; c__Bacilli; o__Erysipelotrichales; f__Erysipelotrichaceae; g__Holdemanella
b37d9af72ed87d0d313e2f939d814305	d__Bacteria; p__Firmicutes; c__Bacilli; o__Erysipelotrichales; f__Erysipelotrichaceae; g__Holdemanella; s__uncultured_bacterium
26513d941f38985fcce82cb02bccf815	d__Bacteria; p__Firmicutes; c__Bacilli; o__Erysipelotrichales; f__Erysipelotrichaceae; g__Holdemanella
4d6311d8d760b77eef565500a4cb700a	d__Bacteria; p__Firmicutes; c__Bacilli; o__Erysipelotrichales; f__Erysipelotrichaceae; g__Holdemanella
ef4e08dc56d3aa38894eb21deb3dc59a	d__Bacteria; p__Firmicutes; c__Bacilli; o__Erysipelotrichales; f__Erysipelotrichaceae; g__Holdemanella
8a9c49571290ced65608a96cd94d66fc	d__Bacteria; p__Firmicutes; c__Bacilli; o__Erysipelotrichales; f__Erysipelotrichaceae; g__Holdemanella
74f8a152002054a43f193698b30145d3	d__Bacteria; p__Firmicutes; c__Bacilli; o__Erysipelotrichales; f__Erysipelotrichaceae; g__Holdemanella
3509759185b2fee085edcc92aad69e9f	d__Bacteria; p__Firmicutes; c__Bacilli; o__Erysipelotrichales; f__Erysipelotrichaceae; g__Holdemanella
189db35b59e10047dc3efeeb1b37a30a	d__Bacteria; p__Firmicutes; c__Bacilli; o__Erysipelotrichales; f__Erysipelotrichaceae; g__Holdemanella
c1e6ddb189b51b9f14e8082210f433c1	d__Bacteria; p__Firmicutes; c__Bacilli; o__Erysipelotrichales; f__Erysipelotrichaceae; g__Holdemanella
3b1696f950bbc1cb23858c0c87bc50b3	d__Bacteria; p__Firmicutes; c__Bacilli; o__Erysipelotrichales; f__Erysipelotrichaceae; g__Faecalitalea
a986dedd093716d93061c189d32d044a	d__Bacteria; p__Firmicutes; c__Bacilli; o__Erysipelotrichales; f__Erysipelotrichaceae; g__Holdemanella
d25184a8c53845021e43e74e2e967ecf	d__Bacteria; p__Firmicutes; c__Bacilli; o__Erysipelotrichales; f__Erysipelotrichaceae; g__Holdemanella
1bdb8a987fb60a23853986bc2f7d81ea	d__Bacteria
41afa278527c5fd205dede414f3c4a9c	d__Bacteria; p__Cyanobacteria; c__Vampirivibrionia; o__Gastranaerophilales; f__Gastranaerophilales; g__Gastranaerophilales
271ad805decd70313e7b92a642e04c53	d__Bacteria; p__Firmicutes; c__Clostridia; o__Oscillospirales
00449f88360d2b3d9c7131333abc9468	d__Bacteria; p__Cyanobacteria; c__Vampirivibrionia; o__Gastranaerophilales; f__Gastranaerophilales; g__Gastranaerophilales; s__uncultured_bacterium
27cf3c5d468630af68ed64c8ec269927	d__Bacteria; p__Bacteroidota; c__Bacteroidia; o__Bacteroidales; f__Bacteroidaceae; g__Bacteroides
22d79a25c06cf51e3b24048238382e83	d__Bacteria; p__Cyanobacteria; c__Vampirivibrionia; o__Gastranaerophilales; f__Gastranaerophilales; g__Gastranaerophilales; s__uncultured_bacterium
257e230089524c1c661a0a157c48331c	d__Bacteria; p__Cyanobacteria; c__Vampirivibrionia; o__Gastranaerophilales; f__Gastranaerophilales; g__Gastranaerophilales; s__gut_metagenome
b763ea46cf802e6c6d352f2b670b8444	d__Bacteria; p__Cyanobacteria; c__Vampirivibrionia; o__Gastranaerophilales; f__Gastranaerophilales; g__Gastranaerophilales
c03b4915149f93cef3e0f7cb034d288d	d__Bacteria
ce416d7f070c1c8222efe36dbb770a02	d__Bacteria
e69c5f8f75016ca034a4dd9115d79ec2	d__Bacteria; p__Cyanobacteria; c__Vampirivibrionia; o__Gastranaerophilales; f__Gastranaerophilales; g__Gastranaerophilales; s__Acinetobacter_sp.
5809449e27b1d1f40c65926b90db47ce	d__Bacteria
cc9ddb82b831febe09911ced926619f7	d__Bacteria
3661497699f64a93ae19f51bb78ea981	d__Bacteria; p__Desulfobacterota; c__Desulfovibrionia; o__Desulfovibrionales; f__Desulfovibrionaceae; g__Bilophila; s__bacterium_NLAE-zl-H528
32b57b7f6d8884213e2eb800996bb561	d__Bacteria; p__Cyanobacteria; c__Vampirivibrionia; o__Gastranaerophilales; f__Gastranaerophilales; g__Gastranaerophilales
6c0fb9b9beb630ad17638267257d57d9	d__Bacteria; p__Bacteroidota; c__Bacteroidia; o__Bacteroidales; f__Prevotellaceae; g__Prevotella
f28b7e37179bb03addefd04570f4d879	d__Bacteria
6b85b6ed00967cf908e8a1628e9b7060	d__Bacteria
947a65fb3babb0e2b056869691881832	d__Bacteria; p__Cyanobacteria; c__Vampirivibrionia; o__Gastranaerophilales; f__Gastranaerophilales; g__Gastranaerophilales; s__uncultured_bacterium
3e53e5281bd71fb3ae3bdec2e9733fcf	d__Bacteria
dce0b73eda5a65b4bb49e6dbd27de8d8	d__Bacteria; p__Cyanobacteria; c__Vampirivibrionia; o__Gastranaerophilales; f__Gastranaerophilales; g__Gastranaerophilales
8b800f1d3672ba2c5f2a0e5c8d9f12b0	d__Bacteria; p__Cyanobacteria; c__Vampirivibrionia; o__Gastranaerophilales; f__Gastranaerophilales; g__Gastranaerophilales
4e479af60b3c3cba9209cc6158a9113e	d__Bacteria; p__Cyanobacteria; c__Vampirivibrionia; o__Gastranaerophilales; f__Gastranaerophilales; g__Gastranaerophilales; s__uncultured_bacterium
d1ea6e3d54396e6068ccba6a7c1355db	d__Bacteria; p__Cyanobacteria; c__Vampirivibrionia; o__Gastranaerophilales; f__Gastranaerophilales; g__Gastranaerophilales; s__uncultured_bacterium
d60017fec179610186661795a4afece3	d__Bacteria; p__Cyanobacteria; c__Vampirivibrionia; o__Gastranaerophilales; f__Gastranaerophilales; g__Gastranaerophilales; s__uncultured_bacterium
3f4d1d66d7c596b801e1f3e3e75c819a	d__Bacteria; p__Cyanobacteria; c__Vampirivibrionia; o__Gastranaerophilales; f__Gastranaerophilales; g__Gastranaerophilales; s__uncultured_bacterium
cfe626e00a1445ae7b59f975ecd647eb	d__Bacteria; p__Cyanobacteria; c__Vampirivibrionia; o__Gastranaerophilales; f__Gastranaerophilales; g__Gastranaerophilales; s__uncultured_bacterium
bed115792a7fab04dca8bf0230ab9c61	d__Bacteria; p__Cyanobacteria; c__Vampirivibrionia; o__Gastranaerophilales; f__Gastranaerophilales; g__Gastranaerophilales; s__Clostridium_sp.
6299f3087686b708399187f813ad5102	d__Bacteria; p__Cyanobacteria; c__Vampirivibrionia; o__Gastranaerophilales; f__Gastranaerophilales; g__Gastranaerophilales; s__uncultured_bacterium
0b24d765afeba71f1051ff14cc5fe84d	d__Bacteria; p__Cyanobacteria; c__Vampirivibrionia; o__Gastranaerophilales; f__Gastranaerophilales; g__Gastranaerophilales; s__uncultured_bacterium
13eb1da55711ecde0ecf2e217036d113	d__Bacteria; p__Cyanobacteria; c__Vampirivibrionia; o__Gastranaerophilales; f__Gastranaerophilales; g__Gastranaerophilales; s__uncultured_bacterium
bbeb34aa50bd2c2304ec21dfca2090ea	d__Bacteria; p__Cyanobacteria; c__Vampirivibrionia; o__Gastranaerophilales; f__Gastranaerophilales; g__Gastranaerophilales; s__uncultured_bacterium
8622625acccd6ff3c0e07af15a7630a0	d__Bacteria; p__Firmicutes; c__Bacilli; o__Erysipelotrichales
f176b19f201032a63f08436d4557c6b3	d__Bacteria; p__Firmicutes; c__Bacilli; o__Erysipelotrichales; f__Erysipelatoclostridiaceae; g__UCG-004; s__uncultured_bacterium
a855232b92f75c738e488fff6a57474e	d__Bacteria; p__Firmicutes; c__Bacilli; o__Erysipelotrichales; f__Erysipelatoclostridiaceae; g__UCG-004; s__uncultured_bacterium
0e30e41682985737f5c8872c95006f9a	d__Bacteria; p__Firmicutes; c__Bacilli; o__Erysipelotrichales; f__Erysipelatoclostridiaceae; g__Asteroleplasma; s__uncultured_bacterium
218701f9416ed2eafc3fde320b2a72fc	d__Bacteria; p__Firmicutes; c__Bacilli; o__Lactobacillales; f__Streptococcaceae; g__Streptococcus
ecbda2e5703f6d1afcfbf206a8f7b084	d__Bacteria; p__Firmicutes; c__Bacilli; o__Erysipelotrichales; f__Erysipelatoclostridiaceae; g__UCG-004; s__uncultured_bacterium
37ef32f6d824307fa92275f0b58a96b2	d__Bacteria; p__Firmicutes; c__Bacilli; o__Erysipelotrichales; f__Erysipelatoclostridiaceae; g__UCG-004; s__uncultured_bacterium
bd3ee37761bfa161e6a79b126d60e1cf	d__Bacteria; p__Firmicutes; c__Clostridia; o__Lachnospirales; f__Lachnospiraceae
13648dd00c5f3785796a1baff761ce8c	d__Bacteria
e5ba18746e5cd97173c37b00a8a8c895	d__Bacteria; p__Firmicutes; c__Bacilli; o__Erysipelotrichales; f__Erysipelatoclostridiaceae; g__Erysipelotrichaceae_UCG-003
df67923194382137a9251fcb5dbf3be0	d__Bacteria; p__Firmicutes; c__Negativicutes; o__Acidaminococcales; f__Acidaminococcaceae; g__Phascolarctobacterium; s__Ruminococcus_sp.
91a07cf3b2ab826d45cff931cad4069f	d__Bacteria; p__Firmicutes; c__Bacilli; o__Erysipelotrichales; f__Erysipelatoclostridiaceae; g__Catenibacterium
f8b29f106eea587717aff174f8a27693	d__Bacteria; p__Verrucomicrobiota; c__Verrucomicrobiae; o__Verrucomicrobiales; f__Akkermansiaceae; g__Akkermansia; s__uncultured_bacterium
1d761b23210caf0584eee71278fd6bc6	d__Bacteria
15e773bca55c906fb0692ba26f80a483	d__Bacteria; p__Firmicutes; c__Clostridia; o__Oscillospirales; f__Oscillospiraceae; g__UCG-002; s__Trichuris_trichiura
344b6575d38d598b4878f40ce6700f73	d__Bacteria; p__Verrucomicrobiota; c__Verrucomicrobiae; o__Verrucomicrobiales; f__Akkermansiaceae; g__Akkermansia; s__uncultured_bacterium
dec3a251162a8692ac62adbe6f5cdb35	d__Bacteria
fb4b1a34b8fb920433ad680e473cf9c8	d__Bacteria; p__Verrucomicrobiota; c__Verrucomicrobiae; o__Verrucomicrobiales; f__Akkermansiaceae; g__Akkermansia; s__uncultured_bacterium
53ce61dda974f4f81ff69e1767865450	d__Bacteria; p__Firmicutes; c__Clostridia; o__Oscillospirales; f__Ruminococcaceae; g__Subdoligranulum
3386aa93cc0885e5bf518b69e56d8ed4	d__Bacteria; p__Firmicutes; c__Clostridia; o__Lachnospirales; f__Lachnospiraceae
20a812543804454b91b6017cd0d16f3c	d__Bacteria; p__Firmicutes; c__Clostridia; o__Lachnospirales; f__Lachnospiraceae
cc7e7298abd56718ea48eb221ca67fb6	d__Bacteria; p__Firmicutes; c__Clostridia; o__Lachnospirales; f__Lachnospiraceae
22fa5e01e3882824f5bc4bd326493e32	d__Bacteria
f4e2fb8858b41be404a674616172246a	d__Bacteria
adf61d7a4bff9c00f9bbf6fd5731a68e	d__Bacteria
0200b8e8c6c12c39cd5dd69f1f55bc81	d__Bacteria; p__Verrucomicrobiota; c__Verrucomicrobiae; o__Verrucomicrobiales; f__Akkermansiaceae; g__Akkermansia; s__uncultured_bacterium
7ac22356225e3b0dd88be49cb1d5057f	d__Bacteria; p__Verrucomicrobiota; c__Verrucomicrobiae; o__Verrucomicrobiales; f__Akkermansiaceae; g__Akkermansia; s__uncultured_bacterium
9d48a095c3fc1f1cae1771935207eb73	d__Bacteria; p__Verrucomicrobiota; c__Verrucomicrobiae; o__Verrucomicrobiales; f__Akkermansiaceae; g__Akkermansia
a3fe518b002b62343349d4656b850220	d__Bacteria; p__Verrucomicrobiota; c__Verrucomicrobiae; o__Verrucomicrobiales; f__Akkermansiaceae; g__Akkermansia
a0c2b50c5c278bb5cc9d3bfbaaac772e	d__Bacteria; p__Verrucomicrobiota; c__Verrucomicrobiae; o__Verrucomicrobiales; f__Akkermansiaceae; g__Akkermansia; s__uncultured_bacterium
86deec5f5bc5afe964e65eeba5b67e39	d__Bacteria; p__Verrucomicrobiota; c__Verrucomicrobiae; o__Verrucomicrobiales; f__Akkermansiaceae; g__Akkermansia; s__uncultured_bacterium
004b97b88e970f7faacbdc1a2c8b3fc8	d__Bacteria; p__Verrucomicrobiota; c__Verrucomicrobiae; o__Verrucomicrobiales; f__Akkermansiaceae; g__Akkermansia; s__uncultured_bacterium
799e0e1200acb868881dcce1dcfcd633	d__Bacteria; p__Verrucomicrobiota; c__Verrucomicrobiae; o__Verrucomicrobiales; f__Akkermansiaceae; g__Akkermansia; s__uncultured_bacterium
ed4e1062dbce453af7171e0591375190	d__Bacteria
b4a8704497d2caa14d8606b495b52920	d__Bacteria
9884c315321a58aa1a33f291649ddde8	d__Bacteria; p__Verrucomicrobiota; c__Verrucomicrobiae; o__Verrucomicrobiales; f__Akkermansiaceae; g__Akkermansia
f374fb6c2e7dbb8e90663a856d67cbbf	d__Bacteria; p__Verrucomicrobiota; c__Verrucomicrobiae; o__Verrucomicrobiales; f__Akkermansiaceae; g__Akkermansia; s__uncultured_bacterium
db3abda55b11a3659dde769dadae5478	d__Bacteria; p__Verrucomicrobiota; c__Verrucomicrobiae; o__Verrucomicrobiales; f__Akkermansiaceae; g__Akkermansia
aa26b96e5a21d14c7eca9c3680e1d548	d__Bacteria; p__Verrucomicrobiota; c__Verrucomicrobiae; o__Verrucomicrobiales; f__Akkermansiaceae; g__Akkermansia
836bb67f230a2810683901981b1ebab1	d__Bacteria; p__Verrucomicrobiota; c__Verrucomicrobiae; o__Verrucomicrobiales; f__Akkermansiaceae; g__Akkermansia
232346a67bdb8de2e0be69aecdee5a79	d__Bacteria; p__Verrucomicrobiota; c__Verrucomicrobiae; o__Verrucomicrobiales; f__Akkermansiaceae; g__Akkermansia; s__uncultured_bacterium
7137afecda4928b712317e862cf24369	d__Bacteria; p__Verrucomicrobiota; c__Verrucomicrobiae; o__Verrucomicrobiales; f__Akkermansiaceae; g__Akkermansia; s__uncultured_bacterium
fadb6d9eadc24b1f07958d2a39883476	d__Bacteria; p__Verrucomicrobiota; c__Verrucomicrobiae; o__Verrucomicrobiales; f__Akkermansiaceae; g__Akkermansia; s__uncultured_bacterium
6e6b07a1d7ff302f1c80ebf7dc6be5c7	d__Bacteria; p__Verrucomicrobiota; c__Verrucomicrobiae; o__Verrucomicrobiales; f__Akkermansiaceae; g__Akkermansia; s__uncultured_bacterium
0845fdc4ff4087fae6c747aad418202f	d__Bacteria; p__Verrucomicrobiota; c__Verrucomicrobiae; o__Verrucomicrobiales; f__Akkermansiaceae; g__Akkermansia
6adc4896c8b390102f3305476f66c7c3	d__Bacteria; p__Verrucomicrobiota; c__Verrucomicrobiae; o__Verrucomicrobiales; f__Akkermansiaceae; g__Akkermansia
7d0aec9a959bf866f0c384f7733b3e77	d__Bacteria; p__Verrucomicrobiota; c__Verrucomicrobiae; o__Verrucomicrobiales; f__Akkermansiaceae; g__Akkermansia; s__uncultured_bacterium
0aa6ffeac1517f9b935a182a17fea502	d__Bacteria; p__Verrucomicrobiota; c__Verrucomicrobiae; o__Verrucomicrobiales; f__Akkermansiaceae; g__Akkermansia; s__uncultured_bacterium
1309dead9f4377545ccf9b69d82200a8	d__Bacteria
e89ae807918eade8e0e829868daf45ac	d__Bacteria
956b690691e4ac2b7da963e9b80e012a	d__Bacteria
be424af29a17960d138a423a92cdbcca	d__Bacteria; p__Verrucomicrobiota; c__Verrucomicrobiae; o__Verrucomicrobiales; f__Akkermansiaceae; g__Akkermansia; s__uncultured_bacterium
15d3a4d2ad3f514605f604285082b46c	d__Bacteria; p__Firmicutes; c__Clostridia
9e329ed89b070c0ca5ce9b74c6ed8a89	d__Bacteria; p__Bacteroidota; c__Bacteroidia; o__Bacteroidales; f__Bacteroidaceae; g__Bacteroides
53f927437a47bba5dd379ce9263229c5	d__Bacteria; p__Firmicutes
66dc391e5253011e6976d095730dcdd9	d__Bacteria; p__Firmicutes; c__Clostridia; o__Clostridia_UCG-014; f__Clostridia_UCG-014; g__Clostridia_UCG-014; s__uncultured_bacterium
491fe153162a63d1f4e9149142c08255	d__Bacteria; p__Firmicutes; c__Negativicutes; o__Veillonellales-Selenomonadales; f__Veillonellaceae; g__Dialister; s__uncultured_bacterium
60e0316c3e4b92a26ac41b8b8e153d4d	d__Bacteria; p__Verrucomicrobiota; c__Verrucomicrobiae; o__Verrucomicrobiales; f__Akkermansiaceae; g__Akkermansia
2f89f87b329e0fed04beaf653f8fedf5	d__Bacteria; p__Verrucomicrobiota; c__Verrucomicrobiae; o__Verrucomicrobiales; f__Akkermansiaceae; g__Akkermansia; s__uncultured_bacterium
acf4bdd770fb1190ebc0fd3d9d2f91ec	d__Bacteria; p__Verrucomicrobiota; c__Verrucomicrobiae; o__Verrucomicrobiales; f__Akkermansiaceae; g__Akkermansia
ea84311683ecde9415520f8d594c687d	d__Bacteria; p__Bacteroidota; c__Bacteroidia; o__Bacteroidales; f__Bacteroidaceae; g__Bacteroides
2a697cc7f1066ac8db0c565a13071c67	d__Bacteria; p__Verrucomicrobiota; c__Verrucomicrobiae; o__Verrucomicrobiales; f__Akkermansiaceae; g__Akkermansia
6c8b756e91bbbe795828bf28af2010bf	d__Bacteria; p__Verrucomicrobiota; c__Verrucomicrobiae; o__Verrucomicrobiales; f__Akkermansiaceae; g__Akkermansia
a7a28b904ea43be435ab599a81024ed3	d__Bacteria; p__Verrucomicrobiota; c__Verrucomicrobiae; o__Verrucomicrobiales; f__Akkermansiaceae; g__Akkermansia
bbfec43966281216d79969c815ea9b90	d__Bacteria; p__Verrucomicrobiota; c__Verrucomicrobiae; o__Verrucomicrobiales; f__Akkermansiaceae; g__Akkermansia
1d549e573b8dc05e04d12da85541be0d	d__Bacteria; p__Verrucomicrobiota; c__Lentisphaeria; o__Victivallales; f__Victivallaceae; g__Victivallis; s__Victivallis_vadensis
e9aad7bdd2b1ec9c3bee1fb57e2ead94	d__Bacteria; p__Verrucomicrobiota; c__Lentisphaeria; o__Victivallales; f__Victivallaceae; g__Victivallis
52318fce61caf1f8429a25290ee68906	d__Bacteria
1fca2349e3c6fc3654aff3f47a014227	d__Bacteria; p__Verrucomicrobiota; c__Lentisphaeria; o__Victivallales; f__Victivallaceae; g__Victivallaceae
5101dd5fa19748eee7b01d7b729b116a	d__Bacteria; p__Verrucomicrobiota; c__Lentisphaeria; o__Victivallales; f__vadinBE97; g__vadinBE97; s__uncultured_bacterium
3125ce412795f598b0fa2c14331a69bf	d__Bacteria; p__Proteobacteria; c__Gammaproteobacteria; o__Burkholderiales; f__Sutterellaceae; g__Parasutterella
abe69ba90a2e2ca27523919395a74d2a	d__Bacteria; p__Verrucomicrobiota; c__Lentisphaeria; o__Victivallales; f__vadinBE97; g__vadinBE97; s__uncultured_bacterium
081595ec7ab15d4e1df3d58ee0c666fa	d__Bacteria; p__Verrucomicrobiota; c__Lentisphaeria; o__Victivallales; f__vadinBE97; g__vadinBE97; s__Bacteroidales_bacterium
d679014280798083c9e3138d50f05f2b	d__Archaea; p__Thermoplasmatota; c__Thermoplasmata; o__Methanomassiliicoccales; f__Methanomethylophilaceae; g__uncultured
87d0db3575a4f2a0a2325218c62dbd9b	d__Bacteria; p__Firmicutes; c__Clostridia; o__Clostridia_UCG-014; f__Clostridia_UCG-014; g__Clostridia_UCG-014; s__uncultured_bacterium
8fd032ccd379d884314b0539b73bcb14	Unassigned
a7e403414ca56f91ba4b7042a3e54469	d__Bacteria; p__Firmicutes; c__Clostridia; o__Clostridia_UCG-014; f__Clostridia_UCG-014; g__Clostridia_UCG-014; s__uncultured_bacterium
2f91bf762545ecdd5c2087795e9cffda	d__Bacteria; p__Firmicutes; c__Clostridia; o__Oscillospirales; f__Ruminococcaceae; g__Subdoligranulum
c85ddaa98656a05cad25c6e787c68cc1	d__Bacteria; p__Firmicutes; c__Clostridia; o__Clostridia_UCG-014; f__Clostridia_UCG-014; g__Clostridia_UCG-014; s__Clostridiales_bacterium
6de81e91e6bdce55e6280d39fe05d00b	d__Bacteria; p__Firmicutes; c__Clostridia; o__Oscillospirales; f__Ruminococcaceae; g__Ruminococcus
4ce4dc1cdfcd09b435166a6a446c6264	d__Bacteria; p__Firmicutes; c__Clostridia
1c3122c4547fad9fa2ad50a426cf9afe	d__Bacteria
7186ac0e231e1532833a523de22cc4b4	d__Bacteria; p__Firmicutes; c__Clostridia; o__Oscillospirales; f__[Eubacterium]_coprostanoligenes_group; g__[Eubacterium]_coprostanoligenes_group
1cc175c9ce972a18f35ddaf9baf71eda	d__Bacteria; p__Firmicutes; c__Clostridia; o__Clostridia_UCG-014; f__Clostridia_UCG-014; g__Clostridia_UCG-014
1039334672b22fae2c6d5e98b2b9423a	d__Bacteria; p__Firmicutes; c__Clostridia; o__Oscillospirales; f__Ruminococcaceae
fd3a1bec170ece5b32147d2c56dec3cf	d__Bacteria; p__Firmicutes; c__Clostridia; o__Clostridia_UCG-014; f__Clostridia_UCG-014; g__Clostridia_UCG-014; s__uncultured_bacterium
98eb8b836c5f3f3b142f06328fabb980	d__Bacteria; p__Firmicutes; c__Clostridia; o__Clostridia_UCG-014; f__Clostridia_UCG-014; g__Clostridia_UCG-014; s__uncultured_bacterium
b7c5b39394c77b716da32682d807eaa6	d__Bacteria; p__Firmicutes; c__Clostridia; o__Clostridia_UCG-014; f__Clostridia_UCG-014; g__Clostridia_UCG-014
d14776811aaebb066711eb568e12bf1d	d__Bacteria; p__Firmicutes; c__Clostridia; o__Clostridia_UCG-014; f__Clostridia_UCG-014; g__Clostridia_UCG-014
88915e86a186ad70570ef31e52a958b8	d__Bacteria; p__Firmicutes; c__Clostridia; o__Oscillospirales; f__[Eubacterium]_coprostanoligenes_group; g__[Eubacterium]_coprostanoligenes_group; s__uncultured_bacterium
e43214b512953076322473fa2bf2ff2e	d__Bacteria; p__Firmicutes; c__Clostridia; o__Clostridia_UCG-014; f__Clostridia_UCG-014; g__Clostridia_UCG-014
30b8cd36a749b5522fae78ad7c5658e0	d__Bacteria; p__Firmicutes; c__Clostridia; o__Clostridia_UCG-014; f__Clostridia_UCG-014; g__Clostridia_UCG-014
680737a8bab43f37857018cc8c4edd8b	d__Bacteria; p__Firmicutes; c__Clostridia; o__Clostridia_UCG-014; f__Clostridia_UCG-014; g__Clostridia_UCG-014
7763fc23d01213ef9cea579e8bf646e2	d__Bacteria; p__Firmicutes; c__Clostridia; o__Clostridia_UCG-014; f__Clostridia_UCG-014; g__Clostridia_UCG-014
943692c22f65a4cd9c9c42a1651da7e8	d__Bacteria; p__Firmicutes; c__Clostridia; o__Clostridia_UCG-014; f__Clostridia_UCG-014; g__Clostridia_UCG-014
10719c18d810ae74b8c5a25c49849e1a	d__Bacteria; p__Firmicutes; c__Clostridia
8c45a74a6ce49518956d3191234bdf4d	d__Bacteria; p__Firmicutes; c__Clostridia; o__Clostridia_UCG-014; f__Clostridia_UCG-014; g__Clostridia_UCG-014
558511e3ad834f32e3043ce361752228	d__Bacteria; p__Firmicutes; c__Clostridia; o__Clostridia_UCG-014; f__Clostridia_UCG-014; g__Clostridia_UCG-014
1dd143d7a61896e5d405dddf2f89b955	d__Bacteria; p__Firmicutes; c__Clostridia; o__Clostridia_UCG-014; f__Clostridia_UCG-014; g__Clostridia_UCG-014
3cdfd372d291cee409e3f2c77151ed04	d__Bacteria; p__Firmicutes; c__Clostridia; o__Clostridia_UCG-014; f__Clostridia_UCG-014; g__Clostridia_UCG-014
b56b69b63d2b43b9a7f32d2f71a6eade	d__Bacteria; p__Firmicutes; c__Clostridia; o__Clostridia_UCG-014; f__Clostridia_UCG-014; g__Clostridia_UCG-014; s__uncultured_bacterium
7eb2c6ea0c0ab165aaf15ef0cb43ba6c	d__Bacteria; p__Firmicutes; c__Clostridia; o__Christensenellales; f__Christensenellaceae; g__Christensenellaceae_R-7_group; s__human_gut
764e49d40220e3d126d9a07594c4c6a7	d__Bacteria; p__Firmicutes; c__Clostridia; o__Clostridia_UCG-014; f__Clostridia_UCG-014; g__Clostridia_UCG-014; s__uncultured_bacterium
0fbd41070b08a9fc310b19c2f9cda29e	d__Bacteria; p__Firmicutes; c__Clostridia; o__Clostridia_UCG-014; f__Clostridia_UCG-014; g__Clostridia_UCG-014
7680cc447ecc461ee6c3f7b400aac97b	d__Bacteria; p__Firmicutes; c__Clostridia; o__Clostridia_UCG-014; f__Clostridia_UCG-014; g__Clostridia_UCG-014
e5ce4475678344de57497dba2b8f8a79	d__Bacteria; p__Firmicutes; c__Clostridia; o__Clostridia_UCG-014; f__Clostridia_UCG-014; g__Clostridia_UCG-014
6663bcecd9bf410d72989a5f388a2769	d__Bacteria; p__Firmicutes; c__Clostridia; o__Clostridia_UCG-014; f__Clostridia_UCG-014; g__Clostridia_UCG-014
977239d7f3ecbb0db9f5014eee89d1f9	d__Bacteria; p__Firmicutes; c__Clostridia; o__Clostridia_UCG-014; f__Clostridia_UCG-014; g__Clostridia_UCG-014; s__uncultured_bacterium
da8150cf26327bf90da2f39bb4d71363	d__Bacteria; p__Firmicutes; c__Clostridia; o__Clostridia_UCG-014; f__Clostridia_UCG-014; g__Clostridia_UCG-014; s__uncultured_bacterium
f4450f8b13f90ee83ba74ef07acafe99	d__Bacteria; p__Firmicutes; c__Clostridia; o__Clostridia_UCG-014; f__Clostridia_UCG-014; g__Clostridia_UCG-014
bc4342865f856408bf88444f5fef5fe6	d__Bacteria; p__Firmicutes; c__Clostridia; o__Clostridia_UCG-014; f__Clostridia_UCG-014; g__Clostridia_UCG-014
01cc86ac0aad5a223597f51a9042f5fe	d__Bacteria; p__Firmicutes; c__Clostridia; o__Clostridia_UCG-014; f__Clostridia_UCG-014; g__Clostridia_UCG-014
411c6b7af0302c01cb180762b89388bc	d__Bacteria; p__Proteobacteria; c__Gammaproteobacteria; o__Pasteurellales; f__Pasteurellaceae
e171f9825c431cbee5663493f65a5115	d__Bacteria; p__Firmicutes; c__Clostridia; o__Clostridia_UCG-014; f__Clostridia_UCG-014; g__Clostridia_UCG-014; s__uncultured_bacterium
46272f9e947751af5e530d4d8e76741f	d__Bacteria; p__Firmicutes; c__Clostridia; o__Clostridia_UCG-014; f__Clostridia_UCG-014; g__Clostridia_UCG-014; s__uncultured_bacterium
70421ed47595192d317dac1f34736c9f	d__Bacteria; p__Firmicutes; c__Clostridia; o__Clostridia_UCG-014; f__Clostridia_UCG-014; g__Clostridia_UCG-014
67adf61c6d73c41bf4a432b8a2821196	d__Bacteria; p__Firmicutes; c__Clostridia; o__Clostridia_UCG-014; f__Clostridia_UCG-014; g__Clostridia_UCG-014
747aebc2daeecb4ba832df282cccc08a	d__Bacteria; p__Firmicutes; c__Clostridia; o__Clostridia_UCG-014; f__Clostridia_UCG-014; g__Clostridia_UCG-014
81e58682c63fd196df0f7a7c5093a349	d__Bacteria; p__Firmicutes; c__Clostridia; o__Clostridia_UCG-014; f__Clostridia_UCG-014; g__Clostridia_UCG-014
459a89a1c9cbe9c73016ceb26470415c	d__Bacteria; p__Firmicutes; c__Clostridia; o__Clostridia_UCG-014; f__Clostridia_UCG-014; g__Clostridia_UCG-014
6979c5b0ea163af14802c46a63ecd970	d__Bacteria; p__Firmicutes; c__Clostridia; o__Clostridia_UCG-014; f__Clostridia_UCG-014; g__Clostridia_UCG-014
fcd6fe79878f6f5695c5b64c646e7061	d__Bacteria; p__Firmicutes; c__Clostridia; o__Clostridia_UCG-014; f__Clostridia_UCG-014; g__Clostridia_UCG-014
aa3b887b2bc75ad00be68871ca0b65e8	d__Bacteria; p__Firmicutes; c__Clostridia; o__Clostridia_UCG-014; f__Clostridia_UCG-014; g__Clostridia_UCG-014
111010fa1b2d5978109331d8e9b12275	d__Bacteria; p__Firmicutes; c__Clostridia; o__Clostridia_UCG-014; f__Clostridia_UCG-014; g__Clostridia_UCG-014
789718ac93eb52b6f38d195b586c6e12	d__Bacteria; p__Firmicutes; c__Clostridia; o__Clostridia_UCG-014; f__Clostridia_UCG-014; g__Clostridia_UCG-014
8e9248b7109063379a45480fdab4410f	d__Bacteria; p__Firmicutes; c__Clostridia; o__Monoglobales; f__Monoglobaceae; g__Monoglobus
cccf9fdd30080447e94ff39aea880454	d__Bacteria; p__Firmicutes; c__Clostridia; o__Clostridia_UCG-014; f__Clostridia_UCG-014; g__Clostridia_UCG-014
8c43e7fa24f37ba79bd7f0c11ea13a25	d__Bacteria; p__Firmicutes; c__Clostridia; o__Clostridia_UCG-014; f__Clostridia_UCG-014; g__Clostridia_UCG-014
b972d74849f3bb6ae31c7513962f0343	d__Bacteria; p__Firmicutes; c__Clostridia
328ba49acf289bdb6c2ddfd36aef123d	d__Bacteria; p__Firmicutes; c__Clostridia; o__Clostridia_UCG-014; f__Clostridia_UCG-014; g__Clostridia_UCG-014
5a625f6e58e89762d2d128b515620a87	d__Bacteria; p__Firmicutes; c__Clostridia; o__Clostridia_UCG-014; f__Clostridia_UCG-014; g__Clostridia_UCG-014
d7e685cedb063798e1d7d9eab2d19591	d__Bacteria; p__Firmicutes; c__Clostridia; o__Clostridia_UCG-014; f__Clostridia_UCG-014; g__Clostridia_UCG-014; s__uncultured_bacterium
55ce763563144e5843493cb954522719	d__Bacteria; p__Firmicutes; c__Clostridia; o__Clostridia_UCG-014; f__Clostridia_UCG-014; g__Clostridia_UCG-014; s__uncultured_bacterium
3c5b434da4e3ccc32a837ec77f354941	d__Bacteria; p__Firmicutes; c__Clostridia; o__Clostridia_UCG-014; f__Clostridia_UCG-014; g__Clostridia_UCG-014
1535d2f729d0120a65497925cd1ee1af	d__Bacteria; p__Firmicutes; c__Clostridia; o__Clostridia_UCG-014; f__Clostridia_UCG-014; g__Clostridia_UCG-014
4d193c6620bee258d4e39b7c9dde8bcc	d__Bacteria; p__Firmicutes; c__Clostridia; o__Clostridia_UCG-014; f__Clostridia_UCG-014; g__Clostridia_UCG-014
7c5ceafc6c57d245bde29ba9a1abe3ca	d__Bacteria; p__Firmicutes; c__Clostridia; o__Clostridia_UCG-014; f__Clostridia_UCG-014; g__Clostridia_UCG-014
3c710f85cf06f3154d6ce839fdcf3f04	d__Bacteria; p__Firmicutes; c__Clostridia; o__Clostridia_UCG-014; f__Clostridia_UCG-014; g__Clostridia_UCG-014
bc1084df8baf0beb9827609030662fdc	d__Bacteria; p__Firmicutes; c__Clostridia; o__Clostridia_UCG-014; f__Clostridia_UCG-014; g__Clostridia_UCG-014
de6fe2420a28d319aa8ca4943225cafe	d__Bacteria; p__Firmicutes; c__Clostridia; o__Clostridia_UCG-014; f__Clostridia_UCG-014; g__Clostridia_UCG-014
af642efcff1f3dff72a3f0216b72ad47	d__Bacteria; p__Firmicutes; c__Clostridia; o__Clostridia_UCG-014; f__Clostridia_UCG-014; g__Clostridia_UCG-014
575adba365293749dfbeb3b4d7033142	d__Bacteria; p__Firmicutes; c__Clostridia; o__Clostridia_UCG-014; f__Clostridia_UCG-014; g__Clostridia_UCG-014; s__uncultured_bacterium
c77d3efe263a8848d36e9736c9385c24	d__Bacteria; p__Firmicutes; c__Clostridia; o__Clostridia_UCG-014; f__Clostridia_UCG-014; g__Clostridia_UCG-014; s__uncultured_bacterium
659f567d098ac6f7ece2da6c6d89784e	d__Bacteria; p__Firmicutes; c__Clostridia; o__Clostridia_UCG-014; f__Clostridia_UCG-014; g__Clostridia_UCG-014; s__uncultured_bacterium
958c85e286b06f60f471c7f8e020a8a5	d__Bacteria; p__Firmicutes; c__Clostridia; o__Clostridia_UCG-014; f__Clostridia_UCG-014; g__Clostridia_UCG-014
76a64261cf93b11e5f914c68dd519b7f	d__Bacteria; p__Firmicutes; c__Clostridia; o__Clostridia_UCG-014; f__Clostridia_UCG-014; g__Clostridia_UCG-014
e787bcf573fd23ef50ea2a49096b33bb	d__Bacteria; p__Firmicutes; c__Clostridia; o__Clostridia_UCG-014; f__Clostridia_UCG-014; g__Clostridia_UCG-014
5cceb34c3f0e9ca482c0117159e4e754	d__Bacteria; p__Firmicutes; c__Clostridia; o__Clostridia_UCG-014; f__Clostridia_UCG-014; g__Clostridia_UCG-014
37032e0b6807b986bba665d32a31367e	d__Bacteria; p__Firmicutes; c__Clostridia; o__Clostridia_UCG-014; f__Clostridia_UCG-014; g__Clostridia_UCG-014
944505384d69f0271ef361f64d333dad	d__Bacteria; p__Firmicutes; c__Clostridia
9455942488faf73319e3af474ee5e209	d__Bacteria; p__Firmicutes; c__Clostridia; o__Clostridia_UCG-014; f__Clostridia_UCG-014; g__Clostridia_UCG-014
0b2510813138c2f4cfc81611db333267	d__Bacteria; p__Firmicutes; c__Clostridia; o__Clostridia_UCG-014; f__Clostridia_UCG-014; g__Clostridia_UCG-014
372dbc89e545e98a1d874f71d89087d6	d__Bacteria; p__Firmicutes; c__Clostridia; o__Clostridia_UCG-014; f__Clostridia_UCG-014; g__Clostridia_UCG-014
66ec9dbfe5fd084cd12e9e30b7a51daf	d__Bacteria; p__Firmicutes; c__Clostridia; o__Clostridia_UCG-014; f__Clostridia_UCG-014; g__Clostridia_UCG-014; s__uncultured_bacterium
1b4edd334398a3922b837b329e3dbb15	d__Bacteria; p__Firmicutes; c__Clostridia; o__Clostridia_UCG-014; f__Clostridia_UCG-014; g__Clostridia_UCG-014
33741f25c116923d7a50b5a00366175f	d__Bacteria; p__Firmicutes; c__Clostridia; o__Clostridia_UCG-014; f__Clostridia_UCG-014; g__Clostridia_UCG-014
7b90b48c6cf1f826876a5b3e8b8d3339	d__Bacteria; p__Firmicutes; c__Clostridia; o__Clostridia_UCG-014; f__Clostridia_UCG-014; g__Clostridia_UCG-014
e9f54ce80fd0dfd1da7b00bc3b3bb9df	d__Bacteria; p__Firmicutes; c__Clostridia; o__Clostridia_UCG-014; f__Clostridia_UCG-014; g__Clostridia_UCG-014
06e6fdf1a8f308fc2a2c85facd165e3d	d__Bacteria; p__Firmicutes; c__Clostridia; o__Clostridia_UCG-014; f__Clostridia_UCG-014; g__Clostridia_UCG-014
63368f796656c4535668df7cb49b2137	d__Bacteria; p__Firmicutes; c__Clostridia; o__Clostridia_UCG-014; f__Clostridia_UCG-014; g__Clostridia_UCG-014; s__uncultured_bacterium
8f73397e36d532995871763abce62940	d__Bacteria; p__Firmicutes; c__Clostridia; o__Clostridia_UCG-014; f__Clostridia_UCG-014; g__Clostridia_UCG-014; s__uncultured_bacterium
4e15fbd70d74b14ce50ae431362c1043	d__Bacteria; p__Firmicutes; c__Clostridia; o__Clostridia_UCG-014; f__Clostridia_UCG-014; g__Clostridia_UCG-014; s__uncultured_bacterium
1745ce873eacb2b706466338ff9b2e64	d__Bacteria; p__Firmicutes; c__Clostridia; o__Clostridia_UCG-014; f__Clostridia_UCG-014; g__Clostridia_UCG-014; s__uncultured_bacterium
5ad3a7327439653d6a0c2ed159ec528d	d__Bacteria; p__Firmicutes; c__Clostridia; o__Clostridia_UCG-014; f__Clostridia_UCG-014; g__Clostridia_UCG-014; s__uncultured_bacterium
b230320fa25c3ba93edd5e881d4550a7	d__Bacteria; p__Firmicutes; c__Clostridia; o__Clostridia_UCG-014; f__Clostridia_UCG-014; g__Clostridia_UCG-014
bf2bc0f0e2ed4900e03c7c6151d27983	d__Bacteria; p__Firmicutes; c__Clostridia; o__Clostridia_UCG-014; f__Clostridia_UCG-014; g__Clostridia_UCG-014
b15f2a2e3faf72b9ecfb836c71e234f5	d__Bacteria; p__Firmicutes; c__Clostridia; o__Clostridia_UCG-014; f__Clostridia_UCG-014; g__Clostridia_UCG-014
5d6f0654c96cb51838bab8f1652c6c32	d__Bacteria; p__Firmicutes
7bfb77b1c1b124222eddf08ea6407614	d__Bacteria; p__Firmicutes; c__Clostridia; o__Clostridia_UCG-014; f__Clostridia_UCG-014; g__Clostridia_UCG-014; s__uncultured_bacterium
bcd97589482d0974b688a851cf8d6007	d__Bacteria; p__Firmicutes; c__Clostridia; o__Clostridia_UCG-014; f__Clostridia_UCG-014; g__Clostridia_UCG-014
d9ba11a61b8cad84b25df03064e4b4b9	d__Bacteria; p__Firmicutes; c__Clostridia; o__Clostridia_UCG-014; f__Clostridia_UCG-014; g__Clostridia_UCG-014
f1f26f028ba2632d335993c51c9bb108	d__Bacteria; p__Firmicutes; c__Clostridia; o__Clostridia_UCG-014; f__Clostridia_UCG-014; g__Clostridia_UCG-014; s__uncultured_bacterium
5bfc5c4d913af80f2c1f2bd0755c9fe1	d__Bacteria; p__Firmicutes; c__Clostridia; o__Clostridia_UCG-014; f__Clostridia_UCG-014; g__Clostridia_UCG-014
68972a123ee7a97a4952e7ac8abdfd77	d__Bacteria; p__Firmicutes; c__Clostridia; o__Clostridia_UCG-014; f__Clostridia_UCG-014; g__Clostridia_UCG-014; s__uncultured_bacterium
ca77d1a97bd84f009488603ebe891285	d__Bacteria; p__Firmicutes; c__Clostridia; o__Clostridia_UCG-014; f__Clostridia_UCG-014; g__Clostridia_UCG-014; s__uncultured_bacterium
f1dd14c7fcccad82839264cdfbb90aac	d__Bacteria; p__Firmicutes; c__Clostridia; o__Clostridia_UCG-014; f__Clostridia_UCG-014; g__Clostridia_UCG-014
8a1c00a5c737683d085c7da4c962d621	d__Bacteria; p__Firmicutes; c__Clostridia
174a672bd0c6ba7ae763bf5308bd7ca6	d__Bacteria; p__Firmicutes; c__Clostridia; o__Clostridia_UCG-014; f__Clostridia_UCG-014; g__Clostridia_UCG-014
b09ef1d56de8e7dcf7867c5ac90ebded	d__Bacteria; p__Firmicutes; c__Clostridia; o__Clostridia_UCG-014; f__Clostridia_UCG-014; g__Clostridia_UCG-014
162e3fd1c15226a25d02e671cc7f9174	d__Bacteria; p__Firmicutes; c__Clostridia; o__Clostridia_UCG-014; f__Clostridia_UCG-014; g__Clostridia_UCG-014; s__uncultured_bacterium
cba9ac2cd4d256560e874397a9ad2c7a	d__Bacteria; p__Firmicutes; c__Clostridia; o__Clostridia_UCG-014; f__Clostridia_UCG-014; g__Clostridia_UCG-014
5608d0477b074699688f62ae7e2ba159	d__Bacteria; p__Firmicutes; c__Clostridia; o__Clostridia_UCG-014; f__Clostridia_UCG-014; g__Clostridia_UCG-014
75343a784f3c3c6f0e02386663c6a436	d__Bacteria; p__Firmicutes; c__Clostridia; o__Clostridia_UCG-014; f__Clostridia_UCG-014; g__Clostridia_UCG-014
65a2607acd446f0e901587c8d7368c7a	d__Bacteria; p__Firmicutes; c__Clostridia; o__Clostridia_UCG-014; f__Clostridia_UCG-014; g__Clostridia_UCG-014
2b0716ef43a6e97c36325bb5b86b66f3	d__Bacteria; p__Firmicutes; c__Clostridia; o__Clostridia_UCG-014; f__Clostridia_UCG-014; g__Clostridia_UCG-014; s__uncultured_bacterium
d6998c9c715c09df26d0a00c5ab83c59	d__Bacteria; p__Firmicutes; c__Clostridia; o__Clostridia_UCG-014; f__Clostridia_UCG-014; g__Clostridia_UCG-014
e3093a4099907fb047e60f093762c498	d__Bacteria; p__Firmicutes; c__Clostridia; o__Clostridia_UCG-014; f__Clostridia_UCG-014; g__Clostridia_UCG-014
a6495f99f1ae7b01b0242451b2d3e25b	d__Bacteria; p__Firmicutes; c__Clostridia; o__Clostridia_UCG-014; f__Clostridia_UCG-014; g__Clostridia_UCG-014
edf6d488533f43823011a4f2e60a84bd	d__Bacteria; p__Firmicutes; c__Clostridia; o__Clostridia_UCG-014; f__Clostridia_UCG-014; g__Clostridia_UCG-014
8f7a4d77b5406b3d0a7e9fefa606931e	d__Bacteria; p__Firmicutes; c__Clostridia
aa55071c7be617129c918d77fbfa20da	d__Bacteria; p__Firmicutes
be08f0fa57519c32efa9ceef91238798	d__Bacteria
f75ae27892968ecff362d94af5e5b59d	d__Bacteria; p__Firmicutes; c__Clostridia
7ef17e4229beba51d5d96ab29e8f1ce6	d__Bacteria; p__Firmicutes; c__Clostridia
caa7308e20d4bf8371e7ae2e3235e16f	d__Bacteria; p__Firmicutes; c__Clostridia; o__Clostridia_UCG-014; f__Clostridia_UCG-014; g__Clostridia_UCG-014; s__uncultured_bacterium
0dca79f3260f6d30c678a4ab1e421fa0	d__Bacteria; p__Proteobacteria; c__Gammaproteobacteria; o__Burkholderiales; f__Sutterellaceae; g__Parasutterella
57c65cc6901a96da521bfbb8c0538f62	d__Bacteria; p__Firmicutes; c__Bacilli; o__Lactobacillales; f__Streptococcaceae; g__Streptococcus
55bb9ca474e02fe4eed23f65d0253b92	d__Bacteria; p__Firmicutes; c__Clostridia; o__Clostridia_UCG-014; f__Clostridia_UCG-014; g__Clostridia_UCG-014; s__uncultured_bacterium
40d38f8b0830b7d6e805f431397d082a	d__Bacteria; p__Firmicutes; c__Clostridia; o__Clostridia_UCG-014; f__Clostridia_UCG-014; g__Clostridia_UCG-014; s__uncultured_bacterium
13d2257614a4edb28c35d5d9c33e2d04	d__Bacteria; p__Firmicutes; c__Clostridia; o__Clostridia_UCG-014; f__Clostridia_UCG-014; g__Clostridia_UCG-014; s__uncultured_bacterium
96ce301304519cd7b90bfda2f109d83b	d__Bacteria; p__Firmicutes; c__Clostridia; o__Clostridia_UCG-014; f__Clostridia_UCG-014; g__Clostridia_UCG-014
9e2dc641d20cf97a213e7635a429410f	d__Bacteria; p__Firmicutes; c__Bacilli; o__Lactobacillales; f__Streptococcaceae; g__Streptococcus
963bc8a0515fb9e549c24f2894bfb226	d__Bacteria; p__Firmicutes; c__Clostridia; o__Oscillospirales; f__UCG-010; g__UCG-010; s__uncultured_bacterium
e8236bc5d2a8ed057c276d528434e5de	d__Bacteria; p__Firmicutes; c__Clostridia; o__Clostridia_UCG-014; f__Clostridia_UCG-014; g__Clostridia_UCG-014; s__uncultured_bacterium
39fc015779c4a5e4b388d1584214a316	d__Bacteria; p__Firmicutes; c__Clostridia
b183e73da2a960ef18ec41333ced159b	d__Bacteria; p__Firmicutes; c__Clostridia; o__Clostridia_UCG-014; f__Clostridia_UCG-014; g__Clostridia_UCG-014
ee8743e6e11d0fcb15097cbdbad0400b	d__Bacteria; p__Firmicutes; c__Clostridia; o__Monoglobales; f__Monoglobaceae; g__Monoglobus
1b7b974c36bdc2cb264ca827cb6dd7aa	d__Bacteria; p__Verrucomicrobiota; c__Verrucomicrobiae; o__Verrucomicrobiales; f__Akkermansiaceae; g__Akkermansia; s__uncultured_bacterium
c847712b6fa2073d142db30c63538f21	d__Bacteria; p__Firmicutes; c__Clostridia; o__Clostridia_UCG-014; f__Clostridia_UCG-014; g__Clostridia_UCG-014
c543a2e9cc9de353b9255dae6a6ecfe5	d__Bacteria; p__Firmicutes; c__Bacilli; o__Erysipelotrichales; f__Erysipelatoclostridiaceae; g__Catenibacterium; s__uncultured_bacterium
a2d5b820e43ecbcb737f4db991742440	d__Bacteria; p__Firmicutes; c__Clostridia; o__Clostridia_UCG-014; f__Clostridia_UCG-014; g__Clostridia_UCG-014
55bba514a4d27a557cd9c6137eed5280	d__Bacteria; p__Firmicutes; c__Clostridia; o__Clostridia_UCG-014; f__Clostridia_UCG-014; g__Clostridia_UCG-014; s__uncultured_bacterium
18f00223dc51d39a4e97f5e05fdc9361	d__Bacteria; p__Firmicutes; c__Clostridia; o__Clostridia_UCG-014; f__Clostridia_UCG-014; g__Clostridia_UCG-014
7741a5ac3f108da94f3bcba191ad2e72	d__Bacteria; p__Firmicutes; c__Clostridia; o__Clostridia_UCG-014; f__Clostridia_UCG-014; g__Clostridia_UCG-014
70ffb7d81ad4e472919eec51f8d9d01f	d__Bacteria; p__Firmicutes; c__Clostridia; o__Clostridia_UCG-014; f__Clostridia_UCG-014; g__Clostridia_UCG-014
c046bd35f25bb617fd398ecdf02aaeb1	d__Bacteria; p__Firmicutes; c__Clostridia; o__Clostridia_UCG-014; f__Clostridia_UCG-014; g__Clostridia_UCG-014
73a554c482112466bf382e482fa06246	d__Bacteria; p__Firmicutes; c__Clostridia; o__Clostridia_UCG-014; f__Clostridia_UCG-014; g__Clostridia_UCG-014
5f90e0ea5f0ce92e4bc07d821f2e098c	d__Bacteria; p__Firmicutes; c__Clostridia; o__Clostridia_UCG-014; f__Clostridia_UCG-014; g__Clostridia_UCG-014
557ce7807782a903cf2bed72dc2f1a3c	d__Bacteria; p__Firmicutes; c__Clostridia; o__Clostridia_UCG-014; f__Clostridia_UCG-014; g__Clostridia_UCG-014
b79f1bb0cb5b36f5b9b1331d309b2420	d__Bacteria; p__Firmicutes; c__Clostridia; o__Clostridia_UCG-014; f__Clostridia_UCG-014; g__Clostridia_UCG-014
4d0280c352cf1a7cb84f8a1723a6985c	d__Bacteria; p__Firmicutes; c__Clostridia; o__Clostridia_UCG-014; f__Clostridia_UCG-014; g__Clostridia_UCG-014
b80444f2e679141019030a8c49cad1e7	d__Bacteria; p__Firmicutes; c__Clostridia; o__Clostridia_UCG-014; f__Clostridia_UCG-014; g__Clostridia_UCG-014
1e178d1bce32fcd3e264860f56c53ce0	d__Bacteria; p__Firmicutes; c__Clostridia; o__Clostridia_UCG-014; f__Clostridia_UCG-014; g__Clostridia_UCG-014; s__uncultured_bacterium
e056a20ea159a8029d65c1d5298747ac	d__Bacteria; p__Firmicutes; c__Clostridia; o__Clostridia_UCG-014; f__Clostridia_UCG-014; g__Clostridia_UCG-014; s__uncultured_bacterium
01fb3708d0e34383cfd17a7f653eedbc	d__Bacteria; p__Firmicutes; c__Clostridia; o__Clostridia_UCG-014; f__Clostridia_UCG-014; g__Clostridia_UCG-014
554964fd69fdc402a3bcd9b295277289	d__Bacteria; p__Firmicutes; c__Clostridia; o__Clostridia_UCG-014; f__Clostridia_UCG-014; g__Clostridia_UCG-014
66f1252938a91f05d100ebbf10e6d88b	d__Bacteria; p__Firmicutes; c__Clostridia; o__Clostridia_UCG-014; f__Clostridia_UCG-014; g__Clostridia_UCG-014; s__uncultured_bacterium
daac8d7aedb0719fb8ce4b85a3e6596d	d__Bacteria; p__Firmicutes; c__Clostridia; o__Clostridia_UCG-014; f__Clostridia_UCG-014; g__Clostridia_UCG-014; s__uncultured_bacterium
877078e6201e03c5d2c5e934cf4b18c3	d__Bacteria; p__Firmicutes; c__Clostridia; o__Clostridia_UCG-014; f__Clostridia_UCG-014; g__Clostridia_UCG-014; s__uncultured_bacterium
b8fc67ac4a7811f20d25115901e49e32	d__Bacteria
4dfff826cbcd59f5f5bd5d05c78c77cf	d__Bacteria; p__Bacteroidota; c__Bacteroidia; o__Bacteroidales; f__Bacteroidaceae; g__Bacteroides
63950a3642ccb980fc2b06547f211513	d__Bacteria; p__Firmicutes; c__Clostridia; o__Clostridia_UCG-014; f__Clostridia_UCG-014; g__Clostridia_UCG-014
a1c67bb6b9da8e0ac14b248cac4808e4	d__Bacteria; p__Firmicutes; c__Clostridia; o__Clostridia_UCG-014; f__Clostridia_UCG-014; g__Clostridia_UCG-014; s__uncultured_bacterium
73665a7e502453d1244c3c320b4fa4a9	d__Bacteria; p__Proteobacteria; c__Gammaproteobacteria; o__Enterobacterales; f__Enterobacteriaceae; g__Escherichia-Shigella
06e2a117ccd715b6fc7b1f195c89fb0b	d__Bacteria; p__Firmicutes; c__Clostridia; o__Clostridia_UCG-014; f__Clostridia_UCG-014; g__Clostridia_UCG-014
b097189b2ee1a6306654cff1e67e09e5	d__Bacteria; p__Firmicutes; c__Clostridia; o__Clostridia_UCG-014; f__Clostridia_UCG-014; g__Clostridia_UCG-014; s__uncultured_bacterium
3ff461e8e5abac7219743997ccea65e0	d__Bacteria; p__Firmicutes; c__Clostridia; o__Clostridia_UCG-014; f__Clostridia_UCG-014; g__Clostridia_UCG-014; s__uncultured_bacterium
cc480c448aaeec3be00e0391238f6db7	d__Bacteria; p__Firmicutes; c__Clostridia; o__Clostridia_UCG-014; f__Clostridia_UCG-014; g__Clostridia_UCG-014
a7570585af76ca6530768ad0982bb910	d__Bacteria; p__Firmicutes; c__Clostridia; o__Clostridia_UCG-014; f__Clostridia_UCG-014; g__Clostridia_UCG-014
64d3a0cc73cd87e4b7731cfabb324710	d__Bacteria; p__Firmicutes; c__Clostridia; o__Clostridia_UCG-014; f__Clostridia_UCG-014; g__Clostridia_UCG-014
2316534aa8553a6cccba6fa6914faa99	d__Bacteria; p__Firmicutes; c__Clostridia; o__Clostridia_UCG-014; f__Clostridia_UCG-014; g__Clostridia_UCG-014
46095ec007ba38524dc0c91128378c98	d__Bacteria; p__Firmicutes; c__Clostridia; o__Clostridia_UCG-014; f__Clostridia_UCG-014; g__Clostridia_UCG-014
1ffde88b15a29a3999803458cd89009e	d__Bacteria; p__Firmicutes; c__Clostridia; o__Clostridia_UCG-014; f__Clostridia_UCG-014; g__Clostridia_UCG-014; s__uncultured_bacterium
156f51d20779bb6184fc4ab02d702a75	d__Bacteria; p__Firmicutes; c__Clostridia; o__Clostridia_UCG-014; f__Clostridia_UCG-014; g__Clostridia_UCG-014; s__uncultured_bacterium
41d041e59df04ac36366a2f4dbe4a541	d__Bacteria; p__Firmicutes; c__Clostridia; o__Clostridia_UCG-014; f__Clostridia_UCG-014; g__Clostridia_UCG-014
ffd60977b3e4895da41c83865e6f735c	d__Bacteria; p__Firmicutes; c__Clostridia; o__Clostridia_UCG-014; f__Clostridia_UCG-014; g__Clostridia_UCG-014; s__uncultured_bacterium
0e3307078e0066ae48973827eb75a6a1	d__Bacteria; p__Firmicutes; c__Clostridia; o__Clostridia_UCG-014; f__Clostridia_UCG-014; g__Clostridia_UCG-014; s__uncultured_bacterium
09aad1517f829afc27de27c341094e78	d__Bacteria; p__Firmicutes; c__Clostridia; o__Clostridia_UCG-014; f__Clostridia_UCG-014; g__Clostridia_UCG-014
befe5798fc2b7692aa5a593ab1103b1c	d__Bacteria; p__Firmicutes; c__Clostridia; o__Clostridia_UCG-014; f__Clostridia_UCG-014; g__Clostridia_UCG-014
0e897e11b666e721e6c1df9977a17614	d__Bacteria; p__Firmicutes; c__Clostridia; o__Clostridia_UCG-014; f__Clostridia_UCG-014; g__Clostridia_UCG-014
0ddb18d3fe52b289ba0ce9b7b99fbdce	d__Bacteria; p__Firmicutes; c__Clostridia; o__Clostridia_UCG-014; f__Clostridia_UCG-014; g__Clostridia_UCG-014
00050f2b8ddd82ec0c1b31d1bfd22917	d__Bacteria; p__Firmicutes; c__Clostridia; o__Clostridia_UCG-014; f__Clostridia_UCG-014; g__Clostridia_UCG-014
037425458e6c95db39f2cbc0779a8f94	d__Bacteria; p__Firmicutes; c__Clostridia; o__Clostridia_UCG-014; f__Clostridia_UCG-014; g__Clostridia_UCG-014
dbe51eec3fcc17c5888a6a7f427fc754	d__Bacteria; p__Proteobacteria; c__Gammaproteobacteria; o__Burkholderiales
7f09615b8b397007927d47d2373ae8a3	d__Bacteria; p__Firmicutes; c__Clostridia; o__Clostridia_UCG-014; f__Clostridia_UCG-014; g__Clostridia_UCG-014
62b80e581f4f50a3b7e2c436c5aea522	d__Bacteria; p__Firmicutes; c__Clostridia; o__Clostridia_UCG-014; f__Clostridia_UCG-014; g__Clostridia_UCG-014
b7a4ff1a08f457870923aec521647b9c	d__Bacteria; p__Firmicutes; c__Clostridia; o__Clostridia_UCG-014; f__Clostridia_UCG-014; g__Clostridia_UCG-014; s__uncultured_bacterium
db414c5ee55b6a27dc156a7ecbc00248	d__Bacteria; p__Firmicutes; c__Clostridia; o__Clostridia_UCG-014; f__Clostridia_UCG-014; g__Clostridia_UCG-014
646241597f4c7b2f294d5900132ee100	d__Bacteria; p__Firmicutes; c__Clostridia; o__Clostridia_UCG-014; f__Clostridia_UCG-014; g__Clostridia_UCG-014
78024a748105bdbe17232909374d8629	d__Bacteria; p__Firmicutes; c__Clostridia; o__Clostridia_UCG-014; f__Clostridia_UCG-014; g__Clostridia_UCG-014
bd33145382d02217bed85bd029d650a6	d__Bacteria; p__Firmicutes; c__Clostridia; o__Clostridia_UCG-014; f__Clostridia_UCG-014; g__Clostridia_UCG-014; s__uncultured_bacterium
c01a379a256e1ac94c8864f885545a7f	d__Bacteria; p__Firmicutes; c__Clostridia; o__Clostridia_UCG-014; f__Clostridia_UCG-014; g__Clostridia_UCG-014
cef5dd97fbc21699e1fc0f5eae4091d0	d__Bacteria; p__Firmicutes; c__Clostridia; o__Clostridia_UCG-014; f__Clostridia_UCG-014; g__Clostridia_UCG-014
5a0800c9876aced6c5250be04a42fdfe	d__Bacteria; p__Firmicutes; c__Clostridia; o__Clostridia_UCG-014; f__Clostridia_UCG-014; g__Clostridia_UCG-014; s__uncultured_bacterium
7f828b840855e271ccd6b76fbce4fbd2	d__Bacteria; p__Firmicutes; c__Clostridia; o__Clostridia_UCG-014; f__Clostridia_UCG-014; g__Clostridia_UCG-014; s__uncultured_bacterium
d6675a53a8184ff81f7626c57c8e2dc7	d__Bacteria; p__Firmicutes; c__Clostridia; o__Clostridia_UCG-014; f__Clostridia_UCG-014; g__Clostridia_UCG-014
d64f834c2fb722417fcc6f685165d74f	d__Bacteria; p__Firmicutes; c__Clostridia; o__Clostridia_UCG-014; f__Clostridia_UCG-014; g__Clostridia_UCG-014; s__uncultured_bacterium
31b7a8545b7820f55cb90f298811b5af	d__Bacteria; p__Firmicutes; c__Clostridia
0167cae0c1df6366db0da43888680475	d__Bacteria; p__Firmicutes; c__Clostridia; o__Clostridia_UCG-014; f__Clostridia_UCG-014; g__Clostridia_UCG-014
a6c8a492aa356f0af153bbd3cd11ab3c	d__Bacteria; p__Firmicutes; c__Clostridia; o__Clostridia_UCG-014; f__Clostridia_UCG-014; g__Clostridia_UCG-014
40cbf6d45d4b57f860ec9d0345fcefaf	d__Bacteria; p__Firmicutes; c__Clostridia; o__Clostridia_UCG-014; f__Clostridia_UCG-014; g__Clostridia_UCG-014
65d4ddf92d374d5e894a8224830efb47	d__Bacteria; p__Firmicutes; c__Clostridia; o__Clostridia_UCG-014; f__Clostridia_UCG-014; g__Clostridia_UCG-014
84dcef1a89704712416f66f052bb5bd6	d__Bacteria; p__Firmicutes; c__Clostridia; o__Clostridia_UCG-014; f__Clostridia_UCG-014; g__Clostridia_UCG-014; s__uncultured_bacterium
251415b8f51c745eb21b82cc149b69f1	d__Bacteria; p__Firmicutes; c__Clostridia; o__Clostridia_UCG-014; f__Clostridia_UCG-014; g__Clostridia_UCG-014; s__uncultured_bacterium
b57c84c7106badd838a82212def35cc4	d__Bacteria; p__Firmicutes; c__Clostridia; o__Clostridia_UCG-014; f__Clostridia_UCG-014; g__Clostridia_UCG-014
fec2c6bcc2efd34a5c41562bb03aaf71	d__Bacteria; p__Firmicutes; c__Clostridia; o__Clostridia_UCG-014; f__Clostridia_UCG-014; g__Clostridia_UCG-014
c139fd6537cb5bf99ba045499dc8a45a	d__Bacteria; p__Firmicutes; c__Clostridia; o__Clostridia_UCG-014; f__Clostridia_UCG-014; g__Clostridia_UCG-014
35b98de029710f6f0406581bb0cb6cf9	d__Bacteria; p__Firmicutes; c__Clostridia; o__Clostridia_UCG-014; f__Clostridia_UCG-014; g__Clostridia_UCG-014
d5917e3eab0366bd3de04098f4df450c	d__Bacteria; p__Firmicutes; c__Clostridia; o__Clostridia_UCG-014; f__Clostridia_UCG-014; g__Clostridia_UCG-014
067243a5608995d85aff379dcbae3eb3	d__Bacteria; p__Firmicutes; c__Clostridia; o__Clostridia_UCG-014; f__Clostridia_UCG-014; g__Clostridia_UCG-014
3f57c2cc3fc6f36e52a61f0abb8bfa8b	d__Bacteria; p__Firmicutes; c__Clostridia; o__Clostridia_UCG-014; f__Clostridia_UCG-014; g__Clostridia_UCG-014
67558bcfef6549306953db97302dc198	d__Bacteria
3d40da5b40e1bde57a6d25cf9a12e736	d__Bacteria; p__Firmicutes; c__Clostridia
1bc3bae08da370d8dc3538bed3ef0d09	d__Bacteria
2296cb85243fae60b16a7b4afb80d6bc	d__Bacteria; p__Firmicutes; c__Clostridia; o__Clostridia_UCG-014; f__Clostridia_UCG-014; g__Clostridia_UCG-014; s__uncultured_bacterium
89f20cbc7ce6a911429d1f166f2861b9	d__Bacteria; p__Firmicutes; c__Clostridia; o__Clostridia_UCG-014; f__Clostridia_UCG-014; g__Clostridia_UCG-014
e6288b801021f3436379b4259f3eb111	d__Bacteria; p__Firmicutes; c__Clostridia; o__Clostridia_UCG-014; f__Clostridia_UCG-014; g__Clostridia_UCG-014
69bb2ed849bffa53e960e35a1fb317d6	d__Bacteria; p__Firmicutes; c__Clostridia; o__Clostridia_UCG-014; f__Clostridia_UCG-014; g__Clostridia_UCG-014
9699c7faee46e5b1187425211d0765b5	d__Bacteria; p__Firmicutes; c__Clostridia; o__Clostridia_UCG-014; f__Clostridia_UCG-014; g__Clostridia_UCG-014
ae496e4156a88862d4f9f5420ffc1fed	d__Bacteria; p__Firmicutes; c__Clostridia; o__Clostridia_UCG-014; f__Clostridia_UCG-014; g__Clostridia_UCG-014
abdd84bbf619b5962c4b9b665610de69	d__Bacteria; p__Firmicutes; c__Clostridia; o__Clostridia_UCG-014; f__Clostridia_UCG-014; g__Clostridia_UCG-014; s__uncultured_bacterium
204bfeb0a0d4ab23424afdc6ffaac1dc	d__Bacteria; p__Firmicutes; c__Clostridia; o__Clostridia_UCG-014; f__Clostridia_UCG-014; g__Clostridia_UCG-014; s__uncultured_bacterium
e3fa4d08ca36bdd238f3aa99475d80d4	d__Bacteria; p__Firmicutes; c__Clostridia; o__Clostridia_UCG-014; f__Clostridia_UCG-014; g__Clostridia_UCG-014; s__uncultured_bacterium
9463d23c327753edd80d923e34ea090b	d__Bacteria; p__Firmicutes; c__Clostridia; o__Clostridia_UCG-014; f__Clostridia_UCG-014; g__Clostridia_UCG-014; s__uncultured_bacterium
b1947125e70e28b4143194ea31ece5cf	d__Bacteria; p__Firmicutes; c__Clostridia; o__Clostridia_UCG-014; f__Clostridia_UCG-014; g__Clostridia_UCG-014; s__uncultured_bacterium
af7b87e5191cc014ec44bce3de7a7174	d__Bacteria; p__Firmicutes; c__Clostridia; o__Clostridia_UCG-014; f__Clostridia_UCG-014; g__Clostridia_UCG-014; s__uncultured_bacterium
cba86c64b40ce744d77b563de6007e47	d__Bacteria; p__Firmicutes; c__Clostridia; o__Clostridia_UCG-014; f__Clostridia_UCG-014; g__Clostridia_UCG-014
04f4fe37ce1be70d6614b7901d69033b	d__Bacteria; p__Firmicutes; c__Clostridia; o__Clostridia_UCG-014; f__Clostridia_UCG-014; g__Clostridia_UCG-014; s__uncultured_bacterium
293c65368e2abe856b99b7ad33c7c3cf	d__Bacteria; p__Firmicutes; c__Clostridia; o__Clostridia_UCG-014; f__Clostridia_UCG-014; g__Clostridia_UCG-014
c2f508a1b78c9404bb3dc37f29a3af3f	d__Bacteria; p__Firmicutes; c__Clostridia; o__Clostridia_UCG-014; f__Clostridia_UCG-014; g__Clostridia_UCG-014
c25f5d1712f034548a703c98fccbf0cd	d__Bacteria; p__Firmicutes; c__Clostridia; o__Clostridia_UCG-014; f__Clostridia_UCG-014; g__Clostridia_UCG-014
f8038b9b3ef03af80b07e3546c4e4e8f	d__Bacteria; p__Firmicutes; c__Clostridia; o__Clostridia_UCG-014; f__Clostridia_UCG-014; g__Clostridia_UCG-014
093f5eebcf7f308be337b3d03e84ac76	d__Bacteria; p__Firmicutes; c__Clostridia
cc4dcfd2bbf55502af35394e1300cc81	d__Bacteria; p__Firmicutes; c__Clostridia; o__Clostridia_UCG-014; f__Clostridia_UCG-014; g__Clostridia_UCG-014; s__uncultured_bacterium
1830abad03f6e4c4e8ee6f8b12002876	d__Bacteria; p__Firmicutes; c__Clostridia; o__Clostridia_UCG-014; f__Clostridia_UCG-014; g__Clostridia_UCG-014
8f37e11083eacb2d7f8217ee627d7f1b	d__Bacteria; p__Firmicutes; c__Clostridia
9c67f1e562ec01337c5780bc9f1ad43d	d__Bacteria; p__Firmicutes; c__Clostridia; o__Clostridia_UCG-014; f__Clostridia_UCG-014; g__Clostridia_UCG-014
f0f1632fa46a3ea8127972437362c7a2	d__Bacteria; p__Firmicutes; c__Clostridia; o__Clostridia_UCG-014; f__Clostridia_UCG-014; g__Clostridia_UCG-014
351f3c3d79b568d64e1d72fb79fafbe1	d__Bacteria; p__Firmicutes; c__Clostridia; o__Clostridia_UCG-014; f__Clostridia_UCG-014; g__Clostridia_UCG-014; s__uncultured_bacterium
6d32b2b7fc5474da00eaf9154cf0cf05	d__Bacteria; p__Firmicutes; c__Clostridia; o__Clostridia_UCG-014; f__Clostridia_UCG-014; g__Clostridia_UCG-014; s__uncultured_bacterium
a1b1e4e74257615bee3cbcf89f59dd7c	d__Bacteria; p__Firmicutes; c__Clostridia
4f6b9e005ebdc8735f8bdf6bda9f0c5f	d__Bacteria; p__Firmicutes; c__Clostridia; o__Clostridia_UCG-014; f__Clostridia_UCG-014; g__Clostridia_UCG-014; s__uncultured_bacterium
6622658215597d9f83ac8ea28ddde94c	d__Bacteria; p__Firmicutes; c__Clostridia; o__Clostridia_UCG-014; f__Clostridia_UCG-014; g__Clostridia_UCG-014; s__uncultured_bacterium
fba09204af03edb577904105a9819453	d__Bacteria; p__Firmicutes; c__Clostridia; o__Clostridia_UCG-014; f__Clostridia_UCG-014; g__Clostridia_UCG-014
ab690c8acadc613cb70694f4fbd60fca	d__Bacteria; p__Firmicutes; c__Clostridia; o__Clostridia_UCG-014; f__Clostridia_UCG-014; g__Clostridia_UCG-014; s__uncultured_bacterium
8e02c3daccb74b1b20391e2855481956	d__Bacteria; p__Firmicutes; c__Clostridia; o__Clostridia_UCG-014; f__Clostridia_UCG-014; g__Clostridia_UCG-014
9c3ffb16db5e5cec6b2f17eef7797e35	d__Bacteria; p__Firmicutes; c__Clostridia; o__Clostridia_UCG-014; f__Clostridia_UCG-014; g__Clostridia_UCG-014
1acac6fdc9dda48751c29bdfe07cc001	d__Bacteria; p__Firmicutes; c__Clostridia; o__Clostridia_UCG-014; f__Clostridia_UCG-014; g__Clostridia_UCG-014; s__uncultured_bacterium
b53b603a6dbb2b0dfa5c968c0e6f5e81	d__Bacteria; p__Firmicutes; c__Clostridia; o__Lachnospirales; f__Lachnospiraceae
77831fdd351bb17679a5da9e76fae30f	d__Bacteria
f97e934a31a43a225a68f385f1abca36	d__Bacteria; p__Firmicutes; c__Clostridia
a0ff3a9a5d3ea51d9d29a29e527a41d7	d__Bacteria; p__Firmicutes; c__Clostridia; o__Clostridia_UCG-014; f__Clostridia_UCG-014; g__Clostridia_UCG-014
8be94faa19e5b563f3f0dbde23c76e62	d__Bacteria; p__Firmicutes; c__Clostridia; o__Clostridia_UCG-014; f__Clostridia_UCG-014; g__Clostridia_UCG-014
51ea49b57c95376ede289195a19157e1	d__Bacteria; p__Firmicutes; c__Clostridia; o__Clostridia_UCG-014; f__Clostridia_UCG-014; g__Clostridia_UCG-014
2f4a2b526f8ad3ab67184f093e4c6093	d__Bacteria; p__Firmicutes; c__Clostridia
5a7c543db85552a667f640ee563c2640	d__Bacteria; p__Firmicutes; c__Clostridia; o__Clostridia_UCG-014; f__Clostridia_UCG-014; g__Clostridia_UCG-014
164843163de9b96bba62c5f4770dbcf9	d__Bacteria; p__Firmicutes; c__Bacilli; o__Erysipelotrichales; f__Erysipelatoclostridiaceae; g__Erysipelotrichaceae_UCG-003
16037a79f18ebf81c5a9c1fb36033461	d__Bacteria; p__Firmicutes; c__Clostridia
764edf90fa3e6510c6a8d093fb8d6634	d__Bacteria; p__Firmicutes; c__Clostridia; o__Oscillospirales; f__Ruminococcaceae; g__uncultured
05ed43e06968e27369a08f97a1619dbc	d__Bacteria
4a0a6bc526ad05848a2328e22ff65b7e	d__Bacteria; p__Firmicutes; c__Clostridia; o__Clostridia_UCG-014; f__Clostridia_UCG-014; g__Clostridia_UCG-014; s__uncultured_bacterium
2f7b96cabd02bdfb3b4376aca9deb758	d__Bacteria; p__Firmicutes
c5221881551bc5f6eba39784ca218771	d__Bacteria; p__Firmicutes; c__Clostridia; o__Clostridia_UCG-014; f__Clostridia_UCG-014; g__Clostridia_UCG-014
e12e06e02e5e038b139385312abfeee3	d__Bacteria; p__Firmicutes; c__Clostridia; o__Clostridia_UCG-014; f__Clostridia_UCG-014; g__Clostridia_UCG-014; s__uncultured_bacterium
6a91c507994ba9c0538b2be4baa518f1	d__Bacteria; p__Firmicutes; c__Clostridia; o__Clostridia_UCG-014; f__Clostridia_UCG-014; g__Clostridia_UCG-014; s__uncultured_bacterium
40e430733fdd5aab82eed6820acd98a0	d__Bacteria; p__Firmicutes; c__Clostridia; o__Clostridia_UCG-014; f__Clostridia_UCG-014; g__Clostridia_UCG-014; s__uncultured_bacterium
6b76b648f7775b2ceed453613eb67423	d__Bacteria; p__Firmicutes; c__Clostridia; o__Clostridia_UCG-014; f__Clostridia_UCG-014; g__Clostridia_UCG-014
315d1ba50bf7c848b5737eded5eae3bf	d__Bacteria; p__Firmicutes; c__Clostridia; o__Clostridia_UCG-014; f__Clostridia_UCG-014; g__Clostridia_UCG-014
6bdb7e66c490a79ccdf9529b4d832dd8	d__Bacteria; p__Firmicutes; c__Clostridia; o__Clostridia_UCG-014; f__Clostridia_UCG-014; g__Clostridia_UCG-014; s__uncultured_bacterium
a367f571b53733c67923b857b9bba375	d__Bacteria; p__Firmicutes; c__Clostridia; o__Clostridia_UCG-014; f__Clostridia_UCG-014; g__Clostridia_UCG-014; s__uncultured_bacterium
4e519c8ed79772782db4a9f79f222262	d__Bacteria; p__Firmicutes; c__Clostridia; o__Clostridia_UCG-014; f__Clostridia_UCG-014; g__Clostridia_UCG-014; s__uncultured_bacterium
b6b8f97916edc56f567171dd5e72daa6	d__Bacteria; p__Firmicutes; c__Clostridia; o__Clostridia_UCG-014; f__Clostridia_UCG-014; g__Clostridia_UCG-014; s__uncultured_bacterium
cc0ecd7b91f67ebd0a5979882ad2a2a7	d__Bacteria; p__Verrucomicrobiota; c__Verrucomicrobiae; o__Verrucomicrobiales; f__Akkermansiaceae; g__Akkermansia; s__uncultured_bacterium
6ff330135d3f4ff9ffecc03c92abbee4	d__Bacteria; p__Firmicutes; c__Clostridia
e5fbac4219586ea35beec3aa81bb6e93	d__Bacteria; p__Firmicutes; c__Clostridia; o__Oscillospirales; f__Butyricicoccaceae; g__UCG-009
e94846a3618f074724e9da769d32c560	d__Bacteria; p__Firmicutes; c__Clostridia; o__Oscillospirales; f__Butyricicoccaceae; g__UCG-009
b67c138ed1085246b5c7f0ea7e3d2c57	d__Bacteria; p__Firmicutes; c__Clostridia; o__Oscillospirales; f__Butyricicoccaceae; g__UCG-009; s__uncultured_bacterium
0047fc13bfd948b4864c8024e06336a5	d__Bacteria; p__Firmicutes; c__Clostridia; o__Oscillospirales; f__Butyricicoccaceae; g__UCG-009
25a1c7ad2ad5287d8d0a77ec85dce65d	d__Bacteria; p__Bacteroidota; c__Bacteroidia; o__Bacteroidales; f__Prevotellaceae; g__Prevotella
1e21679cb823cd5092ddbf741d969cd1	d__Bacteria; p__Bacteroidota; c__Bacteroidia; o__Bacteroidales; f__Bacteroidaceae; g__Bacteroides
1ab611a1a062cc272d0edeb701baa30f	d__Bacteria; p__Firmicutes; c__Clostridia; o__Oscillospirales; f__Ruminococcaceae; g__Ruminococcus
d8c55a92ae16433626735bb71d751c9a	d__Bacteria; p__Bacteroidota; c__Bacteroidia; o__Bacteroidales; f__Bacteroidaceae; g__Bacteroides
4485f1c07987d0192246a2571879405d	d__Bacteria; p__Bacteroidota; c__Bacteroidia; o__Bacteroidales; f__Marinifilaceae
5d45c99d6efd0c189c9914ce9e76b017	d__Bacteria; p__Bacteroidota; c__Bacteroidia; o__Bacteroidales; f__Rikenellaceae; g__Alistipes
c058fb9846e6fd53fe1b8d1a495fa387	d__Bacteria; p__Bacteroidota; c__Bacteroidia; o__Bacteroidales; f__Marinifilaceae; g__Odoribacter
e1fd10dc4c7699d3cc7db53e541c7f8b	d__Bacteria; p__Bacteroidota; c__Bacteroidia; o__Bacteroidales; f__Prevotellaceae; g__Prevotella
99c7b4bfc0dcebc87621deb4a8af98e2	d__Bacteria; p__Bacteroidota; c__Bacteroidia; o__Bacteroidales; f__Bacteroidaceae; g__Bacteroides
ca719c7f769ee7748d8f04aa85e4b520	d__Bacteria; p__Bacteroidota; c__Bacteroidia; o__Bacteroidales; f__Rikenellaceae; g__Alistipes; s__uncultured_bacterium
8b5009fc1096484d0ded8c9491df8266	d__Bacteria; p__Bacteroidota; c__Bacteroidia; o__Bacteroidales; f__Barnesiellaceae; g__Coprobacter; s__Coprobacter_secundus
a36b5fa3a5d0780229d00b64de21c03e	d__Bacteria; p__Firmicutes; c__Clostridia; o__Oscillospirales
0860cfa90e06397a0e59fa7021c24823	d__Bacteria; p__Bacteroidota; c__Bacteroidia
e4379c65f75c1e541e8ffc0ca5ce0987	d__Bacteria; p__Bacteroidota; c__Bacteroidia; o__Bacteroidales; f__Bacteroidaceae; g__Bacteroides
2cbbfd47176226ac28222d65d53be1fa	d__Bacteria; p__Bacteroidota; c__Bacteroidia; o__Bacteroidales; f__Barnesiellaceae; g__Barnesiella
da8526cea05742f1c19ceb6abc150099	d__Bacteria; p__Firmicutes; c__Clostridia
004012c8c48feec57d659d59ec90c4db	d__Bacteria; p__Firmicutes; c__Clostridia; o__Oscillospirales; f__Ruminococcaceae
590eedd65055e595c14d6a12fefb7ae5	d__Bacteria; p__Firmicutes; c__Clostridia
46e363a2a226bb750092c8b434ca3f3e	d__Bacteria; p__Firmicutes; c__Clostridia; o__Oscillospirales; f__[Eubacterium]_coprostanoligenes_group; g__[Eubacterium]_coprostanoligenes_group; s__uncultured_bacterium
9be623a732065df478fbd2e8dd211088	d__Bacteria; p__Firmicutes; c__Clostridia; o__Lachnospirales; f__Lachnospiraceae
5ed8ba9113190620950ebb3d6edcbfde	d__Bacteria; p__Firmicutes; c__Clostridia; o__Lachnospirales; f__Lachnospiraceae
3b09d53bb808901a09238cc972621628	d__Bacteria; p__Firmicutes; c__Clostridia; o__Lachnospirales; f__Lachnospiraceae
3527a53776addb450d7b8163f5d408d3	d__Bacteria; p__Firmicutes; c__Clostridia
86c6d30708a88c6c30d25272651c2332	d__Bacteria; p__Proteobacteria; c__Gammaproteobacteria; o__Enterobacterales; f__Enterobacteriaceae; g__Escherichia-Shigella
da924d82dd49b439cd6efb80a264d836	d__Bacteria; p__Firmicutes; c__Clostridia
a815d202cb6308baad083ba12ee22656	d__Bacteria; p__Firmicutes; c__Clostridia
491f676d710d731ab1eeefa0cbd75a39	d__Bacteria; p__Firmicutes; c__Clostridia
90f394e624373fb331b91467a9bd314b	d__Bacteria; p__Firmicutes; c__Clostridia; o__Lachnospirales; f__Lachnospiraceae
a17970c4643bc1b5b18556f61a858a3e	d__Bacteria; p__Firmicutes; c__Clostridia; o__Lachnospirales; f__Lachnospiraceae
42c1f8f16359718c110fc14162232cf5	d__Bacteria; p__Firmicutes; c__Clostridia; o__Lachnospirales; f__Lachnospiraceae
36b4f3c48524b5418e878bd9c53daddc	d__Bacteria; p__Firmicutes; c__Clostridia; o__Lachnospirales; f__Lachnospiraceae
9a73208c8bef10138d2e33aae0bcddf5	d__Bacteria; p__Firmicutes; c__Clostridia; o__Lachnospirales; f__Lachnospiraceae
eccd6908be21bc1589504ffd5cfb5290	d__Bacteria; p__Firmicutes; c__Clostridia; o__Lachnospirales; f__Lachnospiraceae
526e9bb60e85f11b2f00ce487336887c	d__Bacteria; p__Firmicutes; c__Clostridia; o__Lachnospirales; f__Lachnospiraceae
aa9ce47ccaac01cba0299a6be6aa9817	d__Bacteria; p__Firmicutes; c__Clostridia; o__Oscillospirales; f__Ruminococcaceae; g__Faecalibacterium
4572ad53576e020b828f97cdf8e7f939	d__Bacteria; p__Firmicutes; c__Clostridia
0c930fb46986cb701e054e2d51329680	d__Bacteria; p__Firmicutes; c__Clostridia; o__Clostridia_UCG-014; f__Clostridia_UCG-014; g__Clostridia_UCG-014
9ffadf3b05e0d555e75ad7706ccb9613	d__Bacteria; p__Firmicutes; c__Clostridia; o__Clostridia_UCG-014; f__Clostridia_UCG-014; g__Clostridia_UCG-014; s__uncultured_bacterium
4a4ea5b00dcf1e1732df39b0641d6a2b	d__Bacteria; p__Firmicutes; c__Clostridia; o__Clostridia_UCG-014; f__Clostridia_UCG-014; g__Clostridia_UCG-014
0c3e629ce4a1313b8a1a1350239e67dc	d__Bacteria; p__Firmicutes; c__Clostridia; o__Monoglobales; f__Monoglobaceae; g__Monoglobus
c1aef08fab0468a71099d1c0c0f2ab06	d__Bacteria; p__Proteobacteria; c__Gammaproteobacteria; o__Pasteurellales; f__Pasteurellaceae
1cc9bcd95b879fc0e455207ef343ed0f	d__Bacteria; p__Bacteroidota; c__Bacteroidia; o__Bacteroidales; f__Prevotellaceae; g__Prevotella
292694d1aeffbb5c50ddac77756fa46c	d__Bacteria; p__Proteobacteria; c__Alphaproteobacteria; o__Rhodospirillales; f__uncultured; g__uncultured; s__gut_metagenome
f58e453e5b651c6bc92de31fc810302f	d__Bacteria; p__Proteobacteria; c__Alphaproteobacteria; o__Rhodospirillales; f__uncultured; g__uncultured; s__gut_metagenome
3400d917497d92e182fed5c7c72827fc	d__Bacteria; p__Proteobacteria; c__Alphaproteobacteria; o__Rhodospirillales; f__uncultured; g__uncultured; s__gut_metagenome
dcfec6557408b9e58c6889bc3db54128	d__Bacteria; p__Proteobacteria; c__Alphaproteobacteria; o__Rhodospirillales; f__uncultured; g__uncultured; s__gut_metagenome
8a6b95c79ea94d62c774feff9a172c19	d__Bacteria; p__Proteobacteria; c__Alphaproteobacteria; o__Rhodospirillales; f__uncultured; g__uncultured; s__gut_metagenome
b77249aa3de808fc99bb17cab91e6191	d__Bacteria; p__Proteobacteria; c__Alphaproteobacteria; o__Rhodospirillales; f__uncultured; g__uncultured; s__Azospirillum_sp.
11def7c08daf99faae55314f0dbad41e	d__Bacteria; p__Proteobacteria; c__Alphaproteobacteria; o__Rhodospirillales; f__uncultured; g__uncultured; s__Azospirillum_sp.
9c4deea244c59377b44bd335d9f5b173	d__Bacteria; p__Proteobacteria; c__Alphaproteobacteria; o__Rhodospirillales; f__uncultured; g__uncultured; s__Azospirillum_sp.
664d6c793f827ea25a94ce46f291ec99	d__Bacteria
e302965caf5e4fa80f6a93994ece20f6	d__Bacteria; p__Proteobacteria; c__Alphaproteobacteria; o__Rhodospirillales; f__uncultured; g__uncultured; s__Azospirillum_sp.
1730e6424525527479a45826645d5839	d__Bacteria; p__Bacteroidota; c__Bacteroidia; o__Bacteroidales; f__Bacteroidaceae; g__Bacteroides
6f74810f770cbfc6d74a31a92cb935c3	d__Bacteria; p__Proteobacteria; c__Alphaproteobacteria; o__Rhodospirillales; f__uncultured; g__uncultured; s__gut_metagenome
12db7abf0904c01c38abfb01b257a9d4	d__Bacteria; p__Proteobacteria; c__Alphaproteobacteria; o__Rhodospirillales; f__uncultured; g__uncultured; s__gut_metagenome
05518e7ce27cb6c2ccb886391e062e48	d__Bacteria; p__Proteobacteria; c__Alphaproteobacteria; o__Rhodospirillales; f__uncultured; g__uncultured; s__gut_metagenome
aa5b96863d50c0866c2fa42619cdfa67	d__Bacteria
e9c6c2c3ada67c90284ae2d37808ebb9	d__Bacteria; p__Proteobacteria; c__Alphaproteobacteria; o__Rhodospirillales; f__uncultured; g__uncultured; s__uncultured_bacterium
92ad71ecb1f650f8bc8a20b22c654e52	d__Bacteria; p__Firmicutes; c__Clostridia
8a968baa182bac19644cf11a0be9f760	d__Bacteria; p__Bacteroidota; c__Bacteroidia; o__Flavobacteriales
3663f443106e327fae8243c8c1ca9fb2	d__Bacteria; p__Bacteroidota; c__Bacteroidia; o__Flavobacteriales; f__Flavobacteriaceae; g__uncultured; s__gut_metagenome
230612352de71e58fec25320022bd9f3	d__Bacteria; p__Bacteroidota; c__Bacteroidia; o__Flavobacteriales; f__Flavobacteriaceae; g__uncultured; s__gut_metagenome
f6fc57f89b21281132e4b8b05e7a4412	d__Bacteria; p__Bacteroidota; c__Bacteroidia; o__Flavobacteriales; f__Flavobacteriaceae; g__uncultured; s__gut_metagenome
7ad904b7130be20b423443d071809c12	d__Bacteria; p__Firmicutes; c__Clostridia; o__Oscillospirales; f__UCG-010; g__UCG-010
67c4f2de0e107317d4025ff56738cf4f	d__Bacteria; p__Firmicutes; c__Clostridia; o__Lachnospirales; f__Lachnospiraceae
8e8209ce2cc62785748ca334f55ad4d3	d__Bacteria
7b2e706d11c8df7395f32fa6725c45aa	d__Bacteria; p__Proteobacteria; c__Gammaproteobacteria; o__Enterobacterales; f__Enterobacteriaceae; g__Escherichia-Shigella
a21dbf0c53722179bbfe43cc849061b3	d__Bacteria; p__Firmicutes; c__Clostridia; o__Oscillospirales; f__Butyricicoccaceae; g__UCG-009; s__uncultured_bacterium
7b5de5051b2b866b3e9d6c8651b339c4	d__Bacteria; p__Firmicutes; c__Clostridia; o__Oscillospirales
c90a60ed47a4217cc837e78e12a9147a	d__Bacteria; p__Firmicutes; c__Clostridia
67d8f65835d43a66bd82276646f73447	d__Bacteria; p__Firmicutes; c__Clostridia
eb63aedc5bc8ce3607be1584e8b7cbd4	d__Bacteria; p__Bacteroidota; c__Bacteroidia; o__Flavobacteriales; f__Flavobacteriaceae; g__uncultured; s__gut_metagenome
bcd8123f6a9156e2d8f8b0d694abcc1c	d__Bacteria; p__Bacteroidota; c__Bacteroidia; o__Flavobacteriales; f__Flavobacteriaceae; g__uncultured; s__gut_metagenome
cc4c3b6983e3baa45aa09cb673682915	d__Bacteria
045007cff42742488b3340be13d15903	d__Bacteria; p__Firmicutes; c__Clostridia; o__Lachnospirales; f__Lachnospiraceae; g__[Eubacterium]_oxidoreducens_group; s__uncultured_bacterium
bce78fc07c578c996fb352d7ab5ae7df	d__Bacteria; p__Firmicutes; c__Clostridia
b9b80d9e3325dcd395dc1407f5289061	d__Bacteria; p__Firmicutes; c__Clostridia; o__Lachnospirales; f__Lachnospiraceae
a8bb9dc3d228e984defad5a95a525d4a	d__Bacteria; p__Firmicutes; c__Clostridia
7292efb5d903bfaaa1480c4cf22c2ca2	d__Bacteria; p__Firmicutes; c__Clostridia; o__Oscillospirales; f__UCG-010; g__UCG-010
7ab7a4738166455110a8b16acd31437a	d__Bacteria; p__Proteobacteria; c__Alphaproteobacteria; o__Rhodospirillales; f__uncultured; g__uncultured; s__uncultured_bacterium
eaca3beeb700f9ec7fed73f5ebc6553c	d__Bacteria; p__Proteobacteria; c__Alphaproteobacteria; o__Rhodospirillales; f__uncultured; g__uncultured
61ecaf62ee3c7efe677bed0429e6330c	d__Bacteria; p__Proteobacteria; c__Alphaproteobacteria; o__Rhodospirillales; f__uncultured; g__uncultured
84c0811d488edd4e73455310d9bc4baf	d__Bacteria
44b5fb643418e22fab31ac17c7476e3f	d__Bacteria; p__Proteobacteria; c__Alphaproteobacteria; o__Rhodospirillales; f__uncultured; g__uncultured; s__uncultured_bacterium
7cfb56841828e34fcce89ed0962e30ec	d__Bacteria
e1c75ab083b6c466938396b069131544	d__Bacteria; p__Proteobacteria; c__Alphaproteobacteria; o__Rhodospirillales; f__uncultured; g__uncultured; s__gut_metagenome
667fb55f0324639e2513c7b606067abe	d__Bacteria; p__Firmicutes; c__Clostridia; o__Lachnospirales; f__Lachnospiraceae
7210bc1a1d6a385cfe5071c08d3e35b6	d__Bacteria; p__Proteobacteria; c__Alphaproteobacteria; o__Rhodospirillales; f__uncultured; g__uncultured
ebc623b84855aedd29263aa9827268d1	d__Bacteria; p__Bacteroidota; c__Bacteroidia; o__Bacteroidales; f__Rikenellaceae; g__Alistipes
126dd1307a43cc93b6845f48a17eed77	d__Bacteria; p__Firmicutes; c__Clostridia; o__Oscillospirales; f__Oscillospiraceae
ff180dff967ac813bd327673660e23b2	d__Bacteria; p__Bacteroidota; c__Bacteroidia; o__Bacteroidales; f__Prevotellaceae; g__Paraprevotella
1031bc9fa9e574fde63e3e5b0feb307b	d__Bacteria; p__Bacteroidota; c__Bacteroidia; o__Bacteroidales; f__Prevotellaceae; g__uncultured; s__uncultured_bacterium
7e7b3ef0f446bbf5d9fa976ee0c63178	d__Bacteria; p__Bacteroidota; c__Bacteroidia; o__Bacteroidales; f__Prevotellaceae; g__Alloprevotella
197d8df03d05635a05743d79966b6247	d__Bacteria; p__Bacteroidota; c__Bacteroidia; o__Bacteroidales; f__Prevotellaceae; g__uncultured; s__uncultured_bacterium
5398e29c72510a2d0e4f95e81cf1cdea	d__Bacteria; p__Bacteroidota; c__Bacteroidia; o__Bacteroidales; f__Prevotellaceae
7931cc64446323862297ef96033e50f1	d__Bacteria; p__Bacteroidota; c__Bacteroidia; o__Bacteroidales; f__Prevotellaceae; g__Alloprevotella; s__uncultured_Bacteroidales
07d1fada270450963544e3490c842bb8	d__Bacteria; p__Bacteroidota; c__Bacteroidia; o__Bacteroidales; f__Prevotellaceae; g__Alloprevotella
51e46f48957b9707e18177132a8da3c8	d__Bacteria; p__Bacteroidota; c__Bacteroidia; o__Bacteroidales; f__Bacteroidaceae; g__Bacteroides
dce8b786f9d6e541b5432ffedc9a6917	d__Bacteria; p__Bacteroidota; c__Bacteroidia; o__Bacteroidales; f__Tannerellaceae; g__Parabacteroides
0745f77fe2394f4ee94a301643cb6bdb	d__Bacteria; p__Bacteroidota; c__Bacteroidia; o__Bacteroidales; f__Bacteroidaceae; g__Bacteroides
6d96d2d77c2198ba750224b52fea73de	d__Bacteria; p__Bacteroidota; c__Bacteroidia; o__Bacteroidales
b8162000e8378fc5db19b25e778c0b19	d__Bacteria; p__Bacteroidota; c__Bacteroidia; o__Bacteroidales; f__Bacteroidaceae; g__Bacteroides
d93f91850ffecbaadcee21e1a091794e	d__Bacteria; p__Bacteroidota; c__Bacteroidia; o__Bacteroidales; f__Bacteroidaceae; g__Bacteroides
ecfc0791c2b6d67991f622a6ce28e51f	d__Bacteria; p__Bacteroidota; c__Bacteroidia; o__Bacteroidales; f__Bacteroidaceae; g__Bacteroides
f09c8e1b6a727a23dbf3ab53aecd75e5	d__Bacteria; p__Bacteroidota; c__Bacteroidia; o__Bacteroidales; f__Bacteroidaceae; g__Bacteroides
a555499600939f4027a618836c3f65fc	d__Bacteria; p__Bacteroidota; c__Bacteroidia; o__Bacteroidales; f__Bacteroidaceae; g__Bacteroides
7286f9ae84ad8c842daa4976c5283d1a	d__Bacteria; p__Bacteroidota; c__Bacteroidia; o__Bacteroidales
9d5934bd72d8e086342d7345186aa600	d__Bacteria; p__Firmicutes; c__Clostridia; o__Oscillospirales; f__Oscillospiraceae
cfd0046af0705f496f17166da6793a07	d__Bacteria; p__Bacteroidota; c__Bacteroidia; o__Bacteroidales
f0a86cfd092b9250639221d291eb74a9	d__Bacteria; p__Firmicutes; c__Clostridia
3a67bcc877ad562363fd7bf4e8661cfd	d__Bacteria; p__Bacteroidota; c__Bacteroidia; o__Bacteroidales; f__Rikenellaceae; g__Rikenellaceae_RC9_gut_group
1cf7d76601ebf524c16248b30e4db42a	d__Bacteria; p__Bacteroidota; c__Bacteroidia; o__Bacteroidales; f__Bacteroidaceae; g__Bacteroides
d1dd65813cf8c6cf685c5c2f7faf0245	d__Bacteria; p__Bacteroidota; c__Bacteroidia; o__Bacteroidales
575e4e4a78ff1b2ed1cc015580dcd009	d__Bacteria; p__Bacteroidota; c__Bacteroidia; o__Bacteroidales; f__Bacteroidaceae; g__Bacteroides; s__Bacteroides_plebeius
902a3a7a9a8d533d4bab712f65924d0a	d__Bacteria; p__Bacteroidota; c__Bacteroidia; o__Bacteroidales; f__Bacteroidaceae; g__Bacteroides; s__Bacteroides_plebeius
e86a286a3bdc0a9b2c50aa9717ff4c70	d__Bacteria; p__Bacteroidota; c__Bacteroidia; o__Bacteroidales; f__Bacteroidaceae; g__Bacteroides; s__uncultured_bacterium
2b2c9033722525cea7b1b5ec259c2641	d__Bacteria; p__Bacteroidota; c__Bacteroidia; o__Bacteroidales; f__Bacteroidaceae; g__Bacteroides
db9d06ad9d334527bb963885668fcfbf	d__Bacteria; p__Bacteroidota; c__Bacteroidia; o__Bacteroidales; f__Bacteroidaceae; g__Bacteroides; s__Bacteroides_plebeius
b7cbba2908267fabae5e7396c7937532	d__Bacteria; p__Bacteroidota; c__Bacteroidia; o__Bacteroidales; f__Bacteroidaceae; g__Bacteroides
3ea08111995de5f078f999f275129625	d__Bacteria; p__Bacteroidota; c__Bacteroidia; o__Bacteroidales; f__Bacteroidaceae; g__Bacteroides; s__uncultured_bacterium
81cfd282832399f4f1cfc5e029903390	d__Bacteria; p__Bacteroidota; c__Bacteroidia; o__Bacteroidales; f__Bacteroidaceae; g__Bacteroides
bfef6216aad55db21c4220cef8fcfbee	d__Bacteria; p__Bacteroidota; c__Bacteroidia; o__Bacteroidales; f__Bacteroidaceae; g__Bacteroides
e9c0cce90739c93fabc45ceb84e5748f	d__Bacteria; p__Bacteroidota; c__Bacteroidia; o__Bacteroidales; f__Bacteroidaceae; g__Bacteroides
cbdfbb94b7d92f1564c4e6532b42494e	d__Bacteria; p__Bacteroidota; c__Bacteroidia; o__Bacteroidales; f__Bacteroidaceae; g__Bacteroides; s__Bacteroides_plebeius
c6dca5ceacc9ffd48d9df258a9a011ee	d__Bacteria; p__Bacteroidota; c__Bacteroidia; o__Bacteroidales; f__Bacteroidaceae; g__Bacteroides; s__Bacteroides_plebeius
fee8e6d6a17f4221b7bd01454d3c32db	d__Bacteria; p__Bacteroidota; c__Bacteroidia; o__Bacteroidales; f__Bacteroidaceae; g__Bacteroides; s__Bacteroides_plebeius
ee3ea7ff19cbdba143aa05c31541dea8	d__Bacteria; p__Bacteroidota; c__Bacteroidia; o__Bacteroidales; f__Bacteroidaceae; g__Bacteroides
66ab2423659de04c8d65779e596052ce	d__Bacteria; p__Bacteroidota; c__Bacteroidia; o__Bacteroidales; f__Bacteroidaceae; g__Bacteroides
4a45a1a8f7b68329edbc2741e4b5aaed	d__Bacteria; p__Bacteroidota; c__Bacteroidia; o__Bacteroidales; f__Bacteroidaceae; g__Bacteroides; s__Bacteroides_plebeius
569c247349d2436942697443adc84cb6	d__Bacteria; p__Bacteroidota; c__Bacteroidia; o__Bacteroidales; f__Bacteroidaceae; g__Bacteroides
a8cb9921559bea9a043bdb1d2d1ace3b	d__Bacteria; p__Bacteroidota; c__Bacteroidia; o__Bacteroidales; f__Bacteroidaceae; g__Bacteroides; s__Bacteroides_plebeius
e69863b385dd0f6cefd5f2475d4e8ebf	d__Bacteria; p__Bacteroidota; c__Bacteroidia; o__Bacteroidales; f__Bacteroidaceae; g__Bacteroides; s__Bacteroides_massiliensis
b3b3117225589c48d4b50a096dbc4ba0	d__Bacteria; p__Bacteroidota; c__Bacteroidia; o__Bacteroidales; f__Bacteroidaceae; g__Bacteroides
cb3f5ea5274b7d38fa60a546dd5009ed	d__Bacteria
151b7bcdc8d1b43e949eb9dd8a242691	d__Bacteria; p__Bacteroidota; c__Bacteroidia; o__Bacteroidales; f__Bacteroidaceae; g__Bacteroides; s__uncultured_bacterium
4fed02a9180c7a752d029501bb963667	d__Bacteria; p__Bacteroidota; c__Bacteroidia; o__Bacteroidales; f__Bacteroidaceae; g__Bacteroides
717cf83a1366a9b7511aee2ecc84aba0	d__Bacteria; p__Bacteroidota; c__Bacteroidia; o__Bacteroidales; f__Bacteroidaceae; g__Bacteroides; s__Bacteroides_plebeius
0a85b10968e80f9d0e6007752cef77d7	d__Bacteria; p__Bacteroidota; c__Bacteroidia; o__Bacteroidales; f__Bacteroidaceae; g__Bacteroides; s__uncultured_bacterium
e749c113f83bc896b5a50d1c44f67f9a	d__Bacteria; p__Bacteroidota; c__Bacteroidia; o__Bacteroidales; f__Bacteroidaceae; g__Bacteroides
91edccb61a94a6bbdd944140cd8096e2	d__Bacteria; p__Bacteroidota; c__Bacteroidia; o__Bacteroidales; f__Bacteroidaceae; g__Bacteroides
c0d13670b0a524351a79aa1e2d85fcbb	d__Bacteria; p__Bacteroidota; c__Bacteroidia; o__Bacteroidales; f__Bacteroidaceae; g__Bacteroides; s__Bacteroides_massiliensis
5de2b030409bd6161b3a854514f99cea	d__Bacteria; p__Bacteroidota; c__Bacteroidia; o__Bacteroidales; f__Bacteroidaceae; g__Bacteroides; s__Bacteroides_massiliensis
d3b6390ea6c9965e03821c3421b0a67a	d__Bacteria; p__Bacteroidota; c__Bacteroidia; o__Bacteroidales; f__Bacteroidaceae; g__Bacteroides
f434098932063fd8e9d80a4e74cbf358	d__Bacteria; p__Bacteroidota; c__Bacteroidia; o__Bacteroidales; f__Bacteroidaceae; g__Bacteroides
2b9a73b46adc2230d9734d376fa2790d	d__Bacteria; p__Bacteroidota; c__Bacteroidia; o__Bacteroidales; f__Bacteroidaceae; g__Bacteroides
40540d795815ca78afbcc78c07080f67	d__Bacteria; p__Bacteroidota; c__Bacteroidia; o__Bacteroidales; f__Bacteroidaceae; g__Bacteroides
a164fafd6956bdf72c7e1501b0634f9d	d__Bacteria; p__Bacteroidota; c__Bacteroidia; o__Bacteroidales; f__Bacteroidaceae; g__Bacteroides; s__Bacteroides_massiliensis
836a7eb0ff7fee1d7f5b14599e12c28f	d__Bacteria; p__Bacteroidota; c__Bacteroidia; o__Bacteroidales; f__Bacteroidaceae; g__Bacteroides
498dfef4003f5bea078b2d3631a893fe	d__Bacteria; p__Bacteroidota; c__Bacteroidia; o__Bacteroidales; f__Bacteroidaceae; g__Bacteroides; s__uncultured_bacterium
3d72cb99457733fc163061a464e5184f	d__Bacteria; p__Bacteroidota; c__Bacteroidia; o__Bacteroidales; f__Bacteroidaceae; g__Bacteroides; s__Bacteroides_massiliensis
0d70c22df7cc618d8d1ea60a21278f53	d__Bacteria; p__Bacteroidota; c__Bacteroidia; o__Bacteroidales; f__Bacteroidaceae; g__Bacteroides; s__Bacteroides_massiliensis
871e2e2d1d5d79d7942d0e93c9f77eae	d__Bacteria; p__Bacteroidota; c__Bacteroidia; o__Bacteroidales; f__Bacteroidaceae; g__Bacteroides
e4516ed322729816d5f5f56870444b5e	d__Bacteria; p__Bacteroidota; c__Bacteroidia; o__Bacteroidales; f__Bacteroidaceae; g__Bacteroides; s__Bacteroides_massiliensis
01b43c615ae7b8d26a05ed8f3cb50bee	d__Bacteria; p__Bacteroidota; c__Bacteroidia; o__Bacteroidales; f__Bacteroidaceae; g__Bacteroides
823d00b2a51f3316cdd4b5b40e2012b7	d__Bacteria; p__Bacteroidota; c__Bacteroidia; o__Bacteroidales; f__Bacteroidaceae; g__Bacteroides
b956d7b01a2ae3eed1c9e5af80066c12	d__Bacteria; p__Bacteroidota; c__Bacteroidia; o__Bacteroidales; f__Bacteroidaceae; g__Bacteroides; s__Bacteroides_massiliensis
3a82488be150d5e28aeea1c9661c56f8	d__Bacteria; p__Bacteroidota; c__Bacteroidia; o__Bacteroidales; f__Bacteroidaceae; g__Bacteroides
c7de14368117f2a9a80144c4423efe95	d__Bacteria; p__Bacteroidota; c__Bacteroidia; o__Bacteroidales; f__Bacteroidaceae; g__Bacteroides
475d2d84ad34260a6a569d9bca97f25a	d__Bacteria; p__Bacteroidota; c__Bacteroidia; o__Bacteroidales; f__Bacteroidaceae; g__Bacteroides
d1ef2527297f3dab79c029d353f52110	d__Bacteria; p__Bacteroidota; c__Bacteroidia; o__Bacteroidales; f__Bacteroidaceae; g__Bacteroides
2224cb788b863c0017c58bbb717ba84c	d__Bacteria; p__Bacteroidota; c__Bacteroidia; o__Bacteroidales; f__Bacteroidaceae; g__Bacteroides
929ba248a9f0b4d6875f9de96e61872e	d__Bacteria; p__Bacteroidota; c__Bacteroidia; o__Bacteroidales; f__Bacteroidaceae; g__Bacteroides
62282090d043e2a7e4167712bfb6c21e	d__Bacteria; p__Bacteroidota; c__Bacteroidia; o__Bacteroidales; f__Bacteroidaceae; g__Bacteroides
94ae1b8ec3ce416fb547f7089328c764	d__Bacteria; p__Bacteroidota; c__Bacteroidia; o__Bacteroidales; f__Bacteroidaceae; g__Bacteroides; s__uncultured_bacterium
e5883d0479686d7128081b73614c253d	d__Bacteria; p__Bacteroidota; c__Bacteroidia; o__Bacteroidales; f__Bacteroidaceae; g__Bacteroides; s__Bacteroides_massiliensis
141a44e780d895bbf7ef7f2773dea073	d__Bacteria; p__Bacteroidota; c__Bacteroidia; o__Bacteroidales; f__Bacteroidaceae; g__Bacteroides; s__Bacteroides_massiliensis
0dc741b83780bf357767197830234ba6	d__Bacteria; p__Bacteroidota; c__Bacteroidia; o__Bacteroidales; f__Bacteroidaceae; g__Bacteroides
eb0ca04420cef7e708e271ae79ee9c80	d__Bacteria; p__Bacteroidota; c__Bacteroidia; o__Bacteroidales; f__Bacteroidaceae; g__Bacteroides
d3a7ee31ea41677e7673e2c3f6e0f562	d__Bacteria; p__Bacteroidota; c__Bacteroidia; o__Bacteroidales; f__Bacteroidaceae; g__Bacteroides; s__uncultured_bacterium
c138292c0c3aaf96963acce292af885c	d__Bacteria; p__Bacteroidota; c__Bacteroidia; o__Bacteroidales; f__Bacteroidaceae; g__Bacteroides
9b9c06a6f1bcf016415f2e7a95129f16	d__Bacteria; p__Bacteroidota; c__Bacteroidia; o__Bacteroidales; f__Prevotellaceae; g__Prevotella; s__uncultured_bacterium
f746787927a7d95fc6c12587049cb175	d__Bacteria; p__Bacteroidota; c__Bacteroidia; o__Bacteroidales; f__Prevotellaceae; g__Alloprevotella; s__uncultured_bacterium
c5272f4c042f3489d0b508cce738f714	d__Bacteria; p__Bacteroidota; c__Bacteroidia; o__Bacteroidales; f__Bacteroidaceae; g__Bacteroides
0caf1af261efa1401582fd6aac5f7456	d__Bacteria; p__Bacteroidota; c__Bacteroidia; o__Bacteroidales; f__Bacteroidaceae; g__Bacteroides
e173b986ee7fab05d978ae466b3167dc	d__Bacteria; p__Bacteroidota; c__Bacteroidia; o__Bacteroidales
8ea09a70045430def2cfac328687f2c7	d__Bacteria; p__Bacteroidota; c__Bacteroidia; o__Bacteroidales; f__Prevotellaceae
4a91c2a4cdd994e47136b95fa1346ebf	d__Bacteria; p__Bacteroidota; c__Bacteroidia; o__Bacteroidales
a6436d5985e01cc05bdd0a9105dcc29e	d__Bacteria; p__Firmicutes; c__Clostridia; o__Oscillospirales; f__Oscillospiraceae; g__UCG-005; s__human_gut
542b05635abad61d7b13d39c3065f89c	d__Bacteria; p__Bacteroidota; c__Bacteroidia; o__Bacteroidales; f__Bacteroidaceae; g__Bacteroides
ae332fcedaa62a3c3938b4b48c47296b	d__Bacteria; p__Bacteroidota; c__Bacteroidia; o__Bacteroidales; f__Bacteroidaceae; g__Bacteroides
a7ab46c5563d578f39273a1c2f20be0b	d__Bacteria; p__Bacteroidota; c__Bacteroidia; o__Bacteroidales; f__Bacteroidaceae; g__Bacteroides
73986615381d14df798b7141a5bd37a5	d__Bacteria; p__Bacteroidota; c__Bacteroidia; o__Bacteroidales
59d5531980a5c300b3c7bbdbdb7a2074	d__Bacteria
e25b01c05a4f6729fa188aea762dda0a	d__Bacteria; p__Bacteroidota; c__Bacteroidia; o__Bacteroidales; f__Bacteroidaceae; g__Bacteroides
37cb07772058209974be35d6c1b91055	d__Bacteria; p__Bacteroidota; c__Bacteroidia; o__Bacteroidales; f__Bacteroidaceae; g__Bacteroides
6da6e8c66f2b30305e54a8e3a9a01f3f	d__Bacteria; p__Bacteroidota; c__Bacteroidia; o__Bacteroidales; f__Bacteroidaceae; g__Bacteroides
9a28d342b4760633eed44b92033e3963	d__Bacteria; p__Bacteroidota; c__Bacteroidia; o__Bacteroidales; f__Bacteroidaceae; g__Bacteroides
bde5d08c2e3d1a7f7364307e14daf397	d__Bacteria; p__Bacteroidota; c__Bacteroidia; o__Bacteroidales; f__Bacteroidaceae; g__Bacteroides
95092e646155b0a3e597e4128fbb66a6	d__Bacteria; p__Bacteroidota; c__Bacteroidia; o__Bacteroidales; f__Bacteroidaceae; g__Bacteroides
575046bb4794e8d69d933c66b6a030aa	d__Bacteria; p__Bacteroidota; c__Bacteroidia; o__Bacteroidales; f__Bacteroidaceae; g__Bacteroides
50409d3abade026b4513ee23e742a977	d__Bacteria; p__Bacteroidota; c__Bacteroidia; o__Bacteroidales; f__Bacteroidaceae; g__Bacteroides
14e6bf7541ebd85d1c940305c9db3b63	d__Bacteria; p__Bacteroidota; c__Bacteroidia; o__Bacteroidales; f__Bacteroidaceae; g__Bacteroides
e75c6b677ed0298af37dcf4a07c2a913	d__Bacteria; p__Bacteroidota; c__Bacteroidia; o__Bacteroidales; f__Bacteroidaceae; g__Bacteroides
6ec5e1a4f78cbfce08d4f0353b735b53	d__Bacteria; p__Bacteroidota; c__Bacteroidia; o__Bacteroidales; f__Bacteroidaceae; g__Bacteroides
ee697d7b7bb5bdab53d9aa1a1e9523cd	d__Bacteria; p__Bacteroidota; c__Bacteroidia; o__Bacteroidales; f__Bacteroidaceae; g__Bacteroides; s__Bacteroides_stercoris
38f0ba0983643f6d720ad2d6972a40fa	d__Bacteria; p__Bacteroidota; c__Bacteroidia; o__Bacteroidales; f__Bacteroidaceae; g__Bacteroides
cd67021f8876517968a57d90ef6bff1e	d__Bacteria; p__Bacteroidota; c__Bacteroidia; o__Bacteroidales; f__Bacteroidaceae; g__Bacteroides
e10afcd14a60027a3404bc8dad5c21a6	d__Bacteria; p__Bacteroidota; c__Bacteroidia; o__Bacteroidales; f__Bacteroidaceae; g__Bacteroides
3e7cd7c3b7ad4fcaf78b44335e0d1748	d__Bacteria; p__Bacteroidota; c__Bacteroidia; o__Bacteroidales; f__Bacteroidaceae; g__Bacteroides
52734ab47edc051d919f21c55ab62705	d__Bacteria; p__Bacteroidota; c__Bacteroidia; o__Bacteroidales; f__Bacteroidaceae; g__Bacteroides
08e1872b1951f1a7269d553ee4b4f399	d__Bacteria; p__Bacteroidota; c__Bacteroidia; o__Bacteroidales; f__Bacteroidaceae; g__Bacteroides
79046e2b082e216f17dad617c82eb2bb	d__Bacteria; p__Bacteroidota; c__Bacteroidia; o__Bacteroidales; f__Bacteroidaceae; g__Bacteroides
bad6c88a10baf3346943c6408feaef52	d__Bacteria; p__Bacteroidota; c__Bacteroidia; o__Bacteroidales; f__Bacteroidaceae; g__Bacteroides
7908d566b6c9ac22a34b15afb32e039e	d__Bacteria; p__Bacteroidota; c__Bacteroidia; o__Bacteroidales; f__Bacteroidaceae; g__Bacteroides
f417fb5bb6a27fa79e026219e1ca8534	d__Bacteria; p__Bacteroidota; c__Bacteroidia; o__Bacteroidales; f__Bacteroidaceae; g__Bacteroides
29ad7de39e7142748e9f399c0d2b4ffd	d__Bacteria; p__Bacteroidota; c__Bacteroidia; o__Bacteroidales; f__Bacteroidaceae; g__Bacteroides
aaf27cd726be7cd29407e36b322241fa	d__Bacteria; p__Bacteroidota; c__Bacteroidia; o__Bacteroidales; f__Bacteroidaceae; g__Bacteroides
28541d82e613e33342c726d3a1c35df3	d__Bacteria; p__Bacteroidota; c__Bacteroidia; o__Bacteroidales; f__Bacteroidaceae; g__Bacteroides
1c458122b0a79a26e27225676cea8244	d__Bacteria; p__Bacteroidota; c__Bacteroidia; o__Bacteroidales; f__Bacteroidaceae; g__Bacteroides
8c08b416a81b6e198d19e6aad7fb889f	d__Bacteria; p__Bacteroidota; c__Bacteroidia; o__Bacteroidales; f__Bacteroidaceae; g__Bacteroides
81c426f948209dc05e47402d5a298f62	d__Bacteria; p__Bacteroidota; c__Bacteroidia; o__Bacteroidales; f__Bacteroidaceae; g__Bacteroides
58cf63b04422b23e9b2df97953862435	d__Bacteria; p__Bacteroidota; c__Bacteroidia; o__Bacteroidales; f__Bacteroidaceae; g__Bacteroides
b6e6fc19da0fb24eba663b5f6f4eea0f	d__Bacteria; p__Bacteroidota; c__Bacteroidia; o__Bacteroidales; f__Bacteroidaceae; g__Bacteroides
b1ff9aeb217aa68c571f7dea2104bcef	d__Bacteria; p__Bacteroidota; c__Bacteroidia; o__Bacteroidales; f__Bacteroidaceae; g__Bacteroides
d5bda7af3e71d184fba62e9324af5e05	d__Bacteria; p__Bacteroidota; c__Bacteroidia; o__Bacteroidales; f__Bacteroidaceae; g__Bacteroides
e2e1116fc1b2f2000e00a174facc9c3d	d__Bacteria; p__Bacteroidota; c__Bacteroidia; o__Bacteroidales; f__Bacteroidaceae; g__Bacteroides
8761e6c0742c05f690588540ef3bbb9b	d__Bacteria; p__Bacteroidota; c__Bacteroidia; o__Bacteroidales; f__Bacteroidaceae; g__Bacteroides
f16141745b5a037414b6f906d60ec071	d__Bacteria; p__Bacteroidota; c__Bacteroidia; o__Bacteroidales; f__Bacteroidaceae; g__Bacteroides
28d9283d9836b4d8e530fb1fde1a9b69	d__Bacteria; p__Bacteroidota; c__Bacteroidia; o__Bacteroidales; f__Bacteroidaceae; g__Bacteroides
b84d9d2edfc36628f6dae0756145d30f	d__Bacteria; p__Bacteroidota; c__Bacteroidia; o__Bacteroidales; f__Bacteroidaceae; g__Bacteroides
e99583a5dcf3853cb4693f7c269145c5	d__Bacteria; p__Bacteroidota; c__Bacteroidia; o__Bacteroidales; f__Bacteroidaceae; g__Bacteroides
99a3bdba590bae8cbfe21a744e18182b	d__Bacteria; p__Bacteroidota; c__Bacteroidia; o__Bacteroidales; f__Bacteroidaceae; g__Bacteroides
3357739829df6e43b785a5e0f3ac67a9	d__Bacteria; p__Bacteroidota; c__Bacteroidia; o__Bacteroidales; f__Bacteroidaceae; g__Bacteroides
e01685da15c990f12b3971f4884effe8	d__Bacteria; p__Bacteroidota; c__Bacteroidia; o__Bacteroidales; f__Bacteroidaceae; g__Bacteroides
dcba52a1786aea763c375f13118e0c2a	d__Bacteria; p__Bacteroidota; c__Bacteroidia; o__Bacteroidales; f__Bacteroidaceae; g__Bacteroides
f07de542e43b95cdee72f38afadd55b1	d__Bacteria; p__Bacteroidota; c__Bacteroidia; o__Bacteroidales; f__Bacteroidaceae; g__Bacteroides
458952d952db4ac1a91a45805cdd92ed	d__Bacteria; p__Bacteroidota; c__Bacteroidia; o__Bacteroidales; f__Bacteroidaceae; g__Bacteroides
500b2958e0e0baa9b54b6e65cc40945b	d__Bacteria; p__Bacteroidota; c__Bacteroidia; o__Bacteroidales; f__Bacteroidaceae; g__Bacteroides
1d51df7fe5984226cd9cdb9fc1f3ef7c	d__Bacteria; p__Bacteroidota; c__Bacteroidia; o__Bacteroidales; f__Bacteroidaceae; g__Bacteroides
bac99de849e4e6d8fc8949cdb32f4135	d__Bacteria; p__Bacteroidota; c__Bacteroidia; o__Bacteroidales; f__Bacteroidaceae; g__Bacteroides
ae7d3e35de5483896ab1bc6e357dc5fa	d__Bacteria; p__Bacteroidota; c__Bacteroidia; o__Bacteroidales; f__Bacteroidaceae; g__Bacteroides
70bb45d1cb0421a8bbefa5b4f39da72f	d__Bacteria; p__Bacteroidota; c__Bacteroidia; o__Bacteroidales; f__Bacteroidaceae; g__Bacteroides
51f7c5ba46290366d3047822091ac7e2	d__Bacteria; p__Bacteroidota; c__Bacteroidia; o__Bacteroidales; f__Bacteroidaceae; g__Bacteroides
bbbcfed0470270beb58a06c397dae744	d__Bacteria; p__Bacteroidota; c__Bacteroidia; o__Bacteroidales; f__Bacteroidaceae; g__Bacteroides
9cffecca7051cca3a6b0412fd599c2b3	d__Bacteria; p__Bacteroidota; c__Bacteroidia; o__Bacteroidales; f__Bacteroidaceae; g__Bacteroides
c41785791a40e5cd3f1f275a8832546d	d__Bacteria; p__Bacteroidota; c__Bacteroidia; o__Bacteroidales; f__Bacteroidaceae; g__Bacteroides
d40c75b813d5e1cc50f2b2e9217601eb	d__Bacteria; p__Bacteroidota; c__Bacteroidia; o__Bacteroidales; f__Bacteroidaceae; g__Bacteroides
0809d20cc6cef4964f1401b9e6d25627	d__Bacteria; p__Bacteroidota; c__Bacteroidia; o__Bacteroidales; f__Bacteroidaceae; g__Bacteroides
9c9b53061abfb13e9aa332de24a69135	d__Bacteria; p__Bacteroidota; c__Bacteroidia; o__Bacteroidales; f__Bacteroidaceae; g__Bacteroides
e75032d2c37168be8eb5bfe390ce85e2	d__Bacteria; p__Bacteroidota; c__Bacteroidia; o__Bacteroidales; f__Bacteroidaceae; g__Bacteroides
252a390697b861cfc63ccab8f5cfe2dd	d__Bacteria; p__Bacteroidota; c__Bacteroidia; o__Bacteroidales; f__Bacteroidaceae; g__Bacteroides
76a67b788e08a8df58846d6caeadda9f	d__Bacteria; p__Bacteroidota; c__Bacteroidia; o__Bacteroidales; f__Bacteroidaceae; g__Bacteroides
db9fbcf1f3d1eb620e662bfad046db26	d__Bacteria; p__Bacteroidota; c__Bacteroidia; o__Bacteroidales; f__Bacteroidaceae; g__Bacteroides
d7f72f0ba15f08eb891febaca4414a03	d__Bacteria; p__Bacteroidota; c__Bacteroidia; o__Bacteroidales; f__Bacteroidaceae; g__Bacteroides
4361999d5f1cb5e14302860ff664b1d8	d__Bacteria; p__Bacteroidota; c__Bacteroidia; o__Bacteroidales; f__Bacteroidaceae; g__Bacteroides
98529a323346182fefdb1389014f6fdc	d__Bacteria; p__Bacteroidota; c__Bacteroidia; o__Bacteroidales; f__Bacteroidaceae; g__Bacteroides
5e7cb1b551c6ef2dc5fc5abae8c62390	d__Bacteria; p__Bacteroidota; c__Bacteroidia; o__Bacteroidales; f__Bacteroidaceae; g__Bacteroides
fd6f139b208acb1a164451a42cdf7df2	d__Bacteria; p__Bacteroidota; c__Bacteroidia; o__Bacteroidales; f__Bacteroidaceae; g__Bacteroides; s__Bacteroides_finegoldii
527fac46bf2266ae2e16343865d50b16	d__Bacteria; p__Bacteroidota; c__Bacteroidia; o__Bacteroidales; f__Bacteroidaceae; g__Bacteroides; s__Bacteroides_finegoldii
821742ac2db1677f667919f3f220fe12	d__Bacteria; p__Bacteroidota; c__Bacteroidia; o__Bacteroidales; f__Bacteroidaceae; g__Bacteroides
e5b100f866dc457eae71332d99353e86	d__Bacteria; p__Bacteroidota; c__Bacteroidia; o__Bacteroidales; f__Bacteroidaceae; g__Bacteroides
4746b12c96d3d0ee02faec31f5b843ac	d__Bacteria; p__Bacteroidota; c__Bacteroidia; o__Bacteroidales; f__Bacteroidaceae; g__Bacteroides; s__Bacteroides_eggerthii
00bd71598ffe9fe1c61fe18d9e69b50a	d__Bacteria; p__Bacteroidota; c__Bacteroidia; o__Bacteroidales; f__Bacteroidaceae; g__Bacteroides; s__Bacteroides_eggerthii
02b850f23d2a751746574dbd33ff83ec	d__Bacteria; p__Bacteroidota; c__Bacteroidia; o__Bacteroidales; f__Bacteroidaceae; g__Bacteroides
1c0512ec22ba60d1e825f17f8b87ce0f	d__Bacteria; p__Bacteroidota; c__Bacteroidia; o__Bacteroidales; f__Bacteroidaceae; g__Bacteroides
130910eb6d86ad455e7333d44410dfea	d__Bacteria; p__Bacteroidota; c__Bacteroidia; o__Bacteroidales; f__Bacteroidaceae; g__Bacteroides
4d46aa2629c6efbef5b9a309db633447	d__Bacteria; p__Bacteroidota; c__Bacteroidia; o__Bacteroidales; f__Bacteroidaceae; g__Bacteroides
514e0f0b858e7410ef14c274ce45122b	d__Bacteria; p__Bacteroidota; c__Bacteroidia; o__Bacteroidales; f__Bacteroidaceae; g__Bacteroides
56e2bdb80e95de5852abccfaa10c6235	d__Bacteria; p__Bacteroidota; c__Bacteroidia; o__Bacteroidales; f__Bacteroidaceae; g__Bacteroides
1b5f568aebd812d7e07e503d89941892	d__Bacteria; p__Bacteroidota; c__Bacteroidia; o__Bacteroidales; f__Bacteroidaceae; g__Bacteroides
ea77686687e9dc63e1b444fee896688e	d__Bacteria; p__Bacteroidota; c__Bacteroidia; o__Bacteroidales; f__Bacteroidaceae; g__Bacteroides
6a9c99455e712ad9f52592a3178e68b3	d__Bacteria; p__Bacteroidota; c__Bacteroidia; o__Bacteroidales
9a9766fa4b76d005fe80c8c35efe6c87	d__Bacteria; p__Bacteroidota; c__Bacteroidia; o__Bacteroidales; f__Bacteroidaceae; g__Bacteroides
d644dcf06c470faa9234152056de385b	d__Bacteria; p__Bacteroidota; c__Bacteroidia; o__Bacteroidales; f__Bacteroidaceae; g__Bacteroides
beba01e24bd2e191d4866ecc72bddf5f	d__Bacteria; p__Bacteroidota; c__Bacteroidia; o__Bacteroidales; f__Bacteroidaceae; g__Bacteroides
ab7b7060964e890764dce6662b895c73	d__Bacteria; p__Bacteroidota; c__Bacteroidia; o__Bacteroidales; f__Bacteroidaceae; g__Bacteroides
a12da38d7085d1e4d47e0f78f99d02c5	d__Bacteria; p__Bacteroidota; c__Bacteroidia; o__Bacteroidales; f__Bacteroidaceae; g__Bacteroides; s__Bacteroides_clarus
366a756f7a295b31773ebe0e554c6cdd	d__Bacteria; p__Bacteroidota; c__Bacteroidia; o__Bacteroidales; f__Bacteroidaceae; g__Bacteroides
44606a79a22ad418d0d89b0199c865db	d__Bacteria; p__Bacteroidota; c__Bacteroidia; o__Bacteroidales; f__Bacteroidaceae; g__Bacteroides
3c956f060ee08bc7d54b6ce5555ed9a2	d__Bacteria; p__Bacteroidota; c__Bacteroidia; o__Bacteroidales; f__Bacteroidaceae; g__Bacteroides
f2ab890644a5aca823971058e0643cdd	d__Bacteria; p__Bacteroidota; c__Bacteroidia; o__Bacteroidales; f__Bacteroidaceae; g__Bacteroides
1be6c2fd8b4c79c475cd0a8fad7f9bed	d__Bacteria; p__Bacteroidota; c__Bacteroidia; o__Bacteroidales; f__Bacteroidaceae; g__Bacteroides
973dc8a1f7f9a34b9e04a3e13b6feba1	d__Bacteria; p__Bacteroidota; c__Bacteroidia; o__Bacteroidales; f__Bacteroidaceae; g__Bacteroides
80fc2d96bc12a8c50b4ebaa54cc66591	d__Bacteria; p__Bacteroidota; c__Bacteroidia; o__Bacteroidales; f__Bacteroidaceae; g__Bacteroides; s__Bacteroides_clarus
236d4c95a066c8caf5e0c6585b636841	d__Bacteria; p__Bacteroidota; c__Bacteroidia; o__Bacteroidales; f__Bacteroidaceae; g__Bacteroides
3a669025e70f918e1afa85f3cc067bf3	d__Bacteria; p__Bacteroidota; c__Bacteroidia; o__Bacteroidales; f__Bacteroidaceae; g__Bacteroides
40dc0fba31891c6ed7c5ff5dff064ab6	d__Bacteria; p__Bacteroidota; c__Bacteroidia; o__Bacteroidales; f__Bacteroidaceae; g__Bacteroides
fa946c67793dc54532ad50a33eccfb0f	d__Bacteria; p__Bacteroidota; c__Bacteroidia; o__Bacteroidales; f__Bacteroidaceae; g__Bacteroides
2860aac766ec2663fe9e994a67eeb591	d__Bacteria; p__Bacteroidota; c__Bacteroidia; o__Bacteroidales; f__Bacteroidaceae; g__Bacteroides
a9eb82a5421532d90c82b863f011f613	d__Bacteria; p__Bacteroidota; c__Bacteroidia; o__Bacteroidales; f__Bacteroidaceae; g__Bacteroides
ed6f3718006669ebc15bb40bdc105321	d__Bacteria; p__Bacteroidota; c__Bacteroidia; o__Bacteroidales; f__Bacteroidaceae; g__Bacteroides
85e67f7247b9ff45aa2dda2db03ed6b7	d__Bacteria; p__Bacteroidota; c__Bacteroidia; o__Bacteroidales; f__Bacteroidaceae; g__Bacteroides
b2179cb52d8d18fef2071d851a2dfa43	d__Bacteria; p__Bacteroidota; c__Bacteroidia; o__Bacteroidales; f__Bacteroidaceae; g__Bacteroides
b60973de602542c4d3540197e6391a56	d__Bacteria; p__Bacteroidota; c__Bacteroidia; o__Bacteroidales; f__Bacteroidaceae; g__Bacteroides
1b5e82b1ee8b5ee3b67417ce371f4a6a	d__Bacteria; p__Bacteroidota; c__Bacteroidia; o__Bacteroidales; f__Bacteroidaceae; g__Bacteroides
e6dd624c80a57781ec5ffc7a7a95799b	d__Bacteria; p__Bacteroidota; c__Bacteroidia; o__Bacteroidales; f__Bacteroidaceae; g__Bacteroides
b5e8e5009a4298fd288596df1e206621	d__Bacteria; p__Bacteroidota; c__Bacteroidia; o__Bacteroidales; f__Bacteroidaceae; g__Bacteroides
7d0a9e99f9454d0fdb5b81fab856ad62	d__Bacteria; p__Bacteroidota; c__Bacteroidia; o__Bacteroidales; f__Bacteroidaceae; g__Bacteroides
02f42ace816792321e44e036ec5ae865	d__Bacteria; p__Bacteroidota; c__Bacteroidia; o__Bacteroidales; f__Bacteroidaceae; g__Bacteroides
2da77764b691668410bc6b3715abcdd3	d__Bacteria; p__Bacteroidota; c__Bacteroidia; o__Bacteroidales; f__Bacteroidaceae; g__Bacteroides
e7f7d11d469629b5b7633bfdd79c2399	d__Bacteria; p__Bacteroidota; c__Bacteroidia; o__Bacteroidales; f__Bacteroidaceae; g__Bacteroides
d7ba87bf83975a55743bf5d7ce470f7a	d__Bacteria; p__Bacteroidota; c__Bacteroidia; o__Bacteroidales; f__Bacteroidaceae; g__Bacteroides
f21086d01940df143b1d3fadfc368956	d__Bacteria; p__Bacteroidota; c__Bacteroidia; o__Bacteroidales; f__Bacteroidaceae; g__Bacteroides; s__Bacteroides_intestinalis
250bfa7a9c3fb492575ee88bf16ec5be	d__Bacteria; p__Bacteroidota; c__Bacteroidia; o__Bacteroidales; f__Bacteroidaceae; g__Bacteroides
84334d49dbe79bce8f5e2b9ad965d536	d__Bacteria; p__Bacteroidota; c__Bacteroidia; o__Bacteroidales; f__Bacteroidaceae; g__Bacteroides
780ba48035990aa4432f65bed5746422	d__Bacteria; p__Bacteroidota; c__Bacteroidia; o__Bacteroidales; f__Bacteroidaceae; g__Bacteroides
6a7d54a101668c53a67243e51765f5a2	d__Bacteria; p__Bacteroidota; c__Bacteroidia; o__Bacteroidales; f__Bacteroidaceae; g__Bacteroides
0258829c47c74103820621850ba67ec5	d__Bacteria; p__Bacteroidota; c__Bacteroidia; o__Bacteroidales; f__Bacteroidaceae; g__Bacteroides
c01f51167a39e1cd541e5e34c44198b7	d__Bacteria; p__Bacteroidota; c__Bacteroidia; o__Bacteroidales; f__Bacteroidaceae; g__Bacteroides
eabba08cc3ebe55e0e7bbfe6fd40ae27	d__Bacteria; p__Bacteroidota; c__Bacteroidia; o__Bacteroidales; f__Bacteroidaceae; g__Bacteroides
4090675f7d7afa36bd13a4cbddec13a7	d__Bacteria; p__Bacteroidota; c__Bacteroidia; o__Bacteroidales; f__Bacteroidaceae; g__Bacteroides
d345cc14bedb604a680cced83be3a10a	d__Bacteria; p__Bacteroidota; c__Bacteroidia; o__Bacteroidales; f__Bacteroidaceae; g__Bacteroides
347ebdd900e67987a09f72f8a65d6931	d__Bacteria; p__Bacteroidota; c__Bacteroidia; o__Bacteroidales; f__Bacteroidaceae; g__Bacteroides
31496766e2c9ae7f786b3b41e4318ea0	d__Bacteria; p__Bacteroidota; c__Bacteroidia; o__Bacteroidales; f__Bacteroidaceae; g__Bacteroides
e84b21d7f845fe5134f5be7f18bfe51a	d__Bacteria; p__Bacteroidota; c__Bacteroidia; o__Bacteroidales; f__Bacteroidaceae; g__Bacteroides
7e79eee93e8ee1a807e5a80e34baaa5a	d__Bacteria; p__Bacteroidota; c__Bacteroidia; o__Bacteroidales; f__Bacteroidaceae; g__Bacteroides
96b5431cab0685de17c5d59bf7611f9d	d__Bacteria; p__Bacteroidota; c__Bacteroidia; o__Bacteroidales; f__Bacteroidaceae; g__Bacteroides
f1037ada08947cd7ad5a76b6f90186f8	d__Bacteria; p__Bacteroidota; c__Bacteroidia; o__Bacteroidales; f__Bacteroidaceae; g__Bacteroides; s__Bacteroides_faecis
220457be9042a714438a6f45d083e69d	d__Bacteria; p__Bacteroidota; c__Bacteroidia; o__Bacteroidales; f__Bacteroidaceae; g__Bacteroides; s__Bacteroides_faecis
c354635e153750518eb59cf2a1c5337d	d__Bacteria; p__Bacteroidota; c__Bacteroidia; o__Bacteroidales; f__Bacteroidaceae; g__Bacteroides; s__Bacteroides_faecis
a48cab14cf23d95b10d84d4fa93ae698	d__Bacteria; p__Bacteroidota; c__Bacteroidia; o__Bacteroidales; f__Bacteroidaceae; g__Bacteroides
6d050af0afebe95fbc274ff956954997	d__Bacteria; p__Bacteroidota; c__Bacteroidia; o__Bacteroidales; f__Bacteroidaceae; g__Bacteroides
d6d87367844c235dcd89f4fbb3fc8175	d__Bacteria; p__Bacteroidota; c__Bacteroidia; o__Bacteroidales; f__Bacteroidaceae; g__Bacteroides
0dded32247122455261d4cd5c93df3d9	d__Bacteria; p__Bacteroidota; c__Bacteroidia; o__Bacteroidales; f__Bacteroidaceae; g__Bacteroides
f7c125f535625f77db7d1f8062badba7	d__Bacteria; p__Bacteroidota; c__Bacteroidia; o__Bacteroidales; f__Bacteroidaceae; g__Bacteroides
fa39bb617a31f0668ebe7a9c843e6f80	d__Bacteria; p__Bacteroidota; c__Bacteroidia; o__Bacteroidales; f__Bacteroidaceae; g__Bacteroides; s__Bacteroides_clarus
8ac2cffc99f48a8761ac65227c4871ba	d__Bacteria; p__Bacteroidota; c__Bacteroidia; o__Bacteroidales; f__Bacteroidaceae; g__Bacteroides
bb88baf42eb0664825abc5e120e5be31	d__Bacteria; p__Bacteroidota; c__Bacteroidia; o__Bacteroidales; f__Bacteroidaceae; g__Bacteroides
f6181412d62bb56e25d21693396fb45c	d__Bacteria; p__Bacteroidota; c__Bacteroidia; o__Bacteroidales; f__Bacteroidaceae; g__Bacteroides
fee4a388c2265c460e9a965dd39124aa	d__Bacteria; p__Bacteroidota; c__Bacteroidia; o__Bacteroidales; f__Bacteroidaceae; g__Bacteroides
81ea5e28eac8abcf4909abb97d3eb1d2	d__Bacteria; p__Bacteroidota; c__Bacteroidia; o__Bacteroidales; f__Bacteroidaceae; g__Bacteroides
792d5f2debfb7f79571b09428f428441	d__Bacteria; p__Bacteroidota; c__Bacteroidia; o__Bacteroidales; f__Bacteroidaceae; g__Bacteroides
1bd9a4ac43c772321af9a804f591b756	d__Bacteria; p__Bacteroidota; c__Bacteroidia; o__Bacteroidales; f__Bacteroidaceae; g__Bacteroides
f12e807671901996ca01908946ce6427	d__Bacteria; p__Firmicutes; c__Clostridia; o__Oscillospirales; f__Oscillospiraceae; g__UCG-002; s__uncultured_bacterium
f1fe5cef01bc31d48be924c7678fc84f	d__Bacteria; p__Bacteroidota; c__Bacteroidia; o__Bacteroidales
25de9dbe6f2083f7d2bd431de7e85a55	d__Bacteria; p__Bacteroidota; c__Bacteroidia; o__Bacteroidales
19ed825a3e05f6e20867956de7aaeb85	d__Bacteria
16b9b161024496764ea72cc2239ca652	d__Bacteria; p__Bacteroidota; c__Bacteroidia; o__Bacteroidales; f__Bacteroidaceae; g__Bacteroides; s__Bacteroides_eggerthii
971ab6fdf85e6c81845d9976b935c9fb	d__Bacteria; p__Bacteroidota; c__Bacteroidia; o__Bacteroidales; f__Prevotellaceae; g__Prevotella; s__uncultured_bacterium
74569d312f4b113b273e61ae9c33e6ff	d__Bacteria; p__Bacteroidota; c__Bacteroidia; o__Bacteroidales; f__Bacteroidaceae; g__Bacteroides
a26aa443028f676c935f5d38e1862751	d__Bacteria; p__Bacteroidota; c__Bacteroidia; o__Bacteroidales; f__Prevotellaceae; g__Prevotella; s__uncultured_bacterium
4ad9661a35f805d2e95fb2fa09d746ae	d__Bacteria; p__Bacteroidota; c__Bacteroidia; o__Bacteroidales; f__Prevotellaceae; g__Prevotella
d136c9acc73449d0d1bf6efc1d4f5c6e	d__Bacteria; p__Bacteroidota; c__Bacteroidia; o__Bacteroidales; f__Prevotellaceae; g__Prevotella; s__uncultured_bacterium
43fc58684cf2ba1d8e09756aba457baa	d__Bacteria; p__Bacteroidota; c__Bacteroidia; o__Bacteroidales; f__Prevotellaceae; g__Prevotella; s__metagenome
61a22886714edaed59e3acf16022dfb9	d__Bacteria; p__Bacteroidota; c__Bacteroidia; o__Bacteroidales; f__Prevotellaceae; g__Prevotella
4c1a03cbe559bc34823d972f88da019d	d__Bacteria; p__Bacteroidota; c__Bacteroidia; o__Bacteroidales; f__Prevotellaceae; g__Prevotella
0f6dd9c5ad57b55e9d6d7ebc28903255	d__Bacteria; p__Bacteroidota; c__Bacteroidia; o__Bacteroidales; f__Prevotellaceae; g__Prevotella; s__uncultured_bacterium
a5c437cf1b6dbd3591d8896e8ab4de8d	d__Bacteria; p__Bacteroidota; c__Bacteroidia; o__Bacteroidales; f__Prevotellaceae; g__Prevotella; s__uncultured_bacterium
baff0ea3aaf10a61e695830811d4ccc1	d__Bacteria; p__Bacteroidota; c__Bacteroidia; o__Bacteroidales; f__Prevotellaceae; g__Prevotella; s__uncultured_bacterium
fe3f46f91937ddffe285feeba773ba8f	d__Bacteria
547e103532fa074eb1a2f60b2a8a4d70	d__Bacteria; p__Bacteroidota; c__Bacteroidia; o__Bacteroidales; f__Prevotellaceae; g__Prevotella; s__uncultured_bacterium
fde7f20bd9b65b954382ff478e2979d6	d__Bacteria; p__Bacteroidota; c__Bacteroidia; o__Bacteroidales; f__Prevotellaceae; g__Prevotella; s__uncultured_bacterium
e57551666ef5f79c877918c8ac0aa6e9	d__Bacteria; p__Bacteroidota; c__Bacteroidia; o__Bacteroidales; f__Prevotellaceae; g__Prevotella
992e5227a8ed0ed2b7a2db24ed787a34	d__Bacteria; p__Bacteroidota; c__Bacteroidia; o__Bacteroidales; f__Prevotellaceae; g__Prevotella
ab798fe47b58e9c9b6a31510ef598dfd	d__Bacteria; p__Bacteroidota; c__Bacteroidia; o__Bacteroidales; f__Prevotellaceae; g__Prevotella
fe94430614a982f753a7c284e3d07969	d__Bacteria; p__Bacteroidota; c__Bacteroidia; o__Bacteroidales; f__Prevotellaceae; g__Prevotella
1a01561d6d9c433098bcbc2040150761	d__Bacteria; p__Bacteroidota; c__Bacteroidia; o__Bacteroidales; f__Prevotellaceae; g__Prevotella
8c25db3d7ae45dcb3b6432d4c82901db	d__Bacteria; p__Bacteroidota; c__Bacteroidia; o__Bacteroidales; f__Prevotellaceae; g__Prevotella
f81e0aca6fd506278f917d2f5ce22f54	d__Bacteria; p__Bacteroidota; c__Bacteroidia; o__Bacteroidales; f__Prevotellaceae; g__Prevotella; s__uncultured_bacterium
ccc00b49dacbd4c3d9cf34f7576bf854	d__Bacteria; p__Bacteroidota; c__Bacteroidia; o__Bacteroidales; f__Prevotellaceae; g__Prevotella; s__uncultured_bacterium
ce21d0bac7bafa8344be4116c146bedc	d__Bacteria; p__Bacteroidota; c__Bacteroidia; o__Bacteroidales
43f7948ea90a6580b745202c224bb895	d__Bacteria; p__Bacteroidota; c__Bacteroidia; o__Bacteroidales; f__Prevotellaceae; g__Prevotella
327ab6d6460ab975d2714e1ed4c06e23	d__Bacteria; p__Bacteroidota; c__Bacteroidia; o__Bacteroidales; f__Prevotellaceae; g__Prevotella
bef5d26e12010c65451ab1d756d46e90	d__Bacteria; p__Bacteroidota; c__Bacteroidia; o__Bacteroidales; f__Prevotellaceae; g__Prevotella; s__uncultured_bacterium
3d895015f490a56b11b52b61679b8053	d__Bacteria; p__Bacteroidota; c__Bacteroidia; o__Bacteroidales; f__Prevotellaceae; g__Prevotella; s__Prevotella_stercorea
59386b60acebc2f790aebdd78fd133d1	d__Bacteria; p__Bacteroidota; c__Bacteroidia; o__Bacteroidales; f__Prevotellaceae; g__Prevotella
32d4bd7e0cdd305f7356595aeaaeab43	d__Bacteria; p__Bacteroidota; c__Bacteroidia; o__Bacteroidales; f__Prevotellaceae; g__Prevotella; s__Prevotella_stercorea
ce191dd8693eccfc142e1040613f3a37	d__Bacteria; p__Bacteroidota; c__Bacteroidia; o__Bacteroidales; f__Prevotellaceae
e013bce8c1bc10c841971a087826bb3c	d__Bacteria; p__Bacteroidota; c__Bacteroidia; o__Bacteroidales; f__Prevotellaceae; g__Prevotella
d6b8bda39d6161f7f24058ab35e40d48	d__Bacteria; p__Bacteroidota; c__Bacteroidia; o__Bacteroidales; f__Prevotellaceae; g__Prevotella
4ab2d9a5c924359e8c8df40f5fcccd04	d__Bacteria; p__Bacteroidota; c__Bacteroidia; o__Bacteroidales; f__Prevotellaceae; g__Prevotella
e2cbffb9e9249e6c59fdb8394e575a4e	d__Bacteria; p__Bacteroidota; c__Bacteroidia; o__Bacteroidales; f__Prevotellaceae; g__Prevotella
a5599754bc6aef36bc98b0003b513e1b	d__Bacteria; p__Bacteroidota; c__Bacteroidia; o__Bacteroidales; f__Prevotellaceae; g__Prevotella; s__uncultured_bacterium
635ccc1dca0bf9acd56aefd9343c23ea	d__Bacteria; p__Bacteroidota; c__Bacteroidia; o__Bacteroidales; f__Prevotellaceae; g__Prevotella
294e28059aa41793b0b30d5f22886d63	d__Bacteria; p__Bacteroidota; c__Bacteroidia; o__Bacteroidales; f__Prevotellaceae; g__Prevotella
41d547039123c05ec52cf3eecf6e8144	d__Bacteria; p__Bacteroidota; c__Bacteroidia; o__Bacteroidales; f__Prevotellaceae; g__Prevotella
284319d1a3fc1e0ea729c95764bd30bb	d__Bacteria; p__Bacteroidota; c__Bacteroidia; o__Bacteroidales; f__Prevotellaceae; g__Prevotella
fa9f7349ea22885a264a7114faeca91f	d__Bacteria; p__Bacteroidota; c__Bacteroidia; o__Bacteroidales; f__Prevotellaceae; g__Prevotella
d0d3fd4c07aa44da5a229f7aabf111de	d__Bacteria; p__Bacteroidota; c__Bacteroidia; o__Bacteroidales; f__Prevotellaceae; g__Prevotella
98d8d323cde25a68033d7977cba85dd1	d__Bacteria; p__Bacteroidota; c__Bacteroidia; o__Bacteroidales; f__Prevotellaceae; g__Prevotella; s__uncultured_bacterium
5e1b020712082749ac7503cd4fd701bd	d__Bacteria; p__Bacteroidota; c__Bacteroidia; o__Bacteroidales; f__Prevotellaceae; g__Prevotella; s__uncultured_bacterium
4eafa558f3b01476e0f2415b8bcbff11	d__Bacteria; p__Bacteroidota; c__Bacteroidia; o__Bacteroidales; f__Prevotellaceae; g__Prevotella
2e9d51f4a2f06bde9e659bfe47303c26	d__Bacteria; p__Bacteroidota; c__Bacteroidia; o__Bacteroidales; f__Prevotellaceae; g__Prevotella
bda6febf248b42d48ccdd3444438b81d	d__Bacteria; p__Bacteroidota; c__Bacteroidia; o__Bacteroidales; f__Prevotellaceae; g__Prevotella
4b06cf213d83e67a44666c7a1b15e1c2	d__Bacteria; p__Bacteroidota; c__Bacteroidia; o__Bacteroidales; f__Prevotellaceae; g__Prevotella; s__uncultured_bacterium
939e5c7c1c105e418c01e5934ac6a371	d__Bacteria; p__Bacteroidota; c__Bacteroidia; o__Bacteroidales; f__Prevotellaceae; g__Prevotella; s__Prevotella_copri
aab9573fb58d000bb71bcfa6bb5d063d	d__Bacteria; p__Bacteroidota; c__Bacteroidia; o__Bacteroidales; f__Prevotellaceae; g__Prevotella
6964ca9b4fe1d5f605402afc61dadfea	d__Bacteria; p__Bacteroidota; c__Bacteroidia; o__Bacteroidales; f__Prevotellaceae; g__Prevotella
01354c3b1a9ddaa8cd6f8764cda429bf	d__Bacteria; p__Bacteroidota; c__Bacteroidia; o__Bacteroidales; f__Prevotellaceae; g__Prevotella; s__Prevotella_stercorea
32c53ed60ac7e0ac648249724528031e	d__Bacteria; p__Bacteroidota; c__Bacteroidia; o__Bacteroidales; f__Prevotellaceae; g__Prevotella
3c4cfef9daac4d0ba848ea25826b2e83	d__Bacteria; p__Bacteroidota; c__Bacteroidia; o__Bacteroidales; f__Prevotellaceae; g__Prevotella; s__Prevotella_stercorea
1748c93247b85d6200009c4760eb0534	d__Bacteria; p__Bacteroidota; c__Bacteroidia; o__Bacteroidales; f__Prevotellaceae; g__Prevotella; s__Prevotella_stercorea
54946e13a04714acad2b42fca190f7ac	d__Bacteria; p__Bacteroidota; c__Bacteroidia; o__Bacteroidales; f__Prevotellaceae
a6f3888d8daade7ff64c89162d616f1c	d__Bacteria; p__Bacteroidota; c__Bacteroidia; o__Bacteroidales; f__Prevotellaceae; g__Prevotella; s__Massiliprevotella_massiliensis
c53dcc94d074185b936f9e340606d400	d__Bacteria; p__Bacteroidota; c__Bacteroidia; o__Bacteroidales; f__Prevotellaceae; g__Prevotella; s__Massiliprevotella_massiliensis
7fd9f6c1e65d53715b93462ea0f1d139	d__Bacteria; p__Bacteroidota; c__Bacteroidia; o__Bacteroidales; f__Prevotellaceae; g__Prevotella; s__Massiliprevotella_massiliensis
8450c5dbebcb3cf05f0b2e265d033125	d__Bacteria; p__Bacteroidota; c__Bacteroidia; o__Bacteroidales; f__Prevotellaceae; g__Prevotella
78efa44fb480141230d1110df54b626d	d__Bacteria; p__Bacteroidota; c__Bacteroidia; o__Bacteroidales; f__Prevotellaceae; g__Prevotella; s__Massiliprevotella_massiliensis
d41373f0a203f541e4132014cf655158	d__Bacteria; p__Bacteroidota; c__Bacteroidia; o__Bacteroidales; f__Prevotellaceae; g__Prevotella; s__Massiliprevotella_massiliensis
8cfd669cc3febf17a05500e92d1e2c63	d__Bacteria; p__Bacteroidota; c__Bacteroidia; o__Bacteroidales; f__Prevotellaceae; g__Prevotella; s__Massiliprevotella_massiliensis
ef9cc7355e61da5b26e2369d3b431072	d__Bacteria; p__Bacteroidota; c__Bacteroidia; o__Bacteroidales; f__Prevotellaceae; g__Prevotella; s__Massiliprevotella_massiliensis
f21b282a3081058d60c4b482e776b56d	d__Bacteria; p__Bacteroidota; c__Bacteroidia; o__Bacteroidales; f__Prevotellaceae; g__Prevotella; s__Prevotella_disiens
306d22644bfed99f95071a60e36733af	d__Bacteria; p__Bacteroidota; c__Bacteroidia; o__Bacteroidales; f__Bacteroidaceae; g__Bacteroides
17c107874d80b1a7b19dc4c3b390f5e4	d__Bacteria; p__Bacteroidota; c__Bacteroidia; o__Bacteroidales; f__Prevotellaceae; g__Prevotella
1e7496d7dd999c764398ca9e4b66cf03	d__Bacteria; p__Bacteroidota; c__Bacteroidia; o__Bacteroidales; f__Bacteroidaceae; g__Bacteroides
c62549675ed97b39966450ad6e569165	d__Bacteria; p__Bacteroidota; c__Bacteroidia; o__Bacteroidales; f__Tannerellaceae; g__Parabacteroides
6d4f44d687f01dc2da59978a48b43ca2	d__Bacteria; p__Bacteroidota; c__Bacteroidia; o__Bacteroidales; f__Muribaculaceae; g__Muribaculaceae; s__uncultured_bacterium
842ea040cd4a33327cd9dac09c008567	d__Bacteria; p__Bacteroidota; c__Bacteroidia; o__Bacteroidales; f__Muribaculaceae; g__Muribaculaceae; s__uncultured_bacterium
b2c65b14cea4117511111cbba57cfb98	d__Bacteria; p__Bacteroidota; c__Bacteroidia; o__Bacteroidales
1c585d69ec3bbe8bd73301f0257d753c	d__Bacteria
1ef836f72f8d6430104dc7e4bf815473	d__Bacteria; p__Bacteroidota; c__Bacteroidia; o__Bacteroidales
a594105c4aa5e4af34f8faf5cfefccc2	d__Bacteria; p__Bacteroidota; c__Bacteroidia; o__Bacteroidales
597d6e8dcc78ee6e964b99dfbdd5d606	d__Bacteria; p__Bacteroidota; c__Bacteroidia; o__Bacteroidales; f__Muribaculaceae; g__Muribaculaceae
2d95730d24537f5bdd310e0757483b1c	d__Bacteria; p__Bacteroidota; c__Bacteroidia; o__Bacteroidales; f__Muribaculaceae; g__Muribaculaceae
0e00aafdefbe2ad0af4e730082a049fe	d__Bacteria; p__Bacteroidota; c__Bacteroidia; o__Bacteroidales; f__Muribaculaceae; g__Muribaculaceae
f1247f42a3670dea67b782313328054d	d__Bacteria; p__Bacteroidota; c__Bacteroidia; o__Bacteroidales; f__Muribaculaceae; g__Muribaculaceae
18244d41daa99d4524e39e19244dcd7b	d__Bacteria; p__Bacteroidota; c__Bacteroidia; o__Bacteroidales
b08b5caa00a6f333f0ceff1bbcde3b08	d__Bacteria
5fb10839ecf5e3437128e5a67997c89e	d__Bacteria; p__Firmicutes; c__Clostridia; o__Oscillospirales; f__Oscillospiraceae; g__UCG-002
a11398428a0c1edfa8a55afc78059987	d__Bacteria; p__Bacteroidota; c__Bacteroidia; o__Bacteroidales; f__Muribaculaceae; g__Muribaculaceae
f06bd497c063e3d6a2b347603ca7eb73	d__Bacteria; p__Bacteroidota; c__Bacteroidia; o__Bacteroidales; f__Muribaculaceae; g__Muribaculaceae
4226542b19049321695b88d917921d72	d__Bacteria; p__Bacteroidota; c__Bacteroidia; o__Bacteroidales
b5af2add962fbd107528ce0402b41e11	d__Bacteria; p__Bacteroidota; c__Bacteroidia; o__Bacteroidales; f__Marinifilaceae; g__Odoribacter; s__uncultured_Odoribacter
146e5cab8072b151fed9a198f2f00141	d__Bacteria; p__Bacteroidota; c__Bacteroidia; o__Bacteroidales; f__Barnesiellaceae; g__Barnesiella
3eca7e19bee40d976f12bb46c966ff23	d__Bacteria; p__Bacteroidota; c__Bacteroidia; o__Bacteroidales; f__Barnesiellaceae; g__Barnesiella
f1922c78bb1bc5b90640154d5b251724	d__Bacteria; p__Bacteroidota; c__Bacteroidia; o__Bacteroidales; f__Marinifilaceae; g__Odoribacter
8960947a8ecd01555c11734061edd236	d__Bacteria; p__Bacteroidota; c__Bacteroidia; o__Bacteroidales; f__Marinifilaceae; g__Odoribacter; s__uncultured_Odoribacter
3a3c0dedba41fb201db1d097b541821f	d__Bacteria; p__Bacteroidota; c__Bacteroidia; o__Bacteroidales; f__Marinifilaceae; g__Odoribacter; s__uncultured_Odoribacter
4d88bd5ea6f8384d0532ec3226824cbc	d__Bacteria; p__Bacteroidota; c__Bacteroidia; o__Bacteroidales; f__Bacteroidaceae; g__Bacteroides
21c03b21777277d1ba8a2d4fcc5de335	d__Bacteria; p__Bacteroidota; c__Bacteroidia; o__Bacteroidales; f__Marinifilaceae; g__Odoribacter
80807af73684e1db23253cd20a325306	d__Bacteria; p__Bacteroidota; c__Bacteroidia; o__Bacteroidales; f__Marinifilaceae; g__Odoribacter; s__uncultured_Odoribacter
07ca605b24693d677de0d89443ae4f5a	d__Bacteria; p__Bacteroidota; c__Bacteroidia; o__Bacteroidales; f__Marinifilaceae; g__Odoribacter; s__uncultured_Odoribacter
501242afad5402f5387b283970e98f18	d__Bacteria; p__Bacteroidota; c__Bacteroidia; o__Bacteroidales; f__Marinifilaceae; g__Odoribacter; s__uncultured_Odoribacter
9eb0df8d0452ff9296d8e686f630cebc	d__Bacteria; p__Bacteroidota; c__Bacteroidia; o__Bacteroidales
883c13d9e18830edc1b4667c57e096ef	d__Bacteria; p__Bacteroidota; c__Bacteroidia; o__Bacteroidales; f__Tannerellaceae; g__Parabacteroides
88a6c25ec337ce4cf21299d7f8974f17	d__Bacteria; p__Bacteroidota; c__Bacteroidia; o__Bacteroidales; f__Barnesiellaceae; g__Coprobacter; s__Coprobacter_fastidiosus
9ca947716b6ae9576dc396e7f5942d1f	d__Bacteria; p__Bacteroidota; c__Bacteroidia; o__Bacteroidales; f__Bacteroidaceae; g__Bacteroides
584f479227126af40baaeca243d5a4c7	d__Bacteria; p__Bacteroidota; c__Bacteroidia; o__Bacteroidales; f__Prevotellaceae; g__Prevotella; s__uncultured_bacterium
5af236119897b9cf7e25a531514e776d	d__Bacteria; p__Bacteroidota; c__Bacteroidia; o__Bacteroidales; f__Bacteroidaceae; g__Bacteroides
1b3d8567325cae3c3f3f1c80ed5f23e4	d__Bacteria; p__Bacteroidota; c__Bacteroidia; o__Bacteroidales; f__Rikenellaceae; g__Alistipes
8875eaa4b8fb052ec1e32dbe0a313721	d__Bacteria; p__Bacteroidota; c__Bacteroidia; o__Bacteroidales; f__Rikenellaceae; g__Alistipes; s__uncultured_bacterium
ab421efb91c1acfde3c8a2a489142c7f	d__Bacteria; p__Bacteroidota; c__Bacteroidia; o__Bacteroidales; f__Bacteroidaceae; g__Bacteroides; s__Bacteroides_plebeius
90846515a0f128b282eaf3b6a0be8781	d__Bacteria; p__Bacteroidota; c__Bacteroidia; o__Bacteroidales; f__Bacteroidaceae; g__Bacteroides; s__Bacteroides_massiliensis
65dfa23a73c8276da45f58ec3875c0b8	d__Bacteria; p__Bacteroidota; c__Bacteroidia; o__Bacteroidales; f__Bacteroidaceae; g__Bacteroides
ad7fe9f7de9caa67e78a8b7b75f56ca3	d__Bacteria; p__Bacteroidota; c__Bacteroidia; o__Bacteroidales; f__Prevotellaceae; g__Prevotella
53a3a50057ed2ac3ba0d51d13a850aa8	d__Bacteria; p__Firmicutes; c__Negativicutes; o__Veillonellales-Selenomonadales; f__Veillonellaceae; g__Dialister; s__gut_metagenome
51d9a30f5d7d7bcc2f4b0f97b1b67e74	d__Bacteria
4304fd89a927fb11424184571c8255c5	d__Bacteria; p__Bacteroidota; c__Bacteroidia; o__Bacteroidales; f__Prevotellaceae; g__Prevotella
b613b05aa672508c3b644eea3eb95167	d__Bacteria; p__Bacteroidota; c__Bacteroidia; o__Bacteroidales
084e2c536962f08cd966de8a7e79fb13	d__Bacteria; p__Bacteroidota; c__Bacteroidia; o__Bacteroidales; f__Bacteroidaceae; g__Bacteroides
cb318d86c7fe54ea6b108fb4ff239566	d__Bacteria; p__Bacteroidota; c__Bacteroidia; o__Bacteroidales; f__Bacteroidaceae; g__Bacteroides
621c4c6607cc7877c555143c82de62a3	d__Bacteria; p__Bacteroidota; c__Bacteroidia; o__Bacteroidales; f__Rikenellaceae; g__Alistipes; s__uncultured_bacterium
207ecc633244466ce2f97c9b4c2582d7	d__Bacteria; p__Bacteroidota; c__Bacteroidia; o__Bacteroidales; f__Prevotellaceae; g__Alloprevotella
6cd5d5c0640e7b9c0426ec85ee96a95f	d__Bacteria; p__Bacteroidota; c__Bacteroidia; o__Bacteroidales; f__Prevotellaceae; g__Alloprevotella
fb498d6ed4887588f5e894a48d6b778a	d__Bacteria; p__Bacteroidota; c__Bacteroidia; o__Bacteroidales; f__Prevotellaceae; g__Alloprevotella; s__uncultured_bacterium
bd0acbbe6ad53df962baaf3915231df9	d__Bacteria; p__Bacteroidota; c__Bacteroidia; o__Bacteroidales; f__Prevotellaceae; g__Alloprevotella
07a67ebca78369a2c46347b85f4f283f	d__Bacteria; p__Bacteroidota; c__Bacteroidia
0c4a45cfbcac340d7374c7046ff6f2a0	d__Bacteria; p__Bacteroidota; c__Bacteroidia; o__Bacteroidales; f__Prevotellaceae; g__Alloprevotella
7e55be3d2a65ad5f7a7d9e6e15e9a4fb	d__Bacteria; p__Bacteroidota; c__Bacteroidia; o__Bacteroidales; f__Prevotellaceae; g__Alloprevotella
7c52f73eacfaae6534a8d3bae51c0eb6	d__Bacteria; p__Bacteroidota; c__Bacteroidia; o__Bacteroidales; f__Prevotellaceae; g__Alloprevotella
81be8d6e51ab2ef32ef6e4faae32fe0c	d__Bacteria; p__Bacteroidota; c__Bacteroidia; o__Bacteroidales; f__Prevotellaceae; g__Prevotella
4cd5a258141ff69179a35daa0a6c7e48	d__Bacteria; p__Bacteroidota; c__Bacteroidia; o__Bacteroidales; f__Prevotellaceae; g__Prevotella; s__Prevotella_bivia
b799a8bb18947908e9208f651838b2c0	d__Bacteria; p__Bacteroidota; c__Bacteroidia; o__Bacteroidales; f__Prevotellaceae; g__Prevotella; s__Prevotella_bivia
d881105d8f8eaea5ce88eab5806d0d17	d__Bacteria; p__Bacteroidota; c__Bacteroidia; o__Bacteroidales; f__Prevotellaceae; g__Alloprevotella
3cb3dd89c3df07753858446b1b3dcab4	d__Bacteria; p__Bacteroidota; c__Bacteroidia; o__Bacteroidales; f__Prevotellaceae; g__Alloprevotella
ada431cdad20e7d67e8469fbf733554d	d__Bacteria; p__Bacteroidota; c__Bacteroidia; o__Bacteroidales; f__Prevotellaceae
857ad90a876c55fdced1e2979055c671	d__Bacteria; p__Bacteroidota; c__Bacteroidia; o__Bacteroidales; f__Marinifilaceae
bd67211ac2b2a2736897cf782ee8a062	d__Bacteria; p__Bacteroidota; c__Bacteroidia; o__Bacteroidales; f__Rikenellaceae; g__Alistipes
7441afdffedb87635fdf5d4c3520eb4b	d__Bacteria; p__Bacteroidota; c__Bacteroidia; o__Bacteroidales; f__Rikenellaceae; g__Alistipes
793c21fa92e2121f33b1af706a9ce349	d__Bacteria; p__Bacteroidota; c__Bacteroidia; o__Bacteroidales; f__Rikenellaceae; g__Alistipes; s__uncultured_bacterium
9322cc6d39623b85305773e124dadbe3	d__Bacteria; p__Bacteroidota; c__Bacteroidia; o__Bacteroidales; f__Rikenellaceae; g__Alistipes; s__uncultured_bacterium
34e50332af0a0c0385d447c96c0cb50a	d__Bacteria; p__Bacteroidota; c__Bacteroidia; o__Bacteroidales; f__Rikenellaceae; g__Alistipes; s__Alistipes_shahii
c5420de952a65d17b1a3f29cfd8efb3f	d__Bacteria; p__Bacteroidota; c__Bacteroidia; o__Bacteroidales; f__Rikenellaceae; g__Alistipes; s__uncultured_bacterium
7a5ae4baac58d0e975aed62e482b85b3	d__Bacteria; p__Bacteroidota; c__Bacteroidia; o__Bacteroidales; f__Prevotellaceae; g__Prevotella
722ffea05d22b909f38b494f2d6eb1ce	d__Bacteria; p__Bacteroidota; c__Bacteroidia; o__Bacteroidales; f__Rikenellaceae; g__Alistipes; s__uncultured_bacterium
fc62c4b34031985f72f0ddab90ac5304	d__Bacteria; p__Bacteroidota; c__Bacteroidia; o__Bacteroidales; f__Rikenellaceae; g__Alistipes; s__uncultured_bacterium
5efc0aa39195b973c01a747e3c41531e	d__Bacteria; p__Bacteroidota; c__Bacteroidia; o__Bacteroidales; f__Rikenellaceae; g__Alistipes; s__Alistipes_shahii
f0b49df3dcdcb401e18f4e2c8ae9d41f	d__Bacteria; p__Bacteroidota; c__Bacteroidia; o__Bacteroidales; f__Rikenellaceae; g__Alistipes; s__Alistipes_shahii
f7a189372a577538733fe8fff9b12983	d__Bacteria; p__Bacteroidota; c__Bacteroidia; o__Bacteroidales; f__Rikenellaceae; g__Alistipes
a2a70a496e9ed16953e2eb88e1a7fc2e	d__Bacteria; p__Bacteroidota; c__Bacteroidia; o__Bacteroidales; f__Rikenellaceae; g__Alistipes; s__uncultured_bacterium
fee3c703111b8b4c16d3c23226f252e1	d__Bacteria; p__Bacteroidota; c__Bacteroidia; o__Bacteroidales; f__Rikenellaceae; g__Alistipes
8e0cfd521b9750288769f8f1c442b600	d__Bacteria; p__Bacteroidota; c__Bacteroidia; o__Bacteroidales; f__Rikenellaceae; g__Alistipes; s__uncultured_bacterium
3b18b673380d1d8b37b5ea4ddf7c7cfe	d__Bacteria; p__Bacteroidota; c__Bacteroidia; o__Bacteroidales; f__Rikenellaceae; g__Alistipes; s__Alistipes_shahii
3db27d55fe0d52e557cb381148431399	d__Bacteria; p__Bacteroidota; c__Bacteroidia; o__Bacteroidales; f__Rikenellaceae; g__Alistipes; s__uncultured_bacterium
6e400a5dde41a2216dac8fa2c1c3a484	d__Bacteria; p__Bacteroidota; c__Bacteroidia; o__Bacteroidales; f__Rikenellaceae; g__Alistipes; s__uncultured_bacterium
cb57b7bd28cdf3f7981a7f5ded25ce95	d__Bacteria; p__Bacteroidota; c__Bacteroidia; o__Bacteroidales; f__Rikenellaceae; g__Alistipes
0d991e81909e6093f47f6b4dba9745e7	d__Bacteria; p__Bacteroidota; c__Bacteroidia; o__Bacteroidales; f__Rikenellaceae; g__Alistipes; s__uncultured_bacterium
02dc7202dead225d3545d99bb14c76ec	d__Bacteria; p__Bacteroidota; c__Bacteroidia; o__Bacteroidales; f__Rikenellaceae; g__Alistipes; s__Alistipes_shahii
944174024d529b5c3827fdbc06d31ffa	d__Bacteria; p__Bacteroidota; c__Bacteroidia; o__Bacteroidales; f__Rikenellaceae; g__Alistipes; s__Alistipes_shahii
7ca9ead76d5f1bc8cb519e5d53d89fd4	d__Bacteria; p__Bacteroidota; c__Bacteroidia; o__Bacteroidales; f__Rikenellaceae; g__Alistipes
913af05e8cccf22e872518651fec1882	d__Bacteria; p__Bacteroidota; c__Bacteroidia; o__Bacteroidales; f__Rikenellaceae; g__Alistipes; s__uncultured_bacterium
a2bde0de8ac3c95ebf64155a355895e3	d__Bacteria; p__Bacteroidota; c__Bacteroidia; o__Bacteroidales; f__Rikenellaceae; g__Alistipes
07fbb05c0dee363a02e0383727e9d8bb	d__Bacteria; p__Bacteroidota; c__Bacteroidia; o__Bacteroidales; f__Rikenellaceae; g__Alistipes
f52d70b2a4315045a1fdef3a3a59a571	d__Bacteria; p__Bacteroidota; c__Bacteroidia; o__Bacteroidales; f__Rikenellaceae; g__Alistipes
0f01b8af5424bea5999958aa96b84afa	d__Bacteria; p__Bacteroidota; c__Bacteroidia; o__Bacteroidales; f__Rikenellaceae; g__Alistipes
07b9f207c63f31abd228d4b3d0841d40	d__Bacteria; p__Bacteroidota; c__Bacteroidia; o__Bacteroidales; f__Rikenellaceae; g__Alistipes
599df288ec9b412733b7bcae9d15fde7	d__Bacteria; p__Bacteroidota; c__Bacteroidia; o__Bacteroidales; f__Rikenellaceae; g__Alistipes
09729f3020659056eaa29f2b81876b4b	d__Bacteria; p__Bacteroidota; c__Bacteroidia; o__Bacteroidales; f__Rikenellaceae; g__Alistipes; s__uncultured_bacterium
de88cf8f5016f8128d0328035054531a	d__Bacteria; p__Bacteroidota; c__Bacteroidia; o__Bacteroidales; f__Rikenellaceae; g__Alistipes; s__uncultured_bacterium
56a15ee7411d22e6b6e50c41d67a5a4a	d__Bacteria; p__Bacteroidota; c__Bacteroidia; o__Bacteroidales; f__Rikenellaceae; g__Alistipes
9a7123e51604151698d308fffd097fa1	d__Bacteria; p__Bacteroidota; c__Bacteroidia; o__Bacteroidales; f__Rikenellaceae; g__Alistipes; s__uncultured_bacterium
4a4e752de6ff99f89243d7d0c3cc08f7	d__Bacteria; p__Bacteroidota; c__Bacteroidia; o__Bacteroidales; f__Rikenellaceae; g__Alistipes; s__uncultured_bacterium
5d5a8e92825d7db69b351bbeba60ff17	d__Bacteria; p__Bacteroidota; c__Bacteroidia; o__Bacteroidales; f__Rikenellaceae; g__Alistipes
eeee7ab35b066b7ecb3b73f63343ffac	d__Bacteria; p__Bacteroidota; c__Bacteroidia; o__Bacteroidales; f__Rikenellaceae; g__Alistipes
be1f1e60ada472cc9d8ac651cdaf8c35	d__Bacteria; p__Bacteroidota; c__Bacteroidia; o__Bacteroidales; f__Rikenellaceae; g__Alistipes
93fd8ceb59ff31375d5cd13b505f53cc	d__Bacteria; p__Bacteroidota; c__Bacteroidia; o__Bacteroidales; f__Rikenellaceae; g__Alistipes
d95ce2b63fb11a62dc70562dabd3c646	d__Bacteria; p__Bacteroidota; c__Bacteroidia; o__Bacteroidales; f__Rikenellaceae; g__Alistipes
3fd97c23ac91bde9d39f0366b21b53a3	d__Bacteria; p__Bacteroidota; c__Bacteroidia; o__Bacteroidales; f__Rikenellaceae; g__Alistipes
7c1c3e404ef2968fae3f17d04a7b2b10	d__Bacteria; p__Bacteroidota; c__Bacteroidia; o__Bacteroidales; f__Rikenellaceae; g__Alistipes
367031a5654cf69e6fd0867b2489162c	d__Bacteria; p__Bacteroidota; c__Bacteroidia; o__Bacteroidales; f__Rikenellaceae; g__Alistipes; s__uncultured_bacterium
45a6c7de4b9dc23f662910a0aa713611	d__Bacteria; p__Bacteroidota; c__Bacteroidia; o__Bacteroidales; f__Rikenellaceae; g__Alistipes; s__uncultured_bacterium
abded212d97cd8f839c2777446942050	d__Bacteria; p__Bacteroidota; c__Bacteroidia; o__Bacteroidales; f__Rikenellaceae; g__Alistipes
47bd5847d37e5ad136073f5b26836f4c	d__Bacteria; p__Bacteroidota; c__Bacteroidia; o__Bacteroidales; f__Rikenellaceae; g__Alistipes; s__Bacteroides_sp.
2cbd0043a789d22e6144005fe8f52373	d__Bacteria; p__Bacteroidota; c__Bacteroidia; o__Bacteroidales; f__Rikenellaceae; g__Alistipes
546aef1840d042fd29e3c71fa9a4cf83	d__Bacteria; p__Bacteroidota; c__Bacteroidia; o__Bacteroidales; f__Rikenellaceae; g__Alistipes; s__Bacteroides_sp.
51feaf4c924cd11daab29e44719a7896	d__Bacteria; p__Bacteroidota; c__Bacteroidia; o__Bacteroidales; f__Rikenellaceae; g__Alistipes; s__Bacteroides_sp.
3749560da5938dcd0df6bdfb4a93599b	d__Bacteria; p__Bacteroidota; c__Bacteroidia; o__Bacteroidales; f__Rikenellaceae; g__Alistipes; s__uncultured_bacterium
5eaf46c19dc2193854a1bb0e6ae253a5	d__Bacteria; p__Bacteroidota; c__Bacteroidia; o__Bacteroidales; f__Rikenellaceae; g__Alistipes; s__Bacteroides_sp.
82c76f6af1451faee2a6b6b21206762b	d__Bacteria; p__Bacteroidota; c__Bacteroidia; o__Bacteroidales; f__Rikenellaceae; g__Alistipes; s__gut_metagenome
728ceb5884f8129b238d32155e60a309	d__Bacteria; p__Bacteroidota; c__Bacteroidia; o__Bacteroidales; f__Rikenellaceae; g__Alistipes; s__gut_metagenome
83afd6f397ddbe5f22cf7c3af22f47f5	d__Bacteria; p__Bacteroidota; c__Bacteroidia; o__Bacteroidales; f__Rikenellaceae; g__Alistipes
b9fcc1981533e58f43666538df2d8872	d__Bacteria; p__Bacteroidota; c__Bacteroidia; o__Bacteroidales; f__Rikenellaceae; g__Alistipes
c5ab5e7fefdb096184da19e17dbaa554	d__Bacteria; p__Bacteroidota; c__Bacteroidia; o__Bacteroidales; f__Rikenellaceae; g__Alistipes; s__Alistipes_finegoldii
a267423752092dfb3c4a9f9ee49c4878	d__Bacteria; p__Bacteroidota; c__Bacteroidia; o__Bacteroidales; f__Rikenellaceae; g__Alistipes; s__Alistipes_finegoldii
e25df2ab5fe13b3738f0d9272a19dd40	d__Bacteria; p__Bacteroidota; c__Bacteroidia; o__Bacteroidales; f__Rikenellaceae; g__Alistipes; s__Alistipes_finegoldii
bad2b55b4b0cd4f8de9bf6c9aa03d1d9	d__Bacteria; p__Bacteroidota; c__Bacteroidia; o__Bacteroidales; f__Rikenellaceae; g__Alistipes; s__Alistipes_finegoldii
1d7a082b932d516347d532db00b142fd	d__Bacteria; p__Bacteroidota; c__Bacteroidia; o__Bacteroidales; f__Rikenellaceae; g__Alistipes; s__Alistipes_finegoldii
b93d0a9a3277ec4a9107d5e4363523d5	d__Bacteria; p__Bacteroidota; c__Bacteroidia; o__Bacteroidales; f__Rikenellaceae; g__Alistipes
3fdf5ca54e0da748615b14a04a85cfa4	d__Bacteria; p__Bacteroidota; c__Bacteroidia; o__Bacteroidales; f__Rikenellaceae; g__Alistipes; s__uncultured_bacterium
e89537be39ab4f862c2ee753d7511959	d__Bacteria; p__Bacteroidota; c__Bacteroidia; o__Bacteroidales; f__Rikenellaceae; g__Alistipes; s__Alistipes_timonensis
25fe0f3fe7fe0dcbcf42f05f3b408932	d__Bacteria; p__Bacteroidota; c__Bacteroidia; o__Bacteroidales; f__Rikenellaceae; g__Alistipes; s__Alistipes_timonensis
f2a97107363f4ac57b3885d1d2a3e368	d__Bacteria; p__Bacteroidota; c__Bacteroidia; o__Bacteroidales; f__Rikenellaceae; g__Alistipes; s__Alistipes_timonensis
597e5571a890a4faecaa9941da2328b5	d__Bacteria; p__Bacteroidota; c__Bacteroidia; o__Bacteroidales; f__Rikenellaceae; g__Alistipes; s__uncultured_bacterium
adb5978478d074135d48913a5806605f	d__Bacteria; p__Bacteroidota; c__Bacteroidia; o__Bacteroidales; f__Prevotellaceae; g__Prevotella
180770f48cb9918a6513aa9233f0bfe4	d__Bacteria; p__Bacteroidota; c__Bacteroidia; o__Bacteroidales; f__Rikenellaceae; g__Alistipes; s__uncultured_bacterium
497bf31d1b7c24e55221c1ea07769889	d__Bacteria; p__Bacteroidota; c__Bacteroidia; o__Bacteroidales; f__Rikenellaceae; g__Alistipes; s__Alistipes_indistinctus
9aae80ffd97acfee5af661e3cf0dfa5f	d__Bacteria; p__Bacteroidota; c__Bacteroidia; o__Bacteroidales; f__Rikenellaceae; g__Alistipes; s__Alistipes_indistinctus
57a182dbff41277f3f339fd532a735c4	d__Bacteria; p__Bacteroidota; c__Bacteroidia; o__Bacteroidales; f__Rikenellaceae; g__Alistipes; s__Alistipes_indistinctus
cf8f969a34eb90a9fb1e2f9c38ab7b7e	d__Bacteria; p__Bacteroidota; c__Bacteroidia; o__Bacteroidales; f__Rikenellaceae; g__Alistipes; s__Alistipes_indistinctus
3931cdb37390b5c6dd28a40ff18068b6	d__Bacteria; p__Bacteroidota; c__Bacteroidia; o__Bacteroidales; f__Rikenellaceae; g__Alistipes; s__uncultured_bacterium
da9afdd6cc4934871938217fe90ce614	d__Bacteria; p__Bacteroidota; c__Bacteroidia; o__Bacteroidales; f__Rikenellaceae; g__Alistipes
bbace5f51082f2a199013993cf4ba38e	d__Bacteria; p__Bacteroidota; c__Bacteroidia; o__Bacteroidales; f__Rikenellaceae; g__Alistipes; s__Alistipes_sp.
70e6c0d69dfed5b41ff83862d501134f	d__Bacteria; p__Bacteroidota; c__Bacteroidia; o__Bacteroidales; f__Rikenellaceae; g__Alistipes; s__Alistipes_sp.
4f19455b6f9d809abea9314393203cdc	d__Bacteria; p__Bacteroidota; c__Bacteroidia; o__Bacteroidales; f__Rikenellaceae; g__Alistipes; s__Alistipes_sp.
1bb048619a02791d05cc4f482e065728	d__Bacteria; p__Bacteroidota; c__Bacteroidia; o__Bacteroidales; f__Rikenellaceae; g__Alistipes; s__uncultured_bacterium
7bc1049f9b2fc2e6de785fd56e2ae177	d__Bacteria; p__Bacteroidota; c__Bacteroidia; o__Bacteroidales; f__Rikenellaceae; g__Alistipes; s__uncultured_bacterium
53492f5560cd881f4749242d585da68f	d__Bacteria; p__Bacteroidota; c__Bacteroidia; o__Bacteroidales; f__Rikenellaceae; g__Alistipes
30b696cd6efa1290b3f5ca09e28d6c3d	d__Bacteria; p__Bacteroidota; c__Bacteroidia; o__Bacteroidales; f__Rikenellaceae; g__Alistipes; s__uncultured_bacterium
4960305df0b77db894ab24ee8a92c8a2	d__Bacteria; p__Bacteroidota; c__Bacteroidia; o__Bacteroidales
d0f2594a36f1a1fb7d418701f349d92f	d__Bacteria; p__Bacteroidota; c__Bacteroidia; o__Bacteroidales; f__Rikenellaceae; g__Alistipes
9b65ead8d5a34d1ca3e0de871f5535aa	d__Bacteria; p__Bacteroidota; c__Bacteroidia; o__Bacteroidales; f__Rikenellaceae; g__Alistipes
79acf0ed90532891281260ad88615d67	d__Bacteria; p__Bacteroidota; c__Bacteroidia; o__Bacteroidales; f__Rikenellaceae; g__Alistipes
a665117abb51304aca293f190e63ded3	d__Bacteria; p__Bacteroidota; c__Bacteroidia; o__Bacteroidales; f__Rikenellaceae; g__Alistipes
86d97bb173ecdae1ed58b3c354309921	d__Bacteria; p__Bacteroidota; c__Bacteroidia; o__Bacteroidales; f__Rikenellaceae; g__Alistipes
c23c09f1c18556e66d32927bf6232426	d__Bacteria; p__Bacteroidota; c__Bacteroidia; o__Bacteroidales; f__Rikenellaceae; g__Alistipes; s__uncultured_bacterium
a0144d3731c69f519eb1d3e8cac0f009	d__Bacteria; p__Bacteroidota; c__Bacteroidia; o__Bacteroidales; f__Rikenellaceae; g__Alistipes
71ebe5122d268e0d826ecafd8c7d7436	d__Bacteria
0adb0517d729e16c9194e8e3703d6dcc	d__Bacteria
c6d60f7078c8c5fd69f57104d850f809	d__Bacteria; p__Bacteroidota; c__Bacteroidia; o__Bacteroidales; f__Rikenellaceae; g__Alistipes; s__uncultured_bacterium
ddb7d94d7182519569c0cf07fef6fea2	d__Bacteria; p__Bacteroidota; c__Bacteroidia; o__Bacteroidales; f__Rikenellaceae; g__Alistipes; s__uncultured_bacterium
84da36bf08d3eb3b912e10c78a455d4a	d__Bacteria; p__Bacteroidota; c__Bacteroidia; o__Bacteroidales; f__Rikenellaceae; g__Alistipes; s__uncultured_bacterium
bf7488c362699ebd03703d641f8edff9	d__Bacteria; p__Bacteroidota; c__Bacteroidia; o__Bacteroidales; f__Rikenellaceae; g__Alistipes; s__uncultured_bacterium
a04f6fa635d81e5fd45ada3bbbe463e4	d__Bacteria; p__Bacteroidota; c__Bacteroidia; o__Bacteroidales; f__Rikenellaceae; g__Alistipes; s__uncultured_bacterium
619ed433de192abcb4e8855b90d74dc1	d__Bacteria; p__Bacteroidota; c__Bacteroidia; o__Bacteroidales; f__Rikenellaceae; g__Alistipes
d5ccee8d3f826d27a20f24c517f97204	d__Bacteria; p__Bacteroidota; c__Bacteroidia; o__Bacteroidales; f__Rikenellaceae; g__Alistipes; s__uncultured_bacterium
50596c5f6bdb8dd341f9cab28e73e4c5	d__Bacteria; p__Bacteroidota; c__Bacteroidia; o__Bacteroidales; f__Rikenellaceae; g__Alistipes
c8890acb4be4a7bc44250bfd2d4c3b05	d__Bacteria; p__Bacteroidota; c__Bacteroidia; o__Bacteroidales; f__Rikenellaceae; g__Alistipes; s__uncultured_bacterium
c19d114796dda6baff09cc512d37ea3a	d__Bacteria; p__Bacteroidota; c__Bacteroidia; o__Bacteroidales; f__Rikenellaceae; g__Alistipes; s__uncultured_bacterium
8945e42568637ea262e6318712e26487	d__Bacteria; p__Bacteroidota; c__Bacteroidia; o__Bacteroidales; f__Rikenellaceae; g__Alistipes; s__uncultured_bacterium
de464b5e5b6cf13dd00cbed2c4ff9416	d__Bacteria; p__Bacteroidota; c__Bacteroidia; o__Bacteroidales; f__Rikenellaceae; g__Alistipes; s__uncultured_bacterium
70c5e952b8c98af68947f9acfd328ba2	d__Bacteria; p__Bacteroidota; c__Bacteroidia; o__Bacteroidales; f__Rikenellaceae; g__Alistipes
80d71a397bfb55c0da36f59943e90c7c	d__Bacteria; p__Bacteroidota; c__Bacteroidia; o__Bacteroidales; f__Rikenellaceae; g__Alistipes; s__uncultured_bacterium
112981e7e7e97d3d40a21c0c7a9d9c4e	d__Bacteria; p__Bacteroidota; c__Bacteroidia; o__Bacteroidales; f__Rikenellaceae; g__Alistipes
375ba95f1b4fe629ac6c12f533061240	d__Bacteria; p__Bacteroidota; c__Bacteroidia; o__Bacteroidales; f__Rikenellaceae; g__Alistipes
813cbc69915849a107350cf39e433dc4	d__Bacteria; p__Bacteroidota; c__Bacteroidia; o__Bacteroidales; f__Rikenellaceae; g__Alistipes
3e3c7931e35ce4d30e09ddfd313fcfb4	d__Bacteria; p__Bacteroidota; c__Bacteroidia; o__Bacteroidales; f__Rikenellaceae; g__Alistipes
5d7cc8e4d28cc92edf9ae46ec3f969dc	d__Bacteria; p__Bacteroidota; c__Bacteroidia; o__Bacteroidales; f__Rikenellaceae; g__Alistipes; s__uncultured_bacterium
7193e4496e731269a66c1638131c5d81	d__Bacteria; p__Bacteroidota; c__Bacteroidia; o__Bacteroidales; f__Rikenellaceae; g__Alistipes; s__uncultured_bacterium
1aaea89238c51d383aaa143bbcd07a35	d__Bacteria; p__Bacteroidota; c__Bacteroidia; o__Bacteroidales; f__Rikenellaceae; g__Alistipes
a3991585791ecb4c169193b3d1810e23	d__Bacteria; p__Bacteroidota; c__Bacteroidia; o__Bacteroidales; f__Rikenellaceae; g__Alistipes; s__uncultured_bacterium
b84224f5786d7144f185cacafc71a3f5	d__Bacteria; p__Bacteroidota; c__Bacteroidia; o__Bacteroidales; f__Rikenellaceae; g__Alistipes; s__uncultured_bacterium
acb7d8265a50d47d392d1158c093be1d	d__Bacteria; p__Bacteroidota; c__Bacteroidia; o__Bacteroidales; f__Rikenellaceae; g__Alistipes; s__uncultured_bacterium
3296683756c055a13bd7b7c811b47967	d__Bacteria; p__Bacteroidota; c__Bacteroidia; o__Bacteroidales; f__Rikenellaceae; g__Alistipes; s__uncultured_bacterium
8ada5d9dbae22b30d30162a80c7f2a86	d__Bacteria; p__Bacteroidota; c__Bacteroidia; o__Bacteroidales; f__Rikenellaceae; g__Alistipes; s__uncultured_bacterium
3a479f00b3d9767f707a69ec94efac9b	d__Bacteria; p__Bacteroidota; c__Bacteroidia; o__Bacteroidales; f__Rikenellaceae; g__Alistipes; s__uncultured_bacterium
4802c3597440382a4a2d0717be8f5199	d__Bacteria; p__Bacteroidota; c__Bacteroidia; o__Bacteroidales; f__Rikenellaceae; g__Alistipes; s__uncultured_bacterium
6817d81033fbde6c31f4885a6db26d76	d__Bacteria; p__Bacteroidota; c__Bacteroidia; o__Bacteroidales; f__Rikenellaceae; g__Alistipes; s__uncultured_bacterium
a0735ac58f278edb5ce9e3611d02bd28	d__Bacteria; p__Bacteroidota; c__Bacteroidia; o__Bacteroidales; f__Rikenellaceae; g__Alistipes; s__uncultured_bacterium
de7801b536daf987c14293046ce81cf2	d__Bacteria; p__Bacteroidota; c__Bacteroidia; o__Bacteroidales; f__Rikenellaceae; g__Alistipes
4a8cbdebf2f0304a6e113d60934b91b0	d__Bacteria; p__Bacteroidota; c__Bacteroidia; o__Bacteroidales; f__Rikenellaceae; g__Alistipes
732c28f8336e0c4971ce759ea53d03aa	d__Bacteria; p__Bacteroidota; c__Bacteroidia; o__Bacteroidales; f__Rikenellaceae; g__Alistipes
b1a8c27b9e774180fe1f14221c9b96f0	d__Bacteria; p__Bacteroidota; c__Bacteroidia; o__Bacteroidales; f__Rikenellaceae; g__Alistipes
b231bb8df684942ec62b7259299dd943	d__Bacteria; p__Bacteroidota; c__Bacteroidia; o__Bacteroidales; f__Rikenellaceae; g__Alistipes; s__uncultured_bacterium
91cfa303a8e824d428d28ef266ad8220	d__Bacteria; p__Bacteroidota; c__Bacteroidia; o__Bacteroidales; f__Rikenellaceae; g__Alistipes
d92e8a910f34a1a91d4bf72fcba0f86a	d__Bacteria; p__Bacteroidota; c__Bacteroidia; o__Bacteroidales; f__Rikenellaceae; g__Alistipes; s__uncultured_bacterium
dfce5795755bb9b76ddc637e68cd119a	d__Bacteria; p__Bacteroidota; c__Bacteroidia; o__Bacteroidales; f__Rikenellaceae; g__Alistipes
31760a31e8216412b23f6fc56b99c064	d__Bacteria; p__Bacteroidota; c__Bacteroidia; o__Bacteroidales; f__Rikenellaceae; g__Alistipes
0a8598502f29cea88ca0651c3c93f2e3	d__Bacteria; p__Bacteroidota; c__Bacteroidia; o__Bacteroidales; f__Rikenellaceae; g__Alistipes
10fdac809e16eb0245981588ebbc0952	d__Bacteria; p__Bacteroidota; c__Bacteroidia; o__Bacteroidales; f__Rikenellaceae; g__Alistipes
541d65b53a52b4fbc00e392a06a12405	d__Bacteria; p__Bacteroidota; c__Bacteroidia; o__Bacteroidales; f__Rikenellaceae; g__Alistipes
6dcd57e474c8a45410267cfa4e97dcdf	d__Bacteria; p__Bacteroidota; c__Bacteroidia; o__Bacteroidales; f__Rikenellaceae; g__Alistipes
e2819cbccec0253c3c6a86ee4fc4b16e	d__Bacteria; p__Firmicutes; c__Clostridia; o__Oscillospirales; f__Oscillospiraceae
9c24c0a85d70c40e19d123c87037b8a5	d__Bacteria; p__Firmicutes; c__Clostridia; o__Oscillospirales; f__Oscillospiraceae
890f70b3aa3f0cb92212a50dcd56f9a5	d__Bacteria; p__Actinobacteriota
651592a3b4187713dcb9f0df1e42b475	d__Bacteria; p__Bacteroidota; c__Bacteroidia; o__Bacteroidales; f__Bacteroidaceae; g__Bacteroides
3546b9637b137b786701e2a19bffbf3b	d__Bacteria; p__Bacteroidota; c__Bacteroidia; o__Bacteroidales; f__Bacteroidaceae; g__Bacteroides
0deffbe9f387cc37610f4a814ccd4eb2	d__Bacteria; p__Bacteroidota; c__Bacteroidia; o__Bacteroidales; f__Bacteroidaceae; g__Bacteroides; s__uncultured_bacterium
58bb659e4ede9050d2f3e9e17b75b7cc	d__Bacteria; p__Bacteroidota; c__Bacteroidia; o__Bacteroidales; f__Bacteroidaceae; g__Bacteroides
bca448be7bebbe658956c5de5751b99a	d__Bacteria; p__Bacteroidota; c__Bacteroidia; o__Bacteroidales
cd6685fff731929a854c74045da5b946	d__Bacteria; p__Bacteroidota; c__Bacteroidia; o__Bacteroidales; f__Bacteroidaceae; g__Bacteroides; s__uncultured_bacterium
848be75438adf93e07ea19c4e6ffc091	d__Bacteria; p__Bacteroidota; c__Bacteroidia; o__Bacteroidales; f__Bacteroidaceae; g__Bacteroides
ccf30133d0c494fe2154b7e462e9249b	d__Bacteria; p__Bacteroidota; c__Bacteroidia; o__Bacteroidales; f__Bacteroidaceae; g__Bacteroides
8319038bf72d7e0fe734a79b4aeb76bb	d__Bacteria; p__Bacteroidota; c__Bacteroidia; o__Bacteroidales; f__Bacteroidaceae; g__Bacteroides
94f0490272abaf77675aed204c79f5fe	d__Bacteria; p__Bacteroidota; c__Bacteroidia; o__Bacteroidales; f__Bacteroidaceae; g__Bacteroides; s__Bacteroides_caccae
11b4dfb256dc0996b00b3122b843e42c	d__Bacteria; p__Bacteroidota; c__Bacteroidia; o__Bacteroidales; f__Bacteroidaceae; g__Bacteroides; s__Bacteroides_caccae
dfcbba5f12e15157c69d03325212e652	d__Bacteria; p__Bacteroidota; c__Bacteroidia; o__Bacteroidales; f__Bacteroidaceae; g__Bacteroides
8b1d5171be9977debdec21ecf177da0f	d__Bacteria; p__Bacteroidota; c__Bacteroidia; o__Bacteroidales; f__Bacteroidaceae; g__Bacteroides
8818196e70e0dd5fc4209ab739440ee4	d__Bacteria; p__Bacteroidota; c__Bacteroidia; o__Bacteroidales; f__Bacteroidaceae; g__Bacteroides
65f6f5a4f3b224dfe25baff9a880cae3	d__Bacteria; p__Bacteroidota; c__Bacteroidia; o__Bacteroidales; f__Bacteroidaceae; g__Bacteroides
edd8fa8c2d13bf83bcdbcf8240c077c2	d__Bacteria; p__Bacteroidota; c__Bacteroidia; o__Bacteroidales; f__Bacteroidaceae; g__Bacteroides
427782e90a8238cec4d66192aae5ca04	d__Bacteria; p__Bacteroidota; c__Bacteroidia; o__Bacteroidales; f__Bacteroidaceae; g__Bacteroides
815a03c3e142f02999ac7884c8a3cb4d	d__Bacteria; p__Bacteroidota; c__Bacteroidia; o__Bacteroidales; f__Bacteroidaceae; g__Bacteroides
0061c75c739af01c442b4d15b8a803bd	d__Bacteria; p__Bacteroidota; c__Bacteroidia; o__Bacteroidales; f__Bacteroidaceae; g__Bacteroides
92624722a63ba04da0eff75909b6437a	d__Bacteria; p__Bacteroidota; c__Bacteroidia; o__Bacteroidales; f__Bacteroidaceae; g__Bacteroides
5d7e9b30724736ccfa5d0a2b206af3e7	d__Bacteria; p__Bacteroidota; c__Bacteroidia; o__Bacteroidales; f__Bacteroidaceae; g__Bacteroides
f98a744e2a5d89c6e83123cbbd6dc5c6	d__Bacteria; p__Bacteroidota; c__Bacteroidia; o__Bacteroidales; f__Bacteroidaceae; g__Bacteroides
3059bae7a566336eba4e9e0c7aea7c40	d__Bacteria; p__Bacteroidota; c__Bacteroidia; o__Bacteroidales; f__Bacteroidaceae; g__Bacteroides
eb955da6aba551866a618863a92fea89	d__Bacteria; p__Bacteroidota; c__Bacteroidia; o__Bacteroidales; f__Bacteroidaceae; g__Bacteroides
e44ef239fb9970d02e642f95122e453c	d__Bacteria; p__Bacteroidota; c__Bacteroidia; o__Bacteroidales; f__Bacteroidaceae; g__Bacteroides
191af6e1046aa47eeb9586b63483bb94	d__Bacteria; p__Bacteroidota; c__Bacteroidia; o__Bacteroidales; f__Bacteroidaceae; g__Bacteroides
31583fba0be1cf51c10c5fe65cce25a1	d__Bacteria; p__Bacteroidota; c__Bacteroidia; o__Bacteroidales; f__Prevotellaceae; g__Prevotella; s__Massiliprevotella_massiliensis
b476c67f23a6e2ffbbae0ebdf804d253	d__Bacteria; p__Bacteroidota; c__Bacteroidia; o__Bacteroidales; f__Bacteroidaceae; g__Bacteroides
d8984b46fcb05b0f86bd5770500ff888	d__Bacteria; p__Bacteroidota; c__Bacteroidia; o__Bacteroidales; f__Bacteroidaceae; g__Bacteroides
c2b63db3c1ca65e4838810720c21ee9c	d__Bacteria; p__Bacteroidota; c__Bacteroidia; o__Bacteroidales
13440bc69c95cbf9e9cc8b7b3b70a314	d__Bacteria; p__Bacteroidota; c__Bacteroidia; o__Bacteroidales; f__Marinifilaceae; g__Odoribacter
17a6adf7f669e2aeed2871fae313fcea	d__Bacteria; p__Bacteroidota; c__Bacteroidia; o__Bacteroidales; f__Rikenellaceae; g__Alistipes
5a9303f83ec40680ef688a220b23d8a3	d__Bacteria; p__Bacteroidota; c__Bacteroidia; o__Bacteroidales; f__Rikenellaceae; g__Alistipes; s__uncultured_bacterium
673dca1e7028d9e46290f958bef8702e	d__Bacteria; p__Bacteroidota; c__Bacteroidia; o__Bacteroidales; f__Rikenellaceae; g__Alistipes; s__Alistipes_obesi
dad03e4c6529b5c08c17533075ee7dc9	d__Bacteria; p__Bacteroidota; c__Bacteroidia; o__Bacteroidales; f__Rikenellaceae; g__Alistipes; s__Alistipes_obesi
a0f494a9103e692b19141b912c168c9e	d__Bacteria; p__Bacteroidota; c__Bacteroidia; o__Bacteroidales; f__Rikenellaceae; g__Alistipes; s__Alistipes_obesi
b5a4c183e783d0137f55d029bd9f695e	d__Bacteria; p__Bacteroidota; c__Bacteroidia; o__Bacteroidales; f__Rikenellaceae; g__Alistipes
7fb87fa7b5125d43d98ace8b8a2c6ee9	d__Bacteria; p__Bacteroidota; c__Bacteroidia; o__Bacteroidales; f__Rikenellaceae; g__Alistipes; s__Alistipes_obesi
160e476c46cc689d0615d6aeb965f53f	d__Bacteria; p__Bacteroidota; c__Bacteroidia; o__Bacteroidales; f__Rikenellaceae; g__Alistipes; s__uncultured_bacterium
af5641bc88257a91c8173ec39fb4d11e	d__Bacteria; p__Bacteroidota; c__Bacteroidia; o__Bacteroidales; f__Rikenellaceae; g__Alistipes; s__uncultured_bacterium
d5290e8c86cb1968672a6718e59e845c	d__Bacteria; p__Bacteroidota; c__Bacteroidia; o__Bacteroidales; f__Rikenellaceae; g__Alistipes; s__uncultured_bacterium
ecb92220af066ab40d792633ca304ac5	d__Bacteria; p__Bacteroidota; c__Bacteroidia; o__Bacteroidales; f__Rikenellaceae; g__Alistipes; s__Alistipes_sp.
345bacde2077771c198997012a8efa6d	d__Bacteria; p__Bacteroidota; c__Bacteroidia; o__Bacteroidales; f__Rikenellaceae; g__Alistipes; s__Alistipes_sp.
d1a9f3e728fb40b12853b74ae110e76d	d__Bacteria; p__Bacteroidota; c__Bacteroidia; o__Bacteroidales; f__Rikenellaceae; g__Alistipes; s__uncultured_bacterium
39fdc418c8e52e715c4737a5e9bd49fc	d__Bacteria; p__Bacteroidota; c__Bacteroidia; o__Bacteroidales; f__Rikenellaceae; g__Alistipes
e383e6340df14190d4a4e9a35c5ad331	d__Bacteria; p__Bacteroidota; c__Bacteroidia; o__Bacteroidales; f__Rikenellaceae; g__Alistipes
d67134c6d2bd0724a639b9f42ba9f008	d__Bacteria; p__Bacteroidota; c__Bacteroidia; o__Bacteroidales; f__Rikenellaceae; g__Alistipes; s__Alistipes_sp.
cc7f746cf60ce098b000721544cf3f4d	d__Bacteria; p__Bacteroidota; c__Bacteroidia; o__Bacteroidales; f__Rikenellaceae; g__Alistipes
05328edbef268dd2826805785c7d52b8	d__Bacteria; p__Bacteroidota; c__Bacteroidia; o__Bacteroidales; f__Rikenellaceae; g__Alistipes; s__uncultured_bacterium
5c5decabe26331555b97ce8383939307	d__Bacteria; p__Bacteroidota; c__Bacteroidia; o__Bacteroidales; f__Rikenellaceae; g__Alistipes; s__Alistipes_sp.
5d165ab07bd59136ad9140602daaf32c	d__Bacteria; p__Bacteroidota; c__Bacteroidia; o__Bacteroidales; f__Rikenellaceae; g__Alistipes; s__gut_metagenome
85e8a5242f830b2e3d824ceaa7c896a6	d__Bacteria; p__Bacteroidota; c__Bacteroidia; o__Bacteroidales; f__Rikenellaceae; g__Alistipes; s__gut_metagenome
6ce46c21d8050069c8639e1c378a5a90	d__Bacteria; p__Bacteroidota; c__Bacteroidia; o__Bacteroidales; f__Rikenellaceae; g__Alistipes
12f9312c2651137edbdb45285ad2b656	d__Bacteria; p__Bacteroidota; c__Bacteroidia; o__Bacteroidales; f__Rikenellaceae; g__Alistipes
768e0c34c9e7010050289fad4a8e40b2	d__Bacteria; p__Bacteroidota; c__Bacteroidia; o__Bacteroidales; f__Prevotellaceae; g__Paraprevotella
06d64e3d038cb60e8bb25b6453a966a7	d__Bacteria; p__Bacteroidota; c__Bacteroidia; o__Bacteroidales; f__Bacteroidaceae; g__Bacteroides; s__Bacteroides_finegoldii
844b079961828a18258efa405cdd3c68	d__Bacteria; p__Bacteroidota; c__Bacteroidia; o__Bacteroidales; f__Bacteroidaceae; g__Bacteroides; s__Bacteroides_finegoldii
f9ebaad02d38458e09f0a3df45ac5ff9	d__Bacteria; p__Bacteroidota; c__Bacteroidia; o__Bacteroidales; f__Bacteroidaceae; g__Bacteroides
88720fc58369c8adb7c6ab2b53129a11	d__Bacteria; p__Bacteroidota; c__Bacteroidia; o__Bacteroidales; f__Bacteroidaceae; g__Bacteroides; s__Bacteroides_finegoldii
1de063dbc93012a7c4662cd63113882e	d__Bacteria; p__Bacteroidota; c__Bacteroidia; o__Bacteroidales; f__Bacteroidaceae; g__Bacteroides
cd327c856e0bac162a2838bb2e22850b	d__Bacteria; p__Bacteroidota; c__Bacteroidia; o__Bacteroidales; f__Bacteroidaceae; g__Bacteroides
a2d9e5954f205bc626447b5885af3145	d__Bacteria; p__Bacteroidota; c__Bacteroidia; o__Bacteroidales; f__Bacteroidaceae; g__Bacteroides
93308179e1a3d445e0549bafc290f1e5	d__Bacteria; p__Bacteroidota; c__Bacteroidia; o__Bacteroidales; f__Bacteroidaceae; g__Bacteroides
f14a3eaec6abf81005598ef78e3fa11c	d__Bacteria; p__Bacteroidota; c__Bacteroidia; o__Bacteroidales; f__Bacteroidaceae; g__Bacteroides
282a4bbda37fd8a3317ff9f72c7a986e	d__Bacteria; p__Bacteroidota; c__Bacteroidia; o__Bacteroidales; f__Bacteroidaceae; g__Bacteroides
d68250a6bb73567b183202ffc6a5dac7	d__Bacteria; p__Bacteroidota; c__Bacteroidia; o__Bacteroidales; f__Bacteroidaceae; g__Bacteroides
f4764f7512f9f69ba9b9f94288423d8d	d__Bacteria; p__Bacteroidota; c__Bacteroidia; o__Bacteroidales; f__Marinifilaceae; g__Odoribacter
b5b66fbaa2d947bcf79231673f00ccdd	d__Bacteria; p__Bacteroidota; c__Bacteroidia; o__Bacteroidales; f__Marinifilaceae; g__Odoribacter
736f28ba0f7d8d85e913f74613f00af4	d__Bacteria; p__Bacteroidota; c__Bacteroidia; o__Bacteroidales; f__Marinifilaceae; g__Odoribacter
94be1dd2eac9244db938f7915d4b274b	d__Bacteria; p__Bacteroidota; c__Bacteroidia; o__Bacteroidales; f__Marinifilaceae; g__Odoribacter
f6d01bb68d82c75a2a9dbc5430082e3e	d__Bacteria; p__Bacteroidota; c__Bacteroidia; o__Bacteroidales
f4cc0179061d712c82d2c9a292631642	d__Bacteria; p__Bacteroidota; c__Bacteroidia; o__Bacteroidales; f__Bacteroidaceae; g__Bacteroides
5aba47a6d5ba3206988043423a527c1e	d__Bacteria; p__Bacteroidota; c__Bacteroidia; o__Bacteroidales; f__Marinifilaceae; g__Odoribacter; s__Odoribacter_splanchnicus
ac28e30187cb74caf1fc4beaa100bb62	d__Bacteria; p__Bacteroidota; c__Bacteroidia; o__Bacteroidales; f__Marinifilaceae; g__Odoribacter; s__Odoribacter_splanchnicus
736de06a680e080a808fbaf12ba9902a	d__Bacteria; p__Bacteroidota; c__Bacteroidia; o__Bacteroidales; f__Marinifilaceae; g__Odoribacter
451ecf911dbeb05dcedeb8ec6d0ce53d	d__Bacteria; p__Bacteroidota; c__Bacteroidia; o__Bacteroidales; f__Marinifilaceae; g__Odoribacter
30bb711e27f3a8a9aa06479303651697	d__Bacteria; p__Actinobacteriota; c__Actinobacteria; o__Bifidobacteriales; f__Bifidobacteriaceae; g__Bifidobacterium
a948e0846bc3c5d21a11b2f90f0d7f81	d__Bacteria; p__Bacteroidota; c__Bacteroidia; o__Bacteroidales; f__Marinifilaceae; g__Odoribacter; s__Odoribacter_splanchnicus
179ad7f9621a96e18310f10d496b0463	d__Bacteria; p__Bacteroidota; c__Bacteroidia; o__Bacteroidales; f__Porphyromonadaceae; g__Porphyromonas; s__Porphyromonas_bennonis
04b9ae5d0ae5c28631e1b89d763e5177	d__Bacteria; p__Bacteroidota; c__Bacteroidia; o__Bacteroidales; f__Porphyromonadaceae; g__Porphyromonas
b13aba19d38d7eccc73b4b4b71a4e750	d__Bacteria; p__Bacteroidota; c__Bacteroidia; o__Bacteroidales; f__Porphyromonadaceae; g__Porphyromonas; s__Porphyromonas_somerae
56167257175367fa324dfa7e88e31b8f	d__Bacteria; p__Bacteroidota; c__Bacteroidia; o__Bacteroidales; f__Prevotellaceae; g__Prevotella
cb1f266bda46257f52653da03ee43a17	d__Bacteria; p__Bacteroidota; c__Bacteroidia; o__Bacteroidales; f__Tannerellaceae; g__Parabacteroides
f55e7a5fc29bba67f1b59a3b19bf3b99	d__Bacteria; p__Bacteroidota; c__Bacteroidia; o__Bacteroidales; f__Tannerellaceae; g__Parabacteroides
cb8a7459ebc02434fa110e983fd984b7	d__Bacteria; p__Bacteroidota; c__Bacteroidia; o__Bacteroidales; f__Bacteroidaceae; g__Bacteroides
2ae286501771767367f1f5d82d45e8f0	d__Bacteria; p__Bacteroidota; c__Bacteroidia; o__Bacteroidales; f__Tannerellaceae; g__Parabacteroides
db7fe5a710abd293b0c0bc922d2f8dca	d__Bacteria; p__Bacteroidota; c__Bacteroidia; o__Bacteroidales; f__Tannerellaceae; g__Parabacteroides; s__uncultured_bacterium
e8b7bb869ca556ffe399585d44cd200b	d__Bacteria; p__Bacteroidota; c__Bacteroidia; o__Bacteroidales; f__Tannerellaceae; g__Parabacteroides
4a9f60cd3123fadc7de5f1a2fcc370e0	d__Bacteria; p__Bacteroidota; c__Bacteroidia; o__Bacteroidales; f__Tannerellaceae
a60b0ff0c288834aff89d25a65326097	d__Bacteria; p__Bacteroidota; c__Bacteroidia; o__Bacteroidales
9fc1e19b2f76ba6bad997bd3315ddde6	d__Bacteria; p__Bacteroidota; c__Bacteroidia; o__Bacteroidales; f__Tannerellaceae; g__Parabacteroides; s__uncultured_bacterium
c24e4bd7d8ace44383c1eadbba34d696	d__Bacteria; p__Bacteroidota; c__Bacteroidia; o__Bacteroidales; f__Tannerellaceae; g__Parabacteroides
d37dfc91caa9001f9b93982bbcb7e51c	d__Bacteria; p__Bacteroidota; c__Bacteroidia; o__Bacteroidales; f__Tannerellaceae; g__Parabacteroides
70edc10a6714a8916fad3392d0331d73	d__Bacteria; p__Bacteroidota; c__Bacteroidia; o__Bacteroidales
d5e23b76732640af6c8a231db3925f83	d__Bacteria; p__Bacteroidota; c__Bacteroidia; o__Bacteroidales; f__Tannerellaceae; g__Parabacteroides
e5c0b9ca6072e96fb43504936352b9af	d__Bacteria; p__Bacteroidota; c__Bacteroidia; o__Bacteroidales; f__Tannerellaceae; g__Parabacteroides
3cd18bf068be2a0418bd10f3ed7814a7	d__Bacteria; p__Bacteroidota; c__Bacteroidia; o__Bacteroidales
85010c473c4a89ac504016563387ba91	d__Bacteria; p__Bacteroidota; c__Bacteroidia; o__Bacteroidales; f__Tannerellaceae; g__Parabacteroides
0b8df3023340ee225249bb769b757c67	d__Bacteria; p__Bacteroidota; c__Bacteroidia; o__Bacteroidales; f__Tannerellaceae; g__Parabacteroides
2f635140edc5735c98c7f8a7308a9292	d__Bacteria; p__Bacteroidota; c__Bacteroidia; o__Bacteroidales; f__Tannerellaceae
931c95744f26ca1b34b9d2947fcb556c	d__Bacteria; p__Bacteroidota; c__Bacteroidia; o__Bacteroidales; f__Tannerellaceae; g__Parabacteroides
92930ddb0c0079f4e4f49b0af039c181	d__Bacteria; p__Bacteroidota; c__Bacteroidia; o__Bacteroidales; f__Tannerellaceae; g__Parabacteroides; s__Parabacteroides_merdae
86245f8fa073b641d6e3f4ad6a8d8f08	d__Bacteria; p__Bacteroidota; c__Bacteroidia; o__Bacteroidales; f__Tannerellaceae; g__Parabacteroides; s__Parabacteroides_merdae
ff187fd42540f3635b543c70d34c3369	d__Bacteria; p__Bacteroidota; c__Bacteroidia; o__Bacteroidales; f__Tannerellaceae; g__Parabacteroides
a403dc1bf04c779d32a14e36b5f6aff5	d__Bacteria; p__Bacteroidota; c__Bacteroidia; o__Bacteroidales; f__Tannerellaceae; g__Parabacteroides
05c4b41b424e6965e1eb296a630a7bb9	d__Bacteria; p__Bacteroidota; c__Bacteroidia; o__Bacteroidales; f__Tannerellaceae; g__Parabacteroides; s__Parabacteroides_merdae
f57b686e0101cb3a5dab75c63cf7af85	d__Bacteria; p__Bacteroidota; c__Bacteroidia; o__Bacteroidales; f__Tannerellaceae; g__Parabacteroides; s__Parabacteroides_merdae
43466424c279e2ec7941805a7680488d	d__Bacteria; p__Bacteroidota; c__Bacteroidia; o__Bacteroidales; f__Tannerellaceae; g__Parabacteroides; s__Parabacteroides_merdae
8efdd4537422ceb2a04e1f0aeb8fdabb	d__Bacteria; p__Bacteroidota; c__Bacteroidia; o__Bacteroidales; f__Tannerellaceae; g__Parabacteroides
1ebb54af19bf8c85dce353156a4dac19	d__Bacteria; p__Bacteroidota; c__Bacteroidia; o__Bacteroidales; f__Tannerellaceae; g__Parabacteroides
9f910b77b364a8e3b1e4a32fc03fbefe	d__Bacteria; p__Bacteroidota; c__Bacteroidia; o__Bacteroidales; f__Tannerellaceae; g__Parabacteroides
7968865bca11fabd07c316aa11b1b052	d__Bacteria; p__Bacteroidota; c__Bacteroidia; o__Bacteroidales; f__Tannerellaceae; g__Parabacteroides
26ded520fcd8ae9d06e17d67eae9b81f	d__Bacteria; p__Bacteroidota; c__Bacteroidia; o__Bacteroidales; f__Tannerellaceae; g__Parabacteroides
6a510356d2fe1d7183258a872a2b3ca7	d__Bacteria; p__Bacteroidota; c__Bacteroidia; o__Bacteroidales; f__Tannerellaceae; g__Parabacteroides
423f286bb0e68d505a079cea7e330266	d__Bacteria; p__Bacteroidota; c__Bacteroidia; o__Bacteroidales; f__Tannerellaceae; g__Parabacteroides; s__Parabacteroides_merdae
24812edd433c925c140ffc07dc43f5d8	d__Bacteria; p__Bacteroidota; c__Bacteroidia; o__Bacteroidales; f__Tannerellaceae; g__Parabacteroides
0f25344f4ff4aca99468269c771c4402	d__Bacteria; p__Bacteroidota; c__Bacteroidia; o__Bacteroidales; f__Tannerellaceae; g__Parabacteroides
6274dfeaa1a1d27408105b9f817237b0	d__Bacteria; p__Firmicutes; c__Clostridia; o__Oscillospirales; f__Oscillospiraceae
e041fad5a2b34ee66e31c7329273a44f	d__Bacteria
23efec3f7909fd9fbac45ca4e63090c8	d__Bacteria
aebb0eb7d40d73e2293ba341f2e8d4ba	d__Bacteria; p__Bacteroidota; c__Bacteroidia; o__Bacteroidales; f__Tannerellaceae
4331db1175436c6a25a928b6f86abbb5	d__Bacteria; p__Bacteroidota; c__Bacteroidia; o__Bacteroidales; f__Tannerellaceae; g__Parabacteroides
1088761d2d13879ddb0782adcb0435ae	d__Bacteria; p__Bacteroidota; c__Bacteroidia; o__Bacteroidales; f__Tannerellaceae
fd463d3e7fc495f375d562df6ef4c736	d__Bacteria; p__Bacteroidota; c__Bacteroidia; o__Bacteroidales; f__Tannerellaceae; g__Parabacteroides; s__Parabacteroides_merdae
e9354a1fecaaf7f8cff70031a0b70078	d__Bacteria; p__Bacteroidota; c__Bacteroidia; o__Bacteroidales; f__Tannerellaceae; g__Parabacteroides
dc8ce5e3af4e51d07a28841d234052dd	d__Bacteria; p__Bacteroidota; c__Bacteroidia; o__Bacteroidales; f__Tannerellaceae; g__Parabacteroides; s__Parabacteroides_merdae
333264d28cd80bba31053c4ed792bf3a	d__Bacteria; p__Bacteroidota; c__Bacteroidia; o__Bacteroidales; f__Tannerellaceae; g__Parabacteroides
d517936a18565e6c17cfd8175c8f24ef	d__Bacteria; p__Firmicutes; c__Clostridia; o__Lachnospirales; f__Lachnospiraceae; g__Lachnospiraceae_UCG-010; s__uncultured_organism
6c3566b624125ced0ba84e2bcb3c7195	d__Bacteria; p__Bacteroidota; c__Bacteroidia; o__Bacteroidales; f__Tannerellaceae; g__Parabacteroides; s__uncultured_bacterium
97dd28faec63d47d276153645498474d	d__Bacteria; p__Bacteroidota; c__Bacteroidia; o__Bacteroidales; f__Tannerellaceae; g__Parabacteroides; s__Parabacteroides_johnsonii
890befbb9d509486f43febf5cb8dd9af	d__Bacteria; p__Bacteroidota; c__Bacteroidia; o__Bacteroidales; f__Tannerellaceae; g__Parabacteroides
399c99e0a640b23634794e48593c5fe0	d__Bacteria
e678c48405f4abf4a2dd47336b260657	d__Bacteria; p__Bacteroidota; c__Bacteroidia; o__Bacteroidales
90ffaf1502c86d748ce693a97c15ae31	d__Bacteria; p__Bacteroidota; c__Bacteroidia; o__Bacteroidales; f__Tannerellaceae; g__Parabacteroides; s__Parabacteroides_johnsonii
c44bd19122b541c8f80ab2f175412818	d__Bacteria; p__Bacteroidota; c__Bacteroidia; o__Bacteroidales; f__Tannerellaceae; g__Parabacteroides; s__Parabacteroides_johnsonii
f9015e8fb6b52199a9292d5c68018bc0	d__Bacteria; p__Bacteroidota; c__Bacteroidia; o__Bacteroidales; f__Tannerellaceae; g__Parabacteroides; s__Parabacteroides_johnsonii
311da30e2964a3302271b604f48f0631	d__Bacteria; p__Bacteroidota; c__Bacteroidia; o__Bacteroidales; f__Tannerellaceae; g__Parabacteroides; s__Parabacteroides_johnsonii
825fc50aa337df7079281141f8d3370f	d__Bacteria; p__Bacteroidota; c__Bacteroidia; o__Bacteroidales; f__Tannerellaceae; g__Parabacteroides; s__Parabacteroides_johnsonii
091ffeb1b9732528a33ed6583defe262	d__Bacteria; p__Bacteroidota; c__Bacteroidia; o__Bacteroidales; f__Tannerellaceae; g__Parabacteroides; s__Parabacteroides_johnsonii
8666e4135138f53d2e100687d27c6478	d__Bacteria; p__Bacteroidota; c__Bacteroidia; o__Bacteroidales; f__Tannerellaceae; g__Parabacteroides; s__Parabacteroides_johnsonii
d58243b8dd7a2d8d22fdd9135b713ddb	d__Bacteria
74b51363e4a36db85b3d7c0471523cb3	d__Bacteria; p__Bacteroidota; c__Bacteroidia; o__Bacteroidales; f__Tannerellaceae; g__Parabacteroides
2e63bbcce58f6b3c4a27a7e42155a0e4	d__Bacteria; p__Bacteroidota; c__Bacteroidia; o__Bacteroidales; f__Tannerellaceae; g__Parabacteroides
c7c1939a57f6876481f3c33c3490a724	d__Bacteria; p__Bacteroidota; c__Bacteroidia; o__Bacteroidales; f__Tannerellaceae; g__Parabacteroides
d7c963cfeb5a14febe4bfa733913729e	d__Bacteria; p__Bacteroidota; c__Bacteroidia; o__Bacteroidales; f__Tannerellaceae; g__Parabacteroides
150224c6092c20ac9124a33dfe89502a	d__Bacteria; p__Bacteroidota; c__Bacteroidia; o__Bacteroidales; f__Tannerellaceae; g__Parabacteroides
1c2f26a7098e2cd9c7c7f35aae0b213b	d__Bacteria; p__Bacteroidota; c__Bacteroidia; o__Bacteroidales; f__Tannerellaceae; g__Parabacteroides
e84285d32ebe048220f57a4f4daf400b	d__Bacteria; p__Bacteroidota; c__Bacteroidia; o__Bacteroidales; f__Tannerellaceae; g__Parabacteroides
6d5f01b24fce69cf2531a02c7ccb9453	d__Bacteria; p__Bacteroidota; c__Bacteroidia; o__Bacteroidales; f__Tannerellaceae; g__Parabacteroides
5de642b10a6c6ab0efe9ee358be8cb2a	d__Bacteria; p__Bacteroidota; c__Bacteroidia; o__Bacteroidales; f__Tannerellaceae; g__Parabacteroides
3da15d2481052a7ce1c9a5b5e5deb5f3	d__Bacteria; p__Bacteroidota; c__Bacteroidia; o__Bacteroidales; f__Tannerellaceae; g__Parabacteroides
1b2fe786cec00ecbf61ea82ef9077131	d__Bacteria; p__Bacteroidota; c__Bacteroidia; o__Bacteroidales; f__Tannerellaceae; g__Parabacteroides
773e91966357bf8393bc799ac1e26384	d__Bacteria; p__Bacteroidota; c__Bacteroidia; o__Bacteroidales; f__Muribaculaceae; g__Muribaculaceae
25cacdc5be45b1d104c7f8e105420e8c	d__Bacteria; p__Bacteroidota; c__Bacteroidia; o__Bacteroidales; f__Muribaculaceae; g__Muribaculaceae
390c0b3e064e38f86ee5bcc7a768d63e	d__Bacteria; p__Bacteroidota; c__Bacteroidia; o__Bacteroidales; f__Muribaculaceae; g__Muribaculaceae; s__gut_metagenome
53ba7b511ec08e4fb4539e6ea8056b98	d__Bacteria; p__Bacteroidota; c__Bacteroidia; o__Bacteroidales; f__Muribaculaceae; g__Muribaculaceae
588386fca5c6b9c1cad5009964033517	d__Bacteria; p__Bacteroidota; c__Bacteroidia; o__Bacteroidales; f__Tannerellaceae; g__Parabacteroides
d7030060118adc01b83b7b647c7de4f6	d__Bacteria; p__Bacteroidota; c__Bacteroidia; o__Bacteroidales; f__Marinifilaceae; g__Odoribacter; s__uncultured_bacterium
794a2aa2d0e15488320c19e6e6fac46e	d__Bacteria; p__Bacteroidota; c__Bacteroidia; o__Bacteroidales
968b691eb1bf4cd07fdf7ad1e39aca2d	d__Bacteria; p__Bacteroidota; c__Bacteroidia; o__Bacteroidales; f__Muribaculaceae; g__Muribaculaceae; s__gut_metagenome
441251cc2bd71c4ba39272f8a260ab59	d__Bacteria; p__Bacteroidota; c__Bacteroidia; o__Bacteroidales; f__Muribaculaceae; g__Muribaculaceae
f75dceb9554ae1d3fdc5b805256c71d1	d__Bacteria; p__Bacteroidota; c__Bacteroidia; o__Bacteroidales; f__Muribaculaceae; g__Muribaculaceae
f77c39e8d50468d812b27420cb6973db	d__Bacteria; p__Bacteroidota; c__Bacteroidia; o__Bacteroidales; f__Muribaculaceae; g__Muribaculaceae; s__gut_metagenome
efcfd6441b4c752942bd40ceaaa550c1	d__Bacteria; p__Bacteroidota; c__Bacteroidia; o__Bacteroidales; f__Muribaculaceae; g__Muribaculaceae; s__gut_metagenome
b0633334394b74e92b04d079a57e7d3c	d__Bacteria; p__Bacteroidota; c__Bacteroidia; o__Bacteroidales; f__Muribaculaceae; g__Muribaculaceae; s__uncultured_bacterium
fec38636829515e82baf5885dc8f9f1f	d__Bacteria; p__Bacteroidota; c__Bacteroidia; o__Bacteroidales; f__Muribaculaceae; g__Muribaculaceae; s__uncultured_bacterium
23694629ba7130e41026b5817f1f735a	d__Bacteria; p__Bacteroidota; c__Bacteroidia; o__Bacteroidales; f__Muribaculaceae; g__Muribaculaceae; s__uncultured_bacterium
4b59b16544b7370d8a56b8d0199957b6	d__Bacteria; p__Bacteroidota; c__Bacteroidia; o__Bacteroidales; f__Muribaculaceae; g__Muribaculaceae; s__uncultured_bacterium
08d32d2521ec04ff73e601ad78965b44	d__Bacteria; p__Bacteroidota; c__Bacteroidia; o__Bacteroidales; f__Muribaculaceae; g__Muribaculaceae
c29f218389c327f852f96885a78fdd3e	d__Bacteria; p__Bacteroidota; c__Bacteroidia; o__Bacteroidales; f__Muribaculaceae; g__Muribaculaceae
c400da9139848d9c3ad05820891d383d	d__Bacteria; p__Bacteroidota; c__Bacteroidia; o__Bacteroidales; f__Bacteroidaceae; g__Bacteroides; s__Bacteroides_nordii
5a0a9253add2d88ccd59cb91f9085dc4	d__Bacteria; p__Bacteroidota; c__Bacteroidia; o__Bacteroidales; f__Barnesiellaceae; g__Coprobacter; s__uncultured_bacterium
691725eb590c61435270faa0e44675a9	d__Bacteria; p__Bacteroidota; c__Bacteroidia; o__Bacteroidales
3beeb8261966a2e29f611b069bd73ee2	d__Bacteria; p__Bacteroidota; c__Bacteroidia; o__Bacteroidales; f__Muribaculaceae; g__Muribaculaceae
f17bdd18df4d4e259b1080fd12b6d663	d__Bacteria; p__Bacteroidota; c__Bacteroidia; o__Bacteroidales; f__Barnesiellaceae; g__Coprobacter; s__uncultured_organism
18b9f6ac8621ce8226dc73308c0b6d7b	d__Bacteria; p__Bacteroidota; c__Bacteroidia; o__Bacteroidales; f__Barnesiellaceae; g__Coprobacter; s__uncultured_organism
522b92705c07a73dc54df1259b525c4d	d__Bacteria; p__Bacteroidota; c__Bacteroidia; o__Bacteroidales; f__Barnesiellaceae; g__Coprobacter; s__uncultured_organism
3720a5c8ff89aa33820678ce89d54c22	d__Bacteria; p__Bacteroidota; c__Bacteroidia; o__Bacteroidales; f__Barnesiellaceae; g__Coprobacter
b981381a885b06e2eacfef74117a9968	d__Bacteria; p__Bacteroidota; c__Bacteroidia; o__Bacteroidales; f__Rikenellaceae; g__Rikenellaceae_RC9_gut_group; s__uncultured_bacterium
8d2ff50fd371110f15921b5cbce7af66	d__Bacteria; p__Firmicutes; c__Clostridia; o__Oscillospirales
bf644bdece99659b4035b64604212d84	d__Bacteria; p__Firmicutes; c__Clostridia; o__Lachnospirales; f__Lachnospiraceae
d1317bc91cdafa9bfbe4c9857dc712bc	d__Bacteria; p__Firmicutes; c__Clostridia; o__Lachnospirales; f__Lachnospiraceae
c3ec1f52684982215beb101a8a1f07b4	d__Bacteria; p__Firmicutes; c__Clostridia; o__Lachnospirales; f__Lachnospiraceae
9312d4a0920ca814efbfe10488b56dbb	d__Bacteria; p__Bacteroidota; c__Bacteroidia; o__Bacteroidales; f__Muribaculaceae; g__Muribaculaceae; s__uncultured_bacterium
785b069779896c17db89359439caf148	d__Bacteria; p__Bacteroidota; c__Bacteroidia
f8c4a954b87430726b470f140c3463d7	d__Bacteria; p__Bacteroidota; c__Bacteroidia; o__Bacteroidales; f__Muribaculaceae; g__Muribaculaceae; s__uncultured_bacterium
8b90ce83787d6bd6c1fe8ae53b80d61c	d__Bacteria; p__Bacteroidota; c__Bacteroidia; o__Bacteroidales; f__Muribaculaceae; g__Muribaculaceae; s__uncultured_bacterium
0d0b97b17ae0d694f0c81f6e696c79fa	d__Bacteria; p__Bacteroidota; c__Bacteroidia; o__Bacteroidales; f__Muribaculaceae; g__Muribaculaceae; s__uncultured_bacterium
30aa3b0a2f9809489d12b19b5b176c82	d__Bacteria; p__Bacteroidota; c__Bacteroidia; o__Bacteroidales; f__Muribaculaceae; g__Muribaculaceae; s__uncultured_bacterium
7ca53ba3f1f828c0cf0c71a104e6dedd	d__Bacteria; p__Bacteroidota; c__Bacteroidia; o__Bacteroidales; f__Muribaculaceae; g__Muribaculaceae; s__uncultured_bacterium
24a64e67259df593829c43ba321630c3	d__Bacteria; p__Bacteroidota; c__Bacteroidia; o__Bacteroidales; f__Prevotellaceae; g__Prevotella; s__uncultured_bacterium
e5a5b247397a56271c3ec774b072d45f	d__Bacteria; p__Bacteroidota; c__Bacteroidia; o__Bacteroidales; f__Bacteroidaceae; g__Bacteroides
b1ddd0ba0ef9d627525825d21864bff2	d__Bacteria; p__Bacteroidota; c__Bacteroidia; o__Bacteroidales; f__Bacteroidaceae; g__Bacteroides
5c8d91408558e4dfa2b6b8144a23b675	d__Bacteria; p__Bacteroidota; c__Bacteroidia; o__Bacteroidales; f__Bacteroidaceae; g__Bacteroides
b410bfa57221f29de29c534721693702	d__Bacteria
86de0123c4810b34dc5ec1f2d876da9c	d__Bacteria; p__Bacteroidota; c__Bacteroidia; o__Bacteroidales; f__Prevotellaceae; g__Paraprevotella; s__uncultured_bacterium
8e67f0422b76a3fce70e99dab8f6a076	d__Bacteria; p__Bacteroidota; c__Bacteroidia; o__Bacteroidales; f__Prevotellaceae; g__Paraprevotella; s__uncultured_bacterium
419f78034662f6eaa3fa01d62c8c53ba	d__Bacteria; p__Bacteroidota; c__Bacteroidia; o__Bacteroidales; f__Prevotellaceae; g__Paraprevotella
4b90dc4e15d8ab642b0903b8406ced41	d__Bacteria; p__Bacteroidota; c__Bacteroidia; o__Bacteroidales; f__Prevotellaceae; g__Paraprevotella; s__Paraprevotella_clara
73298ade259deafec993743d6a516465	d__Bacteria; p__Bacteroidota; c__Bacteroidia; o__Bacteroidales; f__Prevotellaceae; g__Paraprevotella; s__Paraprevotella_clara
22a0a8e0a7d02c73e7a5f68e1be993f2	d__Bacteria; p__Bacteroidota; c__Bacteroidia; o__Bacteroidales; f__Prevotellaceae; g__Paraprevotella; s__Paraprevotella_clara
6590a7454658fbf94923832ef21bf404	d__Bacteria; p__Bacteroidota; c__Bacteroidia; o__Bacteroidales; f__Prevotellaceae; g__Paraprevotella
a65323504802c3561764d80be78d1aab	d__Bacteria; p__Bacteroidota; c__Bacteroidia; o__Bacteroidales; f__Prevotellaceae; g__Paraprevotella
dc90485ee2ef1422346a957f1d41e7d5	d__Bacteria; p__Bacteroidota; c__Bacteroidia; o__Bacteroidales; f__Prevotellaceae; g__Paraprevotella
0d4c66208308785ac434efff5df029ec	d__Bacteria; p__Bacteroidota; c__Bacteroidia; o__Bacteroidales; f__Prevotellaceae; g__Paraprevotella
89b13b22637fdb47078cfe33b5705779	d__Bacteria; p__Bacteroidota; c__Bacteroidia; o__Bacteroidales; f__Bacteroidaceae; g__Bacteroides
f3475d372c5c4060ec037f8d660158f2	d__Bacteria; p__Bacteroidota; c__Bacteroidia; o__Bacteroidales; f__Bacteroidaceae; g__Bacteroides
93b3a291b618f6a8e73206a265ca6eb5	d__Bacteria; p__Bacteroidota; c__Bacteroidia; o__Bacteroidales; f__Bacteroidaceae; g__Bacteroides
2b334ff61b57f6dc2e39c4ccd5ea3f7f	d__Bacteria; p__Bacteroidota; c__Bacteroidia; o__Bacteroidales; f__Bacteroidaceae; g__Bacteroides
d99e5a6b3f6c828f59ace865c642c8c8	d__Bacteria; p__Bacteroidota; c__Bacteroidia; o__Bacteroidales; f__Bacteroidaceae; g__Bacteroides
eaad71039da88d1e0d6f1ac4e1a79ede	d__Bacteria; p__Bacteroidota; c__Bacteroidia; o__Bacteroidales; f__Bacteroidaceae; g__Bacteroides
445fc6ea033014b37f6658a95a93eab5	d__Bacteria; p__Bacteroidota; c__Bacteroidia; o__Bacteroidales; f__Bacteroidaceae; g__Bacteroides
978eaffa390a92269cf3b1c926f871b5	d__Bacteria; p__Bacteroidota; c__Bacteroidia; o__Bacteroidales; f__Bacteroidaceae; g__Bacteroides
cf85053fa8e1be205f0d13c3608853f1	d__Bacteria; p__Bacteroidota; c__Bacteroidia; o__Bacteroidales; f__Bacteroidaceae; g__Bacteroides
3f22111bf7e8fd63f3097e41772b0731	d__Bacteria; p__Bacteroidota; c__Bacteroidia; o__Bacteroidales; f__Bacteroidaceae; g__Bacteroides
8a5520b9769285fef051fbf5fec8a91f	d__Bacteria; p__Bacteroidota; c__Bacteroidia; o__Bacteroidales; f__Bacteroidaceae; g__Bacteroides
b0b185188a35c866223304384ae0f5db	d__Bacteria; p__Bacteroidota; c__Bacteroidia; o__Bacteroidales; f__Bacteroidaceae; g__Bacteroides
94ba0688e5664808a3848f69758f0bd2	d__Bacteria; p__Bacteroidota; c__Bacteroidia; o__Bacteroidales; f__Bacteroidaceae; g__Bacteroides
e17c4ce81bf978426c1305d25e5faf84	d__Bacteria; p__Bacteroidota; c__Bacteroidia; o__Bacteroidales; f__Prevotellaceae; g__Prevotella
2069c0752cd5334a495de4bfc6b609fc	d__Bacteria; p__Bacteroidota; c__Bacteroidia; o__Bacteroidales; f__Bacteroidaceae; g__Bacteroides
25106f1d217087eeaf9d3cb1d272d847	d__Bacteria; p__Bacteroidota; c__Bacteroidia; o__Bacteroidales; f__Bacteroidaceae; g__Bacteroides
d663ff0bd5bc60914266f19c835d08a3	d__Bacteria; p__Bacteroidota; c__Bacteroidia; o__Bacteroidales; f__Bacteroidaceae; g__Bacteroides
63877fe86cd0d0f49f4cbb1b5e0f412a	d__Bacteria; p__Bacteroidota; c__Bacteroidia; o__Bacteroidales; f__Bacteroidaceae; g__Bacteroides
b099352aece0cb4624b88c2035534553	d__Bacteria; p__Bacteroidota; c__Bacteroidia; o__Bacteroidales; f__Bacteroidaceae; g__Bacteroides; s__uncultured_bacterium
238f25c2b9d785fa8abfed11fe47b056	d__Bacteria; p__Bacteroidota; c__Bacteroidia; o__Bacteroidales; f__Bacteroidaceae; g__Bacteroides; s__Bacteroides_coprocola
a6be52b6457453d938bdbeb393b8cf92	d__Bacteria; p__Bacteroidota; c__Bacteroidia; o__Bacteroidales; f__Bacteroidaceae; g__Bacteroides; s__Bacteroides_coprocola
b7209cc00c5b9dfe03134a046033bf08	d__Bacteria; p__Bacteroidota; c__Bacteroidia; o__Bacteroidales; f__Bacteroidaceae; g__Bacteroides
220e0165c7644b1fc80621791f68493a	d__Bacteria
bcfa296360d0eff82cb459a774ef8949	d__Bacteria; p__Firmicutes; c__Clostridia; o__Oscillospirales
78dc939fb72c263deb87f24c186bc1fc	d__Bacteria; p__Bacteroidota; c__Bacteroidia; o__Bacteroidales; f__Bacteroidaceae; g__Bacteroides; s__Bacteroides_coprocola
3fdc274f86a22d7322944354f51631dd	d__Bacteria; p__Bacteroidota; c__Bacteroidia; o__Bacteroidales; f__Bacteroidaceae; g__Bacteroides; s__Bacteroides_coprocola
b51990e0800336c96c8977c5f41a3b6f	d__Bacteria; p__Bacteroidota; c__Bacteroidia; o__Bacteroidales; f__Bacteroidaceae; g__Bacteroides
0a548867d734eb772497c9a7303220f1	d__Bacteria; p__Bacteroidota; c__Bacteroidia; o__Bacteroidales; f__Bacteroidaceae; g__Bacteroides; s__Bacteroides_salyersiae
61fa71a57883bf7ac4d275b741c82ff2	d__Bacteria; p__Bacteroidota; c__Bacteroidia; o__Bacteroidales; f__Bacteroidaceae; g__Bacteroides
28e9b9fa34a7f3d1b1b6649d269c5fdc	d__Bacteria; p__Bacteroidota; c__Bacteroidia; o__Bacteroidales; f__Bacteroidaceae; g__Bacteroides; s__bacterium_NLAE-zl-H496
e7c87e2fe6a81aee0610a316d7de4c8b	d__Bacteria; p__Bacteroidota; c__Bacteroidia; o__Bacteroidales
26044aa81ec03d9741836d1c33abdb93	d__Bacteria; p__Bacteroidota; c__Bacteroidia; o__Bacteroidales; f__Prevotellaceae; g__Paraprevotella; s__Paraprevotella_clara
727468e8893f4fec90d6df59f70e724a	d__Bacteria; p__Bacteroidota; c__Bacteroidia; o__Bacteroidales; f__Bacteroidaceae; g__Bacteroides; s__Bacteroides_coprophilus
420b135c1c49635ef6e85edb9366fc69	d__Bacteria; p__Bacteroidota; c__Bacteroidia; o__Bacteroidales; f__Bacteroidaceae; g__Bacteroides; s__Bacteroides_coprophilus
b22dbe3caf3bd233fb65f17f2f61c891	d__Bacteria; p__Bacteroidota; c__Bacteroidia; o__Bacteroidales; f__Bacteroidaceae; g__Bacteroides; s__Bacteroides_coprophilus
8b7a38a93a6361a55dacd40322a3d26f	d__Bacteria; p__Bacteroidota; c__Bacteroidia; o__Bacteroidales; f__Bacteroidaceae; g__Bacteroides; s__Bacteroides_coprophilus
43d32aa0008f866ce2c0a5175786e107	d__Bacteria
d0751563217e95bc101812cc653ac46e	d__Bacteria; p__Bacteroidota; c__Bacteroidia; o__Bacteroidales; f__Bacteroidaceae; g__Bacteroides; s__Bacteroides_coprophilus
1960614314f849542c8500c363880460	d__Bacteria; p__Bacteroidota; c__Bacteroidia; o__Bacteroidales; f__Bacteroidaceae; g__Bacteroides; s__Bacteroides_coprophilus
02c00b1be10b5be71c6816f42aba5497	d__Bacteria; p__Bacteroidota; c__Bacteroidia; o__Bacteroidales; f__Bacteroidaceae; g__Bacteroides
893f411989b31a09c52f804a4a500528	d__Bacteria; p__Bacteroidota; c__Bacteroidia; o__Bacteroidales; f__Bacteroidaceae; g__Bacteroides
1cb91e53e22b5e34e71145932a40823f	d__Bacteria; p__Bacteroidota; c__Bacteroidia; o__Bacteroidales; f__Bacteroidaceae; g__Bacteroides
8d8aba0251bb227ea1715591a5599088	d__Bacteria; p__Bacteroidota; c__Bacteroidia; o__Bacteroidales; f__Bacteroidaceae; g__Bacteroides
4e6a7de40254b62c0d0f59610b86771d	d__Bacteria; p__Bacteroidota; c__Bacteroidia; o__Bacteroidales; f__Bacteroidaceae; g__Bacteroides
6fb8116a605d48bbffcb7deceec5cf61	d__Bacteria; p__Bacteroidota; c__Bacteroidia; o__Bacteroidales; f__Bacteroidaceae; g__Bacteroides
182ba62f7c1553c208b545fe88dd63fc	d__Bacteria; p__Bacteroidota; c__Bacteroidia; o__Bacteroidales; f__Bacteroidaceae; g__Bacteroides
245fd7fd6037196db336717a780301eb	d__Bacteria; p__Bacteroidota; c__Bacteroidia; o__Bacteroidales; f__Bacteroidaceae; g__Bacteroides
3f8d32cd0c67268ac9d6e5b4a3e3e131	d__Bacteria; p__Bacteroidota; c__Bacteroidia; o__Bacteroidales; f__Bacteroidaceae; g__Bacteroides
94634e9c5b5ee123fee8da803e04205e	d__Bacteria; p__Bacteroidota; c__Bacteroidia; o__Bacteroidales; f__Bacteroidaceae; g__Bacteroides
e96ec1308c5524b4b4df13167f2ee35a	d__Bacteria; p__Bacteroidota; c__Bacteroidia; o__Bacteroidales; f__Bacteroidaceae; g__Bacteroides
5a9579bcd8e097d8936a31ee520a9077	d__Bacteria; p__Bacteroidota; c__Bacteroidia; o__Bacteroidales; f__Bacteroidaceae; g__Bacteroides
2bdcec2581f59eef13bca055e9a93e1a	d__Bacteria
3d493ada35975c447838530489146809	d__Bacteria
72b83da87175f63c1c6e3c2ccbb196ed	d__Bacteria; p__Bacteroidota; c__Bacteroidia; o__Bacteroidales; f__Bacteroidaceae; g__Bacteroides
f689e08a6c15d58cebc9015451971660	d__Bacteria; p__Bacteroidota; c__Bacteroidia; o__Bacteroidales; f__Bacteroidaceae; g__Bacteroides
593153b84b74aabe4fca33b24049dcc0	d__Bacteria; p__Bacteroidota; c__Bacteroidia; o__Bacteroidales; f__Bacteroidaceae; g__Bacteroides
b3bc82218a23a7b141c532a4d9ff333c	d__Bacteria; p__Bacteroidota; c__Bacteroidia; o__Bacteroidales; f__Bacteroidaceae; g__Bacteroides
db856818e90289bec3e5629ee06088f1	d__Bacteria; p__Bacteroidota; c__Bacteroidia; o__Bacteroidales; f__Bacteroidaceae; g__Bacteroides
5ded3a456dd540d73b3c4dabf0fb0364	d__Bacteria; p__Bacteroidota; c__Bacteroidia; o__Bacteroidales; f__Bacteroidaceae; g__Bacteroides
32194ac6321e9806685fe0d606b50360	d__Bacteria; p__Bacteroidota; c__Bacteroidia; o__Bacteroidales; f__Bacteroidaceae; g__Bacteroides
4546dfb5e40e58e9861576f179f79746	d__Bacteria; p__Bacteroidota; c__Bacteroidia; o__Bacteroidales; f__Bacteroidaceae; g__Bacteroides
43e3e9ae57568846a0c848f92fb7e609	d__Bacteria; p__Bacteroidota; c__Bacteroidia; o__Bacteroidales; f__Bacteroidaceae; g__Bacteroides
a88f40a6115def211d769981829f63ba	d__Bacteria; p__Bacteroidota; c__Bacteroidia; o__Bacteroidales; f__Bacteroidaceae; g__Bacteroides
76dea89d0f95ea546e667fa7e0ec66b4	d__Bacteria; p__Bacteroidota; c__Bacteroidia; o__Bacteroidales; f__Bacteroidaceae; g__Bacteroides
35cb08be2bbe6a5f5446dfc6210b46bb	d__Bacteria; p__Bacteroidota; c__Bacteroidia; o__Bacteroidales; f__Bacteroidaceae; g__Bacteroides
8954ba49a548466a6aaccb9bda8df7bb	d__Bacteria; p__Bacteroidota; c__Bacteroidia; o__Bacteroidales; f__Bacteroidaceae; g__Bacteroides
d3a7cca4e9e95dd9d274929346ea212f	d__Bacteria; p__Bacteroidota; c__Bacteroidia; o__Bacteroidales; f__Bacteroidaceae; g__Bacteroides
53336cd0ea1d5106c90467a1e1e940a9	d__Bacteria; p__Bacteroidota; c__Bacteroidia; o__Bacteroidales; f__Bacteroidaceae; g__Bacteroides; s__Bacteroides_vulgatus
af569749e35190c098f294e7e3fb6e63	d__Bacteria; p__Bacteroidota; c__Bacteroidia; o__Bacteroidales; f__Bacteroidaceae; g__Bacteroides; s__Bacteroides_vulgatus
605a5fba43d0cbc9ebbca5e04c4257fe	d__Bacteria; p__Bacteroidota; c__Bacteroidia; o__Bacteroidales; f__Bacteroidaceae; g__Bacteroides; s__Bacteroides_vulgatus
ff1264a6b8c3931584fc771dd30e76fe	d__Bacteria; p__Bacteroidota; c__Bacteroidia; o__Bacteroidales; f__Bacteroidaceae; g__Bacteroides; s__Bacteroides_vulgatus
ef75a72ea0d2bdc0c7981a4a62b65384	d__Bacteria; p__Bacteroidota; c__Bacteroidia; o__Bacteroidales; f__Bacteroidaceae; g__Bacteroides
d73f38ede58e051942262e4f3c161a48	d__Bacteria; p__Bacteroidota; c__Bacteroidia; o__Bacteroidales; f__Bacteroidaceae; g__Bacteroides
37536504d63ed01ec9ecb672e995ac9d	d__Bacteria; p__Bacteroidota; c__Bacteroidia; o__Bacteroidales; f__Bacteroidaceae; g__Bacteroides
b388beca10890600a343682137f0760a	d__Bacteria; p__Bacteroidota; c__Bacteroidia; o__Bacteroidales; f__Bacteroidaceae; g__Bacteroides; s__Bacteroides_vulgatus
249a3e303eaf1856da75a4484a2c1e1b	d__Bacteria; p__Bacteroidota; c__Bacteroidia; o__Bacteroidales; f__Bacteroidaceae; g__Bacteroides
5b69cc065cd4c43b7615aa05437fb7fd	d__Bacteria; p__Bacteroidota; c__Bacteroidia; o__Bacteroidales; f__Bacteroidaceae; g__Bacteroides
63f574a261be0de3595b0b24c0826a4b	d__Bacteria; p__Bacteroidota; c__Bacteroidia; o__Bacteroidales; f__Bacteroidaceae; g__Bacteroides
246487151e14cd4c0a49c8b25344ff7a	d__Bacteria; p__Bacteroidota; c__Bacteroidia; o__Bacteroidales; f__Bacteroidaceae; g__Bacteroides
5c4017c6a93cfe24e46bb990fb038206	d__Bacteria; p__Bacteroidota; c__Bacteroidia; o__Bacteroidales; f__Bacteroidaceae; g__Bacteroides
fd143f589f7365010685aa769d41f550	d__Bacteria; p__Bacteroidota; c__Bacteroidia; o__Bacteroidales; f__Bacteroidaceae; g__Bacteroides
7cf23442dc2c47ea39c16e1f53bde7b9	d__Bacteria; p__Bacteroidota; c__Bacteroidia; o__Bacteroidales; f__Bacteroidaceae; g__Bacteroides
f5c9fc42d6876717a9ce7896632c38b5	d__Bacteria; p__Bacteroidota; c__Bacteroidia; o__Bacteroidales; f__Bacteroidaceae; g__Bacteroides
798d53842d2139cc528752f690a56afe	d__Bacteria; p__Bacteroidota; c__Bacteroidia; o__Bacteroidales; f__Bacteroidaceae; g__Bacteroides
063ed9818241001a756ca9332ff98872	d__Bacteria; p__Bacteroidota; c__Bacteroidia; o__Bacteroidales; f__Bacteroidaceae; g__Bacteroides
cc4c1731c91d21d12aa00ee00e83a81d	d__Bacteria; p__Bacteroidota; c__Bacteroidia; o__Bacteroidales; f__Bacteroidaceae; g__Bacteroides
7a86b86d737229a2bbc7c22267db1eff	d__Bacteria; p__Bacteroidota; c__Bacteroidia; o__Bacteroidales; f__Bacteroidaceae; g__Bacteroides
4d91f016391288a1dba08bc16c002704	d__Bacteria; p__Bacteroidota; c__Bacteroidia; o__Bacteroidales; f__Bacteroidaceae; g__Bacteroides
824a00747c5067778291faa3cbfc43f9	d__Bacteria; p__Bacteroidota; c__Bacteroidia; o__Bacteroidales; f__Bacteroidaceae; g__Bacteroides
677ad557bcfbc0dfb7c090ea1e735c97	d__Bacteria; p__Bacteroidota; c__Bacteroidia; o__Bacteroidales; f__Bacteroidaceae; g__Bacteroides
a6c7ae09941c038404c1215b5c59ad8d	d__Bacteria; p__Bacteroidota; c__Bacteroidia; o__Bacteroidales; f__Bacteroidaceae; g__Bacteroides
01557a75dc27a25eccd54286f72bfac6	d__Bacteria; p__Bacteroidota; c__Bacteroidia; o__Bacteroidales; f__Bacteroidaceae; g__Bacteroides
8219c474d08e087fd85d01fb3d1fe4ad	d__Bacteria; p__Bacteroidota; c__Bacteroidia; o__Bacteroidales; f__Bacteroidaceae; g__Bacteroides
fb25020a165f68cb8c5f86147b36bd3a	d__Bacteria; p__Bacteroidota; c__Bacteroidia; o__Bacteroidales; f__Bacteroidaceae; g__Bacteroides
5d279e82968b32388123c35922e97b2c	d__Bacteria; p__Bacteroidota; c__Bacteroidia; o__Bacteroidales; f__Bacteroidaceae; g__Bacteroides
21c69a729832045b7b835e338f200053	d__Bacteria; p__Bacteroidota; c__Bacteroidia; o__Bacteroidales; f__Bacteroidaceae; g__Bacteroides
64c9c68218617308ec41ec88cccd7ff4	d__Bacteria; p__Bacteroidota; c__Bacteroidia; o__Bacteroidales; f__Bacteroidaceae; g__Bacteroides
f0a8a2bf7a171ed0c687dccdecb1bfa3	d__Bacteria; p__Bacteroidota; c__Bacteroidia; o__Bacteroidales; f__Bacteroidaceae; g__Bacteroides
aa30ece75c3099f8555bb4b5815af7bf	d__Bacteria; p__Bacteroidota; c__Bacteroidia; o__Bacteroidales; f__Bacteroidaceae; g__Bacteroides
13a6bffc80f7116b4607e8c30c422774	d__Bacteria; p__Bacteroidota; c__Bacteroidia; o__Bacteroidales; f__Bacteroidaceae; g__Bacteroides
345f17e5aa27feb74e708f30384b73e1	d__Bacteria; p__Bacteroidota; c__Bacteroidia; o__Bacteroidales; f__Bacteroidaceae; g__Bacteroides
9e6eae5eff7ddb955ae16de5e2e46468	d__Bacteria; p__Bacteroidota; c__Bacteroidia; o__Bacteroidales
8d81dd8799090691c5bf266558f5409e	d__Bacteria; p__Bacteroidota; c__Bacteroidia; o__Bacteroidales; f__Bacteroidaceae; g__Bacteroides
eecab085fd0268130186ccf3a827151e	d__Bacteria; p__Bacteroidota; c__Bacteroidia; o__Bacteroidales
dc375632365ef63de92072628d244366	d__Bacteria; p__Bacteroidota; c__Bacteroidia; o__Bacteroidales; f__Bacteroidaceae; g__Bacteroides
533705492d6e4f9fdbca1d5144b02353	d__Bacteria; p__Bacteroidota; c__Bacteroidia; o__Bacteroidales; f__Bacteroidaceae; g__Bacteroides
c331284ccea08a6d2959306b2ce31739	d__Bacteria; p__Bacteroidota; c__Bacteroidia; o__Bacteroidales; f__Bacteroidaceae; g__Bacteroides
2595cfe7b552b71461a7ceb2e1130527	d__Bacteria; p__Bacteroidota; c__Bacteroidia; o__Bacteroidales; f__Bacteroidaceae; g__Bacteroides
59cbf21632d769ea3333365006da6090	d__Bacteria; p__Bacteroidota; c__Bacteroidia; o__Bacteroidales; f__Bacteroidaceae; g__Bacteroides
efcfba73a00346a336035bc63677744b	d__Bacteria; p__Bacteroidota; c__Bacteroidia; o__Bacteroidales; f__Bacteroidaceae; g__Bacteroides
13dc7a967a6786af1fbb18bfdf47e44e	d__Bacteria
d1fe648ad110871ab2920e6618240e90	d__Bacteria; p__Bacteroidota; c__Bacteroidia; o__Bacteroidales; f__Prevotellaceae; g__Prevotellaceae_NK3B31_group; s__uncultured_organism
bf3da2f2cd27e52eb9787e2897c2c7e9	d__Bacteria; p__Bacteroidota; c__Bacteroidia; o__Bacteroidales; f__Bacteroidaceae; g__Bacteroides; s__Bacteroidaceae_bacterium
eb8c961b016ca5fcbb16091b35128211	d__Bacteria
d9450f7ac9fc86998c856e002eedef47	d__Bacteria; p__Bacteroidota; c__Bacteroidia; o__Bacteroidales; f__Bacteroidaceae; g__Bacteroides; s__Bacteroidaceae_bacterium
bbbb42f4b0c80adf7f20f072dc187cf0	d__Bacteria; p__Bacteroidota; c__Bacteroidia; o__Bacteroidales; f__Bacteroidaceae; g__Bacteroides; s__Bacteroidaceae_bacterium
383d719a67871b6b966466767a7c9677	d__Bacteria; p__Bacteroidota; c__Bacteroidia; o__Bacteroidales; f__Bacteroidaceae; g__Bacteroides; s__Bacteroidaceae_bacterium
748f996a6fdabfd91739ef01f7eb828f	d__Bacteria; p__Bacteroidota; c__Bacteroidia; o__Bacteroidales; f__Prevotellaceae; g__Prevotella
dbb57000b20ae664ae2f800dc7e0851d	d__Bacteria; p__Bacteroidota; c__Bacteroidia; o__Bacteroidales
0be234ded4e9e0e5b686ceb59cc4656e	d__Bacteria; p__Bacteroidota; c__Bacteroidia; o__Bacteroidales; f__Prevotellaceae; g__Prevotella
a9821f83a2366b452107c5e3695c183e	d__Bacteria; p__Bacteroidota; c__Bacteroidia; o__Bacteroidales; f__Prevotellaceae; g__Prevotella; s__uncultured_bacterium
0308add6cc621bc3c231200e3e8fc321	d__Bacteria; p__Bacteroidota; c__Bacteroidia; o__Bacteroidales; f__Prevotellaceae; g__Prevotella
3366b7af6dc6f46b050a1dfbcd6c2c4f	d__Bacteria; p__Bacteroidota; c__Bacteroidia; o__Bacteroidales; f__Prevotellaceae; g__Prevotella; s__metagenome
cb621964602f7b8dc940f817efcc90a0	d__Bacteria; p__Bacteroidota; c__Bacteroidia; o__Bacteroidales; f__Prevotellaceae; g__Prevotella
f62b576b6b50fe6225d8a67be7567e10	d__Bacteria; p__Bacteroidota; c__Bacteroidia; o__Bacteroidales; f__Prevotellaceae; g__Prevotella
3377d40b775db3360fb5e19d9dfe0372	d__Bacteria; p__Bacteroidota; c__Bacteroidia; o__Bacteroidales; f__Prevotellaceae; g__Prevotella
f9c2d704319ab5afaee7825ea13df343	d__Bacteria; p__Bacteroidota; c__Bacteroidia; o__Bacteroidales
255768661a7bfde27e20712d5311bc16	d__Bacteria; p__Bacteroidota; c__Bacteroidia; o__Bacteroidales; f__Prevotellaceae; g__Prevotella; s__uncultured_bacterium
5379c6c3a8e9a2f95a60a03100759efb	d__Bacteria; p__Bacteroidota; c__Bacteroidia; o__Bacteroidales; f__Prevotellaceae; g__Prevotella; s__uncultured_bacterium
f7ee7254b21a20437d763fb7ecd3a93f	d__Bacteria; p__Bacteroidota; c__Bacteroidia; o__Bacteroidales; f__Prevotellaceae; g__Prevotella
592a0ceffd5b08bfa69897299444cd39	d__Bacteria; p__Bacteroidota; c__Bacteroidia; o__Bacteroidales; f__Prevotellaceae; g__Prevotella
49ce53131658cde0e1a388ed0393b8c0	d__Bacteria; p__Bacteroidota; c__Bacteroidia; o__Bacteroidales; f__Prevotellaceae; g__Prevotella; s__uncultured_bacterium
33a1e3d5e1657454f9bb21dfcc6c532f	d__Bacteria; p__Bacteroidota; c__Bacteroidia; o__Bacteroidales; f__Prevotellaceae; g__Prevotella; s__uncultured_bacterium
8079c7e9b7b23c16a5820d8f5c703692	d__Bacteria; p__Bacteroidota; c__Bacteroidia; o__Bacteroidales; f__Prevotellaceae; g__Prevotella
dc76aa91aed579723b3cd8eae78e8f29	d__Bacteria; p__Bacteroidota; c__Bacteroidia; o__Bacteroidales; f__Prevotellaceae; g__Prevotella
4f35f8ae6364a76fa998bae224a4280c	d__Bacteria; p__Bacteroidota; c__Bacteroidia; o__Bacteroidales; f__Prevotellaceae; g__Prevotella; s__uncultured_bacterium
d1e32431f36698ee63531d679df91657	d__Bacteria; p__Bacteroidota; c__Bacteroidia; o__Bacteroidales; f__Prevotellaceae
aee3d5e6dd5164e9a00454e081aba5ab	d__Bacteria; p__Bacteroidota; c__Bacteroidia; o__Bacteroidales; f__Prevotellaceae; g__Prevotella
c3d3fa97951d0a4095cd2b163991226a	d__Bacteria; p__Bacteroidota; c__Bacteroidia; o__Bacteroidales; f__Prevotellaceae; g__Prevotella
323d88326e748038374badd21fd1e297	d__Bacteria; p__Bacteroidota; c__Bacteroidia; o__Bacteroidales; f__Prevotellaceae; g__Prevotella
2a45276b176469aee29001abcfff78d9	d__Bacteria; p__Bacteroidota; c__Bacteroidia; o__Bacteroidales; f__Prevotellaceae; g__Prevotella
df2bca7efb36afde2faa8493a4495292	d__Bacteria; p__Bacteroidota; c__Bacteroidia; o__Bacteroidales; f__Prevotellaceae; g__Prevotella
84232adf3836a7be13712b95692519ba	d__Bacteria; p__Bacteroidota; c__Bacteroidia; o__Bacteroidales; f__Prevotellaceae
62d4208b1cc508111bb161672ccab865	d__Bacteria; p__Bacteroidota; c__Bacteroidia; o__Bacteroidales; f__Prevotellaceae; g__Prevotella
ba1e4f78901cdae4a6c1d88850711f53	d__Bacteria; p__Bacteroidota; c__Bacteroidia; o__Bacteroidales; f__Prevotellaceae
99347a8061e1b127644f4c6fc23d2efd	d__Bacteria; p__Bacteroidota; c__Bacteroidia; o__Bacteroidales; f__Prevotellaceae; g__Prevotella; s__Prevotella_timonensis
b7cb7cf6252236ea32d4909407d56425	d__Bacteria; p__Bacteroidota; c__Bacteroidia; o__Bacteroidales; f__Prevotellaceae; g__uncultured; s__uncultured_organism
cb0d5326b4c8dce1aaf29d102056c7b1	d__Bacteria; p__Bacteroidota; c__Bacteroidia; o__Bacteroidales; f__Prevotellaceae; g__uncultured; s__uncultured_organism
20594201d0194433fa152f58fa4ae185	d__Bacteria; p__Bacteroidota; c__Bacteroidia; o__Bacteroidales; f__Prevotellaceae; g__uncultured; s__uncultured_organism
cda6825e646aaaa3bbbc648bdb25aca0	d__Bacteria; p__Bacteroidota; c__Bacteroidia; o__Bacteroidales; f__Prevotellaceae; g__uncultured; s__Prevotella_sp.
811191cd63805a318b31470807438834	d__Bacteria; p__Bacteroidota; c__Bacteroidia; o__Bacteroidales; f__Prevotellaceae; g__uncultured; s__Prevotella_sp.
0bccf4f0948f1faa03895d02805c0456	d__Bacteria; p__Bacteroidota; c__Bacteroidia; o__Bacteroidales; f__Prevotellaceae; g__Prevotella
1b65244d7969eda34c8f3661267ca080	d__Bacteria; p__Bacteroidota; c__Bacteroidia; o__Bacteroidales; f__Prevotellaceae; g__Prevotella
7f9dabce18c46cb72a2ab09df022a446	d__Bacteria; p__Bacteroidota; c__Bacteroidia; o__Bacteroidales; f__Prevotellaceae; g__Prevotella
bcf43f2983afe237ad0412cc5e65724f	d__Bacteria; p__Bacteroidota; c__Bacteroidia; o__Bacteroidales; f__Prevotellaceae; g__Prevotella
d92a8fd8a401fe1e54a03beee2b23613	d__Bacteria; p__Bacteroidota; c__Bacteroidia; o__Bacteroidales; f__Prevotellaceae; g__Prevotella; s__Prevotella_timonensis
69f7163d5077971253f287ab97417163	d__Bacteria; p__Bacteroidota; c__Bacteroidia; o__Bacteroidales; f__Prevotellaceae
be9ff2092cc9a6a861986f188996005a	d__Bacteria; p__Bacteroidota; c__Bacteroidia; o__Bacteroidales; f__Bacteroidaceae; g__Bacteroides
e312a892734545cddb35bae502c964a4	d__Bacteria; p__Bacteroidota; c__Bacteroidia; o__Bacteroidales; f__Barnesiellaceae; g__Barnesiella
aceefb14d9f58e464de4fe811901f93a	d__Bacteria; p__Bacteroidota; c__Bacteroidia; o__Bacteroidales; f__Prevotellaceae; g__Prevotella
f80a6651c48622068ae21b4a3afd92f4	d__Bacteria; p__Bacteroidota; c__Bacteroidia; o__Bacteroidales; f__Prevotellaceae; g__Prevotella
be427be939305dc665858b38e2a008a8	d__Bacteria; p__Bacteroidota; c__Bacteroidia; o__Bacteroidales; f__Prevotellaceae; g__Prevotella
b453492f293db044db3a0ea99f0eea81	d__Bacteria; p__Bacteroidota; c__Bacteroidia; o__Bacteroidales; f__Prevotellaceae; g__Prevotella; s__uncultured_bacterium
4472e186eaa868d8debe8dfb29467902	d__Bacteria; p__Bacteroidota; c__Bacteroidia; o__Bacteroidales; f__Prevotellaceae; g__Prevotella
4574b774f9c35cb20ec5e51654936e8a	d__Bacteria; p__Bacteroidota; c__Bacteroidia; o__Bacteroidales; f__Prevotellaceae; g__Prevotella
23352fa3f0aa9871d29d94a536f86629	d__Bacteria; p__Bacteroidota; c__Bacteroidia; o__Bacteroidales; f__Prevotellaceae; g__Prevotella; s__uncultured_bacterium
65f782698896d7ba5eafaf02f134bab1	d__Bacteria; p__Bacteroidota; c__Bacteroidia; o__Bacteroidales; f__Prevotellaceae; g__Prevotella
a3290f839e85e52dd7a5297a2b096a0e	d__Bacteria; p__Bacteroidota; c__Bacteroidia; o__Bacteroidales; f__Prevotellaceae; g__Prevotella
9288fe93d6d6881fcfbc3acfe2c4917c	d__Bacteria; p__Bacteroidota; c__Bacteroidia; o__Bacteroidales
66b0b8f89439641574b25f0df9405976	d__Bacteria; p__Bacteroidota; c__Bacteroidia; o__Bacteroidales; f__Prevotellaceae; g__Prevotella; s__uncultured_bacterium
00734abbdaefedd12be17b043eb8917d	d__Bacteria; p__Bacteroidota; c__Bacteroidia; o__Bacteroidales; f__Prevotellaceae; g__Prevotella
71eb98ace4a3c88dcfadc4293b0324ed	d__Bacteria; p__Bacteroidota; c__Bacteroidia; o__Bacteroidales; f__Prevotellaceae; g__Prevotella
16fdc1647ff7ba540aa5ee410a51f22c	d__Bacteria; p__Bacteroidota; c__Bacteroidia; o__Bacteroidales; f__Prevotellaceae; g__Prevotella
c0718a1f078d2863feb2ea8563e5246f	d__Bacteria; p__Bacteroidota; c__Bacteroidia; o__Bacteroidales; f__Prevotellaceae; g__Prevotella
6197e3e1a68e83c88714707e28921a2e	d__Bacteria; p__Bacteroidota; c__Bacteroidia; o__Bacteroidales; f__Prevotellaceae; g__Prevotella
9de25f4ff8ea4b72af8d7e7b1d119521	d__Bacteria; p__Bacteroidota; c__Bacteroidia; o__Bacteroidales; f__Prevotellaceae; g__Prevotella
822e2f20a6a53fa82790a6a20da5e14e	d__Bacteria; p__Bacteroidota; c__Bacteroidia; o__Bacteroidales; f__Prevotellaceae; g__Prevotella
2ddc88eb43ab2cb81eff0d19a12decae	d__Bacteria; p__Bacteroidota; c__Bacteroidia; o__Bacteroidales; f__Prevotellaceae; g__Prevotella
196b32c97a7311741847d483efe11b01	d__Bacteria; p__Bacteroidota; c__Bacteroidia; o__Bacteroidales; f__Prevotellaceae; g__Prevotella
742a7c214415b1123b5378410e8ff04d	d__Bacteria; p__Bacteroidota; c__Bacteroidia; o__Bacteroidales; f__Prevotellaceae; g__Prevotella
bddddfc88e7bcf9fffa9119143175ed5	d__Bacteria; p__Bacteroidota; c__Bacteroidia; o__Bacteroidales; f__Prevotellaceae; g__Prevotella
e9d6eea013329bf7f0781e1bb3d8a5b9	d__Bacteria; p__Bacteroidota; c__Bacteroidia; o__Bacteroidales; f__Prevotellaceae; g__Prevotella
ccc8bedab6523b7b76e2693b994ffa39	d__Bacteria; p__Bacteroidota; c__Bacteroidia; o__Bacteroidales; f__Prevotellaceae; g__Prevotella; s__uncultured_bacterium
a824b6f281317572bc6fea702d48e0a4	d__Bacteria; p__Bacteroidota; c__Bacteroidia; o__Bacteroidales; f__Prevotellaceae; g__Prevotella; s__uncultured_bacterium
134791301dbd6aa85a5947bdc93b69c1	d__Bacteria; p__Bacteroidota; c__Bacteroidia; o__Bacteroidales; f__Prevotellaceae; g__Prevotella
9ec13f27006fe4016a79a2b36e30bbe0	d__Bacteria; p__Bacteroidota; c__Bacteroidia; o__Bacteroidales; f__Prevotellaceae; g__Prevotella
cec6b91398bfcf5c5b75e21838f684ce	d__Bacteria; p__Bacteroidota; c__Bacteroidia; o__Bacteroidales; f__Prevotellaceae; g__Prevotella
2324a4db56197b6ea1eb773f9e4aeccc	d__Bacteria; p__Bacteroidota; c__Bacteroidia; o__Bacteroidales; f__Prevotellaceae; g__Prevotella; s__uncultured_Wautersiella
705f672fbc1d9b802645624393e84e69	d__Bacteria; p__Bacteroidota; c__Bacteroidia; o__Bacteroidales; f__Prevotellaceae; g__Prevotella
b18864a9935e29bdfd389e1fa0320d27	d__Bacteria; p__Bacteroidota; c__Bacteroidia; o__Bacteroidales; f__Prevotellaceae
98dabe2e38afcabc546b0a7b963a099c	d__Bacteria; p__Bacteroidota; c__Bacteroidia; o__Bacteroidales; f__Prevotellaceae; g__Prevotella
8d6898f63ec31ee2386fbd5b30009d67	d__Bacteria; p__Bacteroidota; c__Bacteroidia; o__Bacteroidales; f__Prevotellaceae; g__Prevotella
f7c818041d61e5225b8f740b6cd97c68	d__Bacteria; p__Bacteroidota; c__Bacteroidia; o__Bacteroidales; f__Prevotellaceae; g__Prevotella
10a91a019abea433576c28613dbca641	d__Bacteria; p__Bacteroidota; c__Bacteroidia; o__Bacteroidales; f__Prevotellaceae; g__Prevotella
2573c89ab74bb84577304135d72089d5	d__Bacteria; p__Bacteroidota; c__Bacteroidia; o__Bacteroidales; f__Prevotellaceae; g__Prevotella
bd60c31a2a12c2ac1ac4a7a6c0c680b1	d__Bacteria; p__Bacteroidota; c__Bacteroidia; o__Bacteroidales; f__Prevotellaceae; g__Prevotella
8bee660b12801232684cc0ac91766346	d__Bacteria; p__Bacteroidota; c__Bacteroidia; o__Bacteroidales; f__Prevotellaceae; g__Prevotella
0a9e65404665e19c455421f73421f240	d__Bacteria; p__Bacteroidota; c__Bacteroidia; o__Bacteroidales; f__Prevotellaceae; g__Prevotella
6f41965d54eb28c04610a4f54a02d027	d__Bacteria; p__Bacteroidota; c__Bacteroidia; o__Bacteroidales; f__Prevotellaceae; g__Prevotella
b829fe38430670347ebc952235d03473	d__Bacteria; p__Bacteroidota; c__Bacteroidia; o__Bacteroidales; f__Prevotellaceae; g__Prevotella
53b41ea313ec01bbada733400f84a9eb	d__Bacteria; p__Bacteroidota; c__Bacteroidia; o__Bacteroidales; f__Prevotellaceae; g__Prevotella
574ce70463779c6b9ee51e826213c518	d__Bacteria; p__Bacteroidota; c__Bacteroidia; o__Bacteroidales; f__Prevotellaceae; g__Prevotella
e5d4f58e92dc850c3f8c5beb0c876140	d__Bacteria; p__Bacteroidota; c__Bacteroidia; o__Bacteroidales; f__Prevotellaceae; g__Prevotella
0dd0ce7558c098f6d5734e463cb33687	d__Bacteria; p__Bacteroidota; c__Bacteroidia; o__Bacteroidales; f__Prevotellaceae; g__Prevotella
c4f7cd6f138a777113c9f7d4fc806535	d__Bacteria; p__Bacteroidota; c__Bacteroidia; o__Bacteroidales; f__Prevotellaceae; g__Prevotella
15559c034fc4f0035462ac552537521c	d__Bacteria; p__Bacteroidota; c__Bacteroidia; o__Bacteroidales; f__Prevotellaceae; g__Prevotella
272d4c47ff2669fb419078cc5aaa6d95	d__Bacteria; p__Bacteroidota; c__Bacteroidia; o__Bacteroidales; f__Prevotellaceae; g__Prevotella
f0b3f88297153f7a940adde18544f078	d__Bacteria; p__Bacteroidota; c__Bacteroidia; o__Bacteroidales; f__Prevotellaceae; g__Prevotella
c65dd3cdd18255b3a0187b8ded9b34f5	d__Bacteria; p__Bacteroidota; c__Bacteroidia; o__Bacteroidales; f__Prevotellaceae; g__Prevotella
c964ff8825df7d60a5edc07bb4e14735	d__Bacteria; p__Bacteroidota; c__Bacteroidia; o__Bacteroidales; f__Prevotellaceae; g__Prevotella; s__uncultured_bacterium
1fc3452c5809c861dc95d0284e523939	d__Bacteria; p__Bacteroidota; c__Bacteroidia; o__Bacteroidales; f__Prevotellaceae; g__Prevotella; s__Prevotella_buccalis
afcf383a795b468145d1ba01960fbac0	d__Bacteria; p__Bacteroidota; c__Bacteroidia; o__Bacteroidales; f__Prevotellaceae
f1d8eb15e9d1729142ee7ca200afa7fb	d__Bacteria; p__Bacteroidota; c__Bacteroidia; o__Bacteroidales; f__Prevotellaceae; g__Prevotella; s__Prevotella_buccalis
2fb63898fbbd96efb0b53e8b812af975	d__Bacteria; p__Bacteroidota; c__Bacteroidia; o__Bacteroidales; f__Prevotellaceae; g__Prevotella; s__Prevotella_buccalis
fa7d3c5aa5627b19cfaf79c7aed02768	d__Bacteria; p__Bacteroidota; c__Bacteroidia; o__Bacteroidales; f__Prevotellaceae; g__Prevotella; s__Prevotella_timonensis
60d43464780cf30943bc404009f86060	d__Bacteria; p__Bacteroidota; c__Bacteroidia; o__Bacteroidales; f__Prevotellaceae; g__Prevotella; s__Prevotella_timonensis
175b1f1a117a51f693e0abec8ebbff4e	d__Bacteria; p__Bacteroidota; c__Bacteroidia; o__Bacteroidales; f__Rikenellaceae; g__Alistipes
51b6786a5a5aa4333838884cefa7a974	d__Bacteria; p__Bacteroidota; c__Bacteroidia; o__Bacteroidales
b5b4184eb1cf2011e0a1b1a63082725c	d__Bacteria; p__Bacteroidota; c__Bacteroidia; o__Bacteroidales; f__Prevotellaceae; g__Prevotella; s__Trichuris_trichiura
d26357f3a8464242a930bc75ca44cdf0	d__Bacteria; p__Bacteroidota; c__Bacteroidia; o__Bacteroidales; f__Prevotellaceae
150abb5e45bf84a984d6e30248341866	d__Bacteria; p__Bacteroidota; c__Bacteroidia; o__Bacteroidales; f__Prevotellaceae; g__Prevotella
721b6efc4ec22fd167dfea395f7e7755	d__Bacteria; p__Bacteroidota; c__Bacteroidia; o__Bacteroidales
03da75eed20566fd64d991effcee246b	d__Bacteria; p__Bacteroidota; c__Bacteroidia; o__Bacteroidales; f__uncultured; g__uncultured; s__uncultured_bacterium
ec65ab0bfa10ee21f68a9c4bf1910486	d__Bacteria; p__Bacteroidota; c__Bacteroidia; o__Bacteroidales; f__uncultured; g__uncultured; s__uncultured_bacterium
eb8c1dff507a1b6f6dbda036a8a16591	d__Bacteria; p__Bacteroidota; c__Bacteroidia; o__Bacteroidales
c07a6678d2dbc4fdcbf325f28e33c666	d__Bacteria
a45ff27aba2f80a9c8220d875a28f3e9	d__Bacteria; p__Bacteroidota; c__Bacteroidia; o__Bacteroidales; f__uncultured; g__uncultured
89516167db24cef0bf8c7779cf6fcab2	d__Bacteria; p__Bacteroidota; c__Bacteroidia; o__Bacteroidales; f__uncultured; g__uncultured; s__uncultured_bacterium
6c825e62ee7faf758139201ee3aa8052	d__Bacteria; p__Bacteroidota; c__Bacteroidia; o__Bacteroidales; f__Bacteroidaceae; g__Bacteroides
43e0d7a15a89904423cc00d6ebdd55b4	d__Bacteria; p__Bacteroidota; c__Bacteroidia; o__Bacteroidales; f__Porphyromonadaceae; g__Porphyromonas
fe48206d0ea718329269636336f33f70	d__Bacteria; p__Bacteroidota; c__Bacteroidia; o__Bacteroidales; f__Porphyromonadaceae; g__Porphyromonas
6b77f1e863254e5fe1831367a8eabe2f	d__Bacteria; p__Bacteroidota; c__Bacteroidia; o__Bacteroidales; f__Porphyromonadaceae; g__Porphyromonas; s__Porphyromonas_asaccharolytica
12d6045d98b09e56f7491a1c8f740c73	d__Bacteria; p__Bacteroidota; c__Bacteroidia; o__Bacteroidales; f__Porphyromonadaceae; g__Porphyromonas; s__Porphyromonas_asaccharolytica
2cbdb658e433f9775bf5ba038e1a2dd8	d__Bacteria; p__Bacteroidota; c__Bacteroidia; o__Bacteroidales; f__Porphyromonadaceae; g__Porphyromonas; s__Porphyromonas_asaccharolytica
564202013c1df23fe2dc363a4a30fc5a	d__Bacteria; p__Bacteroidota; c__Bacteroidia; o__Bacteroidales; f__Porphyromonadaceae; g__Porphyromonas; s__Porphyromonas_asaccharolytica
088c4390783bd09902de074ddcc710f0	d__Bacteria; p__Bacteroidota; c__Bacteroidia; o__Bacteroidales; f__Porphyromonadaceae; g__Porphyromonas; s__Porphyromonas_uenonis
bcf7c24f3e3fc5e5b6096cf805f7bfa8	d__Bacteria; p__Bacteroidota; c__Bacteroidia; o__Bacteroidales; f__Porphyromonadaceae; g__Porphyromonas
e485d47dfc70b59ff76c789b7ea5598c	d__Bacteria; p__Bacteroidota; c__Bacteroidia; o__Bacteroidales; f__Porphyromonadaceae; g__Porphyromonas
2e26879ca7f81122a1ceaa8739ccd2c3	d__Bacteria; p__Bacteroidota; c__Bacteroidia; o__Bacteroidales; f__Porphyromonadaceae; g__Porphyromonas; s__Porphyromonas_uenonis
ae4234950cd8186639ec6ca3a66248af	d__Bacteria; p__Bacteroidota; c__Bacteroidia; o__Bacteroidales; f__Porphyromonadaceae; g__Porphyromonas; s__Porphyromonas_uenonis
818823a057f0a9970a6ba813c5eed3ab	d__Bacteria; p__Bacteroidota; c__Bacteroidia; o__Bacteroidales; f__Tannerellaceae; g__Parabacteroides; s__Parabacteroides_gordonii
ea78a1efaee5dbe858bc5573983430e5	d__Bacteria; p__Bacteroidota; c__Bacteroidia; o__Bacteroidales; f__Tannerellaceae; g__Parabacteroides
1e861ebc09dda37454f9ec0d79e92730	d__Bacteria; p__Bacteroidota; c__Bacteroidia; o__Bacteroidales; f__Tannerellaceae; g__Parabacteroides
d4de047c576620ee3601ccd6d307ced6	d__Bacteria; p__Bacteroidota; c__Bacteroidia; o__Bacteroidales
2e01f393e80ce2b095a21955d256cf8f	d__Bacteria; p__Bacteroidota; c__Bacteroidia; o__Bacteroidales; f__Tannerellaceae; g__Parabacteroides
cc700e0e7ea71597e3664b2ea7e53db9	d__Bacteria; p__Bacteroidota; c__Bacteroidia; o__Bacteroidales; f__Tannerellaceae; g__Parabacteroides
e897adbc0ad63d0d4d50bb88865f5202	d__Bacteria; p__Bacteroidota; c__Bacteroidia; o__Bacteroidales; f__Tannerellaceae
72ea7e7ff3ef4c6382517d888a7b0baa	d__Bacteria; p__Bacteroidota; c__Bacteroidia; o__Bacteroidales; f__Tannerellaceae
de6d69433f2851cff6f26dec5710eb8a	d__Bacteria; p__Bacteroidota; c__Bacteroidia; o__Bacteroidales; f__Tannerellaceae
be8557d320ba2cb688eff15ba416eea6	d__Bacteria; p__Bacteroidota; c__Bacteroidia; o__Bacteroidales; f__Porphyromonadaceae; g__Porphyromonas
cf16c30352dcaf4a36a221eab177605d	d__Bacteria; p__Bacteroidota; c__Bacteroidia; o__Bacteroidales; f__Marinifilaceae; g__Butyricimonas; s__uncultured_organism
7b8d4f6b49d8b6a69cfed229ec0f0aef	d__Bacteria; p__Bacteroidota; c__Bacteroidia; o__Bacteroidales; f__Marinifilaceae; g__Butyricimonas; s__uncultured_bacterium
df730306beda2effe70affa32d39cf89	d__Bacteria; p__Bacteroidota; c__Bacteroidia; o__Bacteroidales; f__Bacteroidaceae; g__Bacteroides
1c735ee73ad4050f049aa1ee03b4ee87	d__Bacteria; p__Bacteroidota; c__Bacteroidia; o__Bacteroidales; f__Marinifilaceae; g__Butyricimonas; s__Butyricimonas_sp.
0b43998eeea2fabecbb4421355abe508	d__Bacteria; p__Bacteroidota; c__Bacteroidia; o__Bacteroidales; f__Marinifilaceae
f35688e1d21f093b4c47309a0f4ce43e	d__Bacteria; p__Bacteroidota; c__Bacteroidia; o__Bacteroidales; f__Marinifilaceae
24704f726f4ad2b27683980465051171	d__Bacteria; p__Bacteroidota; c__Bacteroidia; o__Bacteroidales; f__Marinifilaceae; g__Butyricimonas
a8cd49dd4db738216e6b7a373301c18e	d__Bacteria; p__Bacteroidota; c__Bacteroidia; o__Bacteroidales; f__Marinifilaceae; g__Butyricimonas
648741c96324a3fb9c988ab4e157d62f	d__Bacteria; p__Bacteroidota; c__Bacteroidia; o__Bacteroidales; f__Marinifilaceae; g__Butyricimonas
6f16eb136137bce24fe3aa6a72ee202c	d__Bacteria; p__Bacteroidota; c__Bacteroidia; o__Bacteroidales; f__Marinifilaceae; g__Butyricimonas; s__uncultured_organism
a0d90cab6203e783d8d65cb648d6a0bc	d__Bacteria; p__Bacteroidota; c__Bacteroidia; o__Bacteroidales; f__Marinifilaceae; g__Butyricimonas
d0b4f07a6cdde0d8af3fd2aaf909a51a	d__Bacteria; p__Bacteroidota; c__Bacteroidia; o__Bacteroidales; f__Marinifilaceae; g__Butyricimonas
1d73ede6f68730aecd5bede3c0bdc707	d__Bacteria; p__Bacteroidota; c__Bacteroidia; o__Bacteroidales; f__Marinifilaceae; g__Butyricimonas
39cc1a238daffaefb69557bb29034bdc	d__Bacteria
1b05b6d7c3065b6a40098b95600092a8	d__Bacteria; p__Bacteroidota; c__Bacteroidia; o__Bacteroidales; f__Marinifilaceae; g__Butyricimonas; s__uncultured_bacterium
4f5eb816e537f5a4c6f2f51e6724cfba	d__Bacteria; p__Bacteroidota; c__Bacteroidia; o__Bacteroidales; f__Marinifilaceae; g__Butyricimonas; s__uncultured_bacterium
99429f1fc8eef897ac6530e8f81733a4	d__Bacteria; p__Bacteroidota; c__Bacteroidia; o__Bacteroidales; f__Marinifilaceae; g__Butyricimonas
b4cbd8a9434e9c57408f1c0a8cdd7add	d__Bacteria; p__Bacteroidota; c__Bacteroidia; o__Bacteroidales; f__Marinifilaceae; g__Butyricimonas
cb402a5ba3c99d612907d47aeb611e5d	d__Bacteria; p__Bacteroidota; c__Bacteroidia; o__Bacteroidales; f__Marinifilaceae; g__Butyricimonas; s__uncultured_bacterium
3b4f57b8ad74fcbc6839ef863f26e794	d__Bacteria; p__Bacteroidota; c__Bacteroidia; o__Bacteroidales; f__Marinifilaceae; g__Butyricimonas; s__uncultured_bacterium
f9b8f467816adf1c2d125f702a581a0f	d__Bacteria; p__Bacteroidota; c__Bacteroidia; o__Bacteroidales; f__Marinifilaceae; g__Butyricimonas
e98e5b61e393afc495971c568728ac08	d__Bacteria; p__Bacteroidota; c__Bacteroidia; o__Bacteroidales; f__Marinifilaceae; g__Butyricimonas
43ff26241b954b78c27b95c37bbe38b2	d__Bacteria; p__Bacteroidota; c__Bacteroidia; o__Bacteroidales; f__Marinifilaceae; g__Butyricimonas
121ea57a0499ed3e23daebc1257d41a9	d__Bacteria; p__Bacteroidota; c__Bacteroidia; o__Bacteroidales; f__Marinifilaceae; g__Butyricimonas
de8d56209ae88d2fd6917a3de5560f94	d__Bacteria; p__Bacteroidota; c__Bacteroidia; o__Bacteroidales; f__Marinifilaceae; g__Butyricimonas; s__uncultured_bacterium
dff7fe24c63eb5cb0c50698cb8a1aeab	d__Bacteria; p__Bacteroidota; c__Bacteroidia; o__Bacteroidales; f__Barnesiellaceae; g__uncultured
7cda998f5f64cda3e68561eea82ede25	d__Bacteria; p__Bacteroidota; c__Bacteroidia; o__Bacteroidales; f__Muribaculaceae; g__Muribaculaceae
af7572c6cc630492d91e8ecd0850b5d1	d__Bacteria; p__Bacteroidota; c__Bacteroidia; o__Bacteroidales; f__Barnesiellaceae; g__Barnesiella
b82731ae6e2eb7246d6e9c7f3176a0d9	d__Bacteria; p__Bacteroidota; c__Bacteroidia; o__Bacteroidales; f__Barnesiellaceae; g__uncultured
61b7203da4a960f2f078641d89d60386	d__Bacteria; p__Bacteroidota; c__Bacteroidia; o__Bacteroidales; f__Barnesiellaceae; g__uncultured
7df3923ec2d30a16abe35c94001a38de	d__Bacteria; p__Bacteroidota; c__Bacteroidia; o__Bacteroidales; f__Barnesiellaceae; g__uncultured
f22115306d658b08f4c4404ceca45a4f	d__Bacteria; p__Bacteroidota; c__Bacteroidia; o__Bacteroidales; f__Barnesiellaceae; g__uncultured; s__uncultured_bacterium
a0612427f7c68097fe93bdab26b372c1	d__Bacteria; p__Bacteroidota; c__Bacteroidia; o__Bacteroidales; f__Muribaculaceae; g__Muribaculaceae; s__uncultured_bacterium
32b648fe89770fe8d398878f43890e9a	d__Bacteria; p__Desulfobacterota; c__Desulfovibrionia; o__Desulfovibrionales; f__Desulfovibrionaceae; g__Desulfovibrio
a593648c693fbc446cd9e695a71039be	d__Bacteria; p__Bacteroidota; c__Bacteroidia; o__Bacteroidales; f__Muribaculaceae; g__Muribaculaceae; s__uncultured_bacterium
13298630b4112bd1f234ab553e96d576	d__Bacteria; p__Bacteroidota; c__Bacteroidia; o__Bacteroidales; f__Muribaculaceae; g__Muribaculaceae; s__uncultured_bacterium
b81103604d723c4c3e7b982ce2e77f78	d__Bacteria; p__Bacteroidota; c__Bacteroidia; o__Bacteroidales; f__Muribaculaceae; g__Muribaculaceae; s__uncultured_bacterium
4f935d91a90dd31cce22f8f5b0621c93	d__Bacteria; p__Bacteroidota; c__Bacteroidia; o__Bacteroidales
965c51a726352b7115d328d4641f255b	d__Bacteria; p__Bacteroidota; c__Bacteroidia; o__Bacteroidales; f__Marinifilaceae; g__Butyricimonas
c969cb5729c5d0c6634238381392c2ec	d__Bacteria; p__Bacteroidota; c__Bacteroidia; o__Bacteroidales; f__Tannerellaceae; g__Parabacteroides
9b90dbf08cfb9fcffd958e5b48e18a1f	d__Bacteria; p__Bacteroidota; c__Bacteroidia; o__Bacteroidales; f__Tannerellaceae; g__Parabacteroides
a57bda7bc687317748304440daaccebf	d__Bacteria; p__Bacteroidota; c__Bacteroidia; o__Bacteroidales; f__Marinifilaceae; g__Butyricimonas
244a2e705d46ce97ea1bdf78f18974e9	d__Bacteria; p__Bacteroidota; c__Bacteroidia; o__Bacteroidales; f__Marinifilaceae; g__Butyricimonas; s__uncultured_organism
e492c6f08d0268ec27f6bc37d7335440	d__Bacteria; p__Bacteroidota; c__Bacteroidia; o__Bacteroidales; f__Marinifilaceae; g__Butyricimonas
121bc638ce218805731a1e89512aaa9b	d__Bacteria; p__Bacteroidota; c__Bacteroidia; o__Bacteroidales; f__Marinifilaceae; g__Butyricimonas; s__uncultured_bacterium
1361ed26f99a34cf6edf7add53d784d6	d__Bacteria
752f3caf9c41a5f5e593fedd399ece49	d__Bacteria; p__Bacteroidota; c__Bacteroidia; o__Bacteroidales; f__Marinifilaceae; g__Butyricimonas
13350265bc5305d20fab52787ce12169	d__Bacteria; p__Bacteroidota; c__Bacteroidia; o__Bacteroidales; f__Marinifilaceae; g__Sanguibacteroides; s__Gabonibacter_massiliensis
6d07ebb71e28a1b33599bb6f07a0f5c3	d__Bacteria; p__Bacteroidota; c__Bacteroidia; o__Bacteroidales; f__Barnesiellaceae; g__Coprobacter
799bc3da259841efd3fb7f34b732a2e5	d__Bacteria; p__Bacteroidota; c__Bacteroidia; o__Bacteroidales; f__Marinifilaceae; g__Sanguibacteroides; s__Gabonibacter_massiliensis
8e588bbb5fae1393c4ea79af023764bd	d__Bacteria; p__Bacteroidota; c__Bacteroidia
b469dd865596d611ad51f71bc9171d17	d__Bacteria; p__Bacteroidota; c__Bacteroidia; o__Bacteroidales; f__Bacteroidaceae; g__Bacteroides
dced853c09096904f333dab6c8aab3b3	d__Bacteria; p__Bacteroidota; c__Bacteroidia; o__Bacteroidales; f__Prevotellaceae; g__Prevotella
7d70071b42c285e2c8d8dbdebb8509be	d__Bacteria; p__Bacteroidota; c__Bacteroidia; o__Bacteroidales; f__Bacteroidaceae; g__Bacteroides
3f90af435c34c1efc796d6bf76f7784a	d__Bacteria
91cfdac54fbb67f1e3cff9579b0871ff	d__Bacteria; p__Firmicutes; c__Clostridia; o__Oscillospirales; f__Oscillospiraceae; g__UCG-002; s__uncultured_bacterium
346b674e1bfb490bf14832baac794c8f	d__Bacteria; p__Firmicutes; c__Clostridia; o__Oscillospirales; f__Oscillospiraceae
9fc2f7374c44fecb3ec8a41f64daeab2	d__Bacteria
0ebd60b88f1f65fa79ef65339e12c942	d__Bacteria; p__Bacteroidota; c__Bacteroidia; o__Bacteroidales; f__Bacteroidaceae; g__Bacteroides
7b4575d805eead46f15fc59950bcc41d	d__Bacteria; p__Bacteroidota; c__Bacteroidia; o__Bacteroidales; f__Bacteroidaceae; g__Bacteroides
12649d8c5ae440d8f4c2b9d82a88d328	d__Bacteria; p__Bacteroidota; c__Bacteroidia; o__Bacteroidales; f__Bacteroidaceae; g__Bacteroides
bf94d758c68bec115a9cc2ecaa1337de	d__Bacteria; p__Bacteroidota; c__Bacteroidia; o__Bacteroidales; f__Prevotellaceae; g__Prevotella; s__Prevotella_stercorea
c1f287f89073881d6b4f74120270e185	d__Bacteria; p__Bacteroidota; c__Bacteroidia; o__Bacteroidales; f__Prevotellaceae
92a49fc26ea97ca2f09c16137ae78c32	d__Bacteria; p__Bacteroidota; c__Bacteroidia; o__Bacteroidales; f__Marinifilaceae; g__Butyricimonas
ab97adfb2544d0a75615ba44b536bbe9	d__Bacteria; p__Bacteroidota; c__Bacteroidia; o__Bacteroidales; f__Bacteroidaceae; g__Bacteroides
81e687586a04bc599be9045b60d65aeb	d__Bacteria; p__Bacteroidota; c__Bacteroidia; o__Bacteroidales; f__Bacteroidaceae; g__Bacteroides
a14977ccb169fe39ad137cb276f36b3c	d__Bacteria; p__Bacteroidota; c__Bacteroidia; o__Bacteroidales; f__Bacteroidaceae; g__Bacteroides
bd396f4b95c6384f2f9b010ba18319e1	d__Bacteria; p__Bacteroidota; c__Bacteroidia; o__Bacteroidales; f__Prevotellaceae; g__Prevotella
1a4eb37b42c2d5ebb01de201e27d55e7	d__Bacteria; p__Bacteroidota; c__Bacteroidia; o__Bacteroidales; f__Bacteroidaceae; g__Bacteroides
76abfbd5dd934b6c0f7696964503e250	d__Bacteria; p__Bacteroidota; c__Bacteroidia
f3dfd778e2940daaafb1801e00690522	d__Bacteria
cf0836ac6eed6e1265a335a9479ca061	d__Bacteria; p__Bacteroidota; c__Bacteroidia; o__Bacteroidales; f__Bacteroidaceae; g__Bacteroides
7e7ab2a6a12e714db3acfd0611955d3e	d__Bacteria; p__Bacteroidota; c__Bacteroidia; o__Bacteroidales; f__Bacteroidaceae; g__Bacteroides
de9e80f3dc7b200cd720203d2ba472b5	d__Bacteria; p__Bacteroidota; c__Bacteroidia; o__Bacteroidales; f__Bacteroidaceae; g__Bacteroides
9de93bcc5337ccad40e7c44d448363ce	d__Bacteria; p__Bacteroidota; c__Bacteroidia; o__Bacteroidales; f__Bacteroidaceae; g__Bacteroides
4c50f900b1110fb091e546c269f57b18	d__Bacteria; p__Bacteroidota; c__Bacteroidia; o__Bacteroidales; f__Bacteroidaceae; g__Bacteroides
0e8066663a5766e1a0c251f58cf2f1ea	d__Bacteria; p__Bacteroidota; c__Bacteroidia; o__Bacteroidales; f__Bacteroidaceae; g__Bacteroides
b22acaa327ea58aab63b49946be75c66	d__Bacteria; p__Bacteroidota; c__Bacteroidia; o__Bacteroidales; f__Bacteroidaceae; g__Bacteroides
be0f09843a0aa510d76c839aa94115a2	d__Bacteria; p__Bacteroidota; c__Bacteroidia; o__Bacteroidales; f__Bacteroidaceae; g__Bacteroides
f232acae399113e3c04fbc386b9b926d	d__Bacteria; p__Bacteroidota; c__Bacteroidia; o__Bacteroidales; f__Bacteroidaceae; g__Bacteroides
38a83a59599bbbb540d5ad70aef71952	d__Bacteria; p__Bacteroidota; c__Bacteroidia; o__Bacteroidales; f__Bacteroidaceae; g__Bacteroides
a757a67b01a900ccc1cf7ff640f5ee0d	d__Bacteria; p__Bacteroidota; c__Bacteroidia; o__Bacteroidales; f__Bacteroidaceae; g__Bacteroides
7a6db0c943cd73d922cb11d3f15045a7	d__Bacteria; p__Bacteroidota; c__Bacteroidia; o__Bacteroidales; f__Bacteroidaceae; g__Bacteroides
3d045bdac442a71ce8c52b8e65750d1c	d__Bacteria; p__Bacteroidota; c__Bacteroidia; o__Bacteroidales; f__Bacteroidaceae; g__Bacteroides
edca8d387204971f23c4ad3d65954911	d__Bacteria; p__Bacteroidota; c__Bacteroidia; o__Bacteroidales; f__Bacteroidaceae; g__Bacteroides
6d7a626511d397752107aadfaae7a758	d__Bacteria; p__Bacteroidota; c__Bacteroidia; o__Bacteroidales; f__Bacteroidaceae; g__Bacteroides
196b61ad9cdc80111391eaa491d4777c	d__Bacteria; p__Bacteroidota; c__Bacteroidia; o__Bacteroidales; f__Bacteroidaceae; g__Bacteroides
d86ed1e20f72303ef7182b0fa6caad5c	d__Bacteria; p__Firmicutes; c__Clostridia; o__Oscillospirales; f__Oscillospiraceae; g__Oscillospira; s__uncultured_organism
8d6d2b2caf6d646b9102f98d72b1c27f	d__Bacteria; p__Bacteroidota; c__Bacteroidia; o__Bacteroidales; f__Bacteroidaceae; g__Bacteroides
974005bd6be0a2edbdd554b906dd6631	d__Bacteria; p__Bacteroidota; c__Bacteroidia; o__Bacteroidales; f__Bacteroidaceae; g__Bacteroides
ccc7bdfd5050152fbf9a7fce3595ecbe	d__Bacteria; p__Bacteroidota; c__Bacteroidia; o__Bacteroidales; f__Prevotellaceae
4594708bf3a31b0e2b6f52d5fa19d6d5	d__Bacteria; p__Bacteroidota; c__Bacteroidia; o__Bacteroidales; f__Prevotellaceae; g__Prevotellaceae_NK3B31_group; s__uncultured_organism
face9e2aea6206baffb70a09c91747cb	d__Bacteria; p__Bacteroidota; c__Bacteroidia; o__Bacteroidales; f__Prevotellaceae; g__Prevotellaceae_NK3B31_group; s__uncultured_organism
8975d84a98a2d69d32992c063db3e535	d__Bacteria; p__Firmicutes; c__Clostridia; o__Oscillospirales
39c5fb34f7973a3c4e9383b72511a504	d__Bacteria; p__Bacteroidota; c__Bacteroidia; o__Bacteroidales; f__Prevotellaceae
0f74eabfb0a7c69f7bec6958b433c792	d__Bacteria; p__Bacteroidota; c__Bacteroidia; o__Bacteroidales; f__Bacteroidales_Incertae_Sedis; g__Phocaeicola; s__Phocaeicola_abscessus
8ebdffa215203156f7c44457974c1055	d__Bacteria; p__Firmicutes; c__Clostridia; o__Oscillospirales
f2c7247f4f28eda678957ef3e9d9c873	d__Bacteria; p__Proteobacteria; c__Gammaproteobacteria; o__Enterobacterales; f__Enterobacteriaceae; g__Escherichia-Shigella
7adeaa12e6864a16130a85c473a7fd79	d__Bacteria; p__Bacteroidota; c__Bacteroidia; o__Bacteroidales; f__Bacteroidaceae; g__Bacteroides
32d13a37b091136ef960a0a8d7c0df45	d__Bacteria; p__Bacteroidota; c__Bacteroidia; o__Bacteroidales; f__Tannerellaceae
89d94d0d0939b0069c99f7dc53636b5b	d__Bacteria; p__Bacteroidota; c__Bacteroidia; o__Bacteroidales; f__Bacteroidaceae; g__Bacteroides
2a6384ba138d1c0b3bff2e85de06a36d	d__Bacteria; p__Bacteroidota; c__Bacteroidia; o__Bacteroidales; f__Bacteroidaceae; g__Bacteroides
47b82f32df43f3b746fc4dd0f1bb2207	d__Bacteria; p__Bacteroidota; c__Bacteroidia
e7aca9a3607f4aac4e7f0ed3c8d73d57	d__Bacteria; p__Bacteroidota; c__Bacteroidia; o__Bacteroidales; f__Bacteroidaceae; g__Bacteroides
2ea74d5e7a1d0a7ed03c370b0de8389a	d__Bacteria; p__Bacteroidota; c__Bacteroidia; o__Bacteroidales; f__Bacteroidaceae; g__Bacteroides
77135eb0e23fae4589fedc1d013039e6	d__Bacteria; p__Bacteroidota; c__Bacteroidia; o__Bacteroidales; f__Bacteroidaceae; g__Bacteroides
dd04e2e20344748ca075f1f4b96ea86a	d__Bacteria; p__Bacteroidota; c__Bacteroidia; o__Bacteroidales; f__Bacteroidaceae; g__Bacteroides
25efac2beea85b358fc236189e142b9d	d__Bacteria; p__Bacteroidota; c__Bacteroidia; o__Bacteroidales; f__Bacteroidaceae; g__Bacteroides
60673b3df5e687310394a94e66993b74	d__Bacteria; p__Bacteroidota; c__Bacteroidia; o__Bacteroidales; f__Bacteroidaceae; g__Bacteroides
5882fa4fd7a1d10191b9b960c9418446	d__Bacteria; p__Bacteroidota; c__Bacteroidia; o__Bacteroidales; f__Bacteroidaceae; g__Bacteroides
d39ed78e914d14db406539b600d759a6	d__Bacteria; p__Bacteroidota; c__Bacteroidia; o__Bacteroidales; f__Bacteroidaceae; g__Bacteroides
0f221aa033e2bb5ee52440713a82f1f2	d__Bacteria; p__Bacteroidota; c__Bacteroidia; o__Bacteroidales; f__Bacteroidaceae; g__Bacteroides
ee13021039eea6bfb7413d5e53232ac4	d__Bacteria; p__Bacteroidota; c__Bacteroidia; o__Bacteroidales; f__Bacteroidaceae; g__Bacteroides
9a172d55049ef94bc3b44a5905e6491f	d__Bacteria; p__Bacteroidota; c__Bacteroidia; o__Bacteroidales; f__Bacteroidaceae; g__Bacteroides
f682a4afa7bdc0bc1a6fb6c3df5ff4dd	d__Bacteria; p__Bacteroidota; c__Bacteroidia; o__Bacteroidales; f__Bacteroidaceae; g__Bacteroides
038d0f45fd3af54482d469fe146998ec	d__Bacteria; p__Bacteroidota; c__Bacteroidia; o__Bacteroidales; f__Bacteroidaceae; g__Bacteroides
3a77bb182708462ee638cc8069507161	d__Bacteria; p__Bacteroidota; c__Bacteroidia; o__Bacteroidales; f__Bacteroidaceae; g__Bacteroides
dc5a20f254ce4eba05980ae6ba6b89a5	d__Bacteria; p__Bacteroidota; c__Bacteroidia; o__Bacteroidales; f__Bacteroidaceae; g__Bacteroides
163a74859cabb69b9031efbacc1c42f6	d__Bacteria; p__Bacteroidota; c__Bacteroidia; o__Bacteroidales; f__Prevotellaceae; g__Prevotella
f0cdd5e69ceb1b37620e8aae1b0d4184	d__Bacteria; p__Bacteroidota; c__Bacteroidia; o__Bacteroidales; f__Muribaculaceae; g__Muribaculaceae; s__uncultured_Porphyromonadaceae
68c3209a35a9ba6e307efe4473f28096	d__Bacteria; p__Bacteroidota; c__Bacteroidia; o__Bacteroidales; f__Muribaculaceae; g__Muribaculaceae; s__uncultured_Porphyromonadaceae
463097e40d9b8127fc896ea70ead081f	d__Bacteria; p__Bacteroidota; c__Bacteroidia; o__Bacteroidales; f__Muribaculaceae; g__Muribaculaceae; s__uncultured_Porphyromonadaceae
eba2b90911cf676fb4730bbe66c1b77c	d__Bacteria; p__Bacteroidota; c__Bacteroidia; o__Bacteroidales; f__Muribaculaceae; g__Muribaculaceae; s__uncultured_Porphyromonadaceae
4d522cdcc7bff3c352f60658a9cb04ed	d__Bacteria; p__Bacteroidota; c__Bacteroidia; o__Bacteroidales; f__Muribaculaceae; g__Muribaculaceae; s__uncultured_bacterium
3a778daea11e0b81f28a8e627d7080e7	d__Bacteria; p__Bacteroidota; c__Bacteroidia; o__Bacteroidales; f__Muribaculaceae; g__Muribaculaceae; s__uncultured_Porphyromonadaceae
6e766edcb1524bfb65b28fb936e8566e	d__Bacteria; p__Bacteroidota; c__Bacteroidia; o__Bacteroidales; f__Bacteroidaceae; g__Bacteroides
fbf1d1f623838e57fd187259a038dd76	d__Bacteria; p__Firmicutes; c__Clostridia; o__Oscillospirales; f__Oscillospiraceae
cdb17ccec5ab55274f5a90a8107c9682	d__Bacteria; p__Bacteroidota; c__Bacteroidia; o__Bacteroidales; f__Bacteroidaceae; g__Bacteroides
8e19005063f650f1ba4f09bb4f1201f3	d__Bacteria; p__Bacteroidota; c__Bacteroidia; o__Bacteroidales; f__Bacteroidaceae; g__Bacteroides; s__Bacteroides_kribbi
4d02405cc516b776fa4c37abf7858ba0	d__Bacteria; p__Bacteroidota; c__Bacteroidia; o__Bacteroidales
7bb63f60fcb8ed39ac39d02d5b2a5cd1	d__Bacteria; p__Bacteroidota; c__Bacteroidia; o__Bacteroidales; f__Bacteroidaceae; g__Bacteroides; s__Bacteroides_kribbi
a7a83435f45fc831260d8d50f6451213	d__Bacteria; p__Bacteroidota; c__Bacteroidia; o__Bacteroidales; f__Bacteroidaceae; g__Bacteroides
baac8aa8a3e590a80c79f2f58a614bc5	d__Bacteria; p__Bacteroidota; c__Bacteroidia; o__Bacteroidales; f__Bacteroidaceae; g__Bacteroides
4cc7a8bbb6390d383a6d51846251fa0a	d__Bacteria; p__Bacteroidota; c__Bacteroidia; o__Bacteroidales; f__Bacteroidaceae; g__Bacteroides
144880ffac2c3b9c5524ca79fd1535c2	d__Bacteria; p__Bacteroidota; c__Bacteroidia; o__Bacteroidales; f__Bacteroidaceae; g__Bacteroides
0326806b0dba62276ba85f28ca72bc20	d__Bacteria; p__Bacteroidota; c__Bacteroidia; o__Bacteroidales; f__Bacteroidaceae; g__Bacteroides
3712254bfcdb30bc1587c17db99851bf	d__Bacteria; p__Bacteroidota; c__Bacteroidia; o__Bacteroidales; f__Bacteroidaceae; g__Bacteroides
d01453ed0123ec5328f1cb65f94c5320	d__Bacteria; p__Bacteroidota; c__Bacteroidia; o__Bacteroidales; f__Bacteroidaceae; g__Bacteroides; s__bacterium_New
ea1279422659d2c32f18698edc6ad6a0	d__Bacteria; p__Bacteroidota; c__Bacteroidia; o__Bacteroidales; f__Bacteroidaceae; g__Bacteroides; s__bacterium_New
b8d4e511f7733179dbbe712e33d18b26	d__Bacteria; p__Bacteroidota; c__Bacteroidia; o__Bacteroidales; f__Bacteroidaceae; g__Bacteroides; s__bacterium_New
574fbde6574c38fdd7972eeb6ffecbbe	d__Bacteria; p__Bacteroidota; c__Bacteroidia; o__Bacteroidales; f__Bacteroidaceae; g__Bacteroides; s__bacterium_New
64ebf41afab249513d0ec56ff6dd0117	d__Bacteria; p__Bacteroidota; c__Bacteroidia; o__Bacteroidales; f__Bacteroidaceae; g__Bacteroides; s__bacterium_New
fc7b6be7171823fd13bf3b53d4bdecd3	d__Bacteria; p__Bacteroidota; c__Bacteroidia; o__Bacteroidales; f__Bacteroidaceae; g__Bacteroides
1b23bf53d224ad1d801262a2e802d40b	d__Bacteria; p__Bacteroidota; c__Bacteroidia; o__Bacteroidales; f__Bacteroidaceae; g__Bacteroides; s__Bacteroides_finegoldii
1f5d39302a6dbb21c90f889bcf0cd865	d__Bacteria; p__Bacteroidota; c__Bacteroidia; o__Bacteroidales; f__Bacteroidaceae; g__Bacteroides; s__Bacteroides_finegoldii
37616e5fc05cd320881134a8d2e6edcb	d__Bacteria; p__Bacteroidota; c__Bacteroidia; o__Bacteroidales; f__Bacteroidaceae; g__Bacteroides
0628acb1e123ff4e555e403436741d4d	d__Bacteria; p__Bacteroidota; c__Bacteroidia; o__Bacteroidales; f__Bacteroidaceae; g__Bacteroides
babd4eecd8dc21ad7c2e65957e76c355	d__Bacteria; p__Bacteroidota; c__Bacteroidia; o__Bacteroidales; f__Bacteroidaceae; g__Bacteroides; s__Bacteroides_kribbi
3e271f4c8e7bdf2548b515496d1b9e4e	d__Bacteria; p__Bacteroidota; c__Bacteroidia; o__Bacteroidales; f__uncultured; g__uncultured; s__gut_metagenome
cb4a32931e8d16e74c36b3732630d960	d__Bacteria; p__Bacteroidota; c__Bacteroidia; o__Bacteroidales; f__uncultured; g__uncultured; s__gut_metagenome
f766418e5f76eccb64877f1992d757fd	d__Bacteria; p__Bacteroidota; c__Bacteroidia; o__Bacteroidales; f__uncultured; g__uncultured; s__gut_metagenome
83a69bacd67352d729b983344104ae7e	d__Bacteria; p__Bacteroidota; c__Bacteroidia; o__Bacteroidales; f__Prevotellaceae; g__Paraprevotella; s__Paraprevotella_xylaniphila
c5c7381e756929cb28cbd9fc06460469	d__Bacteria; p__Bacteroidota; c__Bacteroidia; o__Bacteroidales; f__Prevotellaceae; g__Paraprevotella; s__Paraprevotella_xylaniphila
bfa7da1990f01e3f1fa4e9884f44541b	d__Bacteria; p__Bacteroidota; c__Bacteroidia; o__Bacteroidales; f__Prevotellaceae; g__Prevotella; s__uncultured_Bacteroidetes
1ffd8ecdfe01f7f42b0a893a85b6bfc2	d__Bacteria; p__Bacteroidota; c__Bacteroidia; o__Bacteroidales; f__Prevotellaceae; g__Prevotella; s__uncultured_Bacteroidetes
32c3dee20638578fbf80695a12c963d0	d__Bacteria; p__Bacteroidota; c__Bacteroidia; o__Bacteroidales
23074457eabf0148a851d2457499b4a5	d__Bacteria; p__Bacteroidota; c__Bacteroidia; o__Bacteroidales; f__Marinifilaceae; g__Butyricimonas; s__unidentified
e3f067c33dd6ef4dcaeb3c5da28e21e8	d__Bacteria
c4f585cedd5c527904538668b8f38ddb	d__Bacteria; p__Bacteroidota; c__Bacteroidia; o__Bacteroidales; f__Marinifilaceae; g__Butyricimonas
77c8afa588ae91a1143536c0b315c59b	d__Bacteria; p__Bacteroidota; c__Bacteroidia; o__Bacteroidales; f__Marinifilaceae; g__Butyricimonas; s__uncultured_organism
03e7c04bbdd6caec8c4747186a74351e	d__Bacteria; p__Bacteroidota; c__Bacteroidia; o__Bacteroidales; f__Marinifilaceae; g__Butyricimonas; s__uncultured_organism
77fe84bddc9e1e3b42fb4cc7349ed8ca	d__Bacteria; p__Bacteroidota; c__Bacteroidia; o__Bacteroidales; f__Marinifilaceae; g__Butyricimonas; s__uncultured_bacterium
6b2a5cc05afc39658c23150c3a249005	d__Bacteria; p__Bacteroidota; c__Bacteroidia; o__Bacteroidales
f06f7436d8f5289c82497f52e02d51f9	d__Bacteria; p__Bacteroidota; c__Bacteroidia; o__Bacteroidales; f__Marinifilaceae; g__Butyricimonas
c0e10841d761dd537bc553d463c70f46	d__Bacteria; p__Bacteroidota; c__Bacteroidia; o__Bacteroidales; f__Marinifilaceae; g__Butyricimonas
cfece1b1fe31ac9398bec10e91c835c7	d__Bacteria; p__Bacteroidota; c__Bacteroidia; o__Bacteroidales; f__Marinifilaceae; g__Butyricimonas; s__unidentified
edc577b6190431272787b3998574a3ee	d__Bacteria; p__Bacteroidota; c__Bacteroidia; o__Bacteroidales; f__Muribaculaceae; g__Muribaculaceae
b71c77d5844b097f506efdf48586d127	d__Bacteria; p__Bacteroidota; c__Bacteroidia; o__Bacteroidales; f__Muribaculaceae; g__Muribaculaceae; s__uncultured_bacterium
a3ee5332dfc054f0086852c35ca72476	d__Bacteria; p__Bacteroidota; c__Bacteroidia; o__Bacteroidales; f__Muribaculaceae; g__Muribaculaceae; s__uncultured_bacterium
21d5d57586a6b45a2f0791d0e3f637ef	d__Bacteria; p__Bacteroidota; c__Bacteroidia; o__Bacteroidales; f__Bacteroidaceae; g__Bacteroides
adb6473bb6b414d7781c13177ed020f2	d__Bacteria; p__Bacteroidota; c__Bacteroidia; o__Bacteroidales; f__Muribaculaceae; g__Muribaculaceae; s__uncultured_bacterium
b2526628258afe1353af1886faf39d1f	d__Bacteria; p__Bacteroidota; c__Bacteroidia; o__Bacteroidales; f__Bacteroidaceae; g__Bacteroides
37dd3eb9121b3953f4e1a8d988cd61da	d__Bacteria; p__Bacteroidota; c__Bacteroidia; o__Bacteroidales; f__Tannerellaceae; g__Parabacteroides
a151a76eb038fb6d561dc34f9bb5b0c2	d__Bacteria; p__Bacteroidota; c__Bacteroidia; o__Bacteroidales; f__Tannerellaceae; g__Parabacteroides
ec2db663596fdbb0ecae0bd316194340	d__Bacteria; p__Bacteroidota; c__Bacteroidia; o__Bacteroidales; f__Tannerellaceae; g__Parabacteroides
b01e7c3b6750a17895ac9d25616ef2b8	d__Bacteria; p__Bacteroidota; c__Bacteroidia; o__Bacteroidales
9a863374c0d6f97f17c7ed4913d103be	d__Bacteria; p__Bacteroidota; c__Bacteroidia; o__Bacteroidales; f__Tannerellaceae; g__Parabacteroides
2a0faba93885adf782b76a0bcbd66281	d__Bacteria; p__Bacteroidota; c__Bacteroidia; o__Bacteroidales; f__Tannerellaceae; g__Parabacteroides
768d008a8ffca0775ea6221eccafb155	d__Bacteria; p__Bacteroidota; c__Bacteroidia; o__Bacteroidales; f__Tannerellaceae; g__Parabacteroides
b3c8efa2e5eb9112b85660c2567d46ed	d__Bacteria; p__Bacteroidota; c__Bacteroidia; o__Bacteroidales; f__Tannerellaceae; g__Parabacteroides
1389bfdbcf5eb9017542a32f9d87163f	d__Bacteria; p__Bacteroidota; c__Bacteroidia; o__Bacteroidales; f__Marinifilaceae; g__Butyricimonas
95aadb0bbb92b1246ee441324586e268	d__Bacteria; p__Bacteroidota; c__Bacteroidia; o__Bacteroidales; f__Muribaculaceae; g__Muribaculaceae; s__uncultured_bacterium
b08dd3df56438e9e0fc6b9408c32c334	d__Bacteria; p__Bacteroidota; c__Bacteroidia; o__Bacteroidales; f__Muribaculaceae; g__Muribaculaceae
d1ac347e423efd354258c64279c4289f	d__Bacteria; p__Firmicutes; c__Clostridia; o__Oscillospirales
98b3be9dea12026fc26442d57ed54c6a	d__Bacteria; p__Firmicutes; c__Clostridia; o__Oscillospirales; f__Oscillospiraceae
8fce28cbd3433abca68ba3b483fcdbad	d__Bacteria; p__Bacteroidota; c__Bacteroidia; o__Bacteroidales; f__Bacteroidaceae; g__Bacteroides
34cf96ae9a8ff9b099f362429d4687a1	d__Bacteria; p__Bacteroidota; c__Bacteroidia; o__Bacteroidales; f__Bacteroidaceae; g__Bacteroides; s__Bacteroides_fragilis
3e4a5d01eda38e26b775114950f809e4	d__Bacteria; p__Bacteroidota; c__Bacteroidia; o__Bacteroidales; f__Bacteroidaceae; g__Bacteroides; s__Bacteroides_fragilis
94b30855a62607e39c2c628d6dfca1d9	d__Bacteria; p__Bacteroidota; c__Bacteroidia; o__Bacteroidales; f__Bacteroidaceae; g__Bacteroides
ea784d80b5369883ebcc61ced1627767	d__Bacteria; p__Bacteroidota; c__Bacteroidia; o__Bacteroidales; f__Bacteroidaceae; g__Bacteroides
c229d97901dc27d2890c9ee6ed100474	d__Bacteria; p__Bacteroidota; c__Bacteroidia; o__Bacteroidales; f__Bacteroidaceae; g__Bacteroides; s__Bacteroides_cutis
5c08822e1add39cecd69428fa1f34923	d__Bacteria; p__Bacteroidota; c__Bacteroidia; o__Bacteroidales; f__Bacteroidaceae; g__Bacteroides
8f069215f19e7dd6a70f69e9ace34268	d__Bacteria; p__Bacteroidota; c__Bacteroidia; o__Bacteroidales; f__Prevotellaceae
1b90218c5515e996a87b9b9c9e26830e	d__Bacteria; p__Bacteroidota; c__Bacteroidia; o__Bacteroidales; f__Prevotellaceae; g__Prevotella; s__Prevotella_corporis
e579dd3afb256039b6b4d87e9297a7f2	d__Bacteria; p__Bacteroidota; c__Bacteroidia; o__Bacteroidales; f__Prevotellaceae; g__Prevotella; s__Prevotella_corporis
ae5e4d9fcd5999b89d2400c0fe692051	d__Bacteria; p__Bacteroidota; c__Bacteroidia; o__Bacteroidales
0f76bb21c21cf1949ab44a30ef23e756	d__Bacteria; p__Bacteroidota; c__Bacteroidia; o__Bacteroidales; f__Prevotellaceae; g__Prevotella
abf22e3f311462bc3b5a2829e939d9f3	d__Bacteria; p__Bacteroidota; c__Bacteroidia; o__Bacteroidales; f__Bacteroidaceae; g__Bacteroides
873fba0aa164bf04883fa5badabb95d0	d__Bacteria; p__Bacteroidota; c__Bacteroidia; o__Bacteroidales; f__Bacteroidaceae; g__Bacteroides; s__Bacteroides_nordii
c34e2492f2b2adf6eac6f0b805dec056	d__Bacteria; p__Bacteroidota; c__Bacteroidia; o__Bacteroidales; f__Bacteroidaceae; g__Bacteroides; s__Bacteroides_nordii
9f4b0ca5a149efd60fb3bc4478ede283	d__Bacteria; p__Bacteroidota; c__Bacteroidia; o__Bacteroidales; f__Bacteroidaceae; g__Bacteroides; s__Bacteroides_nordii
e8487c1b3805f001c83fd1ac9f94b309	d__Bacteria; p__Bacteroidota; c__Bacteroidia; o__Bacteroidales; f__Bacteroidaceae; g__Bacteroides
c61a74eeb18f9822e5107dc2e9c22c6d	d__Bacteria; p__Bacteroidota; c__Bacteroidia; o__Bacteroidales; f__Prevotellaceae; g__Prevotellaceae_NK3B31_group; s__uncultured_organism
fa57bf08c127e52ee9bc7e2448300aa1	d__Bacteria; p__Bacteroidota; c__Bacteroidia; o__Bacteroidales; f__Prevotellaceae; g__Prevotellaceae_NK3B31_group; s__human_gut
abef22f65cffce2b0048be1fd179ca3e	d__Bacteria; p__Bacteroidota; c__Bacteroidia; o__Bacteroidales; f__Prevotellaceae; g__Prevotellaceae_NK3B31_group; s__uncultured_organism
c6ec4e978c572e3192ecd70a5ea8ded4	d__Bacteria; p__Bacteroidota; c__Bacteroidia; o__Bacteroidales; f__Prevotellaceae; g__Alloprevotella; s__Prevotellaceae_bacterium
bd221d5b57485a615d11239f5860ab35	d__Bacteria; p__Bacteroidota; c__Bacteroidia; o__Bacteroidales; f__Prevotellaceae; g__Prevotella; s__Prevotella_buccae
8702ebe1367d5e4d62dce6547eddd8c4	d__Bacteria; p__Bacteroidota; c__Bacteroidia; o__Bacteroidales
6474079178362cdc5a9e9db773cf803b	d__Bacteria; p__Bacteroidota; c__Bacteroidia; o__Bacteroidales; f__Marinifilaceae; g__Odoribacter; s__uncultured_bacterium
203c489208f3c3eb7d5684ebb544d0c9	d__Bacteria; p__Bacteroidota; c__Bacteroidia; o__Bacteroidales; f__Marinifilaceae; g__Butyricimonas; s__Butyricimonas_sp.
7d669d4f2597623acdcb764627d0397f	d__Bacteria; p__Bacteroidota; c__Bacteroidia; o__Bacteroidales; f__Marinifilaceae; g__Butyricimonas; s__unidentified
b9f34903cebb410a34bda0885678913d	d__Bacteria; p__Bacteroidota; c__Bacteroidia; o__Bacteroidales; f__Muribaculaceae; g__Muribaculaceae; s__uncultured_bacterium
142162935c8b6159c108c68cf11f0e72	d__Bacteria; p__Bacteroidota; c__Bacteroidia; o__Bacteroidales; f__Muribaculaceae; g__CAG-873; s__uncultured_bacterium
cd5ce795eaece21e5ab2c00dd12ec757	d__Bacteria; p__Bacteroidota; c__Bacteroidia; o__Bacteroidales; f__Muribaculaceae
ea196d18f620ce49992eb7c78ba67171	d__Bacteria; p__Bacteroidota; c__Bacteroidia; o__Bacteroidales; f__Muribaculaceae; g__CAG-873; s__uncultured_bacterium
776754901e759558a77b9d3898902d88	d__Bacteria; p__Bacteroidota; c__Bacteroidia; o__Bacteroidales
642846c27cf6762e6869079d7d477a5f	d__Bacteria; p__Bacteroidota; c__Bacteroidia; o__Bacteroidales; f__Muribaculaceae; g__Muribaculaceae; s__uncultured_bacterium
592aa67574cc2c6db6a7ae0b59bd204f	d__Bacteria; p__Bacteroidota; c__Bacteroidia; o__Bacteroidales; f__Muribaculaceae; g__Muribaculaceae
09a29924518613d14491be89f59d041c	d__Bacteria; p__Bacteroidota; c__Bacteroidia; o__Bacteroidales; f__Muribaculaceae; g__Muribaculaceae
7cb8f951e3db9e7f11c9a91d72027ae5	d__Bacteria; p__Bacteroidota; c__Bacteroidia; o__Bacteroidales; f__Muribaculaceae; g__Muribaculaceae
dc54a769b1cfdf05317acea498442471	d__Bacteria; p__Bacteroidota; c__Bacteroidia; o__Bacteroidales; f__Muribaculaceae; g__Muribaculaceae
f75e126f77c6bcd5b578c866455a5a77	d__Bacteria; p__Bacteroidota; c__Bacteroidia; o__Bacteroidales; f__Muribaculaceae; g__Muribaculaceae; s__uncultured_organism
9d0794e72b569fe1a050d4525424ca04	d__Bacteria; p__Bacteroidota; c__Bacteroidia; o__Bacteroidales; f__Marinifilaceae; g__Sanguibacteroides; s__Sanguibacteroides_justesenii
c86cb4ab4117e11a0c604e94892579e2	d__Bacteria; p__Bacteroidota; c__Bacteroidia; o__Bacteroidales; f__Barnesiellaceae; g__Coprobacter; s__uncultured_organism
fdda84eb5e3ab01330c6048a5809701a	d__Bacteria; p__Bacteroidota; c__Bacteroidia; o__Bacteroidales; f__Barnesiellaceae; g__Coprobacter; s__uncultured_organism
15b42ada241ccd19d3b8a491215075ed	d__Bacteria; p__Bacteroidota; c__Bacteroidia; o__Bacteroidales
7518fcf9a36214097489402132fb6cf2	d__Bacteria; p__Bacteroidota; c__Bacteroidia; o__Bacteroidales; f__Barnesiellaceae; g__Coprobacter; s__uncultured_organism
4704ab8d43cc97e32711df59d71f8334	d__Bacteria; p__Bacteroidota; c__Bacteroidia; o__Bacteroidales; f__Barnesiellaceae; g__Coprobacter; s__uncultured_organism
9cb71bc0313876096b705d4a21cff392	d__Bacteria; p__Bacteroidota; c__Bacteroidia; o__Bacteroidales; f__Barnesiellaceae; g__Coprobacter
6adc336c11fb2a746a11145823ea6c82	d__Bacteria; p__Bacteroidota; c__Bacteroidia; o__Bacteroidales; f__Rikenellaceae; g__Rikenellaceae_RC9_gut_group; s__uncultured_bacterium
2a98745aa8873888a004b419e9f816db	d__Bacteria; p__Bacteroidota; c__Bacteroidia; o__Bacteroidales; f__Rikenellaceae; g__Rikenellaceae_RC9_gut_group; s__uncultured_bacterium
a4bbbfdfc0623ab2df4f2127c3e4bb24	d__Bacteria; p__Bacteroidota; c__Bacteroidia; o__Bacteroidales; f__Rikenellaceae; g__Rikenellaceae_RC9_gut_group; s__uncultured_bacterium
9d4287259bb66ae3f1f3b6deeae51ca6	d__Bacteria; p__Bacteroidota; c__Bacteroidia; o__Bacteroidales; f__Rikenellaceae; g__Rikenellaceae_RC9_gut_group; s__Bacteroides_sp.
ebe0770d519f099395d6c47c051b8562	d__Bacteria; p__Bacteroidota; c__Bacteroidia; o__Bacteroidales; f__Rikenellaceae; g__Rikenellaceae_RC9_gut_group; s__uncultured_bacterium
797c6673b1f8693cff705ad4c124e988	d__Bacteria; p__Bacteroidota; c__Bacteroidia; o__Bacteroidales; f__Rikenellaceae; g__Rikenellaceae_RC9_gut_group; s__uncultured_bacterium
1e9e3b34d3a8df7b3fb4a5fb8f9a426c	d__Bacteria; p__Bacteroidota; c__Bacteroidia; o__Bacteroidales
bc45c41f89be06abb3f8badf646c3a76	d__Bacteria; p__Bacteroidota; c__Bacteroidia; o__Bacteroidales; f__Rikenellaceae; g__Alistipes; s__Alistipes_inops
bdccf5128087013c8f33e0bef9d62a5e	d__Bacteria; p__Bacteroidota; c__Bacteroidia; o__Bacteroidales; f__Rikenellaceae; g__Alistipes; s__uncultured_bacterium
df005828490f196c30932ec1e1d18735	d__Bacteria; p__Bacteroidota; c__Bacteroidia; o__Bacteroidales; f__Rikenellaceae; g__Alistipes; s__Alistipes_inops
36d5ee0d6f533a67a358f328fa67efd9	d__Bacteria; p__Bacteroidota; c__Bacteroidia; o__Bacteroidales; f__Rikenellaceae; g__Alistipes; s__Alistipes_inops
53d6d9d310c8b3e7cfd4c65a4caf6864	d__Bacteria; p__Bacteroidota; c__Bacteroidia; o__Bacteroidales; f__Rikenellaceae; g__Alistipes; s__Alistipes_inops
7bc32f3f3deb871a43874f1606abb235	d__Bacteria; p__Bacteroidota; c__Bacteroidia; o__Bacteroidales; f__Rikenellaceae; g__Rikenellaceae_RC9_gut_group
f67abbee13762c10fafe736b78b4bb58	d__Bacteria; p__Bacteroidota; c__Bacteroidia; o__Bacteroidales; f__Prevotellaceae; g__Prevotellaceae_NK3B31_group
27daec9b7fa7dc161d130ae600600041	d__Bacteria; p__Bacteroidota; c__Bacteroidia; o__Bacteroidales
21185c49f61e92faf8ab23fc2ac23a01	d__Bacteria; p__Bacteroidota; c__Bacteroidia; o__Bacteroidales; f__Rikenellaceae; g__Rikenellaceae_RC9_gut_group; s__uncultured_bacterium
66d225f4366734f2c22f6f998173ce1e	d__Bacteria; p__Bacteroidota; c__Bacteroidia; o__Bacteroidales; f__Rikenellaceae; g__Rikenellaceae_RC9_gut_group; s__uncultured_bacterium
3dcb93c5651608f2dbdcd779cd9fdbbb	d__Bacteria; p__Bacteroidota; c__Bacteroidia; o__Bacteroidales; f__Rikenellaceae; g__Rikenellaceae_RC9_gut_group; s__uncultured_bacterium
1a54cd3b286b6bf8e6f8e78e4b66af61	d__Bacteria; p__Bacteroidota; c__Bacteroidia; o__Bacteroidales; f__Rikenellaceae; g__Rikenellaceae_RC9_gut_group; s__uncultured_bacterium
ba06b6f35db9cc0ee4908672f290a352	d__Bacteria; p__Bacteroidota; c__Bacteroidia; o__Bacteroidales; f__Rikenellaceae; g__Rikenellaceae_RC9_gut_group
9ee8a4f97d05aed7f3f003569cac4c6a	d__Bacteria
2a4331f420a59a1d719ca0aa022d8748	d__Bacteria; p__Bacteroidota; c__Bacteroidia; o__Bacteroidales; f__Rikenellaceae; g__Rikenellaceae_RC9_gut_group; s__uncultured_bacterium
d65bf543a58d174ecbd5e36beb00a837	d__Bacteria; p__Bacteroidota; c__Bacteroidia; o__Bacteroidales
4b74fd8b714e41d75a5f2238a26648de	d__Bacteria; p__Bacteroidota; c__Bacteroidia; o__Bacteroidales; f__Muribaculaceae; g__Muribaculaceae; s__uncultured_bacterium
10164e580d351adddec2046624bd3cee	d__Bacteria; p__Firmicutes; c__Clostridia; o__Lachnospirales; f__Lachnospiraceae
311aa823ea892a0e033cf1638e873460	d__Bacteria; p__Bacteroidota; c__Bacteroidia; o__Bacteroidales; f__Muribaculaceae; g__Muribaculaceae
fad8e37029e5a2d6cdd6ac6d074b4a8d	d__Bacteria; p__Bacteroidota; c__Bacteroidia; o__Bacteroidales; f__Muribaculaceae; g__Muribaculaceae
06189703c2c6261d6f01513ddab0b755	d__Bacteria; p__Bacteroidota; c__Bacteroidia; o__Bacteroidales; f__Muribaculaceae; g__Muribaculaceae; s__uncultured_bacterium
97da1973fe354a5973067c5f644b2f7a	d__Bacteria; p__Bacteroidota; c__Bacteroidia; o__Bacteroidales; f__Muribaculaceae; g__Muribaculaceae; s__uncultured_bacterium
659341ad75772f3d1936d2f437f8d291	d__Bacteria; p__Bacteroidota; c__Bacteroidia; o__Bacteroidales; f__Muribaculaceae; g__Muribaculaceae; s__uncultured_bacterium
3ad1ccd06d079afac924770c7e1721c7	d__Bacteria; p__Bacteroidota; c__Bacteroidia; o__Bacteroidales; f__Muribaculaceae; g__Muribaculaceae; s__uncultured_bacterium
b4135fc6511e80ee7741f2d34f3c43de	d__Bacteria; p__Bacteroidota; c__Bacteroidia; o__Bacteroidales; f__Muribaculaceae; g__Muribaculaceae; s__uncultured_bacterium
80e5f59d6a12f5a14f12421ec1caab87	d__Bacteria; p__Bacteroidota; c__Bacteroidia; o__Bacteroidales
f40c29dc6d095776f57e1a860508be9a	d__Bacteria; p__Bacteroidota; c__Bacteroidia; o__Bacteroidales; f__Muribaculaceae; g__Muribaculaceae
3b3a48b8117e6f342513f4d0687054b0	d__Bacteria; p__Bacteroidota; c__Bacteroidia; o__Bacteroidales; f__Muribaculaceae; g__Muribaculaceae; s__uncultured_organism
76a72de1b2e03d59c154da608c38c989	d__Bacteria; p__Bacteroidota; c__Bacteroidia; o__Bacteroidales; f__Muribaculaceae; g__Muribaculaceae
e578ec67203222a4777f6018e0fff6eb	d__Bacteria; p__Bacteroidota; c__Bacteroidia; o__Bacteroidales; f__Prevotellaceae
cf459c5edcac2bf3097debcae68c743c	d__Bacteria; p__Bacteroidota; c__Bacteroidia; o__Bacteroidales; f__Prevotellaceae; g__Paraprevotella
8d794545d3c544f9f61aa2d78dc1a8c7	d__Bacteria; p__Bacteroidota; c__Bacteroidia; o__Bacteroidales; f__Prevotellaceae; g__Paraprevotella; s__uncultured_bacterium
08f6feedd6ca56381501b24902840509	d__Bacteria; p__Bacteroidota; c__Bacteroidia; o__Bacteroidales; f__Prevotellaceae; g__Paraprevotella; s__uncultured_bacterium
d03c9bfc178e2bb2cbc66886843fffe7	d__Bacteria; p__Firmicutes; c__Clostridia; o__Oscillospirales
2bed48616176ddfeb4a995ad5f811571	d__Bacteria; p__Bacteroidota; c__Bacteroidia; o__Bacteroidales; f__Prevotellaceae; g__Paraprevotella
bb7b724dc70dee67c808e1378778cc4b	d__Bacteria; p__Bacteroidota; c__Bacteroidia; o__Bacteroidales; f__Prevotellaceae; g__Paraprevotella; s__uncultured_bacterium
ab52fd8259ba7a4e53788f70ac758ef3	d__Bacteria; p__Bacteroidota; c__Bacteroidia; o__Bacteroidales; f__Prevotellaceae; g__Paraprevotella
910e624190c7551fe367674ad86b7447	d__Bacteria; p__Bacteroidota; c__Bacteroidia; o__Bacteroidales; f__Prevotellaceae; g__Paraprevotella
2619cb8d5fc84d72026636a9914dd516	d__Bacteria; p__Bacteroidota; c__Bacteroidia; o__Bacteroidales; f__Prevotellaceae; g__Paraprevotella
f53a7dcda05a700f4376bacc68e28863	d__Bacteria; p__Bacteroidota; c__Bacteroidia; o__Bacteroidales; f__Prevotellaceae; g__Paraprevotella
74c596a25d1da2baea147a157c57ba20	d__Bacteria; p__Bacteroidota; c__Bacteroidia; o__Bacteroidales; f__Prevotellaceae; g__Paraprevotella
931fb849607eb2c388171b4ede2d6deb	d__Bacteria; p__Bacteroidota; c__Bacteroidia; o__Bacteroidales; f__Prevotellaceae; g__Paraprevotella
0685ee72d7e40c06724ce4492d54e1da	d__Bacteria; p__Bacteroidota; c__Bacteroidia; o__Bacteroidales; f__Prevotellaceae; g__Paraprevotella
173ee4bedfe5f0d0f4eff940695d0c54	d__Bacteria; p__Bacteroidota; c__Bacteroidia; o__Bacteroidales; f__Prevotellaceae; g__Paraprevotella
5dc296879cff2b5b5910e7bd3e458a39	d__Bacteria; p__Bacteroidota; c__Bacteroidia; o__Bacteroidales; f__Prevotellaceae; g__Paraprevotella; s__uncultured_bacterium
d912a4fe7e1b55ce02015becaa70800b	d__Bacteria; p__Bacteroidota; c__Bacteroidia; o__Bacteroidales; f__Prevotellaceae; g__Paraprevotella; s__uncultured_bacterium
38f87623851ad814bbf1f3254d9aa913	d__Bacteria; p__Bacteroidota; c__Bacteroidia; o__Bacteroidales; f__Prevotellaceae; g__Paraprevotella
e9dc7dfdde661e3624c31d280a2c4c80	d__Bacteria; p__Bacteroidota; c__Bacteroidia; o__Bacteroidales; f__Prevotellaceae; g__Paraprevotella; s__uncultured_bacterium
4708ae1f023e8fac55e0d585e7b6081a	d__Bacteria; p__Bacteroidota; c__Bacteroidia; o__Bacteroidales; f__Prevotellaceae; g__Paraprevotella
5f83d3f2e86e272ea8c139abdace7424	d__Bacteria; p__Bacteroidota; c__Bacteroidia; o__Bacteroidales; f__Prevotellaceae; g__Prevotella
904ceedc37f347cf207af30f3c375e0e	d__Bacteria; p__Bacteroidota; c__Bacteroidia; o__Bacteroidales; f__Bacteroidaceae; g__Bacteroides
e57f23c8a13b1f1506db584a33fc4ed8	d__Bacteria; p__Bacteroidota; c__Bacteroidia; o__Bacteroidales; f__Muribaculaceae; g__Muribaculaceae
3d2e086ae09d0335eff7a8ed5a347dfb	d__Bacteria; p__Bacteroidota; c__Bacteroidia; o__Bacteroidales; f__Muribaculaceae; g__Muribaculaceae
ea571ccf069ff04a4ab49db0591245d3	d__Bacteria; p__Bacteroidota; c__Bacteroidia; o__Bacteroidales
924becc506b23acc769a1c6381034407	d__Bacteria; p__Bacteroidota; c__Bacteroidia; o__Bacteroidales; f__Muribaculaceae; g__Muribaculaceae
e267faebe34798cc6ef6c6a5f937e2d5	d__Bacteria; p__Bacteroidota; c__Bacteroidia; o__Bacteroidales; f__Muribaculaceae; g__Muribaculaceae
abf38453d8d23b216cecde9356c2fb72	d__Bacteria; p__Bacteroidota; c__Bacteroidia; o__Bacteroidales; f__Muribaculaceae; g__Muribaculaceae; s__uncultured_bacterium
ca5af5dcef68236892285ce44ce0cb7c	d__Bacteria; p__Bacteroidota; c__Bacteroidia; o__Bacteroidales; f__Muribaculaceae; g__Muribaculaceae; s__uncultured_bacterium
e063874042b6d4eacd9eb91e803b37ec	d__Bacteria; p__Bacteroidota; c__Bacteroidia; o__Bacteroidales; f__Muribaculaceae; g__Muribaculaceae; s__uncultured_bacterium
e9994b3034093c38ba4473f6f1c5317f	d__Bacteria; p__Bacteroidota; c__Bacteroidia; o__Bacteroidales; f__Muribaculaceae; g__Muribaculaceae; s__uncultured_bacterium
ceef3bb18a4d4b65bdf6a8772185f7a0	d__Bacteria; p__Bacteroidota; c__Bacteroidia; o__Bacteroidales; f__Bacteroidaceae; g__Bacteroides; s__Bacteroides_fragilis
df4a386c81e28dbc87d62affaccda726	d__Bacteria; p__Bacteroidota; c__Bacteroidia; o__Bacteroidales; f__Bacteroidaceae; g__Bacteroides; s__Bacteroides_sartorii
df5a6de27323e30608dae1be82c73d4d	d__Bacteria; p__Bacteroidota; c__Bacteroidia; o__Bacteroidales; f__Prevotellaceae; g__Prevotella; s__Prevotella_corporis
b2acf04535847170c906e69becfd0194	d__Bacteria; p__Bacteroidota; c__Bacteroidia; o__Bacteroidales; f__Muribaculaceae; g__Muribaculaceae
3f8aeadc1e862dd7a0f762c08c636811	d__Bacteria
cdb6ff61d3688fdc219595a8b7ca6bf6	d__Bacteria; p__Bacteroidota; c__Bacteroidia; o__Bacteroidales; f__Prevotellaceae; g__Paraprevotella; s__uncultured_organism
569672a240d1cef5af17d58177fec85d	d__Bacteria; p__Bacteroidota; c__Bacteroidia; o__Bacteroidales; f__Prevotellaceae; g__Paraprevotella; s__uncultured_bacterium
e495808b6c4cfe0cb62218d4f04c7325	d__Bacteria; p__Bacteroidota; c__Bacteroidia; o__Bacteroidales; f__Prevotellaceae; g__Paraprevotella
a15324bccdf147b728de2481df9be408	d__Bacteria; p__Bacteroidota; c__Bacteroidia; o__Bacteroidales; f__Prevotellaceae; g__Paraprevotella
bf68d136900472d2f8c834df202abbc0	d__Bacteria; p__Bacteroidota; c__Bacteroidia; o__Bacteroidales; f__Bacteroidaceae; g__Bacteroides
a5d2d3ee5f33fe7920e343f1e2052523	d__Bacteria
9d833b39e5422a7c59090f8b6f2c723a	d__Bacteria; p__Bacteroidota; c__Bacteroidia; o__Bacteroidales; f__Prevotellaceae; g__Prevotellaceae_NK3B31_group; s__human_gut
f80b1c1b0b86b2261e37c41f7d138298	d__Bacteria; p__Bacteroidota; c__Bacteroidia; o__Bacteroidales; f__Prevotellaceae; g__Prevotellaceae_NK3B31_group; s__uncultured_organism
bbc4ac200de49db3990861526d8e8ff1	d__Bacteria; p__Bacteroidota; c__Bacteroidia; o__Bacteroidales; f__Prevotellaceae; g__Prevotellaceae_NK3B31_group; s__uncultured_organism
843e625b5ab6f94acb99d56a2ea1beba	d__Bacteria; p__Bacteroidota; c__Bacteroidia; o__Bacteroidales; f__Prevotellaceae; g__Prevotellaceae_NK3B31_group; s__uncultured_organism
2e45c8590a615d27cb8aaf2cf0aca2ec	d__Bacteria; p__Bacteroidota; c__Bacteroidia; o__Bacteroidales; f__Prevotellaceae; g__Prevotellaceae_NK3B31_group
9cf56fa34e709f69c39cb9de854ede6f	d__Bacteria; p__Bacteroidota; c__Bacteroidia; o__Bacteroidales; f__Prevotellaceae; g__Prevotellaceae_NK3B31_group; s__uncultured_organism
5351b2b4c34272fc5a8db9f46ad596b1	d__Bacteria; p__Bacteroidota; c__Bacteroidia; o__Bacteroidales; f__Prevotellaceae; g__Prevotellaceae_NK3B31_group; s__human_gut
2ea45f1730f60843db087c025ddc865a	d__Bacteria; p__Bacteroidota; c__Bacteroidia; o__Bacteroidales; f__Prevotellaceae; g__Prevotellaceae_NK3B31_group
ff3d1b97505b42383eb9a619d93bf431	d__Bacteria; p__Bacteroidota; c__Bacteroidia; o__Bacteroidales; f__Barnesiellaceae; g__Coprobacter; s__Coprobacter_secundus
fa3115e7949dd600d2b91d51da998e1b	d__Bacteria; p__Bacteroidota; c__Bacteroidia; o__Bacteroidales; f__Barnesiellaceae; g__Coprobacter; s__Coprobacter_secundus
7e54763633b859b4c9dcbe753c12bc0e	d__Bacteria; p__Bacteroidota; c__Bacteroidia; o__Bacteroidales; f__Barnesiellaceae; g__Coprobacter; s__Coprobacter_secundus
7ac24014c28f30a54704ecefa5cd5897	d__Bacteria; p__Bacteroidota; c__Bacteroidia; o__Bacteroidales
58f7222e183014ee438f13027392704c	d__Bacteria; p__Bacteroidota; c__Bacteroidia; o__Bacteroidales; f__Barnesiellaceae; g__Coprobacter; s__Coprobacter_secundus
b7478ac7b0441adab91d2bdaaa3966b1	d__Bacteria; p__Bacteroidota; c__Bacteroidia; o__Bacteroidales
dc7a303c46271ebc77f3cf4e23eec61c	d__Bacteria; p__Bacteroidota; c__Bacteroidia; o__Bacteroidales; f__Tannerellaceae; g__Parabacteroides
4fecd352d95575e51afb60d2ae04d088	d__Bacteria; p__Bacteroidota; c__Bacteroidia; o__Bacteroidales; f__Tannerellaceae; g__Parabacteroides
8b30d6e4e39f33b849a763d6285caaa9	d__Bacteria; p__Bacteroidota; c__Bacteroidia; o__Bacteroidales; f__Tannerellaceae; g__Parabacteroides
dbf10cc540e87b3ebc39f0abf30bf038	d__Bacteria; p__Bacteroidota; c__Bacteroidia; o__Bacteroidales; f__Bacteroidaceae; g__Bacteroides
ebca9344b39c12f86911732da69cb9ae	d__Bacteria; p__Bacteroidota; c__Bacteroidia; o__Bacteroidales; f__Tannerellaceae; g__Parabacteroides
2230d337856c1eb0706a2d61c1421149	d__Bacteria; p__Bacteroidota; c__Bacteroidia; o__Bacteroidales; f__Tannerellaceae; g__Parabacteroides
879a6b19ad24c08e887a5167768cb58d	d__Bacteria; p__Bacteroidota; c__Bacteroidia; o__Bacteroidales; f__Tannerellaceae; g__Parabacteroides
d923ef36b3b539fbdbea11d9720c27c5	d__Bacteria; p__Bacteroidota; c__Bacteroidia; o__Bacteroidales; f__Tannerellaceae; g__Parabacteroides
367259a9b77defd57e261883b302a4b0	d__Bacteria; p__Bacteroidota; c__Bacteroidia; o__Bacteroidales; f__Tannerellaceae; g__Parabacteroides
38d3498b37fed3e582cfb5ef3f4195f9	d__Bacteria; p__Bacteroidota; c__Bacteroidia; o__Bacteroidales; f__Tannerellaceae; g__Parabacteroides
4d6634fe05e8f0099f38783263f2103b	d__Bacteria; p__Bacteroidota; c__Bacteroidia; o__Bacteroidales; f__Tannerellaceae; g__Parabacteroides
654530c295cf34f5d0058f4de728cb09	d__Bacteria; p__Bacteroidota; c__Bacteroidia; o__Bacteroidales; f__Tannerellaceae; g__Parabacteroides
0e2c1ba32fdc8c1633c5abab6e687bb4	d__Bacteria; p__Bacteroidota; c__Bacteroidia; o__Bacteroidales; f__Tannerellaceae; g__Parabacteroides
69fec60239ba0de7b7141403f18f5b00	d__Bacteria; p__Bacteroidota; c__Bacteroidia; o__Bacteroidales; f__Tannerellaceae; g__Parabacteroides
46a3e386654d31983649b7870893eb6c	d__Bacteria; p__Bacteroidota; c__Bacteroidia; o__Bacteroidales; f__Tannerellaceae; g__Parabacteroides
1ef02b2c3bc2764bdab0205501935eed	d__Bacteria; p__Bacteroidota; c__Bacteroidia; o__Bacteroidales; f__Tannerellaceae; g__Parabacteroides
d19191e9af1284fd62493280fd280677	d__Bacteria; p__Bacteroidota; c__Bacteroidia; o__Bacteroidales; f__Tannerellaceae; g__Parabacteroides
f9f3a12d9892034215deb5ba8df366f0	d__Bacteria; p__Bacteroidota; c__Bacteroidia; o__Bacteroidales; f__Tannerellaceae; g__Parabacteroides
6b6cd41e365654b04eb29b6e919de558	d__Bacteria; p__Bacteroidota; c__Bacteroidia; o__Bacteroidales
88834b0be20d74908d2f3c6ecf6539ae	d__Bacteria; p__Bacteroidota; c__Bacteroidia; o__Bacteroidales; f__Tannerellaceae; g__Parabacteroides
58307ddfe84bd1b98b80529149a59640	d__Bacteria; p__Bacteroidota; c__Bacteroidia; o__Bacteroidales; f__Tannerellaceae; g__Parabacteroides
a14e6e98dc60eaa8604066a5f89e117a	d__Bacteria; p__Bacteroidota; c__Bacteroidia; o__Bacteroidales; f__Prevotellaceae; g__Prevotella; s__uncultured_bacterium
0ff9acd92da8a95f6fb03abab236599a	d__Bacteria; p__Bacteroidota; c__Bacteroidia; o__Bacteroidales
41323ac300dd3f59f54fd5ad27806b62	d__Bacteria; p__Bacteroidota; c__Bacteroidia; o__Bacteroidales; f__Tannerellaceae; g__Parabacteroides
97cde4a982c45161dbacc9fc8aa09dbc	d__Bacteria; p__Bacteroidota; c__Bacteroidia; o__Bacteroidales; f__Tannerellaceae; g__Parabacteroides
43f4c532dc8427b4482c8d00d2e09d7b	d__Bacteria; p__Bacteroidota; c__Bacteroidia; o__Bacteroidales; f__Tannerellaceae; g__Parabacteroides
4268c226d0902d6d462d99456794181a	d__Bacteria; p__Bacteroidota; c__Bacteroidia; o__Bacteroidales; f__Tannerellaceae; g__Parabacteroides
ec4ce84658e1b42c3ccce18c233db80d	d__Bacteria; p__Bacteroidota; c__Bacteroidia; o__Bacteroidales; f__Tannerellaceae; g__Parabacteroides
24e48ad68720f819079d5a9ca4e7ae3e	d__Bacteria; p__Bacteroidota; c__Bacteroidia; o__Bacteroidales; f__Tannerellaceae; g__Parabacteroides
8204273b2a4ad3f537b80b251e825ac5	d__Bacteria; p__Bacteroidota; c__Bacteroidia; o__Bacteroidales; f__Rikenellaceae; g__Alistipes
b3dafb18949ae2a61d407cb112376384	d__Bacteria; p__Bacteroidota; c__Bacteroidia; o__Bacteroidales; f__Muribaculaceae; g__Muribaculaceae; s__uncultured_bacterium
fcb1edd802c246a3c5852fe7e6c7cd9a	d__Bacteria; p__Bacteroidota; c__Bacteroidia; o__Bacteroidales; f__Muribaculaceae; g__Muribaculaceae; s__uncultured_bacterium
87c881ade4a0396bed1ed52e1c8bd2b7	d__Bacteria; p__Bacteroidota; c__Bacteroidia; o__Bacteroidales; f__Muribaculaceae; g__Muribaculaceae; s__uncultured_bacterium
36a0cd53f464bdb6a34703735560537a	d__Bacteria; p__Bacteroidota; c__Bacteroidia; o__Bacteroidales; f__Prevotellaceae; g__Prevotella
e7384ee57295eb187f2465a96d196f72	d__Bacteria; p__Bacteroidota; c__Bacteroidia; o__Bacteroidales; f__Bacteroidaceae; g__Bacteroides
2059a1b7e83e2ef9d96454e77d26e742	d__Bacteria; p__Bacteroidota; c__Bacteroidia; o__Bacteroidales; f__Bacteroidaceae; g__Bacteroides
d07b72c3417503a36bb4c86a27fdf051	d__Bacteria; p__Bacteroidota; c__Bacteroidia; o__Bacteroidales; f__Prevotellaceae; g__Prevotella; s__Prevotella_corporis
289dc5afa5f4430274f03ef60062bc9b	d__Bacteria; p__Firmicutes; c__Clostridia; o__Oscillospirales; f__Oscillospiraceae
a41c3f998c987e8410f7fce5a9292c05	d__Bacteria; p__Firmicutes; c__Clostridia; o__Oscillospirales; f__Oscillospiraceae
fc635ca950ecde368961dcdc11c9c556	d__Bacteria; p__Firmicutes; c__Clostridia; o__Oscillospirales; f__Oscillospiraceae
82fec973699d5948256c3685228185b9	d__Bacteria; p__Firmicutes; c__Clostridia; o__Oscillospirales; f__Ruminococcaceae
c2908b431ed41bf407a892da0f232bca	d__Bacteria; p__Firmicutes; c__Bacilli; o__Lactobacillales; f__Streptococcaceae; g__Streptococcus
be211898ad0c9976ca1266937bb04698	d__Bacteria; p__Firmicutes; c__Bacilli; o__Erysipelotrichales; f__Erysipelotrichaceae; g__Holdemanella
ea7a71c1a19081b885649a46e8117bec	d__Bacteria; p__Bacteroidota; c__Bacteroidia; o__Bacteroidales; f__Bacteroidaceae; g__Bacteroides
98782788313394eb8df9ec06ce440d2f	d__Bacteria; p__Bacteroidota; c__Bacteroidia; o__Bacteroidales; f__Marinifilaceae; g__Butyricimonas; s__uncultured_bacterium
9120a9daa0da3c4c5773da8f2a08ecae	d__Bacteria; p__Bacteroidota; c__Bacteroidia; o__Bacteroidales; f__Marinifilaceae; g__Butyricimonas
c703030ef97c06e97e115193674ac510	d__Bacteria; p__Bacteroidota; c__Bacteroidia; o__Bacteroidales; f__Marinifilaceae; g__Butyricimonas
b67ad84b61a4fa6c0e1415720057690a	d__Bacteria
9ff49453a3f2d7d32de58f93c7098753	d__Bacteria; p__Bacteroidota; c__Bacteroidia; o__Bacteroidales; f__Marinifilaceae; g__Butyricimonas; s__uncultured_Bacteroidetes
92fbb726edac7e9e356164ba11628a2a	d__Bacteria; p__Bacteroidota; c__Bacteroidia; o__Bacteroidales; f__Marinifilaceae; g__Butyricimonas; s__uncultured_Bacteroidetes
293e8bad8a18e0acf46d4ade2a11c17d	d__Bacteria; p__Bacteroidota; c__Bacteroidia; o__Bacteroidales; f__Barnesiellaceae; g__Barnesiella
2e45937fa425c860b17b7714d4eac194	d__Bacteria; p__Bacteroidota; c__Bacteroidia; o__Bacteroidales; f__Barnesiellaceae; g__Barnesiella
83970f95e50e3c8d4b12d75b8b76dc10	d__Bacteria; p__Bacteroidota; c__Bacteroidia; o__Bacteroidales; f__Barnesiellaceae; g__Barnesiella
2997e339b28fc4ed2f2f75717ac946a3	d__Bacteria
94e7a09e8f2fe95ea45b89df2b8a7777	d__Bacteria; p__Bacteroidota; c__Bacteroidia; o__Bacteroidales; f__Barnesiellaceae; g__Coprobacter; s__Coprobacter_secundus
96eddc051ae3265208402db2ddd2813a	d__Bacteria; p__Bacteroidota; c__Bacteroidia; o__Bacteroidales; f__Barnesiellaceae; g__Barnesiella
1854d9370327a6d67722972495fb1097	d__Bacteria; p__Firmicutes; c__Clostridia; o__Oscillospirales; f__[Eubacterium]_coprostanoligenes_group; g__[Eubacterium]_coprostanoligenes_group; s__uncultured_bacterium
13ed13d4e7d5e7bb6c7460896f3cd992	d__Bacteria; p__Bacteroidota; c__Bacteroidia; o__Bacteroidales; f__Barnesiellaceae; g__Barnesiella
fd83513debf464ae278a424dcb2f03e7	d__Bacteria; p__Bacteroidota; c__Bacteroidia; o__Bacteroidales; f__Barnesiellaceae; g__Barnesiella
bc6612db16ce7172f9eb30988329a783	d__Bacteria; p__Bacteroidota; c__Bacteroidia; o__Bacteroidales; f__Barnesiellaceae; g__Barnesiella
ded905818dc546b5a3fd978104ae34e5	d__Bacteria; p__Bacteroidota; c__Bacteroidia; o__Bacteroidales; f__Barnesiellaceae; g__Barnesiella
cd62148f5b7c4abaabc7f5c34708a7fd	d__Bacteria; p__Bacteroidota; c__Bacteroidia; o__Bacteroidales; f__Barnesiellaceae; g__Barnesiella
a0729daa79e087d1d819bc5874067635	d__Bacteria; p__Bacteroidota; c__Bacteroidia; o__Bacteroidales; f__Barnesiellaceae; g__Barnesiella
6bf07ae52aba9ee72304ae296c6bce24	d__Bacteria; p__Bacteroidota; c__Bacteroidia; o__Bacteroidales; f__Barnesiellaceae; g__Barnesiella
b268fcd34a965da38de924835a03288d	d__Bacteria; p__Bacteroidota; c__Bacteroidia; o__Bacteroidales; f__Barnesiellaceae; g__Barnesiella
cb16a1f4e748a632640b38eb3ff5728d	d__Bacteria; p__Bacteroidota; c__Bacteroidia; o__Bacteroidales; f__Barnesiellaceae; g__Barnesiella
d12d0a381d4cc8b77706b9f3b8fa3bb9	d__Bacteria; p__Bacteroidota; c__Bacteroidia; o__Bacteroidales; f__Barnesiellaceae; g__Barnesiella
9c895e5236938c99a6396aeb8a25db8f	d__Bacteria; p__Bacteroidota; c__Bacteroidia; o__Bacteroidales; f__Barnesiellaceae; g__Barnesiella
e26138f9d0ad301d5824575fcc655afe	d__Bacteria; p__Bacteroidota; c__Bacteroidia; o__Bacteroidales; f__Barnesiellaceae; g__Barnesiella
1b5063a3bb3f3322e89f78246f1731a8	d__Bacteria; p__Bacteroidota; c__Bacteroidia; o__Bacteroidales; f__Barnesiellaceae; g__Barnesiella
55556c00935e655b6ebfd84126931c18	d__Bacteria; p__Bacteroidota; c__Bacteroidia; o__Bacteroidales; f__Barnesiellaceae; g__Barnesiella
db4f21e7a1a1ca1e177343df6dd3832a	d__Bacteria; p__Bacteroidota; c__Bacteroidia; o__Bacteroidales; f__Barnesiellaceae; g__Barnesiella
1fe6d4d3991d73dd2932f3e3f1d66d7c	d__Bacteria; p__Bacteroidota; c__Bacteroidia; o__Bacteroidales; f__Barnesiellaceae; g__Barnesiella
72a5a195fdf781e8b5d3237ed43fb2a1	d__Bacteria; p__Bacteroidota; c__Bacteroidia; o__Bacteroidales; f__Barnesiellaceae; g__Barnesiella
ffd854fc3f9bd3168e5626b71a0fd707	d__Bacteria; p__Bacteroidota; c__Bacteroidia; o__Bacteroidales; f__Barnesiellaceae; g__Barnesiella
f8632a207347bda9df9b5ce8e948d975	d__Bacteria; p__Bacteroidota; c__Bacteroidia; o__Bacteroidales; f__Barnesiellaceae; g__Barnesiella
5aec837b2ed85ba6166124f5397b402c	d__Bacteria; p__Bacteroidota; c__Bacteroidia; o__Bacteroidales; f__Barnesiellaceae; g__Barnesiella
d8db2e08f0994c0c12f6f3266baf2ed4	d__Bacteria; p__Bacteroidota; c__Bacteroidia; o__Bacteroidales; f__Barnesiellaceae; g__Barnesiella
c325aa442846b3972cc1daa9f6cd2696	d__Bacteria; p__Bacteroidota; c__Bacteroidia; o__Bacteroidales; f__Barnesiellaceae; g__Barnesiella
0273cccaf6073dd3d9292908895a1498	d__Bacteria; p__Bacteroidota; c__Bacteroidia; o__Bacteroidales; f__Barnesiellaceae; g__Barnesiella
55676af0b9ae52006551ec19eb772d93	d__Bacteria; p__Bacteroidota; c__Bacteroidia; o__Bacteroidales; f__Barnesiellaceae; g__Barnesiella
78d89f3904dfb7ca15805bfec30d0d13	d__Bacteria; p__Bacteroidota; c__Bacteroidia; o__Bacteroidales; f__Barnesiellaceae; g__Barnesiella
f43eb9e5820c34b792e06cfdce5bac6f	d__Bacteria; p__Bacteroidota; c__Bacteroidia; o__Bacteroidales; f__Barnesiellaceae; g__Barnesiella
3b9498615907a6efbc6589f23b28d3c0	d__Bacteria; p__Bacteroidota; c__Bacteroidia; o__Bacteroidales; f__Barnesiellaceae; g__Barnesiella
bb6a04bca69c7a955d3b3e103ca14dbe	d__Bacteria; p__Bacteroidota; c__Bacteroidia; o__Bacteroidales; f__Barnesiellaceae; g__Barnesiella
d97e8c9f9b4c5f9211baf4499a822fe5	d__Bacteria; p__Bacteroidota; c__Bacteroidia; o__Bacteroidales; f__Barnesiellaceae; g__Barnesiella
83cd51662a2a5c6041660cbb17707339	d__Bacteria; p__Bacteroidota; c__Bacteroidia; o__Bacteroidales; f__Barnesiellaceae; g__Barnesiella
20542e21f39ee9f992e98efe6faa051d	d__Bacteria; p__Bacteroidota; c__Bacteroidia; o__Bacteroidales; f__Barnesiellaceae; g__Barnesiella
62ccca7a5368b77ab3830de43a2d6331	d__Bacteria; p__Bacteroidota; c__Bacteroidia; o__Bacteroidales; f__Barnesiellaceae; g__Barnesiella
4d30e944870796a0eb0630f72a270abb	d__Bacteria; p__Bacteroidota; c__Bacteroidia; o__Bacteroidales; f__Barnesiellaceae; g__Barnesiella
6036031f54e00eb36b30710a40884d3f	d__Bacteria; p__Bacteroidota; c__Bacteroidia; o__Bacteroidales; f__Barnesiellaceae; g__Barnesiella
9b6fc46d4866bab5ecd83bef6c2e05f8	d__Bacteria; p__Bacteroidota; c__Bacteroidia; o__Bacteroidales; f__Barnesiellaceae; g__Barnesiella; s__uncultured_organism
d6b9abb1a693f11933471a9e0ecfdde1	d__Bacteria; p__Bacteroidota; c__Bacteroidia; o__Bacteroidales; f__Barnesiellaceae; g__Barnesiella
84b00890d65d05e2134d4706e17098c7	d__Bacteria; p__Bacteroidota; c__Bacteroidia; o__Bacteroidales; f__Barnesiellaceae; g__Barnesiella
a649b74c81debda8f83a624882d4863c	d__Bacteria; p__Bacteroidota; c__Bacteroidia; o__Bacteroidales; f__Barnesiellaceae; g__Barnesiella
a0874694c9032fc00999db81533f277c	d__Bacteria; p__Bacteroidota; c__Bacteroidia; o__Bacteroidales; f__Barnesiellaceae; g__Barnesiella
cc6ac1c971c986898872e8132db7e441	d__Bacteria; p__Bacteroidota; c__Bacteroidia; o__Bacteroidales; f__Barnesiellaceae; g__Barnesiella
6187f415a1f09c38d606beeba16d8fe2	d__Bacteria; p__Bacteroidota; c__Bacteroidia; o__Bacteroidales; f__Barnesiellaceae; g__Barnesiella
7ae1484e7b5322e91cf9628e40d40786	d__Bacteria; p__Bacteroidota; c__Bacteroidia; o__Bacteroidales; f__Barnesiellaceae; g__Barnesiella
e3ea421a6b55ac81fe82a77a1f7a43c8	d__Bacteria; p__Bacteroidota; c__Bacteroidia; o__Bacteroidales; f__Barnesiellaceae; g__Barnesiella
0b2faa011ea1b90a03700bedeabb2a47	d__Bacteria; p__Bacteroidota; c__Bacteroidia; o__Bacteroidales; f__Barnesiellaceae; g__Barnesiella; s__uncultured_bacterium
134544634ea7656a4c2b5f5176a5669c	d__Bacteria; p__Bacteroidota; c__Bacteroidia; o__Bacteroidales; f__Barnesiellaceae; g__Barnesiella; s__uncultured_bacterium
b1a460ef0be2f3b32129b52aee9b8653	d__Bacteria; p__Bacteroidota; c__Bacteroidia; o__Bacteroidales; f__Rikenellaceae; g__Alistipes
ae4c3d716646527850a48340364c3947	d__Bacteria; p__Bacteroidota; c__Bacteroidia; o__Bacteroidales; f__Barnesiellaceae; g__Barnesiella
a4b2feff3a47061ff13c25b6f17f372c	d__Bacteria; p__Bacteroidota; c__Bacteroidia; o__Bacteroidales; f__Barnesiellaceae; g__Barnesiella
234a76646b1d05eb45b33154b2d77bae	d__Bacteria; p__Bacteroidota; c__Bacteroidia; o__Bacteroidales; f__Muribaculaceae; g__Muribaculaceae; s__uncultured_bacterium
c809bdde8bf3cefc9c94c9a9040da176	d__Bacteria; p__Bacteroidota; c__Bacteroidia; o__Bacteroidales; f__Bacteroidaceae; g__Bacteroides
6f9f2f763165b97149f336da9e6290b3	d__Bacteria; p__Bacteroidota; c__Bacteroidia; o__Bacteroidales
8150252c2c7f5289e9312573ee82fdde	d__Bacteria; p__Bacteroidota; c__Bacteroidia; o__Bacteroidales; f__Bacteroidaceae; g__Bacteroides
8f2c045283f672751035942d3d662b37	d__Bacteria; p__Bacteroidota; c__Bacteroidia; o__Bacteroidales; f__Prevotellaceae; g__Prevotella; s__uncultured_bacterium
49f91d434e1e61d93fea8440987faae0	d__Bacteria; p__Patescibacteria; c__Saccharimonadia; o__Saccharimonadales; f__Saccharimonadales; g__Saccharimonadales; s__Candidatus_Saccharibacteria
5abefdcb28ac135ad9ce76df8821057b	d__Bacteria; p__Patescibacteria; c__Saccharimonadia; o__Saccharimonadales; f__Saccharimonadales; g__Saccharimonadales; s__Candidatus_Saccharibacteria
12a816c3c6fac9d3277a6ef4077d8cda	d__Bacteria; p__Bacteroidota; c__Bacteroidia; o__Bacteroidales
dcbc2e748231f17295d36d99664a85af	d__Bacteria; p__Patescibacteria; c__Saccharimonadia; o__Saccharimonadales; f__Saccharimonadaceae; g__TM7x; s__uncultured_bacterium
c47de2c11cd7a0760df735ded0ef8253	d__Bacteria; p__Patescibacteria; c__Saccharimonadia; o__Saccharimonadales; f__Saccharimonadaceae; g__TM7x
96bc425e9733cd3d0976f9b986cac624	d__Bacteria; p__Patescibacteria; c__Saccharimonadia; o__Saccharimonadales; f__Saccharimonadaceae; g__TM7x; s__uncultured_bacterium
4cab6b6842ac1536371da1b98838072c	d__Bacteria; p__Patescibacteria; c__Saccharimonadia; o__Saccharimonadales; f__Saccharimonadaceae; g__TM7x; s__uncultured_bacterium
7299e4812886c7db286d57cf5ba5b301	d__Bacteria; p__Patescibacteria; c__Saccharimonadia; o__Saccharimonadales; f__Saccharimonadaceae; g__Saccharimonadaceae; s__uncultured_bacterium
75238dd90f69079d1969feb1cd2aa22a	d__Bacteria; p__Patescibacteria; c__Saccharimonadia; o__Saccharimonadales; f__Saccharimonadaceae; g__Saccharimonadaceae
1cd7bad09f35298649cc296549f3b18f	d__Bacteria; p__Patescibacteria; c__Saccharimonadia; o__Saccharimonadales; f__Saccharimonadaceae; g__Saccharimonadaceae; s__uncultured_bacterium
bf44f735712bd3fcbdf13da9326c5b84	d__Bacteria; p__Patescibacteria; c__Saccharimonadia; o__Saccharimonadales; f__Saccharimonadaceae; g__Saccharimonadaceae; s__uncultured_bacterium
ba4e804639fb0c631135bebae6f6ab6a	d__Bacteria; p__Patescibacteria; c__Saccharimonadia; o__Saccharimonadales; f__Saccharimonadales; g__Saccharimonadales; s__TM7_phylum
009633ac52553f7d01d4156f2e51f803	d__Bacteria; p__Patescibacteria; c__Saccharimonadia; o__Saccharimonadales; f__Saccharimonadales; g__Saccharimonadales; s__TM7_phylum
3559bc064ca35c43e9aabba67766411d	d__Bacteria; p__Firmicutes; c__Clostridia; o__Oscillospirales; f__Oscillospiraceae
f85ec1a018ab3c41f898b304964e0350	d__Bacteria; p__Patescibacteria; c__Saccharimonadia; o__Saccharimonadales; f__Saccharimonadales; g__Saccharimonadales
53f7affbdaff05b9b67dfe0bfb5aabfe	d__Bacteria; p__Patescibacteria; c__Saccharimonadia; o__Saccharimonadales; f__Saccharimonadaceae; g__Saccharimonadaceae; s__uncultured_bacterium
086d9000b9eeebb5fd10dfcaa0fba5ec	d__Bacteria; p__Patescibacteria; c__Saccharimonadia; o__Saccharimonadales; f__Saccharimonadaceae; g__Saccharimonadaceae
6f6755fcf97e39815295fb3d749ebb47	d__Bacteria; p__Patescibacteria; c__Saccharimonadia; o__Saccharimonadales
3e87461da375d82436abf538d29298fe	d__Bacteria; p__Patescibacteria; c__Saccharimonadia; o__Saccharimonadales; f__Saccharimonadaceae; g__Saccharimonadaceae; s__uncultured_bacterium
9e9ef52f61a5fd14bb5fe26cd7681a12	d__Bacteria; p__Bacteroidota; c__Bacteroidia; o__Bacteroidales; f__Prevotellaceae; g__Prevotella; s__Prevotella_stercorea
95af8d86d4f9e83d3f57df40dad41ee8	d__Bacteria; p__Bacteroidota; c__Bacteroidia; o__Bacteroidales; f__Bacteroidaceae; g__Bacteroides
dcc8a9475fc7e41219891a7f611e5902	d__Bacteria; p__Bacteroidota; c__Bacteroidia; o__Bacteroidales; f__Bacteroidaceae; g__Bacteroides
2b997baa0ba79597ab20fac3e4650843	d__Bacteria; p__Proteobacteria; c__Alphaproteobacteria; o__Rhodospirillales; f__uncultured; g__uncultured; s__uncultured_bacterium
d3c7e7f4d5c814cc68cace20c4cd40c0	d__Bacteria
112a1207daf7659a13487f0e79456cf4	d__Bacteria; p__Bacteroidota; c__Bacteroidia; o__Bacteroidales; f__Tannerellaceae; g__Parabacteroides
1ec46e1495ea110552e0bfe423aac21e	d__Bacteria; p__Bacteroidota; c__Bacteroidia; o__Bacteroidales; f__Bacteroidaceae; g__Bacteroides; s__Bacteroides_coprophilus
d9e71912de8b1e304709b40cb8b9eef0	d__Bacteria; p__Firmicutes; c__Clostridia; o__Oscillospirales; f__Ruminococcaceae; g__Candidatus_Soleaferrea; s__uncultured_bacterium
8a5b678a53d6dc08ecbd25d5bb7475ef	d__Bacteria; p__Firmicutes; c__Clostridia; o__Oscillospirales; f__Ruminococcaceae; g__Candidatus_Soleaferrea
58f9bc815e3b654abd10ce7111505de9	d__Bacteria; p__Firmicutes; c__Clostridia; o__Oscillospirales; f__Ruminococcaceae
d5c971e31f6c94161699591e9f808eeb	d__Bacteria; p__Firmicutes; c__Clostridia; o__Oscillospirales; f__Ruminococcaceae; g__Subdoligranulum
8e212bc9ab994b3c38ca08460e47cfe0	d__Bacteria; p__Firmicutes; c__Clostridia; o__Oscillospirales; f__Ruminococcaceae; g__Subdoligranulum
100c21997421af55871eb33e447f6c91	d__Bacteria; p__Firmicutes; c__Clostridia; o__Oscillospirales; f__Ruminococcaceae; g__Incertae_Sedis
754b7af47c20dc4e1cc08d670f712faa	d__Bacteria; p__Firmicutes; c__Clostridia; o__Oscillospirales; f__Ruminococcaceae; g__Incertae_Sedis
4e799d490f1c87a45388fb6b3d314894	d__Bacteria; p__Firmicutes; c__Clostridia; o__Oscillospirales; f__Ruminococcaceae; g__Incertae_Sedis
3ed68cbd1ed505a11a283645777c40c1	d__Bacteria; p__Firmicutes; c__Clostridia; o__Oscillospirales; f__Ruminococcaceae
47a55a6361f1d085d745ac98c767aa03	d__Bacteria; p__Firmicutes; c__Clostridia; o__Oscillospirales; f__Ruminococcaceae
02b6bc19f5f95d235630547120c71100	d__Bacteria; p__Firmicutes; c__Clostridia; o__Oscillospirales; f__Ruminococcaceae
74b9e302e145f105a67c10cfec7c9cc3	d__Bacteria; p__Desulfobacterota; c__Desulfovibrionia; o__Desulfovibrionales; f__Desulfovibrionaceae; g__Bilophila; s__bacterium_NLAE-zl-H528
5c271ea2fe6e20b7bd1007783388a288	d__Bacteria; p__Firmicutes; c__Clostridia; o__Oscillospirales; f__Ruminococcaceae
d25fda899d3a8364a86caaf27ba37b8f	d__Bacteria; p__Firmicutes; c__Clostridia; o__Oscillospirales; f__Ruminococcaceae
c0f18b76cad8c9be63e0080c498bd006	d__Bacteria; p__Firmicutes; c__Clostridia; o__Oscillospirales; f__Ruminococcaceae; g__Subdoligranulum
c8ac43c53129bac5ab8a48dd617f0646	d__Bacteria; p__Firmicutes; c__Clostridia; o__Oscillospirales; f__Ruminococcaceae; g__Incertae_Sedis
a18c626aca621cda25dc2dd79573854f	d__Bacteria; p__Firmicutes; c__Clostridia; o__Oscillospirales; f__Ruminococcaceae; g__Incertae_Sedis
6aa161b2742e856a42322c5634f8e922	d__Bacteria; p__Firmicutes; c__Clostridia; o__Oscillospirales; f__Ruminococcaceae; g__Incertae_Sedis
923e615d13505181a4036b5bc314da6a	d__Bacteria; p__Firmicutes; c__Clostridia; o__Christensenellales; f__Christensenellaceae; g__Christensenellaceae_R-7_group
694ff019c2206637f69126a5c05a8d4f	d__Bacteria; p__Firmicutes; c__Clostridia; o__Oscillospirales; f__Ruminococcaceae
02817c420b190572db23ce9d56b9bd93	d__Bacteria; p__Firmicutes; c__Clostridia; o__Oscillospirales; f__Ruminococcaceae; g__Incertae_Sedis
6b2b88a81e3b5481ccb79bf5f4354c8a	d__Bacteria; p__Firmicutes; c__Clostridia
29cbaf35a51d6725662c5d2046a08dd0	d__Bacteria; p__Firmicutes; c__Clostridia; o__Oscillospirales; f__Ruminococcaceae; g__uncultured
ce9a3c7b897c17b9cb56cf404e4aaac9	d__Bacteria; p__Firmicutes; c__Clostridia; o__Oscillospirales; f__Ruminococcaceae; g__uncultured
b420ba058e8344e4bea4600979e2cf63	d__Bacteria; p__Firmicutes; c__Clostridia; o__Oscillospirales; f__Ruminococcaceae; g__uncultured
a49494c21b500457528f6f7f6c1658bc	d__Bacteria; p__Firmicutes; c__Clostridia; o__Oscillospirales; f__Ruminococcaceae; g__uncultured
a180f017ffa50eb7240a93376f283abf	d__Bacteria; p__Firmicutes; c__Clostridia; o__Oscillospirales; f__Ruminococcaceae; g__uncultured
33d8f572176a3eab69643f7144729b73	d__Bacteria; p__Firmicutes; c__Clostridia; o__Oscillospirales; f__Ruminococcaceae; g__uncultured
be8609ba531b3178139c9f8050c62009	d__Bacteria; p__Firmicutes; c__Clostridia; o__Oscillospirales; f__Ruminococcaceae; g__uncultured
25f1353ea578905845b1e4bdc409bacb	d__Bacteria; p__Firmicutes; c__Clostridia; o__Oscillospirales
203f2d3eada3f32f2d5c2403d410bc4e	d__Bacteria; p__Firmicutes; c__Clostridia; o__Oscillospirales
3716aaf385d43e831345aee5593af352	d__Bacteria; p__Firmicutes; c__Clostridia; o__Oscillospirales
0584f2ba3307ee1acf7de93c3988100a	d__Bacteria; p__Firmicutes; c__Clostridia; o__Oscillospirales
e9ca1c0350ab976766127524a1787cef	d__Bacteria; p__Firmicutes
076916960da965125a44762267aa76c9	d__Bacteria; p__Firmicutes; c__Clostridia; o__Lachnospirales; f__Lachnospiraceae; g__Lachnospiraceae_NC2004_group; s__uncultured_bacterium
23fd772628dab0b11126e65971caab6b	d__Bacteria; p__Bacteroidota; c__Bacteroidia; o__Bacteroidales; f__Bacteroidaceae; g__Bacteroides; s__Bacteroides_massiliensis
e94c53f6e54c588ad0895a15eb9841b5	d__Bacteria; p__Bacteroidota; c__Bacteroidia; o__Bacteroidales; f__Bacteroidaceae; g__Bacteroides
d97cbd4d77d0e88c6b49feb1f5c45c3e	d__Bacteria; p__Bacteroidota; c__Bacteroidia; o__Bacteroidales; f__Bacteroidaceae; g__Bacteroides
77016da8aea1cd6286604df437936072	d__Bacteria; p__Bacteroidota; c__Bacteroidia; o__Bacteroidales; f__Bacteroidaceae; g__Bacteroides
2bef630607ef9d724218a2cb4b9dbb2c	d__Bacteria; p__Bacteroidota; c__Bacteroidia; o__Bacteroidales; f__Bacteroidaceae; g__Bacteroides
83de413d245d25f087833cf9a069dc39	d__Bacteria; p__Bacteroidota; c__Bacteroidia; o__Bacteroidales
322f7ee9f61de98ea02fb8b08f5331df	d__Bacteria; p__Firmicutes; c__Clostridia; o__Oscillospirales; f__Ruminococcaceae; g__Incertae_Sedis; s__uncultured_bacterium
8bd43b0e75192b411d819c08c5de89da	d__Bacteria; p__Firmicutes; c__Clostridia; o__Oscillospirales; f__Ruminococcaceae; g__Incertae_Sedis
3e57cdf09f43b09b331eba63b2044236	d__Bacteria; p__Firmicutes; c__Clostridia; o__Oscillospirales; f__Ruminococcaceae
378b9962398abe6b2329b91484ab6604	d__Bacteria; p__Firmicutes; c__Clostridia; o__Oscillospirales; f__Ruminococcaceae; g__Incertae_Sedis; s__uncultured_bacterium
c288172dbfaca5a0ae6f492e7ca8b581	d__Bacteria; p__Firmicutes; c__Clostridia; o__Oscillospirales; f__Ruminococcaceae; g__Incertae_Sedis; s__uncultured_bacterium
c7a9f5bf1e72a417432312519659238e	d__Bacteria; p__Firmicutes; c__Clostridia; o__Oscillospirales; f__Ruminococcaceae; g__Incertae_Sedis; s__uncultured_bacterium
1af01929068864bc330bae0129107634	d__Bacteria; p__Firmicutes; c__Clostridia; o__Oscillospirales; f__Ruminococcaceae; g__Incertae_Sedis; s__uncultured_bacterium
8b5f507d0ec6d0a71ae7ce8406023433	d__Bacteria; p__Firmicutes; c__Clostridia; o__Oscillospirales; f__Ruminococcaceae; g__Incertae_Sedis; s__uncultured_bacterium
8622030f1cefdf93042808f0fb7d0c86	d__Bacteria; p__Firmicutes; c__Clostridia
5bd0a6524f507c096e1a623ad16a47f4	d__Bacteria; p__Firmicutes; c__Clostridia; o__Christensenellales; f__Christensenellaceae; g__Christensenellaceae_R-7_group
060439617683294db9ddd71dc15cb631	d__Bacteria; p__Firmicutes; c__Clostridia; o__Oscillospirales; f__Ruminococcaceae; g__Incertae_Sedis
1844a5b09cbda62f3b28cc9e57566c7c	d__Bacteria; p__Firmicutes; c__Clostridia; o__Oscillospirales; f__Ruminococcaceae; g__Incertae_Sedis
a6fffe7ae9ecd0acd471676c60766089	d__Bacteria; p__Bacteroidota; c__Bacteroidia; o__Bacteroidales; f__Bacteroidaceae; g__Bacteroides
16e993269d6eaef4f0c7d5cc759870af	Unassigned
bfdf8d800145ff6bbd41c841b38975f3	d__Bacteria; p__Firmicutes; c__Clostridia; o__Lachnospirales; f__Lachnospiraceae
f10166f349a26ecf66dca9fda01cb1f9	d__Bacteria; p__Firmicutes; c__Clostridia; o__Lachnospirales; f__Lachnospiraceae
5259c9604f5a9b5feab8fd9ad84f2880	d__Bacteria; p__Firmicutes; c__Negativicutes; o__Acidaminococcales; f__Acidaminococcaceae; g__Phascolarctobacterium
c962e6a7eda87fea8a596a809653b657	d__Bacteria; p__Firmicutes; c__Clostridia; o__Monoglobales; f__Monoglobaceae; g__Monoglobus; s__uncultured_organism
da6e468ed13a28467ba45a23317fff75	d__Bacteria; p__Firmicutes; c__Clostridia; o__Lachnospirales; f__Lachnospiraceae; g__Oribacterium; s__uncultured_bacterium
37991463218ed4ca28c23f319bbcb5c8	d__Bacteria; p__Firmicutes; c__Clostridia; o__Oscillospirales; f__Oscillospiraceae
952cf31191542c18a546efd801c20fa6	d__Bacteria
4554c1447319150017edb7b4a4cafabe	d__Bacteria; p__Firmicutes; c__Clostridia; o__Oscillospirales; f__Ruminococcaceae
eda9dba390c5c3ef0068cd54129dd6b8	d__Bacteria; p__Firmicutes; c__Clostridia; o__Peptostreptococcales-Tissierellales; f__Anaerovoracaceae; g__Family_XIII_AD3011_group
a8d7bb880ba8a0adc07a1ce47d41cf4b	d__Bacteria; p__Firmicutes; c__Clostridia; o__Oscillospirales; f__Butyricicoccaceae; g__Butyricicoccus
6424361dae59c9ca8418b463e87692d7	d__Bacteria; p__Firmicutes; c__Clostridia; o__Lachnospirales; f__Lachnospiraceae; g__[Eubacterium]_oxidoreducens_group
38d60dea4b7ad01535f94742155141bb	d__Bacteria; p__Actinobacteriota
3c37e9de0c1db628d192e3b6c0f69ac5	d__Bacteria
075c2a2f17448e58e9491ed0636587ca	d__Bacteria; p__Firmicutes; c__Clostridia
210bc57cbc293035f18e98df23d7d6e4	d__Bacteria; p__Firmicutes; c__Clostridia; o__Lachnospirales; f__Lachnospiraceae
de2c58cdb68a6bb56fdf019f38426b0d	d__Bacteria; p__Firmicutes; c__Clostridia; o__Lachnospirales; f__Lachnospiraceae
75424b9c45312aba892ad41d20517fd6	d__Bacteria; p__Bacteroidota; c__Bacteroidia; o__Bacteroidales; f__Bacteroidaceae; g__Bacteroides
708faedb38557e5628b3d9289cdc1df1	d__Bacteria; p__Firmicutes; c__Clostridia; o__Oscillospirales; f__UCG-010; g__UCG-010
1638b3a784c5f0a286c3a367eefa6ffa	d__Bacteria; p__Bacteroidota; c__Bacteroidia; o__Bacteroidales; f__Marinifilaceae; g__Butyricimonas
b6a5511c7f428a53f6b75192c5ec71ae	d__Bacteria
7cc37082507e2f03b4affef2285ea356	d__Bacteria; p__Firmicutes; c__Clostridia
f28ba3d38f0c0645e668afcf39fd4a3b	d__Bacteria; p__Firmicutes; c__Clostridia; o__Lachnospirales; f__Lachnospiraceae; g__[Eubacterium]_oxidoreducens_group; s__uncultured_bacterium
a5a520bb7fd6bff1d5780411e3e9b45c	d__Bacteria; p__Proteobacteria; c__Alphaproteobacteria; o__Rhodospirillales; f__uncultured; g__uncultured
e7fc6a818e35f5aa4ca6ce906e81a1a2	d__Bacteria; p__Firmicutes; c__Clostridia; o__Oscillospirales; f__Ruminococcaceae
87001a519a56bce287a5fe552b201f0f	d__Bacteria; p__Firmicutes; c__Clostridia; o__Oscillospirales; f__Ruminococcaceae
032f216671115eb03164cc0153d69359	d__Bacteria; p__Firmicutes; c__Clostridia
95561f95e7189d4871ee76abb98d6f68	d__Bacteria; p__Firmicutes; c__Clostridia; o__Oscillospirales; f__Oscillospiraceae; g__UCG-005
8041f1d765e88a18ecaca00d363b946f	d__Bacteria; p__Firmicutes; c__Clostridia
5a1360acf409ccd3aabbcc075b71eb99	d__Bacteria; p__Firmicutes; c__Clostridia
7f8edbe296ab339536406b28cc95d2d5	d__Bacteria; p__Firmicutes; c__Clostridia
6f78ee0ac4b0888761963c30ea5c6bb5	d__Bacteria; p__Firmicutes; c__Clostridia
5176d015a6d1e5927021d90b0c7965c9	d__Bacteria; p__Firmicutes; c__Clostridia
3a68768e14b6a320979d1a15dca82dca	d__Bacteria; p__Bacteroidota; c__Bacteroidia; o__Bacteroidales; f__Bacteroidaceae; g__Bacteroides
892c2433bbbda351f74e7fb1de050dd9	d__Bacteria; p__Firmicutes; c__Clostridia; o__Oscillospirales; f__Ruminococcaceae
88bb77706097db1d27e38d8bf411a5b7	d__Bacteria; p__Firmicutes; c__Clostridia; o__Oscillospirales; f__Ruminococcaceae
a92d6520e7acf3a2038b93f49866c352	d__Bacteria; p__Firmicutes; c__Clostridia; o__Oscillospirales; f__Ruminococcaceae
7c313c58d9137e4ab9cc04eb64882984	d__Bacteria; p__Firmicutes; c__Clostridia; o__Peptococcales; f__Peptococcaceae; g__uncultured; s__uncultured_bacterium
4c67871e29e4e7f1a11410c50a6f4ee4	d__Bacteria; p__Firmicutes; c__Clostridia; o__Peptococcales; f__Peptococcaceae; g__uncultured; s__uncultured_bacterium
30a08f0893e428a23a6e46204b7d3649	d__Bacteria; p__Firmicutes; c__Incertae_Sedis; o__DTU014; f__DTU014; g__DTU014; s__unidentified
f84f9071395e90400d18bde00b5fbd95	d__Bacteria; p__Firmicutes; c__Incertae_Sedis; o__DTU014; f__DTU014; g__DTU014; s__unidentified
f28ac7ff36b78a881cc255d404d70721	d__Bacteria; p__Firmicutes; c__Incertae_Sedis; o__DTU014; f__DTU014; g__DTU014; s__unidentified
64f11b0b625b26a1f5434b7678b728d7	d__Bacteria; p__Firmicutes; c__Clostridia
d4d4479610aa71f46cdc0d0ac51e3413	d__Bacteria; p__Firmicutes; c__Clostridia; o__Lachnospirales; f__Lachnospiraceae
85d84e4a891da969cf024cf832290c15	d__Bacteria; p__Firmicutes; c__Clostridia; o__Lachnospirales; f__Lachnospiraceae
40dd5e38e8a3903d689fd364f13729db	d__Bacteria; p__Firmicutes; c__Clostridia; o__Lachnospirales; f__Lachnospiraceae
f09ff456707b7efe4833597111cca78f	d__Bacteria; p__Firmicutes; c__Clostridia; o__Lachnospirales; f__Lachnospiraceae; g__[Ruminococcus]_torques_group
5db71f11616a4e8baa78b7fa72747e93	d__Bacteria; p__Firmicutes; c__Clostridia; o__Lachnospirales; f__Lachnospiraceae; g__Agathobacter
3de0830767cdd01baaadd77d55c6fd97	d__Bacteria; p__Firmicutes; c__Clostridia; o__Clostridia_UCG-014; f__Clostridia_UCG-014; g__Clostridia_UCG-014; s__uncultured_bacterium
b28a5aeafc09e8bba85bb6c9bb69ea9a	d__Bacteria; p__Firmicutes; c__Clostridia; o__Oscillospirales
c98c59dafcebaac41ff42ac1f4f51edb	d__Bacteria; p__Verrucomicrobiota; c__Verrucomicrobiae; o__Verrucomicrobiales; f__Akkermansiaceae; g__Akkermansia
88280f8cf17cdb01725f7536513a55dd	d__Bacteria; p__Firmicutes; c__Clostridia; o__Lachnospirales; f__Lachnospiraceae
8c7e695b65bbdd07d1282a749915d3c6	d__Bacteria; p__Firmicutes; c__Clostridia; o__Lachnospirales; f__Lachnospiraceae
58d1a60a5bed671e7a1cafece9f0da27	d__Bacteria; p__Firmicutes; c__Clostridia; o__Clostridia_UCG-014; f__Clostridia_UCG-014; g__Clostridia_UCG-014; s__uncultured_bacterium
62263879cc8eed7f07e03979945c1926	d__Bacteria; p__Firmicutes; c__Clostridia
795b9fdfec5a15dda70f57297e83413c	d__Bacteria; p__Firmicutes; c__Clostridia; o__Clostridia_UCG-014; f__Clostridia_UCG-014; g__Clostridia_UCG-014
32180033a797ae343922d5fb537c5913	d__Bacteria; p__Firmicutes; c__Clostridia; o__Oscillospirales; f__[Eubacterium]_coprostanoligenes_group; g__[Eubacterium]_coprostanoligenes_group
e9a7b7d0498350172043e35fd7ff8e11	d__Bacteria; p__Firmicutes; c__Clostridia; o__Oscillospirales; f__[Eubacterium]_coprostanoligenes_group; g__[Eubacterium]_coprostanoligenes_group
00d4ec536e066618660716d8f0f8b85f	d__Bacteria; p__Firmicutes; c__Clostridia; o__Lachnospirales; f__Lachnospiraceae; g__Lachnospiraceae_UCG-010
32afb33fce180be497a33668ccedfd2f	d__Bacteria; p__Proteobacteria; c__Gammaproteobacteria
886edf88ce8e46b340780e118ff00f23	d__Bacteria; p__Firmicutes; c__Clostridia; o__Peptostreptococcales-Tissierellales; f__Anaerovoracaceae; g__Family_XIII_AD3011_group; s__metagenome
47cd4244c16d98d06219eda6c759ff7e	d__Bacteria; p__Firmicutes; c__Clostridia; o__Lachnospirales; f__Lachnospiraceae; g__Blautia; s__Blautia_sp.
1536d8004e7716cddb75fab5a06c1348	d__Bacteria; p__Firmicutes; c__Clostridia; o__Lachnospirales; f__Lachnospiraceae
ad5b39387fc929a0d48b068701d1a9a4	d__Bacteria; p__Firmicutes; c__Clostridia; o__Lachnospirales; f__Lachnospiraceae
ac701f096c9b54a5f04d097b41bff988	d__Bacteria; p__Firmicutes; c__Clostridia; o__Lachnospirales; f__Lachnospiraceae
6761ff92002f34783bba37387f18d311	d__Bacteria; p__Firmicutes; c__Clostridia; o__Lachnospirales; f__Lachnospiraceae
6865d2af478be8a4d6439c7813839cb0	d__Bacteria; p__Firmicutes; c__Clostridia; o__Lachnospirales; f__Lachnospiraceae
2a7c0e719ab4acc697d482b9fe569b83	d__Bacteria; p__Firmicutes; c__Clostridia; o__Lachnospirales; f__Lachnospiraceae
fc284959e6f53a05039f091a2acfa015	d__Bacteria; p__Proteobacteria; c__Gammaproteobacteria; o__Enterobacterales; f__Enterobacteriaceae; g__Escherichia-Shigella
4d05f132727f9e6fbe7cf9136b1bc52a	d__Bacteria; p__Firmicutes; c__Clostridia; o__Lachnospirales; f__Lachnospiraceae; g__Dorea
e3d6a4874873d1e9a6a7aa62451051fb	d__Bacteria; p__Firmicutes; c__Clostridia; o__Lachnospirales; f__Lachnospiraceae; g__Dorea
30f4499348bb7e31b6fd85ee7fccbf0b	d__Bacteria; p__Firmicutes; c__Clostridia; o__Lachnospirales; f__Lachnospiraceae; g__Dorea
19d43c1a4682e8af6a4f129e27673461	d__Bacteria; p__Firmicutes; c__Clostridia; o__Lachnospirales; f__Lachnospiraceae
f21acf249a8706bc0c9559d4b1dd77c0	d__Bacteria; p__Firmicutes; c__Clostridia; o__Lachnospirales; f__Lachnospiraceae
9867650addd6860dce1d9f94082fdc16	d__Bacteria; p__Firmicutes; c__Clostridia; o__Lachnospirales; f__Lachnospiraceae
383c840ec99aa8febabef999d6d2b3be	d__Bacteria; p__Firmicutes; c__Clostridia; o__Lachnospirales; f__Lachnospiraceae
a42cea6cae0ba34ae8135cf274a2399c	d__Bacteria; p__Firmicutes; c__Clostridia; o__Lachnospirales; f__Lachnospiraceae
51c6fbca2bc729e647621f016ff4617a	d__Bacteria; p__Firmicutes; c__Clostridia
5d865cc5e0c1cb5816e967686ae98681	d__Bacteria; p__Firmicutes; c__Clostridia; o__Lachnospirales; f__Lachnospiraceae
fac58ff8faf6936e66f3532d5f45bf17	d__Bacteria; p__Firmicutes; c__Clostridia
906fe48b9d120611c925fa91f0698bea	d__Bacteria; p__Firmicutes
ecae7b2f64d3caf161e1383616d9cd02	d__Bacteria; p__Firmicutes; c__Clostridia; o__Lachnospirales; f__Lachnospiraceae
e562f2ba3f6661cb048ff71259d9351b	d__Bacteria; p__Firmicutes; c__Clostridia; o__Lachnospirales; f__Lachnospiraceae; g__Dorea
16980bb3cd9028dbaf75872819479f74	d__Bacteria; p__Firmicutes; c__Clostridia
3f730534587a18e981806717aa1cf206	d__Bacteria; p__Firmicutes; c__Clostridia; o__Lachnospirales; f__Lachnospiraceae; g__Lachnospiraceae_UCG-004
94285875e0f7612500dc56736833890f	d__Bacteria; p__Firmicutes; c__Clostridia; o__Lachnospirales; f__Lachnospiraceae
cdf5b2474428d7c44db103ffa0d0590b	d__Bacteria; p__Firmicutes; c__Clostridia; o__Lachnospirales; f__Lachnospiraceae
2311b53a1ab2863e70ab9578a0923d51	d__Bacteria; p__Firmicutes; c__Clostridia; o__Lachnospirales; f__Lachnospiraceae; g__[Bacteroides]_pectinophilus_group; s__uncultured_bacterium
4f783e898531a7d172bec9b2e1bf01d1	d__Bacteria; p__Firmicutes; c__Clostridia; o__Lachnospirales; f__Lachnospiraceae; g__[Bacteroides]_pectinophilus_group; s__uncultured_bacterium
73cebbcb36e83d8f72d06d0829897675	d__Bacteria; p__Firmicutes; c__Clostridia; o__Lachnospirales; f__Lachnospiraceae; g__[Bacteroides]_pectinophilus_group; s__uncultured_bacterium
361336976c14b576c6400d7ec5999b88	d__Bacteria; p__Firmicutes; c__Clostridia; o__Lachnospirales; f__Lachnospiraceae; g__[Bacteroides]_pectinophilus_group; s__uncultured_bacterium
821a36f7af8c4e5dee2519875802c181	d__Bacteria; p__Firmicutes; c__Clostridia; o__Lachnospirales; f__Lachnospiraceae
5f5f1360500ea555d7f143ddabc6a725	d__Bacteria; p__Firmicutes; c__Clostridia
515f63f5fac9b0166a890ff227f4cf14	d__Bacteria; p__Firmicutes; c__Clostridia; o__Oscillospirales; f__Ruminococcaceae; g__uncultured
64922b74d4b1195d698a57da7b2a486f	d__Bacteria; p__Firmicutes; c__Clostridia; o__Oscillospirales; f__Ruminococcaceae; g__uncultured
b2e193c5799b8ee00a7dae545b4ffb50	d__Bacteria; p__Firmicutes; c__Clostridia; o__Oscillospirales; f__Ruminococcaceae; g__uncultured
ad13ae673cf7bbc342a36f9de74f7de2	d__Bacteria; p__Firmicutes; c__Clostridia; o__Oscillospirales; f__Ruminococcaceae
741b650dd5554cf733376c6fc2537cb2	d__Bacteria; p__Firmicutes; c__Clostridia; o__Oscillospirales; f__Ruminococcaceae; g__Pygmaiobacter; s__uncultured_bacterium
15872e365a629026bcea651f43283fdf	d__Bacteria; p__Firmicutes; c__Clostridia; o__Oscillospirales
6b26be420ae65de05e614fe61fa81a0c	d__Bacteria; p__Firmicutes; c__Clostridia; o__Oscillospirales; f__Ruminococcaceae; g__Fournierella; s__uncultured_organism
bb0e1cc541ef8686d0e9e5502e56b3d1	d__Bacteria; p__Firmicutes; c__Clostridia; o__Oscillospirales; f__Ruminococcaceae; g__Fournierella; s__uncultured_organism
98dc7c64c14d81daa657d0f0f3522f07	d__Bacteria; p__Firmicutes; c__Clostridia; o__Oscillospirales; f__Ruminococcaceae; g__Fournierella; s__uncultured_organism
16f0c0e99aa44686c4e059313bbcd21b	d__Bacteria; p__Firmicutes; c__Clostridia; o__Oscillospirales; f__Ruminococcaceae; g__Fournierella; s__uncultured_organism
3bc6a405a6b8d7e1ebe11a169211883d	d__Bacteria; p__Firmicutes; c__Clostridia; o__Oscillospirales; f__Ruminococcaceae; g__uncultured; s__uncultured_organism
2fa0f01463e18a8c607151b0ed44d1e0	d__Bacteria; p__Firmicutes; c__Clostridia; o__Oscillospirales; f__Ruminococcaceae; g__uncultured; s__uncultured_organism
d0bac5dac2d68ebb6f963a220fd89e29	d__Bacteria; p__Firmicutes; c__Clostridia; o__Oscillospirales; f__Ruminococcaceae; g__uncultured; s__uncultured_organism
75d89edd14b46c1e2624780880cf25b1	d__Bacteria; p__Firmicutes; c__Negativicutes; o__Acidaminococcales; f__Acidaminococcaceae; g__Acidaminococcus
cc9e62fcfcb8249822ab0383894e4b1d	d__Bacteria; p__Firmicutes; c__Clostridia; o__Lachnospirales; f__Lachnospiraceae; g__Lachnospiraceae_NC2004_group; s__uncultured_bacterium
61144fec99809831bd4ca337be160181	d__Bacteria; p__Firmicutes; c__Clostridia; o__Oscillospirales; f__Ruminococcaceae; g__uncultured; s__uncultured_organism
11bc671727f76b13d3dad97857d4ebd0	d__Bacteria; p__Firmicutes; c__Clostridia; o__Oscillospirales; f__Ruminococcaceae; g__uncultured; s__uncultured_organism
93640ecbe369edaf9c85b7d7f5100f8b	d__Bacteria; p__Firmicutes; c__Clostridia; o__Oscillospirales
826fe24f7526f4f295460553477225a2	d__Bacteria; p__Firmicutes; c__Clostridia
5d68e181826f7daba72f38055a2c6bdb	d__Bacteria; p__Firmicutes; c__Clostridia; o__Oscillospirales
0eb9c978902e3025dbff1319d64f17fb	d__Bacteria; p__Firmicutes; c__Clostridia; o__Oscillospirales; f__Ruminococcaceae
de6afa7a5e1692caa2de179c3f77cf68	d__Bacteria; p__Firmicutes; c__Clostridia; o__Oscillospirales; f__Ruminococcaceae
7c74283712e737252d0a92a94cc1bad9	d__Bacteria
95700676755c2fed5edaa4ecb3f5188d	d__Bacteria; p__Firmicutes; c__Clostridia; o__Oscillospirales; f__Ethanoligenenaceae; g__Acetanaerobacterium; s__uncultured_rumen
06e43f2ed5fef8aac940b8fd9513cfa3	d__Bacteria; p__Firmicutes; c__Clostridia; o__Oscillospirales; f__Ethanoligenenaceae; g__Acetanaerobacterium; s__uncultured_rumen
d9fa2e1c1b24890ea8e9ac80d9a1ac63	d__Bacteria; p__Firmicutes; c__Clostridia; o__Oscillospirales; f__Ethanoligenenaceae; g__Acetanaerobacterium; s__uncultured_rumen
66c9d610a4a8eb629d03174b9c87f85c	d__Bacteria; p__Firmicutes; c__Clostridia; o__Oscillospirales; f__Ethanoligenenaceae; g__Acetanaerobacterium; s__uncultured_rumen
1b7eab1a832f94540ae2a14c98363fea	d__Bacteria; p__Firmicutes; c__Clostridia; o__Oscillospirales; f__Ruminococcaceae
012b7c88bcf30b8b7cb76d3ddcc0aea6	d__Bacteria; p__Firmicutes; c__Clostridia; o__Lachnospirales; f__Lachnospiraceae
40a5ffed60d067f64f6ddb176a14368c	d__Bacteria; p__Firmicutes; c__Clostridia; o__Lachnospirales; f__Lachnospiraceae
d341d2bdeb506355d82974237f1c6eae	d__Bacteria; p__Firmicutes
c9dd2536056c68440bbf020aa4f1285b	d__Bacteria; p__Firmicutes; c__Clostridia; o__Lachnospirales; f__Lachnospiraceae
44d4a057c44675d4ad5308e0e04e9e2a	d__Bacteria; p__Firmicutes; c__Clostridia; o__Oscillospirales
905983949ddb3f317bfdf4342341c69d	d__Bacteria; p__Firmicutes; c__Clostridia; o__Clostridiales; f__Clostridiaceae; g__Clostridium_sensu_stricto_1; s__uncultured_bacterium
2d9b77f5970eaaae0f58775913c848c3	d__Bacteria; p__Firmicutes; c__Clostridia; o__Lachnospirales; f__Lachnospiraceae
3ef279f1cef8412404204844573222e8	d__Bacteria; p__Firmicutes; c__Clostridia; o__Lachnospirales; f__Lachnospiraceae
a6c2ad4957aebd51116fbd8f1f2c78db	d__Bacteria; p__Firmicutes; c__Clostridia; o__Lachnospirales; f__Lachnospiraceae
3b3bc1af1c7e488043abf4341e036f96	d__Bacteria; p__Firmicutes; c__Clostridia; o__Lachnospirales; f__Lachnospiraceae
963b53f5965b41f3d7c0a4766c552e35	d__Bacteria; p__Firmicutes; c__Clostridia; o__Lachnospirales; f__Lachnospiraceae
6d92829571aa7d3683e778e1cbc0c88f	d__Bacteria; p__Proteobacteria; c__Gammaproteobacteria; o__Enterobacterales; f__Enterobacteriaceae
d6edcb11126700f3c53ee63ce1e2fd0f	d__Bacteria; p__Firmicutes; c__Clostridia
fd5332e9751b3459b55e6969972fa382	d__Bacteria; p__Firmicutes
8ed93288d597bd82659d4fb244f4d701	d__Bacteria; p__Firmicutes; c__Clostridia; o__Lachnospirales; f__Lachnospiraceae
863ea62f6f8722dda08e9befb06ab825	d__Bacteria; p__Firmicutes; c__Clostridia; o__Lachnospirales; f__Lachnospiraceae
97fb319d719cb0203db535918601a295	d__Bacteria; p__Firmicutes; c__Clostridia
b7c85c33ccd00601818972c8dc073e80	d__Bacteria; p__Firmicutes; c__Clostridia; o__Lachnospirales; f__Lachnospiraceae
fd15cdea942527d220179a8aa720cd7f	d__Bacteria; p__Firmicutes; c__Clostridia; o__Lachnospirales; f__Lachnospiraceae
41e090064985d008f7f724d35582b3bd	d__Bacteria; p__Firmicutes; c__Clostridia; o__Lachnospirales; f__Lachnospiraceae; g__Lachnospira
de1a5ff555f0b7f89e083e1af35c8454	d__Bacteria; p__Firmicutes; c__Clostridia; o__Lachnospirales; f__Lachnospiraceae; g__Lachnospira
8236dfa08b0cc41a85de124e34d7120b	d__Bacteria; p__Firmicutes; c__Clostridia; o__Lachnospirales; f__Lachnospiraceae; g__[Eubacterium]_eligens_group
fabd3e39fcc9be892f12bb742bd7d6ff	d__Bacteria; p__Firmicutes; c__Clostridia; o__Lachnospirales; f__Lachnospiraceae; g__[Eubacterium]_eligens_group
0f7b9ce4c2d2b5a463ab6eb2f0f36912	d__Bacteria; p__Firmicutes; c__Clostridia; o__Lachnospirales; f__Lachnospiraceae; g__[Eubacterium]_eligens_group
fe25dea5876252bdec274ee05e30de21	d__Bacteria; p__Firmicutes; c__Clostridia; o__Lachnospirales; f__Lachnospiraceae; g__[Eubacterium]_eligens_group
b905b37525ec5808f35e8744ddf67c35	d__Bacteria; p__Firmicutes; c__Clostridia; o__Lachnospirales; f__Lachnospiraceae; g__[Eubacterium]_eligens_group
9a02443437d329d0daa983bf0194d1ce	d__Bacteria; p__Firmicutes; c__Clostridia; o__Lachnospirales; f__Lachnospiraceae
14f2ba3024a3798c9e3716ff663d6322	d__Bacteria; p__Firmicutes; c__Clostridia; o__Lachnospirales; f__Lachnospiraceae
f0eade41d96ce83dc4dd4627d08ea5b9	d__Bacteria; p__Firmicutes; c__Clostridia; o__Lachnospirales; f__Lachnospiraceae
028c66406043b45657a30ff9afb696a2	d__Bacteria; p__Firmicutes; c__Clostridia; o__Lachnospirales; f__Lachnospiraceae
5c0cc4d89c9f861efd301b963f88259b	d__Bacteria; p__Firmicutes; c__Clostridia; o__Lachnospirales; f__Lachnospiraceae
427a0bbd4d38dd3663b0dc80baadfa69	d__Bacteria; p__Firmicutes; c__Clostridia; o__Lachnospirales; f__Lachnospiraceae
c07031a046c800ae3be6b3016b504e48	d__Bacteria; p__Firmicutes; c__Clostridia
f47bb549c6d0917b424f204135986447	d__Bacteria; p__Firmicutes; c__Clostridia; o__Lachnospirales; f__Lachnospiraceae
4903bb06a606596a36e45dcf5632e45d	d__Bacteria; p__Firmicutes; c__Clostridia; o__Lachnospirales; f__Lachnospiraceae
ec3dda52bb85dddd6a8b721e3c6d64ad	d__Bacteria; p__Firmicutes; c__Clostridia; o__Lachnospirales; f__Lachnospiraceae
7733b43bbc9889f45012246b3104428d	d__Bacteria; p__Firmicutes; c__Clostridia; o__Lachnospirales; f__Lachnospiraceae
6684527bb5a5a012eed3a6ae039da597	d__Bacteria; p__Firmicutes; c__Clostridia
030e94f7b3d62fb21751c550bd9545e6	d__Bacteria; p__Firmicutes; c__Bacilli; o__Erysipelotrichales; f__Erysipelotrichaceae; g__Holdemanella; s__uncultured_bacterium
91b652ecb55219be1b1bed7fd128d5dd	d__Bacteria; p__Firmicutes
58bd781eb4dc3cd8b84473ab36785786	d__Bacteria; p__Firmicutes; c__Clostridia; o__Lachnospirales; f__Lachnospiraceae; g__Lachnospira
c0e3c828922f4de1655462c557be674d	d__Bacteria; p__Firmicutes; c__Clostridia; o__Lachnospirales; f__Lachnospiraceae; g__Lachnospira; s__uncultured_bacterium
63953519a241f2857e6948ffe34b97f2	d__Bacteria; p__Firmicutes; c__Clostridia; o__Lachnospirales; f__Lachnospiraceae
f3bf9a354e2304d84fb9b679d87ca3bc	d__Bacteria; p__Firmicutes; c__Clostridia; o__Lachnospirales; f__Lachnospiraceae
ed5346cd1d8ad7f3545804167042b06a	d__Bacteria; p__Firmicutes; c__Clostridia; o__Lachnospirales; f__Lachnospiraceae
cbe5e393efd29c6f725a1a40694c9211	d__Bacteria; p__Firmicutes; c__Clostridia
35f2378aeaa3a3cf538f85cb7f26f5c4	d__Bacteria; p__Firmicutes; c__Clostridia; o__Lachnospirales; f__Lachnospiraceae
23934a86dbbad3ee93cdd207c8e3a30e	d__Bacteria; p__Firmicutes; c__Clostridia; o__Lachnospirales; f__Lachnospiraceae
a9ff80579f52b52ee70b08dba03b87d0	d__Bacteria; p__Firmicutes; c__Clostridia; o__Lachnospirales; f__Lachnospiraceae; g__Lachnospiraceae_ND3007_group
25139c6d17febce6266a39836601566a	d__Bacteria; p__Firmicutes; c__Clostridia; o__Lachnospirales; f__Lachnospiraceae
a25ddd2b5cffa5a7a87ce49108c6bb51	d__Bacteria; p__Firmicutes; c__Clostridia; o__Lachnospirales; f__Lachnospiraceae
d1e07230a1587638faf7ef72c89fab1e	d__Bacteria; p__Firmicutes; c__Clostridia; o__Lachnospirales; f__Lachnospiraceae
eec7183c98a52ea29a17d64cd6255267	d__Bacteria; p__Firmicutes; c__Clostridia; o__Lachnospirales; f__Lachnospiraceae; g__Lachnospira
0adb23e8852b27f1001926f81bc098b0	d__Bacteria; p__Firmicutes; c__Clostridia; o__Lachnospirales; f__Lachnospiraceae; g__Lachnospira
33592e5dbbe4c431ba76a3847a1da795	d__Bacteria; p__Firmicutes; c__Clostridia; o__Lachnospirales; f__Lachnospiraceae
4275d6de12034fda187e3bd20a45ec7a	d__Bacteria; p__Firmicutes; c__Clostridia; o__Lachnospirales; f__Lachnospiraceae
1935dabb934c8b2c779b6acbeb7c6454	d__Bacteria; p__Firmicutes; c__Clostridia; o__Lachnospirales; f__Lachnospiraceae; g__[Eubacterium]_eligens_group
5ca0373051acfc9bbc120ec687a9d6d4	d__Bacteria; p__Firmicutes; c__Clostridia; o__Lachnospirales; f__Lachnospiraceae; g__[Eubacterium]_eligens_group
3e6d69c405482020c337261a99e3bcc9	d__Bacteria; p__Firmicutes; c__Clostridia; o__Lachnospirales; f__Lachnospiraceae
cd687e6ad42bd3fe562e79f3a4cffd06	d__Bacteria; p__Firmicutes; c__Clostridia; o__Oscillospirales; f__Ruminococcaceae
39b900f1c5f62eef60a4c5d1d8361d28	d__Bacteria; p__Firmicutes; c__Clostridia; o__Oscillospirales; f__Ruminococcaceae
9423ad052668c543bfad8a37fb38c06c	d__Bacteria; p__Firmicutes; c__Clostridia
d1114a7e415445c4bf69ebc48327d243	d__Bacteria; p__Firmicutes; c__Clostridia; o__Oscillospirales; f__Ruminococcaceae
23bd56f8aca47c01b0453b7f928d1ea7	d__Bacteria; p__Firmicutes; c__Clostridia; o__Lachnospirales; f__Lachnospiraceae; g__Lachnospira
716523e0a7696fd1017e6377c8d4da96	d__Bacteria; p__Firmicutes; c__Clostridia
eb505dd02ed2f05bd984bb1b148c757b	d__Bacteria; p__Firmicutes; c__Clostridia; o__Oscillospirales; f__Butyricicoccaceae; g__Butyricicoccus
94d51b1e6c41e4b19c30e1da5742d3c0	d__Bacteria; p__Firmicutes; c__Clostridia
e755bdbb4b52a616be8dd07d9db5912c	d__Bacteria; p__Firmicutes; c__Clostridia; o__Oscillospirales; f__Ruminococcaceae; g__Ruminococcus; s__Ruminococcus_bicirculans
3c75af0ceec653119cf411e0d2dbd05b	d__Bacteria; p__Firmicutes; c__Clostridia; o__Lachnospirales; f__Lachnospiraceae
619e857fcdfa62baed3b136bb8812fad	d__Bacteria; p__Firmicutes; c__Clostridia; o__Oscillospirales; f__Ruminococcaceae; g__Ruminococcus; s__Ruminococcus_bicirculans
890a671a699f02744e33f7a266907f11	d__Bacteria; p__Firmicutes; c__Clostridia; o__Oscillospirales; f__Ruminococcaceae
08e888f9db4a816baa8272762d96404d	d__Bacteria; p__Firmicutes; c__Clostridia
79ff5f53167f86d918f56b8b45459a23	d__Bacteria; p__Firmicutes; c__Clostridia; o__Oscillospirales; f__Ruminococcaceae
4a5e620417c91904d1a36743f9e074e9	d__Bacteria; p__Firmicutes; c__Clostridia; o__Oscillospirales; f__Ruminococcaceae
5cd5f9ee3a73fe057e173f3530e62c22	d__Bacteria; p__Firmicutes; c__Clostridia; o__Oscillospirales; f__Ruminococcaceae; g__Ruminococcus; s__Ruminococcus_bicirculans
26a8d0a2558f1560eb906851b2b0c1b5	d__Bacteria; p__Firmicutes; c__Clostridia; o__Oscillospirales; f__Ruminococcaceae; g__Ruminococcus; s__Ruminococcus_bicirculans
4f4797cb8a22be676e12d56d971241f2	d__Bacteria; p__Firmicutes; c__Clostridia; o__Oscillospirales; f__Ruminococcaceae; g__Ruminococcus; s__Ruminococcus_bicirculans
a74ccea4d48537f19e6f29f15d7f4bd5	d__Bacteria; p__Firmicutes; c__Clostridia; o__Oscillospirales; f__Ruminococcaceae; g__Ruminococcus; s__Ruminococcus_bicirculans
e1122a788cfe509ff46f6e8cb62acdf5	d__Bacteria; p__Firmicutes; c__Clostridia; o__Oscillospirales; f__Ruminococcaceae; g__Ruminococcus
fe338467d10d2940c71b600c30df9f0c	d__Bacteria; p__Proteobacteria; c__Gammaproteobacteria; o__Enterobacterales; f__Enterobacteriaceae; g__Escherichia-Shigella
1877d3ddbfeef66b44e0852533a532a2	d__Bacteria; p__Firmicutes; c__Clostridia; o__Oscillospirales; f__Ruminococcaceae; g__Ruminococcus; s__Ruminococcus_bicirculans
59f12450f1de6cffcbb2e855d166c80d	d__Bacteria; p__Firmicutes; c__Clostridia; o__Oscillospirales; f__Ruminococcaceae; g__Ruminococcus; s__Ruminococcus_bicirculans
84836f772d65346d15a516a7b92bd1db	d__Bacteria; p__Firmicutes; c__Clostridia; o__Oscillospirales; f__Ruminococcaceae
eb1b90d8d9879ff71de4d884e5f4ae22	d__Bacteria; p__Firmicutes; c__Clostridia; o__Lachnospirales; f__Lachnospiraceae
e6b51845b720b7007842415296c424da	d__Bacteria; p__Firmicutes; c__Clostridia
1a17b0a665026cc3243cc7a4e5187bf8	d__Bacteria; p__Firmicutes; c__Clostridia
05883f75d7744d09a43f2d04a453dc0b	d__Bacteria; p__Firmicutes; c__Clostridia; o__Oscillospirales; f__Ruminococcaceae
d4f23013db0fa183f58d77f94caccc05	d__Bacteria; p__Firmicutes; c__Clostridia; o__Oscillospirales; f__Ruminococcaceae
c6ccaa6777257a6bf03fab9fe443e1a2	d__Bacteria; p__Firmicutes; c__Clostridia; o__Oscillospirales; f__Ruminococcaceae; g__Ruminococcus; s__Ruminococcus_bicirculans
6a0069591a3079bb962fd9ac9db62ebc	d__Bacteria; p__Firmicutes; c__Clostridia; o__Oscillospirales; f__Ruminococcaceae; g__Ruminococcus; s__Ruminococcus_bicirculans
2e979e91d0aec16417003709e7bf1506	d__Bacteria; p__Firmicutes; c__Clostridia; o__Oscillospirales; f__Ruminococcaceae; g__Ruminococcus; s__Ruminococcus_bicirculans
eb97f16ab690f8b809e79c649c6aff4f	d__Bacteria; p__Firmicutes; c__Clostridia; o__Oscillospirales; f__Ruminococcaceae; g__Ruminococcus
86400948fe3b82cc9366232a0e94de78	d__Bacteria; p__Firmicutes; c__Clostridia
d0103cd1cec39f0c1d4bdabf9197551f	d__Bacteria; p__Firmicutes; c__Clostridia; o__Oscillospirales; f__Ruminococcaceae; g__Ruminococcus; s__gut_metagenome
e39976c0f81bdca7209078056fff7cd0	d__Bacteria; p__Desulfobacterota; c__Desulfovibrionia; o__Desulfovibrionales; f__Desulfovibrionaceae; g__Desulfovibrio
620ae5d37ad236706c22b2408ba938c7	d__Bacteria; p__Firmicutes; c__Clostridia; o__Oscillospirales; f__Ruminococcaceae; g__Ruminococcus
d003665b16680955b9620e2c287ffc54	d__Bacteria; p__Firmicutes; c__Clostridia; o__Oscillospirales; f__Ruminococcaceae; g__Ruminococcus
77f6d618f0991ea8ca350fdc6b2ee331	d__Bacteria; p__Firmicutes; c__Clostridia
e7b6097c848aef250935cd07454477f0	d__Bacteria; p__Firmicutes; c__Clostridia; o__Oscillospirales; f__Ruminococcaceae; g__Ruminococcus; s__gut_metagenome
c0ad45d6c1d4ade9da88b4f208e4f94a	d__Bacteria; p__Firmicutes; c__Clostridia; o__Oscillospirales; f__Ruminococcaceae; g__Ruminococcus; s__gut_metagenome
bb12e05a5cd37290894561767993b91d	d__Bacteria; p__Firmicutes; c__Clostridia; o__Oscillospirales; f__Ruminococcaceae; g__Ruminococcus
d03179203b19305dce15fdad6e1a8f1d	d__Bacteria; p__Firmicutes; c__Clostridia; o__Oscillospirales; f__Ruminococcaceae
47287064de61503cd5c974e5ba56bbb9	d__Bacteria; p__Firmicutes; c__Bacilli; o__Erysipelotrichales; f__Erysipelatoclostridiaceae; g__Catenibacterium; s__uncultured_bacterium
40d383bca0bb6d23daf13f104ada00f1	d__Bacteria; p__Firmicutes; c__Clostridia
070ad797aa565277a3c0cc5eb6fd0d67	d__Bacteria; p__Firmicutes; c__Clostridia; o__Oscillospirales; f__Ruminococcaceae
784c676df9b26a645198b30ae0763b66	d__Bacteria; p__Firmicutes; c__Clostridia; o__Oscillospirales; f__Ruminococcaceae; g__Ruminococcus
f283ba0f73ce4f2e5dc30d32a06f20c9	d__Bacteria; p__Firmicutes; c__Clostridia; o__Lachnospirales; f__Lachnospiraceae
61f284f3f68c4be11686afaa91d45a3b	d__Bacteria; p__Firmicutes; c__Clostridia
0c067e96fedb22f06206db454cdccb3f	d__Bacteria; p__Firmicutes; c__Clostridia; o__Oscillospirales; f__Ruminococcaceae; g__uncultured; s__uncultured_organism
80385b26f0045da4bbde6be23fa368dc	d__Bacteria; p__Firmicutes; c__Clostridia; o__Oscillospirales; f__Ruminococcaceae; g__Ruminococcus
0b411fb7f67516792c86271d5567bf0f	d__Bacteria; p__Firmicutes; c__Clostridia; o__Oscillospirales
a5f60308aa4abc43ccfab28b4020b28f	d__Bacteria
838960bbad8359360bc9ac2bfd172574	d__Bacteria
4b751be1afaa1d9e2c36fe4d07ad63b4	d__Bacteria; p__Firmicutes; c__Clostridia; o__Lachnospirales; f__Lachnospiraceae; g__Howardella; s__uncultured_organism
0da21c58603120d7d8358cdce43127bd	d__Bacteria; p__Firmicutes; c__Clostridia; o__Lachnospirales; f__Lachnospiraceae; g__Howardella; s__uncultured_organism
7c2ada9773d4c70448477a118947ab49	d__Bacteria; p__Firmicutes; c__Clostridia; o__Oscillospirales
659aad8387da2dbc1e63f7f9a89144a9	d__Bacteria; p__Firmicutes; c__Clostridia; o__Lachnospirales; f__Lachnospiraceae; g__[Eubacterium]_eligens_group
cfcc0aa3f0b623bf6a5ca5ae6a36b602	d__Bacteria; p__Firmicutes; c__Clostridia; o__Lachnospirales; f__Lachnospiraceae; g__Lachnospiraceae_ND3007_group
7a8e34bc071096c9d0afb54402633e67	d__Bacteria; p__Firmicutes; c__Clostridia; o__Peptostreptococcales-Tissierellales; f__Peptostreptococcales-Tissierellales; g__Ezakiella
a1a2852b24f5557b7ea8919c3af4f7d8	d__Bacteria; p__Firmicutes; c__Clostridia; o__Peptostreptococcales-Tissierellales; f__Peptostreptococcales-Tissierellales; g__Ezakiella
ca1527dad8f6557d31e9684ce23b5013	d__Bacteria; p__Firmicutes; c__Clostridia; o__Oscillospirales; f__Ruminococcaceae; g__Ruminococcus
e1345a174f4c00924aec9d94e6c92a7c	d__Bacteria; p__Firmicutes; c__Clostridia; o__Oscillospirales; f__Ruminococcaceae; g__Ruminococcus
e6275b8837d5511f90c50298310d638f	d__Bacteria; p__Firmicutes; c__Clostridia; o__Oscillospirales; f__Ruminococcaceae; g__Ruminococcus
1b4c119dc83e46f7b9a3577fa06c0074	d__Bacteria; p__Firmicutes; c__Clostridia
15ced942f879364fa448a94d20d62a64	d__Bacteria; p__Firmicutes; c__Clostridia; o__Lachnospirales; f__Lachnospiraceae
bb2388f824b88eaf572fe495e03bc645	d__Bacteria; p__Firmicutes; c__Clostridia; o__Lachnospirales; f__Lachnospiraceae
7faf9534a1b729c4213d08af83a8c51f	d__Bacteria; p__Firmicutes; c__Clostridia; o__Oscillospirales; f__[Eubacterium]_coprostanoligenes_group; g__[Eubacterium]_coprostanoligenes_group
2b65477497026064e4d12f1bb57a0358	d__Bacteria
40a58ff97a9f80963ea2e72942867774	d__Bacteria; p__Firmicutes; c__Clostridia; o__Peptostreptococcales-Tissierellales; f__Anaerovoracaceae; g__S5-A14a; s__uncultured_Anaerovorax
0cc6d5dab67326c372052638f9b7c5e1	d__Bacteria; p__Firmicutes; c__Clostridia; o__Peptostreptococcales-Tissierellales; f__Anaerovoracaceae; g__S5-A14a; s__uncultured_Anaerovorax
729ad7745ca9227100c9303c97810023	d__Bacteria; p__Verrucomicrobiota; c__Verrucomicrobiae; o__Verrucomicrobiales; f__Akkermansiaceae; g__Akkermansia
38fb6e12b9863974ccd3704112868016	d__Bacteria; p__Firmicutes; c__Clostridia; o__Peptostreptococcales-Tissierellales; f__Anaerovoracaceae; g__Family_XIII_AD3011_group
2d646cb47b51acd5fd84372e509f18ae	d__Bacteria; p__Firmicutes; c__Clostridia; o__Peptostreptococcales-Tissierellales; f__Anaerovoracaceae; g__Family_XIII_AD3011_group
d5456c382e00c1c6acdeb81a227e8145	d__Bacteria; p__Firmicutes; c__Clostridia; o__Oscillospirales; f__[Eubacterium]_coprostanoligenes_group; g__[Eubacterium]_coprostanoligenes_group
87bf705e48d6be171a8486b26adc0c53	d__Bacteria; p__Firmicutes; c__Clostridia; o__Peptostreptococcales-Tissierellales; f__Anaerovoracaceae; g__Family_XIII_AD3011_group; s__metagenome
5802df5be07c0609499f2536343a526c	d__Bacteria; p__Firmicutes; c__Clostridia; o__Peptostreptococcales-Tissierellales; f__Anaerovoracaceae; g__Family_XIII_AD3011_group; s__metagenome
6aa2138f163db485ab0113ae367de988	d__Bacteria; p__Firmicutes; c__Clostridia; o__Peptostreptococcales-Tissierellales; f__Anaerovoracaceae; g__Family_XIII_AD3011_group; s__metagenome
2753c367c05ac7e6d2ea5694cc80bea8	d__Bacteria; p__Firmicutes; c__Clostridia; o__Peptostreptococcales-Tissierellales; f__Anaerovoracaceae; g__Family_XIII_AD3011_group; s__metagenome
f925cde17b8d393570f03b0c078fca28	d__Bacteria; p__Firmicutes; c__Clostridia; o__Peptostreptococcales-Tissierellales; f__Anaerovoracaceae
3a20a497342b23b9a5a9422ffffe6a5e	d__Bacteria; p__Firmicutes; c__Clostridia; o__Lachnospirales; f__Lachnospiraceae
32eda2882329439bd21884c771bd354d	d__Bacteria; p__Firmicutes; c__Clostridia; o__Peptostreptococcales-Tissierellales; f__Anaerovoracaceae; g__Family_XIII_AD3011_group; s__gut_metagenome
c802bbde479c6f66d50e57f45f5c5abd	d__Bacteria; p__Firmicutes; c__Clostridia; o__Peptostreptococcales-Tissierellales; f__Anaerovoracaceae; g__Family_XIII_AD3011_group; s__uncultured_organism
a73b28938062525abf2428ac4ca974b5	d__Bacteria; p__Firmicutes; c__Clostridia; o__Peptostreptococcales-Tissierellales; f__Anaerovoracaceae; g__Family_XIII_AD3011_group; s__uncultured_organism
0b6ba7582ec18a30b39b69255a3144fa	d__Bacteria; p__Firmicutes; c__Clostridia; o__Peptostreptococcales-Tissierellales; f__Anaerovoracaceae; g__Family_XIII_AD3011_group; s__uncultured_organism
f6ec6f687315c789677b74dedf124753	d__Bacteria; p__Firmicutes; c__Clostridia; o__Peptostreptococcales-Tissierellales; f__Anaerovoracaceae; g__[Eubacterium]_nodatum_group; s__Ihubacter_massiliensis
d1d3b8fa4126508478ed2927aec47d6f	d__Bacteria
98a49c418b9e4664be93276a62fb4088	d__Bacteria; p__Firmicutes; c__Clostridia; o__Lachnospirales; f__Lachnospiraceae; g__Tyzzerella; s__Anaerotignum_lactatifermentans
b66be382474061fad9f77f0c7c8eeeff	d__Bacteria; p__Firmicutes; c__Clostridia; o__Lachnospirales; f__Lachnospiraceae
24548620ac53751798abce5fc3c0e4d6	d__Bacteria; p__Firmicutes; c__Clostridia; o__Peptostreptococcales-Tissierellales; f__Anaerovoracaceae; g__Family_XIII_AD3011_group
60e7fb2ac4078e1d45709f52ce21f0b9	d__Bacteria; p__Firmicutes; c__Clostridia; o__Peptostreptococcales-Tissierellales; f__Anaerovoracaceae
cf3309ba0d2b38099846c0415fb2fee2	d__Bacteria; p__Firmicutes; c__Clostridia; o__Peptostreptococcales-Tissierellales; f__Anaerovoracaceae; g__Family_XIII_AD3011_group; s__uncultured_organism
b1b9de8a4a24ede82492db59619294ef	d__Bacteria; p__Firmicutes; c__Clostridia; o__Peptostreptococcales-Tissierellales; f__Anaerovoracaceae; g__Family_XIII_AD3011_group
4b93edcc15a9e8d26804c24f93a13ef1	d__Bacteria; p__Firmicutes; c__Clostridia; o__Peptostreptococcales-Tissierellales; f__Anaerovoracaceae; g__Family_XIII_AD3011_group; s__uncultured_organism
c4ac128510127526581e08688f71f396	d__Bacteria; p__Proteobacteria; c__Gammaproteobacteria; o__Burkholderiales; f__Sutterellaceae; g__Parasutterella
ab6fd3a723a26639313705daf9c123c4	d__Bacteria; p__Firmicutes; c__Clostridia; o__Peptostreptococcales-Tissierellales; f__Anaerovoracaceae
14f64ea36a970a4813ea1f68ee37f07b	d__Bacteria; p__Firmicutes; c__Clostridia; o__Peptostreptococcales-Tissierellales; f__Anaerovoracaceae
acd810892719b1bdd9a7979c38d7852c	d__Bacteria; p__Firmicutes; c__Clostridia; o__Peptostreptococcales-Tissierellales; f__Anaerovoracaceae; g__Family_XIII_AD3011_group; s__uncultured_organism
381ef99d2893a91950c78396e29e9e4c	d__Bacteria; p__Firmicutes; c__Clostridia; o__Peptostreptococcales-Tissierellales; f__Peptostreptococcaceae
aad723240546d3e01f1e909ba4c052d2	d__Bacteria
bd0dacc3ca3d9a2ab3a53c0ac1761d1d	d__Bacteria; p__Firmicutes; c__Clostridia
df37d5c6255f3a2d8dccff97dafc7338	d__Bacteria; p__Firmicutes; c__Clostridia; o__Peptostreptococcales-Tissierellales; f__Peptostreptococcaceae; g__Romboutsia
45e03ae9ba68a1e60963fcf85ab300ae	d__Bacteria; p__Firmicutes; c__Clostridia; o__Peptostreptococcales-Tissierellales; f__Peptostreptococcaceae; g__Romboutsia
f1ff5dbfbe4075a87d5b006e30a96537	d__Bacteria; p__Firmicutes; c__Clostridia; o__Peptostreptococcales-Tissierellales; f__Peptostreptococcaceae; g__Romboutsia
f2dab6d0455e5a4a7f858e9fa5f6b65b	d__Bacteria; p__Firmicutes; c__Clostridia; o__Peptostreptococcales-Tissierellales; f__Peptostreptococcaceae
073861e95c25a9dcb8986094ebe014a5	d__Bacteria; p__Firmicutes; c__Clostridia; o__Peptostreptococcales-Tissierellales; f__Peptostreptococcaceae
c17e59d2670793ffe4347a50b6976e5c	d__Bacteria; p__Firmicutes; c__Clostridia; o__Peptostreptococcales-Tissierellales; f__Peptostreptococcaceae; g__Intestinibacter
dd78c687fc5c977db9f1cd81c95893b7	d__Bacteria; p__Firmicutes; c__Clostridia; o__Peptostreptococcales-Tissierellales; f__Peptostreptococcaceae; g__Terrisporobacter
668b5ca89f993c53fcebd0dcababa226	d__Bacteria; p__Firmicutes; c__Clostridia; o__Peptostreptococcales-Tissierellales; f__Peptostreptococcaceae; g__Terrisporobacter
b73c8c6f378b6d130330e264f01b42ae	d__Bacteria; p__Firmicutes; c__Clostridia; o__Peptostreptococcales-Tissierellales; f__Peptostreptococcaceae
11e8a24c0de6a4c1cb74b4a2e5b2b102	d__Bacteria; p__Firmicutes
afb91c2e928d513781d1603038f8c324	d__Bacteria; p__Bacteroidota; c__Bacteroidia; o__Bacteroidales; f__Bacteroidaceae; g__Bacteroides
3d1a6c9498ba4a3dfa589f2c94b602c2	d__Bacteria; p__Firmicutes; c__Clostridia
715217aea71b661efb476c303f99f289	d__Bacteria; p__Firmicutes; c__Clostridia; o__Peptostreptococcales-Tissierellales; f__Anaerovoracaceae; g__Family_XIII_AD3011_group; s__uncultured_organism
a7fd341e31c55ff0945ce05fd3eaf5ea	d__Bacteria; p__Firmicutes; c__Clostridia; o__Peptostreptococcales-Tissierellales; f__Anaerovoracaceae; g__Family_XIII_AD3011_group; s__uncultured_organism
a70d0f8f90db1ffe50d0ef4913f51a7b	d__Bacteria
daad9cd51bc9d7a2fa8ac5afd4dbb0d0	d__Bacteria; p__Firmicutes; c__Clostridia; o__Oscillospirales; f__[Eubacterium]_coprostanoligenes_group; g__[Eubacterium]_coprostanoligenes_group
4f49fa7573a6dad77d01a27e207d18dc	d__Bacteria; p__Firmicutes; c__Clostridia
07c2ff099f1d53167c10546f6d07120a	d__Bacteria; p__Firmicutes; c__Clostridia; o__Oscillospirales
7023fc7530307c77f35330bbb6212cf4	d__Bacteria; p__Desulfobacterota; c__Desulfovibrionia; o__Desulfovibrionales; f__Desulfovibrionaceae; g__Desulfovibrio
431765289d95d0da23e0c19257d323e2	d__Bacteria; p__Firmicutes; c__Clostridia; o__Oscillospirales; f__[Eubacterium]_coprostanoligenes_group; g__[Eubacterium]_coprostanoligenes_group
50ff6661e18e0968d26ae9586844973e	d__Bacteria; p__Firmicutes; c__Clostridia
3443351a5d0d48f700a4b83968ca7eac	d__Bacteria; p__Firmicutes; c__Clostridia; o__Oscillospirales; f__[Eubacterium]_coprostanoligenes_group; g__[Eubacterium]_coprostanoligenes_group; s__human_gut
05c39200c3ac3b133a16cbfd5ede0c5b	d__Bacteria; p__Firmicutes; c__Clostridia; o__Oscillospirales; f__[Eubacterium]_coprostanoligenes_group; g__[Eubacterium]_coprostanoligenes_group; s__human_gut
94474226f60687fe5e84482180a89b23	d__Bacteria; p__Firmicutes; c__Clostridia; o__Oscillospirales; f__[Eubacterium]_coprostanoligenes_group; g__[Eubacterium]_coprostanoligenes_group; s__human_gut
3fe880671ee8e3cea74bb4972e33e4af	d__Bacteria; p__Firmicutes; c__Clostridia; o__Oscillospirales; f__[Eubacterium]_coprostanoligenes_group; g__[Eubacterium]_coprostanoligenes_group; s__human_gut
e8f5863a0a44efee8a0a86fd5eaf5e06	d__Bacteria; p__Firmicutes; c__Clostridia; o__Oscillospirales; f__[Eubacterium]_coprostanoligenes_group; g__[Eubacterium]_coprostanoligenes_group
254ac50921c8bcf0dcb49d1c86121d09	d__Bacteria; p__Firmicutes
90be7a70b355b0991da8c2c34512a2fd	d__Bacteria; p__Firmicutes; c__Clostridia; o__Oscillospirales; f__[Eubacterium]_coprostanoligenes_group; g__[Eubacterium]_coprostanoligenes_group
9e0616ab736f05ec94e592536e3e5300	d__Bacteria; p__Firmicutes; c__Clostridia; o__Oscillospirales; f__[Eubacterium]_coprostanoligenes_group; g__[Eubacterium]_coprostanoligenes_group
54bc6e5cf372145f3c11df941f33b7a1	d__Bacteria; p__Firmicutes; c__Clostridia; o__Peptostreptococcales-Tissierellales; f__Peptostreptococcales-Tissierellales; g__Peptoniphilus
c9247e9deebb59ddb92bda31e8ecdf89	d__Bacteria; p__Firmicutes; c__Clostridia; o__Lachnospirales; f__Lachnospiraceae
9a1513a7a428f86f18e8942b703f8cef	d__Bacteria; p__Firmicutes; c__Clostridia; o__Oscillospirales; f__[Eubacterium]_coprostanoligenes_group; g__[Eubacterium]_coprostanoligenes_group; s__human_gut
aabdfb827d108f8773960a21093b6048	d__Bacteria; p__Firmicutes; c__Clostridia; o__Oscillospirales; f__[Eubacterium]_coprostanoligenes_group; g__[Eubacterium]_coprostanoligenes_group; s__human_gut
6cb9d44f3992d378a7c65e1cabfebe70	d__Bacteria; p__Firmicutes; c__Clostridia
e1b605cc7780d8192d9996f2c9bafa63	d__Bacteria; p__Firmicutes; c__Clostridia; o__Oscillospirales; f__[Eubacterium]_coprostanoligenes_group; g__[Eubacterium]_coprostanoligenes_group
742bd741d6ab2da7008a0d54c500c97a	d__Bacteria; p__Firmicutes; c__Clostridia; o__Peptostreptococcales-Tissierellales; f__Anaerovoracaceae; g__[Eubacterium]_nodatum_group; s__unidentified
7ff2ad36de80aa397928216483c54224	d__Bacteria; p__Firmicutes; c__Clostridia; o__Lachnospirales; f__Lachnospiraceae; g__Lachnoclostridium; s__uncultured_organism
fd279931d51ef90414592bcfa4333fbb	d__Bacteria; p__Firmicutes; c__Clostridia; o__Lachnospirales; f__Lachnospiraceae; g__Lachnoclostridium; s__uncultured_organism
c0289332c9a135d2a13af73dc5346392	d__Bacteria; p__Firmicutes; c__Clostridia; o__Lachnospirales; f__Lachnospiraceae
b76c4846867f6f5591443debf4b5468d	d__Bacteria; p__Firmicutes; c__Clostridia; o__Peptostreptococcales-Tissierellales; f__Peptostreptococcaceae; g__Terrisporobacter
d31c7a8e7fc789025da238fad3265795	d__Bacteria; p__Firmicutes; c__Clostridia; o__Clostridiales; f__Clostridiaceae; g__Clostridium_sensu_stricto_1; s__human_gut
1fa8d09c0cdebd405fa5aa5d5fc974f4	d__Bacteria; p__Firmicutes; c__Clostridia; o__Oscillospirales; f__[Eubacterium]_coprostanoligenes_group; g__[Eubacterium]_coprostanoligenes_group
0c37725a28a913c684364b61f375b0f8	d__Bacteria; p__Firmicutes; c__Clostridia; o__Lachnospirales; f__Lachnospiraceae
a9486f5b8345ec811715d50575511ad8	d__Bacteria; p__Firmicutes; c__Clostridia; o__Lachnospirales; f__Lachnospiraceae; g__Lachnospiraceae
32235c149705f363c5c27042389c249f	d__Bacteria; p__Firmicutes; c__Clostridia
fe508adb5a41545b3dda8e35b7a81885	d__Bacteria; p__Synergistota; c__Synergistia; o__Synergistales; f__Synergistaceae; g__Cloacibacillus; s__Cloacibacillus_evryensis
16c4479a09e910216ac7c8c41c2a411f	d__Bacteria; p__Firmicutes; c__Clostridia; o__Lachnospirales; f__Lachnospiraceae
3d31eb1aea034549b6ff569bba9a63ac	d__Bacteria; p__Firmicutes; c__Clostridia; o__Lachnospirales; f__Lachnospiraceae
0cbae01dc9246ffee9d30eaaa882ebe7	d__Bacteria; p__Firmicutes; c__Clostridia; o__Lachnospirales; f__Lachnospiraceae; g__Dorea
2d61583dfdfb00d3c2e3960a8f993392	d__Bacteria; p__Firmicutes; c__Clostridia; o__Lachnospirales; f__Lachnospiraceae
2a543408e08b3647fafb7efc892346a5	d__Bacteria; p__Firmicutes; c__Clostridia; o__Lachnospirales; f__Lachnospiraceae; g__Dorea
d7e89ade44f782d54c73ba2734359088	d__Bacteria; p__Firmicutes; c__Clostridia; o__Lachnospirales; f__Lachnospiraceae; g__Dorea
726ba6d46b12c6361bec71e7cd861468	d__Bacteria; p__Firmicutes; c__Clostridia; o__Lachnospirales; f__Lachnospiraceae; g__Lachnospiraceae_UCG-003; s__uncultured_bacterium
8006b171325b9d0015855c8b0179e2c4	d__Bacteria; p__Firmicutes; c__Clostridia; o__Lachnospirales; f__Lachnospiraceae; g__Lachnospiraceae_UCG-003; s__uncultured_bacterium
3bb048d6fbccb99d8c4ef7c86988a728	d__Bacteria; p__Firmicutes; c__Clostridia; o__Lachnospirales; f__Lachnospiraceae; g__Lachnospiraceae_UCG-003; s__uncultured_bacterium
c5649952b6e8b64ae2199423972f3b6f	d__Bacteria; p__Firmicutes; c__Clostridia; o__Lachnospirales; f__Lachnospiraceae
06c4d145103900fd164550c8028bb30b	d__Bacteria; p__Firmicutes; c__Clostridia; o__Lachnospirales; f__Lachnospiraceae
973d52f84dbeaaf3ebbc7b883987f295	d__Bacteria; p__Firmicutes; c__Clostridia; o__Lachnospirales; f__Lachnospiraceae
25e328d2dbc667a21cda3a3bfe30c9bc	d__Bacteria; p__Firmicutes; c__Clostridia; o__Lachnospirales; f__Lachnospiraceae
9758e411f0005574fa03a311d1848e3e	d__Bacteria; p__Firmicutes; c__Clostridia; o__Lachnospirales; f__Lachnospiraceae
7efcf7b00f36763acaf4a9f1e55fd7a5	d__Bacteria; p__Firmicutes; c__Clostridia; o__Lachnospirales; f__Lachnospiraceae
555a0aff90becf828316a2dcb513a9ba	d__Bacteria; p__Firmicutes; c__Clostridia; o__Lachnospirales; f__Lachnospiraceae
2de11fe25366dd15e00fa21ab09030c1	d__Bacteria; p__Firmicutes; c__Clostridia; o__Lachnospirales; f__Lachnospiraceae
27316cad23a036d9741f1523efdac352	d__Bacteria
fa8a4aa53be7750baca87553a49cace4	d__Bacteria; p__Firmicutes; c__Clostridia; o__Lachnospirales; f__Lachnospiraceae
8566dcf713500fcb6aeee77997b730ac	d__Bacteria; p__Firmicutes; c__Clostridia; o__Lachnospirales; f__Lachnospiraceae
a4374a52905a1c61255f87515602ebf8	d__Bacteria; p__Firmicutes; c__Clostridia; o__Lachnospirales; f__Lachnospiraceae
9cab560396e69dc36d46fbff139707bc	d__Bacteria; p__Firmicutes; c__Clostridia; o__Lachnospirales; f__Lachnospiraceae
9de151600dfb29c1437d60a728461508	d__Bacteria; p__Firmicutes; c__Clostridia; o__Lachnospirales; f__Lachnospiraceae
209b37431134ea8094092c0506b6b4de	d__Bacteria; p__Firmicutes; c__Clostridia; o__Lachnospirales; f__Lachnospiraceae; g__Agathobacter
a2d22745894f9c96cb9760140b8515e7	d__Bacteria; p__Firmicutes; c__Clostridia; o__Lachnospirales; f__Lachnospiraceae; g__Agathobacter
fd544ad02bc766cd555fb2dfa1848781	d__Bacteria; p__Firmicutes; c__Clostridia; o__Lachnospirales; f__Lachnospiraceae
94484e1ee237b16b90c0f9334db7b6f4	d__Bacteria; p__Firmicutes; c__Clostridia; o__Lachnospirales; f__Lachnospiraceae
cc5a45441a8ef7dda588f232a2cea7fe	d__Bacteria; p__Firmicutes; c__Clostridia; o__Lachnospirales; f__Lachnospiraceae
6bfb8eb1b5ce03c6548e07f762407d76	d__Bacteria; p__Firmicutes; c__Clostridia; o__Lachnospirales; f__Lachnospiraceae
f35a55c6db28d202515bdfed0f49fdb5	d__Bacteria; p__Firmicutes; c__Clostridia; o__Lachnospirales; f__Lachnospiraceae
796cb4b0e9eb2f3ba7ae330559a13be3	d__Bacteria; p__Firmicutes; c__Clostridia; o__Lachnospirales; f__Lachnospiraceae
1eabc3cb0a4ed2ef1fd0682673a68c3e	d__Bacteria; p__Firmicutes; c__Clostridia; o__Lachnospirales; f__Lachnospiraceae
63ac12a374b805a6a6f5f9ac71908b85	d__Bacteria; p__Firmicutes; c__Clostridia; o__Lachnospirales; f__Lachnospiraceae
c2e75f547c49f753e857cbb67d3eb749	d__Bacteria; p__Firmicutes; c__Clostridia; o__Lachnospirales; f__Lachnospiraceae
fd6ad0e459dc9e1397775de16b9b0f59	d__Bacteria; p__Firmicutes; c__Clostridia; o__Lachnospirales; f__Lachnospiraceae
9be75b5789ccf1ca4d7e7980356ef9e4	d__Bacteria; p__Firmicutes; c__Clostridia; o__Lachnospirales; f__Lachnospiraceae
0fede132c2648a36bb8eb84867a889ae	d__Bacteria; p__Firmicutes; c__Clostridia; o__Lachnospirales; f__Lachnospiraceae
a50fa0f83b13f69486ad5419e630bc11	d__Bacteria; p__Firmicutes; c__Clostridia; o__Lachnospirales; f__Lachnospiraceae
acc86047a3b46d52b63aba80fbad30a0	d__Bacteria; p__Firmicutes; c__Clostridia; o__Lachnospirales; f__Lachnospiraceae
700457d2608bb9366cebc81448b72413	d__Bacteria; p__Firmicutes; c__Clostridia; o__Lachnospirales; f__Lachnospiraceae
172f02d17033f9aa6eea0e433bdaa437	d__Bacteria; p__Proteobacteria; c__Gammaproteobacteria; o__Enterobacterales
cd65b747c254f558f4a02c8061930bbe	d__Bacteria; p__Firmicutes; c__Clostridia; o__Lachnospirales; f__Lachnospiraceae
6554b65b36dfc17de2fb11c25e5f8a46	d__Bacteria; p__Firmicutes; c__Clostridia; o__Lachnospirales; f__Lachnospiraceae
d5df4209cee546b0a15fc3f2384fec4a	d__Bacteria; p__Firmicutes; c__Clostridia; o__Lachnospirales; f__Lachnospiraceae
25d8fbac9d0bd42936ed005397a4511f	d__Bacteria; p__Firmicutes; c__Clostridia; o__Lachnospirales; f__Lachnospiraceae
263c7832a9cf75732da2f2c42022e5be	d__Bacteria; p__Firmicutes; c__Clostridia; o__Lachnospirales; f__Lachnospiraceae
716f02794f66698cb4082f760918c504	d__Bacteria; p__Firmicutes; c__Clostridia; o__Lachnospirales; f__Lachnospiraceae
823830fd17423e3e2d5a86b9bdc080b8	d__Bacteria; p__Firmicutes; c__Clostridia; o__Lachnospirales; f__Lachnospiraceae
fce9db64e401936f0799cc0e008f8a8e	d__Bacteria; p__Firmicutes; c__Clostridia; o__Lachnospirales; f__Lachnospiraceae
f4bf7a18a374eea58472598b029fad6e	d__Bacteria; p__Firmicutes; c__Clostridia; o__Lachnospirales; f__Lachnospiraceae
c4aea2146ecf9c302d760a9cdb1357b4	d__Bacteria; p__Firmicutes; c__Clostridia; o__Lachnospirales; f__Lachnospiraceae
da839b015c18980f6ba9a46865fc3752	d__Bacteria; p__Firmicutes; c__Clostridia; o__Lachnospirales; f__Lachnospiraceae
ecc1d56f80fa51d5d895f070364161af	d__Bacteria; p__Firmicutes
4648633d62b15aaeadc6eff8ea4c2cc5	d__Bacteria; p__Firmicutes; c__Clostridia; o__Lachnospirales; f__Lachnospiraceae
6f3fe45272ee72a8afa44f80658a1af1	d__Bacteria; p__Firmicutes
936f1e819463b13f5f949e56630ee831	d__Bacteria; p__Firmicutes; c__Clostridia; o__Lachnospirales; f__Lachnospiraceae
042c25454e9b56ac3c822b768c3f7efe	d__Bacteria; p__Firmicutes; c__Clostridia; o__Lachnospirales; f__Lachnospiraceae
6579a2eee1a666ddbce785f543fb55dc	d__Bacteria; p__Firmicutes; c__Clostridia; o__Lachnospirales; f__Lachnospiraceae; g__Agathobacter
fa43c587e22c20883e5d1d05790fffb7	d__Bacteria; p__Firmicutes; c__Clostridia; o__Lachnospirales; f__Lachnospiraceae
c96997e254c465ea5547c02e1eeaaeaa	d__Bacteria; p__Firmicutes; c__Clostridia; o__Lachnospirales; f__Lachnospiraceae
ac0501055f387b6e440bbd922f615112	d__Bacteria; p__Firmicutes; c__Clostridia; o__Lachnospirales; f__Lachnospiraceae
e83db3a656921317b1bcf97dd1e1ff3d	d__Bacteria; p__Firmicutes; c__Clostridia; o__Lachnospirales; f__Lachnospiraceae; g__Agathobacter
c9c70cc51d6da96e51bafd195d7d801a	d__Bacteria; p__Firmicutes; c__Clostridia; o__Lachnospirales; f__Lachnospiraceae; g__Agathobacter
c0129849fa4fc63aa1568f5910f7a5cd	d__Bacteria; p__Firmicutes; c__Clostridia; o__Lachnospirales; f__Lachnospiraceae; g__Agathobacter
6255a0e5634e9b49bcf195ae38736188	d__Bacteria; p__Firmicutes; c__Clostridia; o__Lachnospirales; f__Lachnospiraceae
9ce5e594f4bf807bfdc2b3ecfd4f8362	d__Bacteria; p__Firmicutes; c__Clostridia; o__Lachnospirales; f__Lachnospiraceae
2825baf5e1814a157cbc9b53422b1ca2	d__Bacteria; p__Firmicutes; c__Clostridia; o__Lachnospirales; f__Lachnospiraceae
a69fd6ee988a532e88fe0830ef57fe06	d__Bacteria; p__Firmicutes; c__Clostridia; o__Lachnospirales; f__Lachnospiraceae
b9c6c7613e46cb9a7fd0fd44b9050cea	d__Bacteria; p__Firmicutes; c__Clostridia; o__Lachnospirales; f__Lachnospiraceae
116a221c0f083cededc6797eb33904d4	d__Bacteria; p__Firmicutes; c__Clostridia; o__Lachnospirales; f__Lachnospiraceae
00816239fd4d6f5bed9d4c64d96a2525	d__Bacteria; p__Firmicutes; c__Clostridia; o__Lachnospirales; f__Lachnospiraceae
97e1c43a192cb699e67e7bdc6155dd1e	d__Bacteria; p__Firmicutes; c__Clostridia; o__Lachnospirales; f__Lachnospiraceae
ca5f5c720d85f4b48b36a9079621af4e	d__Bacteria; p__Firmicutes; c__Clostridia; o__Lachnospirales; f__Lachnospiraceae
3c6422a838a4aedb69f51850d32bee3f	d__Bacteria; p__Firmicutes; c__Clostridia; o__Lachnospirales; f__Lachnospiraceae
e56967242a0e0f151f92e3dc264a6716	d__Bacteria; p__Firmicutes; c__Clostridia; o__Lachnospirales; f__Lachnospiraceae
e22c501aac1a233b23697e49d435b05d	d__Bacteria; p__Firmicutes; c__Clostridia; o__Lachnospirales; f__Lachnospiraceae
80eba4afe3a22b84c76a49694835d9a9	d__Bacteria; p__Firmicutes; c__Clostridia; o__Lachnospirales; f__Lachnospiraceae
fa8c6f61fe2ca00105a57fcabffe6a63	d__Bacteria; p__Firmicutes; c__Clostridia; o__Lachnospirales; f__Lachnospiraceae
c3e1c9731686358df40661c561ed3164	d__Bacteria; p__Firmicutes; c__Clostridia; o__Lachnospirales; f__Lachnospiraceae
62f1e2e445cbfc9cd3fa69a40f953cf2	d__Bacteria; p__Firmicutes; c__Clostridia; o__Lachnospirales; f__Lachnospiraceae
2d507b497774ec40d7a0cc10f50c72b3	d__Bacteria; p__Firmicutes; c__Clostridia; o__Lachnospirales; f__Lachnospiraceae
e3c8e5628e3fe99ec2532684c74dc994	d__Bacteria; p__Firmicutes; c__Clostridia; o__Lachnospirales; f__Lachnospiraceae
6d2910eac7717e144b18decc91beb142	d__Bacteria; p__Firmicutes; c__Clostridia; o__Lachnospirales; f__Lachnospiraceae
4a6967dd417c32caaf03f37e5d51014a	d__Bacteria; p__Firmicutes; c__Clostridia; o__Lachnospirales; f__Lachnospiraceae
1b74d4ec08b83f3d30383c2d370b519f	d__Bacteria; p__Firmicutes; c__Clostridia; o__Lachnospirales; f__Lachnospiraceae
c3fb654e46f2722515bd28770cefd116	d__Bacteria; p__Firmicutes; c__Clostridia; o__Lachnospirales; f__Lachnospiraceae
45d36097f0afea4079b87aa9d9bf8a96	d__Bacteria; p__Firmicutes; c__Clostridia; o__Lachnospirales; f__Lachnospiraceae
cb93c5140c1b7fe26654c1732bcc72bd	d__Bacteria; p__Firmicutes; c__Clostridia; o__Lachnospirales; f__Lachnospiraceae
5a1d95dc763eeaacc1f7168332cfe743	d__Bacteria; p__Firmicutes; c__Clostridia; o__Lachnospirales; f__Lachnospiraceae
0a36928b62e11a605a68dec92a99fd0e	d__Bacteria
36138abd5c43000c184fc0e602a0763c	d__Bacteria; p__Proteobacteria; c__Gammaproteobacteria; o__Enterobacterales; f__Enterobacteriaceae; g__Escherichia-Shigella; s__Streptomyces_sp.
bc4665eae86149f574ba6cceed88ce3f	d__Bacteria; p__Proteobacteria; c__Gammaproteobacteria; o__Enterobacterales; f__Enterobacteriaceae; g__Escherichia-Shigella
fbc2d2e2191ac59af9127666ceaa7530	d__Bacteria; p__Proteobacteria; c__Gammaproteobacteria; o__Pasteurellales; f__Pasteurellaceae
4227703d9f3cd31486f2e6031403eb35	d__Bacteria; p__Firmicutes; c__Clostridia; o__Peptostreptococcales-Tissierellales; f__Peptostreptococcales-Tissierellales; g__Parvimonas
107a614ee626dbd8ad1626c505978f12	d__Bacteria; p__Firmicutes; c__Clostridia; o__Lachnospirales; f__Lachnospiraceae
e0abc0d69c280c8e85a611c752ad5e36	d__Bacteria; p__Firmicutes; c__Clostridia; o__Lachnospirales; f__Lachnospiraceae
d185460ca722aacbacbac176aeeae42e	d__Bacteria; p__Firmicutes; c__Clostridia; o__Lachnospirales; f__Lachnospiraceae
958060e36192667980c848ea8400acfc	d__Bacteria; p__Firmicutes; c__Clostridia; o__Lachnospirales; f__Lachnospiraceae
604061dd6e57beaaa713e0c0e6888149	d__Bacteria; p__Firmicutes; c__Clostridia
cd4ff2b2116210208512e68ee1e7c589	d__Bacteria; p__Firmicutes; c__Clostridia; o__Lachnospirales; f__Lachnospiraceae
d67004edd520c3421ead372216064d85	d__Bacteria; p__Actinobacteriota; c__Actinobacteria; o__Actinomycetales; f__Actinomycetaceae; g__Actinomyces; s__Actinomyces_lingnae
25dac42cea0b69680b264dd76dc9e637	d__Bacteria; p__Actinobacteriota; c__Actinobacteria; o__Actinomycetales; f__Actinomycetaceae; g__Actinomyces
330eec139d114b54f24813b38535482c	d__Bacteria; p__Actinobacteriota; c__Actinobacteria; o__Actinomycetales; f__Actinomycetaceae; g__Actinomyces
09f7b614a88e0f1261f5bec9a53738e1	d__Bacteria; p__Actinobacteriota; c__Actinobacteria; o__Actinomycetales; f__Actinomycetaceae; g__Actinomyces
0ceef3bff4bfc403b3790eb8a4ac0212	d__Bacteria; p__Actinobacteriota; c__Actinobacteria; o__Actinomycetales; f__Actinomycetaceae; g__Actinomyces
cf59cf4cc75f45adf6942bd752869c2f	d__Bacteria; p__Actinobacteriota; c__Actinobacteria; o__Actinomycetales; f__Actinomycetaceae; g__Actinomyces
cc735c0c0ceae948e85d745aeafb21de	d__Bacteria; p__Actinobacteriota; c__Actinobacteria; o__Actinomycetales; f__Actinomycetaceae; g__Actinomyces
7d49787deb991fc2f3f642958ae97199	d__Bacteria; p__Actinobacteriota; c__Actinobacteria; o__Actinomycetales; f__Actinomycetaceae; g__Actinomyces; s__Schaalia_odontolytica
4a2705a635b0e4880253c987a421aad7	d__Bacteria; p__Actinobacteriota; c__Actinobacteria; o__Actinomycetales; f__Actinomycetaceae; g__Actinomyces; s__Schaalia_odontolytica
af5c1834b51cf3ed31858accd997e317	d__Bacteria; p__Actinobacteriota; c__Actinobacteria
f5a03012c4e3fe1cc7948cd1788b86d1	d__Bacteria; p__Actinobacteriota; c__Actinobacteria; o__Actinomycetales; f__Actinomycetaceae; g__Actinomyces; s__Schaalia_odontolytica
6d97980faea3de1b877ae86189591574	d__Bacteria; p__Firmicutes; c__Clostridia; o__Lachnospirales; f__Lachnospiraceae; g__Lachnoclostridium
447701e8f4e31707118234368baf0369	d__Bacteria; p__Firmicutes; c__Clostridia; o__Lachnospirales; f__Lachnospiraceae; g__Lachnoclostridium
ccf90fd4dc2ac8b74995b675c8e15709	d__Bacteria; p__Firmicutes; c__Clostridia; o__Lachnospirales; f__Lachnospiraceae; g__Lachnoclostridium
a4aa626df6df30f7e684cdf0799a6962	d__Bacteria; p__Firmicutes; c__Clostridia; o__Lachnospirales; f__Lachnospiraceae
48e1bd4b054e43ca15855c07e35c740c	d__Bacteria; p__Firmicutes; c__Clostridia; o__Lachnospirales; f__Lachnospiraceae; g__Lachnoclostridium
849a3a45d8674616b976aa422f38423e	d__Bacteria; p__Firmicutes; c__Clostridia; o__Lachnospirales; f__Lachnospiraceae; g__Lachnoclostridium
d5b102550d6cd949f211b3a31ee16f37	d__Bacteria; p__Firmicutes; c__Clostridia; o__Lachnospirales; f__Lachnospiraceae; g__Lachnoclostridium
6c9838af98ebc126e81609474e6614ec	d__Bacteria; p__Firmicutes; c__Clostridia; o__Lachnospirales; f__Lachnospiraceae; g__Lachnoclostridium
21918e44ae5fdebb22132b31c7d0cb94	d__Bacteria; p__Firmicutes; c__Clostridia; o__Lachnospirales; f__Lachnospiraceae; g__Lachnoclostridium
4ecc867930812416de6fe5e4fc35b60a	d__Bacteria; p__Firmicutes; c__Clostridia; o__Lachnospirales; f__Lachnospiraceae
b8c40bc0bbf6fe026b9b12b663b56092	d__Bacteria; p__Firmicutes; c__Clostridia; o__Lachnospirales; f__Lachnospiraceae
0ea0fdf623ce27e512d640ddd15cf2d3	d__Bacteria; p__Firmicutes; c__Clostridia; o__Lachnospirales; f__Lachnospiraceae; g__Lachnoclostridium
c6136b129275fa322fc28b9179af8864	d__Bacteria; p__Firmicutes; c__Clostridia; o__Lachnospirales; f__Lachnospiraceae; g__Lachnoclostridium
3bc9fd96c61185971d13914a9699442e	d__Bacteria; p__Firmicutes; c__Clostridia; o__Lachnospirales; f__Lachnospiraceae; g__Lachnoclostridium
764cf701c77fd5ca70ac14c21b792723	d__Bacteria; p__Firmicutes; c__Clostridia; o__Lachnospirales; f__Lachnospiraceae; g__Lachnoclostridium
84fac29f7ae55480a7600b3bc5de9d1a	d__Bacteria; p__Firmicutes; c__Clostridia; o__Lachnospirales; f__Lachnospiraceae
c1411493858639976224bcf7c963e14e	d__Bacteria; p__Bacteroidota; c__Bacteroidia; o__Bacteroidales
f44d975da20e53cbf55164520932d2da	d__Bacteria; p__Bacteroidota; c__Bacteroidia; o__Bacteroidales; f__Marinifilaceae; g__Butyricimonas
f3427152aa2fdc8404e14e5488621dc1	d__Bacteria; p__Bacteroidota; c__Bacteroidia; o__Bacteroidales; f__Bacteroidaceae; g__Bacteroides
799bbbdf5dc30b313fba51bc3b601942	d__Bacteria; p__Firmicutes; c__Clostridia; o__Oscillospirales
7d9b346f510bb909fb617a07cb465597	d__Bacteria; p__Firmicutes; c__Clostridia; o__Lachnospirales; f__Lachnospiraceae
73d503ed146a924cdf576b0603387fec	d__Bacteria; p__Firmicutes; c__Clostridia; o__Peptostreptococcales-Tissierellales; f__Peptostreptococcaceae; g__Peptostreptococcus; s__Peptostreptococcus_anaerobius
ec1f2a0a4515b9975f1bf9629f9ce7eb	d__Bacteria; p__Firmicutes; c__Clostridia; o__Lachnospirales; f__Lachnospiraceae
c8a88bb0c61f1a2d219b85ae9c1f898a	d__Bacteria; p__Firmicutes; c__Clostridia; o__Lachnospirales; f__Lachnospiraceae
7d3e7e72f282640c83864ab8bb8da1bc	d__Bacteria; p__Firmicutes; c__Clostridia; o__Oscillospirales; f__[Eubacterium]_coprostanoligenes_group; g__[Eubacterium]_coprostanoligenes_group; s__Clostridiales_bacterium
b714510e5f329d1e83c9436190adb52e	d__Bacteria; p__Firmicutes; c__Clostridia; o__Oscillospirales; f__[Eubacterium]_coprostanoligenes_group; g__[Eubacterium]_coprostanoligenes_group; s__Clostridiales_bacterium
16611e25492527c67206facbe82f66a7	d__Bacteria; p__Firmicutes; c__Clostridia; o__Oscillospirales; f__[Eubacterium]_coprostanoligenes_group; g__[Eubacterium]_coprostanoligenes_group; s__Clostridiales_bacterium
09d2e47005ea97a1988157ac5cc923cd	d__Bacteria; p__Firmicutes; c__Clostridia; o__Oscillospirales; f__[Eubacterium]_coprostanoligenes_group; g__[Eubacterium]_coprostanoligenes_group
86006925231b26301b1951caad72c0a5	d__Bacteria; p__Firmicutes; c__Clostridia; o__Peptostreptococcales-Tissierellales; f__Anaerovoracaceae; g__[Eubacterium]_nodatum_group
61f0177f3acd42a2a0711d3c3209a52e	d__Bacteria; p__Firmicutes; c__Clostridia
bb1d0fb6b4be838c60760758f7fff2ed	d__Bacteria; p__Firmicutes; c__Clostridia; o__Oscillospirales; f__[Eubacterium]_coprostanoligenes_group; g__[Eubacterium]_coprostanoligenes_group
0f4b8a74dcb85b864e3ee9ca74514ae1	d__Bacteria; p__Firmicutes; c__Bacilli; o__Erysipelotrichales; f__Erysipelatoclostridiaceae; g__Erysipelotrichaceae_UCG-003
8315c4f066b0fa8be348b808dd191761	d__Bacteria
d850908158701c6b2d433d4138b52e55	d__Bacteria; p__Firmicutes; c__Clostridia; o__Lachnospirales; f__Lachnospiraceae
22586bebecaad55de7248c9bb0cf14bd	d__Bacteria; p__Firmicutes; c__Clostridia; o__Oscillospirales; f__[Eubacterium]_coprostanoligenes_group; g__[Eubacterium]_coprostanoligenes_group
5850ad03ca74874c3954cd968a286d87	d__Bacteria; p__Firmicutes; c__Clostridia; o__Oscillospirales; f__[Eubacterium]_coprostanoligenes_group; g__[Eubacterium]_coprostanoligenes_group
967aca9ff32cf8dd61f59f42f4601f69	d__Bacteria; p__Firmicutes; c__Clostridia; o__Oscillospirales; f__[Eubacterium]_coprostanoligenes_group; g__[Eubacterium]_coprostanoligenes_group
0b61fe2e37428d9aa99ced51a7e4122a	d__Bacteria; p__Firmicutes; c__Clostridia
351ecbef6d0914f8c441caa9e7b6f998	d__Bacteria; p__Firmicutes; c__Clostridia; o__Oscillospirales; f__[Eubacterium]_coprostanoligenes_group; g__[Eubacterium]_coprostanoligenes_group; s__Eubacterium_coprostanoligenes
11ac61710547fb6aa82d78462d6865b5	d__Bacteria; p__Proteobacteria; c__Gammaproteobacteria; o__Enterobacterales; f__Enterobacteriaceae; g__Escherichia-Shigella
9d96266d48fa041bd9f9fb6240c8adb3	d__Bacteria; p__Firmicutes
a43e8a3b8a7a6e968d4fd143bf0f6869	d__Bacteria; p__Proteobacteria; c__Gammaproteobacteria; o__Enterobacterales; f__Enterobacteriaceae
1445bb2e657a31ee0f4fa7ab401db66e	d__Bacteria; p__Proteobacteria; c__Gammaproteobacteria; o__Enterobacterales; f__Enterobacteriaceae
22015464db2d8ecb95f70dfcf5c57a14	d__Bacteria; p__Proteobacteria; c__Gammaproteobacteria; o__Enterobacterales; f__Enterobacteriaceae
c6ccabd21e1eaf926ac1db6f420d979c	d__Bacteria; p__Proteobacteria; c__Gammaproteobacteria; o__Enterobacterales; f__Hafniaceae; g__Hafnia-Obesumbacterium
4c5b3c9812954b5403cb2e77c98a4da9	d__Bacteria; p__Proteobacteria; c__Gammaproteobacteria; o__Enterobacterales; f__Hafniaceae; g__Hafnia-Obesumbacterium
32713f1803e649948fb69840552a417e	d__Bacteria; p__Proteobacteria; c__Gammaproteobacteria; o__Enterobacterales; f__Hafniaceae; g__Hafnia-Obesumbacterium
47f362837bac9d86cddfa32a2d0733a6	d__Bacteria; p__Proteobacteria; c__Gammaproteobacteria; o__Enterobacterales; f__Hafniaceae; g__Hafnia-Obesumbacterium
91ceac55e089412a866952fa92e1dff9	d__Bacteria; p__Proteobacteria; c__Gammaproteobacteria; o__Enterobacterales; f__Hafniaceae; g__Hafnia-Obesumbacterium
0ae9db4e7905c98a18a09dedcfa86391	d__Bacteria; p__Proteobacteria; c__Gammaproteobacteria; o__Enterobacterales; f__Hafniaceae; g__Hafnia-Obesumbacterium
5e26379027c199de8f2ee476565748db	d__Bacteria; p__Proteobacteria; c__Gammaproteobacteria; o__Enterobacterales; f__Enterobacteriaceae
c93209f4733a01b7dba1bbff410dd25d	d__Bacteria; p__Proteobacteria; c__Gammaproteobacteria; o__Enterobacterales; f__Enterobacteriaceae
e572b4a43d3fa5c7955e328c6f73d784	d__Bacteria; p__Proteobacteria; c__Gammaproteobacteria; o__Enterobacterales; f__Enterobacteriaceae
c7b93acc3a6b91b6091b3c9141bbad01	d__Bacteria; p__Proteobacteria; c__Gammaproteobacteria; o__Enterobacterales; f__Enterobacteriaceae
48f035e930a6ba8c170b7e69714dc776	d__Bacteria; p__Proteobacteria; c__Gammaproteobacteria; o__Enterobacterales; f__Enterobacteriaceae
41ba5a105089581358cd69ca4080a957	d__Bacteria; p__Proteobacteria; c__Gammaproteobacteria; o__Enterobacterales; f__Hafniaceae; g__Hafnia-Obesumbacterium
4786eaede2b1e1ee29e417993c23a83e	d__Bacteria; p__Proteobacteria; c__Gammaproteobacteria; o__Enterobacterales; f__Enterobacteriaceae
3d0023bcb12e19b526e17119b2b92b84	d__Bacteria; p__Proteobacteria; c__Gammaproteobacteria; o__Enterobacterales; f__Enterobacteriaceae
124d1382b3bcdf31e31fecff4d635966	d__Bacteria; p__Proteobacteria; c__Gammaproteobacteria; o__Enterobacterales; f__Enterobacteriaceae
63cdf7b27add3c56986864baeafd5fbe	d__Bacteria; p__Proteobacteria; c__Gammaproteobacteria; o__Enterobacterales; f__Enterobacteriaceae
56f8c2c0811b00a33ebc218b344e692f	d__Bacteria; p__Proteobacteria; c__Gammaproteobacteria; o__Enterobacterales; f__Enterobacteriaceae
4b6f3dccdc3794a1eb95212b8c640771	d__Bacteria; p__Proteobacteria; c__Gammaproteobacteria; o__Enterobacterales; f__Enterobacteriaceae
a449b3894b89369d6de2975875b4bd65	d__Bacteria; p__Proteobacteria; c__Gammaproteobacteria; o__Enterobacterales; f__Enterobacteriaceae
0475169d6eabdd1b49afc33085951cc8	d__Bacteria; p__Proteobacteria; c__Gammaproteobacteria; o__Enterobacterales; f__Enterobacteriaceae
9e06434888f986c588bf43682fcd3405	d__Bacteria; p__Proteobacteria; c__Gammaproteobacteria; o__Enterobacterales; f__Enterobacteriaceae
1fc997d6d6b9c9be20c412007c6c1d80	d__Bacteria; p__Proteobacteria; c__Gammaproteobacteria; o__Enterobacterales; f__Enterobacteriaceae
31114a725ce123907db7bed05e325432	d__Bacteria; p__Proteobacteria; c__Gammaproteobacteria; o__Enterobacterales; f__Enterobacteriaceae; g__Escherichia-Shigella
ca2fbebf229f489831762433759a565c	d__Bacteria; p__Proteobacteria; c__Gammaproteobacteria; o__Enterobacterales; f__Enterobacteriaceae
a72f44bbe4ca35f5b1e21c5b475ea025	d__Bacteria; p__Proteobacteria; c__Gammaproteobacteria; o__Enterobacterales; f__Enterobacteriaceae; g__Escherichia-Shigella
e76e6af53a7101c32048e96f8d9202a6	d__Bacteria; p__Proteobacteria; c__Gammaproteobacteria; o__Enterobacterales; f__Enterobacteriaceae; g__Escherichia-Shigella
7abf1112833d058770ab3c795403fe19	d__Bacteria; p__Proteobacteria; c__Gammaproteobacteria; o__Enterobacterales; f__Enterobacteriaceae; g__Escherichia-Shigella
3acb43ed88069804157fb7346bade78c	d__Bacteria; p__Proteobacteria; c__Gammaproteobacteria; o__Enterobacterales; f__Enterobacteriaceae; g__Escherichia-Shigella
07825268ae90d223bf88aa496ae3c1a3	d__Bacteria; p__Proteobacteria; c__Gammaproteobacteria; o__Enterobacterales; f__Enterobacteriaceae; g__Escherichia-Shigella
538512b9ce178bbc201f8d0c4aee62cc	d__Bacteria; p__Proteobacteria; c__Gammaproteobacteria; o__Enterobacterales; f__Enterobacteriaceae; g__Escherichia-Shigella
33fa9db4bbcdd9ad04ba064143697de5	d__Bacteria; p__Proteobacteria; c__Gammaproteobacteria; o__Enterobacterales; f__Enterobacteriaceae; g__Escherichia-Shigella
e92d50110196b67121c6dc038c9e8b9c	d__Bacteria; p__Proteobacteria; c__Gammaproteobacteria; o__Enterobacterales; f__Enterobacteriaceae; g__Escherichia-Shigella
642025bea96dcd1003cab93e38577c6a	d__Bacteria; p__Proteobacteria; c__Gammaproteobacteria; o__Enterobacterales; f__Enterobacteriaceae; g__Escherichia-Shigella
9ccc2ee68b6e5198eb974572085a4203	d__Bacteria; p__Proteobacteria; c__Gammaproteobacteria; o__Enterobacterales; f__Enterobacteriaceae; g__Escherichia-Shigella
20a332c9f9340a5717ba39541dfda5e9	d__Bacteria; p__Proteobacteria; c__Gammaproteobacteria; o__Enterobacterales; f__Enterobacteriaceae; g__Escherichia-Shigella
21d1e7c520832601319e501b6c834f42	d__Bacteria; p__Proteobacteria; c__Gammaproteobacteria; o__Enterobacterales; f__Enterobacteriaceae; g__Escherichia-Shigella
98bf6e5d7967c76ef1ed9346bbd5a555	d__Bacteria; p__Proteobacteria; c__Gammaproteobacteria; o__Enterobacterales; f__Enterobacteriaceae; g__Escherichia-Shigella
863990eb15e63617d1634e2f673c8016	d__Bacteria; p__Proteobacteria; c__Gammaproteobacteria; o__Enterobacterales; f__Enterobacteriaceae; g__Escherichia-Shigella
82583d486be84b859ed4d42af2aaf334	d__Bacteria; p__Proteobacteria; c__Gammaproteobacteria; o__Enterobacterales; f__Enterobacteriaceae; g__Escherichia-Shigella
b492d077b8b6f72776f7fd25d3b492b7	d__Bacteria; p__Proteobacteria; c__Gammaproteobacteria; o__Enterobacterales; f__Enterobacteriaceae; g__Escherichia-Shigella
af46d863c1aea4f102c113ea3a0ab6ba	d__Bacteria; p__Proteobacteria; c__Gammaproteobacteria; o__Enterobacterales; f__Enterobacteriaceae; g__Escherichia-Shigella
2208255d9759854b112da741136f402f	d__Bacteria; p__Proteobacteria; c__Gammaproteobacteria; o__Enterobacterales; f__Enterobacteriaceae; g__Escherichia-Shigella
873c89e1d1de43d79eaaea5dd27386d7	d__Bacteria; p__Proteobacteria; c__Gammaproteobacteria; o__Enterobacterales; f__Enterobacteriaceae; g__Escherichia-Shigella
b5ac4df9f71be717bfd45e70ba50e450	d__Bacteria; p__Proteobacteria; c__Gammaproteobacteria; o__Enterobacterales; f__Enterobacteriaceae; g__Escherichia-Shigella
be74a6270d05c8adc494e498e344ffda	d__Bacteria; p__Proteobacteria; c__Gammaproteobacteria; o__Enterobacterales; f__Enterobacteriaceae; g__Escherichia-Shigella
b13c376dc7ae143ce6eb4611913fbfdd	d__Bacteria; p__Proteobacteria; c__Gammaproteobacteria; o__Enterobacterales; f__Enterobacteriaceae; g__Escherichia-Shigella
e3ee4df7a5fb8b50746a5926ad660be4	d__Bacteria; p__Proteobacteria; c__Gammaproteobacteria; o__Enterobacterales; f__Enterobacteriaceae; g__Escherichia-Shigella
93478921d1f134b343b9fa114ac3bbdc	d__Bacteria; p__Proteobacteria; c__Gammaproteobacteria; o__Enterobacterales; f__Enterobacteriaceae; g__Escherichia-Shigella
f2e2535196bc880871933ec53ac6015d	d__Bacteria; p__Proteobacteria; c__Gammaproteobacteria; o__Enterobacterales
dac11b567fc039970e299578e417a2eb	d__Bacteria; p__Proteobacteria; c__Gammaproteobacteria; o__Enterobacterales; f__Enterobacteriaceae
b9a5bd93f301d1786a145fca1801107f	d__Bacteria; p__Proteobacteria; c__Gammaproteobacteria; o__Enterobacterales; f__Enterobacteriaceae; g__Escherichia-Shigella
d763de4786b495db25e8827c53319204	d__Bacteria; p__Proteobacteria; c__Gammaproteobacteria; o__Enterobacterales; f__Enterobacteriaceae; g__Escherichia-Shigella
b752c9734d37be73dcdb8da1457150e7	d__Bacteria; p__Proteobacteria; c__Gammaproteobacteria; o__Enterobacterales; f__Enterobacteriaceae; g__Klebsiella
575b6c540e14f194dc823bc2048130e5	d__Bacteria; p__Proteobacteria; c__Gammaproteobacteria; o__Enterobacterales; f__Enterobacteriaceae; g__Klebsiella
31c25e621ae274401e04960523bb2da9	d__Bacteria; p__Proteobacteria; c__Gammaproteobacteria; o__Enterobacterales; f__Enterobacteriaceae
a0a857b14c987c3abf62bf5e17dc1e6d	d__Bacteria; p__Proteobacteria; c__Gammaproteobacteria; o__Enterobacterales; f__Enterobacteriaceae; g__Klebsiella
05a2085b7c69c1b96e49a1d291a196b5	d__Bacteria; p__Actinobacteriota; c__Actinobacteria; o__Bifidobacteriales; f__Bifidobacteriaceae; g__Bifidobacterium
783ce9592737343069c0466118aaba9d	d__Bacteria; p__Actinobacteriota; c__Actinobacteria; o__Micrococcales; f__Micrococcaceae; g__Rothia
796f644d0c9cf49981b5f279ea630f57	d__Bacteria
66e0afc59dbd9e737ef06fb994ffd711	d__Bacteria; p__Firmicutes; c__Clostridia; o__Lachnospirales; f__Lachnospiraceae
a050d25841487f3d024103ff2a2dbbb8	d__Bacteria; p__Firmicutes; c__Clostridia; o__Oscillospirales; f__Ruminococcaceae; g__Faecalibacterium
747abeacf6c8ee4ced6f3ef62d4c48da	d__Bacteria; p__Actinobacteriota; c__Actinobacteria; o__Actinomycetales; f__Actinomycetaceae; g__Actinomyces; s__Actinomyces_graevenitzii
dfadba06ffb1309e3931308add28072b	d__Bacteria; p__Actinobacteriota; c__Actinobacteria; o__Micrococcales; f__Micrococcaceae; g__Rothia
b83e91d77cd3d065af9238138c66e4b7	d__Bacteria; p__Actinobacteriota; c__Actinobacteria; o__Micrococcales; f__Micrococcaceae; g__Rothia
8804e713f50cbcd55ac78d19498a27f6	d__Bacteria; p__Firmicutes; c__Clostridia; o__Christensenellales; f__Christensenellaceae; g__Christensenellaceae_R-7_group; s__gut_metagenome
6f60468dde7f25500d33306afce1ec37	d__Bacteria; p__Bacteroidota; c__Bacteroidia; o__Bacteroidales; f__Prevotellaceae
e7b1b1750e8c3f1338382b3f588f6f36	d__Bacteria
d3d55e9a7e2fe7d76693e2da2f09678c	d__Bacteria; p__Firmicutes; c__Clostridia; o__Lachnospirales; f__Lachnospiraceae
5fa193d03c08ca04bb2d0d7310c7881c	d__Bacteria; p__Proteobacteria; c__Gammaproteobacteria; o__Enterobacterales; f__Enterobacteriaceae; g__Escherichia-Shigella
2dbd8e0c2a456f5a31b2dd74b9e13112	d__Bacteria; p__Actinobacteriota; c__Actinobacteria; o__Bifidobacteriales; f__Bifidobacteriaceae; g__Bifidobacterium
c8eb98de41341fd4a61d8ebc063614d2	d__Bacteria; p__Proteobacteria; c__Gammaproteobacteria; o__Burkholderiales; f__Sutterellaceae; g__Parasutterella
c7a803892a04a1e3e9da376178d17eff	d__Bacteria; p__Bacteroidota; c__Bacteroidia; o__Bacteroidales; f__Marinifilaceae; g__Odoribacter; s__uncultured_Odoribacter
c685cd92d601c5e17f9b8f80e3a7b594	d__Bacteria
3c435ac9796f10fdb8cc2cd2ffd90c00	d__Bacteria; p__Actinobacteriota; c__Actinobacteria; o__Bifidobacteriales; f__Bifidobacteriaceae; g__Bifidobacterium; s__Bifidobacterium_longum
2854aaa83be0d2e342a50670d844586b	d__Bacteria; p__Actinobacteriota; c__Actinobacteria; o__Bifidobacteriales; f__Bifidobacteriaceae; g__Bifidobacterium; s__Bifidobacterium_bifidum
44f805b78280bff9d52dedc35e814175	d__Bacteria; p__Actinobacteriota; c__Actinobacteria; o__Actinomycetales; f__Actinomycetaceae; g__Actinomyces
39a55e3d3855f7fd760080b8b1dc8b2f	d__Bacteria; p__Actinobacteriota; c__Actinobacteria; o__Actinomycetales; f__Actinomycetaceae; g__Actinomyces
d2258151d469d225f6bec8b25c2a1576	d__Bacteria; p__Firmicutes; c__Clostridia; o__Lachnospirales; f__Lachnospiraceae; g__Lachnoclostridium; s__[Clostridium]_aldenense
3bde2e03ecc240165cf2dc7a5fb8fd8d	d__Bacteria; p__Firmicutes; c__Clostridia; o__Lachnospirales; f__Lachnospiraceae; g__Lachnoclostridium; s__[Clostridium]_aldenense
8ba098794ff0975d97a0b3af8d23fb06	d__Bacteria; p__Actinobacteriota; c__Actinobacteria; o__Bifidobacteriales; f__Bifidobacteriaceae; g__Bifidobacterium
61350aaa812bf9338fe6ddbfeff9a736	d__Bacteria; p__Actinobacteriota; c__Actinobacteria; o__Bifidobacteriales; f__Bifidobacteriaceae; g__Bifidobacterium
6cbddaa33c3605179ecb2d8b5e0bf3f9	d__Bacteria; p__Firmicutes; c__Clostridia; o__Lachnospirales; f__Lachnospiraceae
9ebf7ff0bd6c2ae7ad265dd8d1a83a07	d__Bacteria; p__Actinobacteriota; c__Actinobacteria; o__Bifidobacteriales; f__Bifidobacteriaceae; g__Bifidobacterium
df9971480e78f50b628890726e8ce3e5	d__Bacteria
c8d571a9b4694c1d32dcef43065e6cdd	d__Bacteria; p__Actinobacteriota; c__Actinobacteria; o__Bifidobacteriales; f__Bifidobacteriaceae; g__Bifidobacterium
8a88ce49518c8c2190a8ddf411697636	d__Bacteria
f4967c5f2e7c026c4f51f10433233949	d__Bacteria
6ae384b9a51238e46216ccc8d6af9660	d__Bacteria; p__Actinobacteriota; c__Actinobacteria; o__Bifidobacteriales; f__Bifidobacteriaceae; g__Bifidobacterium
c909a576cb3dcb16a835ebc17d0c95ab	d__Bacteria; p__Proteobacteria; c__Gammaproteobacteria; o__Burkholderiales
30973738dee243ea5bfd6e777ea826fb	d__Bacteria
8b9a028b3b3d53487b5853bbd455a5df	d__Bacteria; p__Actinobacteriota; c__Actinobacteria; o__Bifidobacteriales; f__Bifidobacteriaceae; g__Bifidobacterium
399bf3829ff507561767332f7b04cd01	d__Bacteria; p__Actinobacteriota; c__Actinobacteria; o__Bifidobacteriales; f__Bifidobacteriaceae; g__Bifidobacterium
c047e3e6016edab0d332fc2c3577abcf	d__Bacteria
39d07e6adbec9eac90a52aea5289f6b1	d__Bacteria; p__Firmicutes; c__Clostridia; o__Lachnospirales; f__Lachnospiraceae
d69aa0b5e4e43b117278a6318ee7dbb2	d__Bacteria
76227dfe57b7f30128b1d332e507bbd9	d__Bacteria
aae81bc38172bed44ef06bd662a3befd	d__Bacteria; p__Actinobacteriota; c__Actinobacteria; o__Bifidobacteriales; f__Bifidobacteriaceae
8a58b3e768375e9a617487926a753c16	d__Bacteria; p__Actinobacteriota; c__Actinobacteria; o__Bifidobacteriales; f__Bifidobacteriaceae; g__Bifidobacterium
274513c5242fc738e9b32938e4e2ca27	d__Bacteria
fe1b8f3dbce4d2107c70de41b1f68cd1	d__Bacteria; p__Proteobacteria; c__Gammaproteobacteria; o__Burkholderiales; f__Comamonadaceae
a31a697299fa44589c8ccd87dc6d76d2	d__Bacteria; p__Actinobacteriota; c__Actinobacteria; o__Bifidobacteriales; f__Bifidobacteriaceae; g__Bifidobacterium
209ca9d5c660092e8611d7d1b3dbbb6a	d__Bacteria; p__Actinobacteriota; c__Actinobacteria; o__Bifidobacteriales; f__Bifidobacteriaceae; g__Bifidobacterium
82459570510f21a6dcabe860ff1ebc17	d__Bacteria; p__Actinobacteriota; c__Actinobacteria; o__Bifidobacteriales; f__Bifidobacteriaceae; g__Bifidobacterium
de40f9168807590de8ff9d091712763e	d__Bacteria; p__Firmicutes; c__Clostridia; o__Oscillospirales; f__[Eubacterium]_coprostanoligenes_group; g__[Eubacterium]_coprostanoligenes_group
0de06c3e381078ac88eb8eb6823c54d7	d__Bacteria; p__Actinobacteriota; c__Actinobacteria
c534d455656f8152745121df080a1f76	d__Bacteria
c8b9f946f9d0f373155b1fc22d1e83c1	d__Bacteria
2e6723157df07c64faa6b67f9a086d54	d__Bacteria; p__Actinobacteriota; c__Actinobacteria; o__Bifidobacteriales; f__Bifidobacteriaceae; g__Bifidobacterium; s__Bifidobacterium_animalis
33aee68b698a35a39b0a1dd8900ad814	d__Bacteria; p__Actinobacteriota; c__Actinobacteria; o__Corynebacteriales; f__Corynebacteriaceae; g__Corynebacterium
0ce051cb827f400ed6a2416e30e5a8e0	d__Bacteria
a533d29376c1c3a8facf496c0a35862d	d__Bacteria; p__Actinobacteriota; c__Actinobacteria
a34714fb1cd910aa8523ee583372c758	d__Bacteria; p__Firmicutes; c__Clostridia; o__Oscillospirales; f__Ruminococcaceae; g__Ruminococcus
e5ed7fa51ecb7094f46fd06bfedebeec	d__Bacteria; p__Firmicutes; c__Clostridia; o__Oscillospirales; f__Ruminococcaceae; g__Ruminococcus; s__Ruminococcus_champanellensis
4eea1c7517ea718114e750209ee7f458	d__Bacteria; p__Firmicutes; c__Clostridia; o__Oscillospirales; f__Ruminococcaceae; g__Ruminococcus; s__Ruminococcus_champanellensis
cc40a7a46cb1239182e37549c9a3c373	d__Bacteria; p__Firmicutes
81c22941744964600e0abb96a7eaae79	d__Bacteria; p__Proteobacteria; c__Gammaproteobacteria; o__Enterobacterales; f__Enterobacteriaceae; g__Escherichia-Shigella
34d4d0544d4b107587dd667c8af2ba60	d__Bacteria; p__Firmicutes; c__Clostridia; o__Lachnospirales; f__Lachnospiraceae
95b72cf825cdc3a0042ebd7d4d933abf	d__Bacteria; p__Actinobacteriota; c__Actinobacteria; o__Actinomycetales; f__Actinomycetaceae; g__Actinomyces
b228332ff5c57774e4ee1d0d283ec97c	d__Bacteria; p__Firmicutes; c__Clostridia; o__Lachnospirales; f__Lachnospiraceae
d61325e8f370938728ebfedbae0be285	d__Bacteria; p__Firmicutes; c__Clostridia; o__Lachnospirales; f__Lachnospiraceae; g__Lachnoclostridium; s__[Clostridium]_aldenense
aa9879cdfb05300dd3e9933f2140c4fe	d__Bacteria; p__Firmicutes; c__Clostridia; o__Lachnospirales; f__Lachnospiraceae
c86cee379d655c18cbae271a497b92ef	d__Bacteria
dbc3131d750006e132c2c78932f274a1	d__Bacteria; p__Firmicutes; c__Clostridia; o__Lachnospirales; f__Lachnospiraceae
00e73cbefeeecac0b4455a87edd68bf2	d__Bacteria; p__Firmicutes; c__Clostridia; o__Lachnospirales; f__Lachnospiraceae
6b116dc949e65aa7f3c2cc10227009fc	d__Bacteria; p__Firmicutes; c__Clostridia; o__Lachnospirales; f__Lachnospiraceae
d37941ffd42daa7c83b31603061687c3	d__Bacteria
08d35a7f8d98ae9ded66316b3e0449fe	d__Bacteria; p__Firmicutes; c__Clostridia; o__Lachnospirales; f__Lachnospiraceae
dcb337e1caf1ad8c051429db9de64da6	d__Bacteria; p__Proteobacteria; c__Gammaproteobacteria; o__Burkholderiales; f__Sutterellaceae; g__Sutterella
79af76cac946ed2c156288dab4de777d	d__Bacteria; p__Firmicutes; c__Clostridia; o__Oscillospirales
ce4c610cdb1ae8f96149a353fd4274c0	d__Bacteria; p__Firmicutes; c__Clostridia
bef4cb2e90b2addfc0ed9f83f7c530cd	d__Bacteria
7897fe94ef2a90a6d2c98b061b5d9004	d__Bacteria
a72810a5a4863b04a3bbfda77a8a166c	d__Bacteria; p__Firmicutes; c__Clostridia; o__Lachnospirales; f__Lachnospiraceae
d67a1b1717a46002c8634ef6e81d5231	d__Bacteria; p__Firmicutes; c__Clostridia; o__Lachnospirales; f__Lachnospiraceae
50523fbd0e4581719bff1817ab6eb107	d__Bacteria; p__Firmicutes; c__Clostridia; o__Lachnospirales; f__Lachnospiraceae
95ba7cafba6d66756008b82abd9eaf64	d__Bacteria; p__Firmicutes; c__Clostridia; o__Peptostreptococcales-Tissierellales; f__Anaerovoracaceae; g__Family_XIII_UCG-001; s__uncultured_bacterium
add92069cee46309dc1fdea8e6c85d2e	d__Bacteria; p__Firmicutes; c__Clostridia; o__Peptostreptococcales-Tissierellales; f__Anaerovoracaceae; g__Family_XIII_AD3011_group; s__uncultured_bacterium
9fc4dbbe249da194df719032d91cfc52	d__Bacteria; p__Firmicutes; c__Clostridia; o__Lachnospirales; f__Lachnospiraceae
59c74f02e419c5bf58be5c1142f291c8	d__Bacteria; p__Firmicutes; c__Clostridia; o__Oscillospirales; f__Ruminococcaceae; g__Faecalibacterium
1de83a6500c0e45ba54ba14859d3b2d0	d__Bacteria; p__Proteobacteria; c__Gammaproteobacteria; o__Pasteurellales; f__Pasteurellaceae
6cf6b9ba1c9ef9dd465ae0a79877f93b	d__Bacteria; p__Firmicutes; c__Clostridia
b445b12c89de1b9e3ca46c5b9674b0a6	d__Bacteria; p__Firmicutes; c__Clostridia; o__Peptostreptococcales-Tissierellales; f__Anaerovoracaceae
d277924bf4f1fc3887a4da50ad572587	d__Bacteria; p__Firmicutes; c__Clostridia; o__Peptostreptococcales-Tissierellales; f__Anaerovoracaceae; g__Family_XIII_UCG-001; s__uncultured_bacterium
41758abbfda74dcaf37acb8122463226	d__Bacteria; p__Firmicutes; c__Clostridia; o__Peptostreptococcales-Tissierellales; f__Anaerovoracaceae; g__Family_XIII_UCG-001; s__uncultured_bacterium
e7551a2af63b3555c4a7ee4a95465632	d__Bacteria; p__Firmicutes; c__Clostridia; o__Peptostreptococcales-Tissierellales; f__Anaerovoracaceae; g__Family_XIII_UCG-001; s__uncultured_bacterium
adbb6d4fd98076abe456637e824fbf68	d__Bacteria; p__Actinobacteriota; c__Actinobacteria; o__Bifidobacteriales; f__Bifidobacteriaceae; g__Bifidobacterium
38114f66298cee011d7b0a3770e8e1dc	d__Bacteria; p__Firmicutes; c__Clostridia; o__Peptostreptococcales-Tissierellales; f__Anaerovoracaceae; g__Family_XIII_AD3011_group; s__uncultured_bacterium
07ea3e220a39fed38ed9fa1e5217e31f	d__Bacteria; p__Firmicutes; c__Clostridia; o__Peptostreptococcales-Tissierellales; f__Anaerovoracaceae; g__Family_XIII_UCG-001; s__uncultured_bacterium
e997905ef4a94019ba9218c1e7d15f37	d__Bacteria; p__Firmicutes
999ef71781187d43bae56cdd3a996c3c	d__Bacteria; p__Firmicutes; c__Clostridia; o__Peptostreptococcales-Tissierellales; f__Anaerovoracaceae; g__Family_XIII_AD3011_group; s__uncultured_bacterium
c90485db1a9139896b3019c50a096045	d__Bacteria; p__Firmicutes; c__Clostridia; o__Peptostreptococcales-Tissierellales; f__Anaerovoracaceae; g__Family_XIII_AD3011_group; s__uncultured_bacterium
4fd1fe249a2ad66e69309bb1b382d961	d__Bacteria; p__Firmicutes; c__Clostridia; o__Peptostreptococcales-Tissierellales; f__Anaerovoracaceae; g__Family_XIII_AD3011_group; s__uncultured_Eubacterium
ea2abd6007e9dcc865461dbc2971c335	d__Bacteria; p__Firmicutes; c__Clostridia; o__Peptostreptococcales-Tissierellales; f__Anaerovoracaceae; g__Family_XIII_AD3011_group
4dab56895bed973009913252319b0966	d__Bacteria; p__Firmicutes; c__Clostridia; o__Peptostreptococcales-Tissierellales; f__Anaerovoracaceae; g__Family_XIII_AD3011_group; s__uncultured_bacterium
d59a11c76803130c02e64c14be7aa99e	d__Bacteria; p__Firmicutes; c__Clostridia
cf8d3d23f09cc43b6c8b41ff5404f22b	d__Bacteria; p__Firmicutes; c__Clostridia; o__Lachnospirales; f__Lachnospiraceae
bd4946d2f403d9acef80964e26e0e588	d__Bacteria; p__Firmicutes; c__Clostridia
4840c3a0ef2bfdaf6f50991c68bd8217	d__Bacteria; p__Firmicutes; c__Clostridia; o__Peptostreptococcales-Tissierellales; f__Anaerovoracaceae; g__Family_XIII_UCG-001; s__uncultured_bacterium
602a5e0045a2dd5f03a82b089ccba64e	d__Bacteria; p__Firmicutes; c__Clostridia; o__Peptostreptococcales-Tissierellales; f__Anaerovoracaceae; g__Family_XIII_UCG-001; s__uncultured_bacterium
77d66ac0ac65285880161e15df0cf848	d__Bacteria; p__Proteobacteria; c__Gammaproteobacteria; o__Burkholderiales
58ae838d81ea587a12a9fc54a82812fd	d__Bacteria; p__Firmicutes; c__Clostridia; o__Peptostreptococcales-Tissierellales; f__Anaerovoracaceae; g__Family_XIII_UCG-001; s__uncultured_bacterium
b7b6444c62b964ea04277f80de3035c6	d__Bacteria; p__Firmicutes; c__Clostridia; o__Lachnospirales; f__Lachnospiraceae; g__Tuzzerella
0772e1f88b2e792bf97955f1e832e311	d__Bacteria; p__Firmicutes; c__Clostridia; o__Oscillospirales; f__Oscillospiraceae
2659943adf4fb405553a1f4677677a3e	d__Bacteria; p__Firmicutes; c__Clostridia; o__Lachnospirales; f__Lachnospiraceae
3e6fa496fd711e754c60b11bae8c1946	d__Bacteria; p__Firmicutes; c__Clostridia; o__Oscillospirales
5a54d8b799284daad89bb2ff4456387f	d__Bacteria; p__Firmicutes; c__Clostridia
00c70183ac2faaf37d8b29cc25bb1933	d__Bacteria; p__Firmicutes; c__Clostridia
4c40866c47ca56ead2b74ed54603bc55	d__Bacteria; p__Firmicutes; c__Clostridia
761687db6f08a3e105bd60b8d88aa798	d__Bacteria; p__Firmicutes; c__Clostridia; o__Lachnospirales; f__Lachnospiraceae; g__Lachnospiraceae_UCG-010; s__uncultured_bacterium
0c6449e4dc8398c103f9a72a4fa7c4bb	d__Bacteria; p__Firmicutes; c__Clostridia; o__Lachnospirales; f__Lachnospiraceae
ce94c95a62aac211d93acd4564afa919	d__Bacteria; p__Firmicutes; c__Clostridia
efc6c379a9ee6f3ec67f397d8154e675	d__Bacteria; p__Firmicutes; c__Clostridia; o__Lachnospirales; f__Lachnospiraceae; g__Lachnospiraceae_UCG-010; s__uncultured_organism
c01a67ed9966a0da58875bdc4600e523	d__Bacteria; p__Firmicutes; c__Clostridia; o__Lachnospirales; f__Lachnospiraceae; g__Lachnospiraceae_UCG-010; s__uncultured_organism
d9c1f2fdca824d642baf85d2bc09046c	d__Bacteria; p__Firmicutes; c__Clostridia
caf826150110398ae23809bcb53a888d	d__Bacteria; p__Bacteroidota; c__Bacteroidia; o__Bacteroidales; f__Bacteroidaceae; g__Bacteroides
c11df487cdbed9bda96392b38bfa514f	d__Bacteria; p__Firmicutes; c__Clostridia; o__Lachnospirales; f__Lachnospiraceae; g__Lachnospiraceae_UCG-010; s__uncultured_bacterium
ea3feab8343b4c04d75d3b4d10f7dbf5	d__Bacteria; p__Firmicutes; c__Clostridia; o__Lachnospirales; f__Lachnospiraceae; g__Lachnospiraceae_UCG-010; s__uncultured_bacterium
391373ca8a47577cb8ce3f866a335c16	d__Bacteria; p__Firmicutes; c__Clostridia; o__Lachnospirales; f__Lachnospiraceae; g__Lachnospiraceae_UCG-010; s__uncultured_bacterium
cef556b44757711960ff133be7211fb6	d__Bacteria; p__Firmicutes; c__Clostridia; o__Lachnospirales; f__Lachnospiraceae; g__Lachnospiraceae_UCG-010; s__uncultured_bacterium
8e784460d9d95cfe452a9ed02c40c0de	d__Bacteria; p__Firmicutes; c__Clostridia; o__Lachnospirales; f__Lachnospiraceae; g__Lachnospiraceae_UCG-010; s__uncultured_bacterium
380f4d37cc31584056c145a78db8d3df	d__Bacteria; p__Firmicutes; c__Clostridia; o__Lachnospirales; f__Lachnospiraceae
9dd3a4b60b60e96d718232427a0d4447	d__Bacteria; p__Firmicutes; c__Clostridia; o__Lachnospirales; f__Lachnospiraceae; g__Tyzzerella; s__unidentified
8424be1b90cb795161b94aae6f148a9d	d__Bacteria; p__Firmicutes; c__Clostridia; o__Lachnospirales; f__Lachnospiraceae; g__Tyzzerella; s__unidentified
ead2562fb15fd96a799880e06d58bfbf	d__Bacteria; p__Firmicutes; c__Clostridia; o__Lachnospirales; f__Lachnospiraceae
bb357dd1e73c9e5c78c4d66db19a3071	d__Bacteria; p__Firmicutes; c__Clostridia; o__Lachnospirales; f__Lachnospiraceae
9d744a92a2e5d87f5b9251718616c60c	d__Bacteria; p__Firmicutes; c__Clostridia; o__Lachnospirales; f__Lachnospiraceae
330eecb63837a53a9c54825a5940dd3c	d__Bacteria; p__Firmicutes; c__Clostridia; o__Lachnospirales; f__Lachnospiraceae
f8b5a3262f377aabfe7d5eb75eb4ca35	d__Bacteria; p__Firmicutes; c__Clostridia; o__Oscillospirales; f__[Eubacterium]_coprostanoligenes_group; g__[Eubacterium]_coprostanoligenes_group; s__uncultured_bacterium
1c1cfe51b1893aec8ff0ef3cab35a71d	d__Bacteria; p__Firmicutes; c__Clostridia; o__Oscillospirales; f__[Eubacterium]_coprostanoligenes_group; g__[Eubacterium]_coprostanoligenes_group; s__uncultured_bacterium
d1117dfdb0b8608a878671eb9e81fd6e	d__Bacteria; p__Firmicutes; c__Clostridia; o__Oscillospirales; f__[Eubacterium]_coprostanoligenes_group; g__[Eubacterium]_coprostanoligenes_group; s__uncultured_bacterium
7bd1665e52338a8dbbef98dffa5faf41	d__Bacteria; p__Firmicutes; c__Clostridia
8e741d975b3f18b558cae07803dce657	d__Bacteria; p__Firmicutes; c__Clostridia
73517083c0f561ad875707a684de43b9	d__Bacteria
c23c25074641266be700d2a0e57b311a	d__Bacteria; p__Firmicutes; c__Clostridia
3e4be440e9cd6970252600775024552c	d__Bacteria; p__Firmicutes; c__Clostridia; o__Lachnospirales; f__Lachnospiraceae
a68c4dd002f713ec71ba45a22a58c9fc	d__Bacteria; p__Firmicutes; c__Clostridia; o__Lachnospirales; f__Lachnospiraceae; g__Lachnospiraceae_UCG-010; s__uncultured_bacterium
eb72054fce4964b70e46fdd5ee1c52f9	d__Bacteria; p__Firmicutes; c__Clostridia; o__Lachnospirales; f__Lachnospiraceae
b3b69dd914e614749febad11a1fbec07	d__Bacteria; p__Firmicutes; c__Clostridia; o__Lachnospirales; f__Lachnospiraceae
6236941d460c745fa935d2af51447097	d__Bacteria; p__Firmicutes; c__Clostridia; o__Lachnospirales; f__Lachnospiraceae; g__uncultured; s__uncultured_organism
e6f8800d184772dcd7f21364453c6fb8	d__Bacteria; p__Firmicutes; c__Clostridia; o__Lachnospirales; f__Lachnospiraceae
4e6c1089b8c3a98fe94b0b14a3bcf004	d__Bacteria; p__Firmicutes; c__Clostridia; o__Lachnospirales; f__Lachnospiraceae; g__Tuzzerella; s__uncultured_bacterium
cea6f384e17ad136a76d1ad27a7fd8ce	d__Bacteria; p__Firmicutes; c__Clostridia; o__Lachnospirales; f__Lachnospiraceae; g__Tuzzerella; s__uncultured_bacterium
d3304cd77f87a3a6a5c8d9cd70a8619f	d__Bacteria; p__Firmicutes; c__Clostridia; o__Lachnospirales; f__Lachnospiraceae; g__Tuzzerella; s__uncultured_bacterium
78694db3fafc5f8cba0a018ab583446c	d__Bacteria; p__Firmicutes; c__Clostridia; o__Oscillospirales; f__[Eubacterium]_coprostanoligenes_group; g__[Eubacterium]_coprostanoligenes_group
da8144e57f8c006438b2420fa36758ef	d__Bacteria; p__Firmicutes; c__Clostridia; o__Oscillospirales; f__[Eubacterium]_coprostanoligenes_group; g__[Eubacterium]_coprostanoligenes_group; s__uncultured_bacterium
f114fda79746e76f96c854181431a165	d__Bacteria
385ac9e4b2d40cbd0fc798a521ba818a	d__Bacteria; p__Firmicutes; c__Clostridia; o__Oscillospirales; f__[Eubacterium]_coprostanoligenes_group; g__[Eubacterium]_coprostanoligenes_group; s__uncultured_bacterium
1468039f9aef6112eb9c9890df8132ef	d__Bacteria; p__Firmicutes; c__Clostridia
094c4206b637a462d2957697d85319b4	d__Bacteria; p__Firmicutes; c__Clostridia; o__Oscillospirales; f__[Eubacterium]_coprostanoligenes_group; g__[Eubacterium]_coprostanoligenes_group; s__uncultured_bacterium
215c898fb031bfa113bd648af175d155	d__Bacteria; p__Firmicutes; c__Clostridia
3b933ece76e8c4e6635c029240363ea3	d__Bacteria; p__Firmicutes; c__Clostridia
a6d8bee9430681ab008a188a8bc7856d	d__Bacteria; p__Firmicutes; c__Clostridia; o__Oscillospirales; f__[Eubacterium]_coprostanoligenes_group; g__[Eubacterium]_coprostanoligenes_group; s__gut_metagenome
3d8a140b83abed0dffa18b3f865bcd9a	d__Bacteria; p__Firmicutes; c__Clostridia; o__Oscillospirales; f__[Eubacterium]_coprostanoligenes_group; g__[Eubacterium]_coprostanoligenes_group
cabb27f0486d7b836a3d0c6ed2cdc277	d__Bacteria; p__Firmicutes; c__Clostridia; o__Oscillospirales; f__[Eubacterium]_coprostanoligenes_group; g__[Eubacterium]_coprostanoligenes_group; s__gut_metagenome
58f617232265686d9261fbc67cceaa94	d__Bacteria; p__Firmicutes; c__Clostridia; o__Oscillospirales; f__[Eubacterium]_coprostanoligenes_group; g__[Eubacterium]_coprostanoligenes_group; s__gut_metagenome
5cc7a71c5a440bd691e903aaa3f00255	d__Bacteria; p__Firmicutes
71901640572bd68e2faf8a8c16762063	d__Bacteria; p__Firmicutes; c__Clostridia; o__Oscillospirales; f__Ruminococcaceae
3213723d82be7449e2b5ec15370adf6e	d__Bacteria; p__Firmicutes; c__Clostridia
ce141b288f3b2cb0719f8ec276aced66	d__Bacteria; p__Firmicutes; c__Clostridia; o__Clostridia_vadinBB60_group; f__Clostridia_vadinBB60_group; g__Clostridia_vadinBB60_group
5e6de533bee71be2822ca72304c86ac1	d__Bacteria; p__Firmicutes; c__Clostridia; o__Lachnospirales; f__Lachnospiraceae
f8918660da784ee7eba602d395ccfede	d__Bacteria; p__Firmicutes; c__Clostridia; o__Peptostreptococcales-Tissierellales; f__Anaerovoracaceae; g__Family_XIII_AD3011_group; s__uncultured_bacterium
ba15cedfe626c457be2ad263c306992a	d__Bacteria; p__Firmicutes; c__Clostridia; o__Peptostreptococcales-Tissierellales; f__Anaerovoracaceae; g__Family_XIII_AD3011_group; s__uncultured_bacterium
53bc5609d02c50ba32685f4bb4af22e3	d__Bacteria; p__Firmicutes; c__Clostridia; o__Peptostreptococcales-Tissierellales; f__Anaerovoracaceae; g__Family_XIII_AD3011_group; s__uncultured_bacterium
6b1b882e5be71033e05a4033ddbd74ad	d__Bacteria; p__Firmicutes; c__Clostridia; o__Peptostreptococcales-Tissierellales; f__Anaerovoracaceae; g__Family_XIII_AD3011_group; s__uncultured_bacterium
085f3d8cd776583a93fcddde0dd86238	d__Bacteria; p__Firmicutes; c__Clostridia; o__Peptostreptococcales-Tissierellales; f__Anaerovoracaceae; g__Family_XIII_AD3011_group; s__uncultured_bacterium
e844f492227b1056f1f9cb3f1a1e1582	d__Bacteria; p__Firmicutes; c__Clostridia; o__Peptostreptococcales-Tissierellales; f__Anaerovoracaceae; g__Family_XIII_AD3011_group; s__uncultured_bacterium
b29b21b2c88f434ff9bd8dde66dc3d8e	d__Bacteria; p__Firmicutes; c__Clostridia; o__Peptostreptococcales-Tissierellales; f__Anaerovoracaceae; g__Family_XIII_AD3011_group
165562be966c147737f03376e2bab736	d__Bacteria; p__Firmicutes; c__Clostridia; o__Oscillospirales; f__Ruminococcaceae
db397dfee4ace34318faaa6b1c35be18	d__Bacteria; p__Firmicutes; c__Clostridia; o__Lachnospirales; f__Lachnospiraceae; g__Lachnospiraceae_UCG-010; s__uncultured_bacterium
2f5dcffa6251f5ff1e27d35f67ba8d5e	d__Bacteria; p__Firmicutes; c__Clostridia; o__Oscillospirales; f__Butyricicoccaceae; g__UCG-009; s__uncultured_organism
bf1fa7f04f4e73bb57d12a99dfd8c5f0	d__Bacteria; p__Firmicutes; c__Clostridia; o__Oscillospirales; f__Butyricicoccaceae; g__UCG-009; s__uncultured_organism
2e4d70acb070cff01dd0214a3279b81d	d__Bacteria; p__Firmicutes; c__Clostridia; o__Oscillospirales; f__Ruminococcaceae; g__Subdoligranulum
61bdc2787a58893507f994ce41124d43	d__Bacteria; p__Firmicutes; c__Clostridia; o__Oscillospirales
d0e4e7196f2a4583db6f43ee722fb958	d__Bacteria; p__Firmicutes; c__Clostridia
9a96cd52e55778d1e2db97a4b1c03787	d__Bacteria; p__Bacteroidota; c__Bacteroidia; o__Bacteroidales; f__Bacteroidaceae; g__Bacteroides
02e120b6d2b8adc982bed55d031bafda	d__Bacteria; p__Bacteroidota; c__Bacteroidia; o__Bacteroidales; f__Bacteroidaceae; g__Bacteroides
a33eec5b5b22670bb078122c81f1c178	d__Bacteria; p__Bacteroidota; c__Bacteroidia; o__Bacteroidales; f__Bacteroidaceae; g__Bacteroides
da68ea5dc77fc96f76d7b242ac75ef74	d__Bacteria; p__Firmicutes; c__Clostridia; o__Lachnospirales; f__Lachnospiraceae; g__Lachnospiraceae_UCG-010; s__uncultured_organism
4960dbd1c0e886eb1c5f4b76d3447781	d__Bacteria; p__Firmicutes; c__Clostridia; o__Oscillospirales; f__UCG-011; g__UCG-011; s__uncultured_bacterium
8a4dd5009591c5faadcf87f6dc1a4f9d	d__Bacteria; p__Firmicutes; c__Clostridia; o__Oscillospirales; f__[Eubacterium]_coprostanoligenes_group; g__[Eubacterium]_coprostanoligenes_group; s__gut_metagenome
f83d8e2d84b9f02a1f77ffbcdc5e6664	d__Bacteria; p__Firmicutes; c__Clostridia; o__Oscillospirales; f__[Eubacterium]_coprostanoligenes_group; g__[Eubacterium]_coprostanoligenes_group; s__gut_metagenome
e9479113494b6fe608e243178fb6cd50	d__Bacteria; p__Firmicutes; c__Clostridia; o__Oscillospirales
4a59890f3ee3e2ad9656767ebabfc6d5	d__Bacteria; p__Firmicutes; c__Clostridia; o__Oscillospirales
2ccdba4eb9bbd422c137af7d18cf39c9	d__Bacteria; p__Firmicutes; c__Clostridia; o__Oscillospirales
d5933d537776543713ce8729b0820c1b	d__Bacteria; p__Firmicutes; c__Clostridia
ee5bb381a0aacb91e0960e459b31a9bb	d__Bacteria; p__Firmicutes; c__Clostridia; o__Lachnospirales; f__Lachnospiraceae; g__Lachnospiraceae_UCG-010; s__uncultured_organism
d4a0dd3ded897bf76c529fd7834929b2	d__Bacteria; p__Firmicutes; c__Clostridia; o__Oscillospirales; f__[Eubacterium]_coprostanoligenes_group; g__[Eubacterium]_coprostanoligenes_group; s__gut_metagenome
791af8a16e0c19ef2e75b978e6382bdf	d__Bacteria; p__Proteobacteria; c__Gammaproteobacteria; o__Burkholderiales
1b84b6355e2210e4cce94339804c87eb	d__Bacteria
d92344b107ebfe01eaec44614a020061	d__Bacteria
f117126d96e2629e4d9cbd11050589dd	d__Bacteria; p__Bacteroidota; c__Bacteroidia; o__Bacteroidales; f__Bacteroidaceae; g__Bacteroides
ee08490ad0f5cc4b7f1abf8406508703	d__Bacteria; p__Firmicutes; c__Clostridia; o__Lachnospirales; f__Lachnospiraceae
12b7e3e374020fc9c28802736beb349d	d__Bacteria; p__Firmicutes; c__Clostridia; o__Peptostreptococcales-Tissierellales; f__Anaerovoracaceae
17316c7c0712f4092b195bb58d8b99d6	d__Bacteria; p__Firmicutes; c__Clostridia; o__Oscillospirales; f__[Eubacterium]_coprostanoligenes_group; g__[Eubacterium]_coprostanoligenes_group
c1475e4951415976df750bb7727800b3	d__Bacteria; p__Firmicutes; c__Clostridia; o__Oscillospirales; f__[Eubacterium]_coprostanoligenes_group; g__[Eubacterium]_coprostanoligenes_group
ff2fbee1195aef7fdfafa710a045e45d	d__Bacteria; p__Firmicutes; c__Clostridia; o__Oscillospirales
c5460898da76f96a8241421dc6b7fe9f	d__Bacteria; p__Firmicutes; c__Clostridia; o__Oscillospirales
068aa5649b0dbc35b4c6394ac3af38dd	d__Bacteria; p__Firmicutes; c__Clostridia; o__Oscillospirales; f__[Eubacterium]_coprostanoligenes_group; g__[Eubacterium]_coprostanoligenes_group
b3961e86d81be2e47953f7ce13eb1fec	d__Bacteria; p__Firmicutes; c__Clostridia; o__Lachnospirales; f__Lachnospiraceae
92a72f403ad0385be2092d3ab8248357	d__Bacteria; p__Firmicutes; c__Clostridia; o__Lachnospirales; f__Lachnospiraceae
3feed0614e5074f12534f035c6e4b3dc	d__Bacteria; p__Firmicutes; c__Clostridia; o__Lachnospirales; f__Lachnospiraceae
9accbec5a4a8b43bbed0a94b9da41317	d__Bacteria; p__Firmicutes; c__Clostridia; o__Lachnospirales; f__Lachnospiraceae
bad94e65a83fb4d53b94ddefd3b51e3b	d__Bacteria; p__Firmicutes; c__Clostridia; o__Lachnospirales; f__Lachnospiraceae
05a18682a0474851ef631266b3094c9c	d__Bacteria; p__Firmicutes; c__Clostridia; o__Lachnospirales; f__Lachnospiraceae
5bb966122bcf8cfecf1b3ba6ec3a0d01	d__Bacteria; p__Firmicutes; c__Clostridia; o__Lachnospirales; f__Lachnospiraceae
21c4b07cd643de8c9d97f733bb76e86e	d__Bacteria; p__Firmicutes; c__Clostridia; o__Lachnospirales; f__Lachnospiraceae
c375950b1f7e63c0dad361ef869ae0d6	d__Bacteria; p__Firmicutes; c__Clostridia; o__Lachnospirales; f__Lachnospiraceae
29e563a6861578776aaded3086a82a92	d__Bacteria; p__Firmicutes; c__Clostridia; o__Lachnospirales; f__Lachnospiraceae
32c5b3fa3d34c42bad051030d84266b7	d__Bacteria
41377d2c65cb7991b897a1168de334a9	d__Bacteria; p__Firmicutes; c__Clostridia; o__Lachnospirales; f__Lachnospiraceae; g__Lachnospiraceae_NK4A136_group
b8a4fb81bd8541f50b96f6b26f13a6fe	d__Bacteria; p__Firmicutes; c__Clostridia; o__Lachnospirales; f__Lachnospiraceae
3e4f85e956783ea05cd2103383b9576f	d__Bacteria; p__Firmicutes; c__Clostridia; o__Lachnospirales; f__Lachnospiraceae; g__Lachnospiraceae_NK4A136_group
47f85203a9420bb01e41b71ddc2c7ebc	d__Bacteria; p__Firmicutes; c__Clostridia; o__Lachnospirales; f__Lachnospiraceae; g__Lachnospiraceae_NK4A136_group
f4d62423cf9b016233c39821705568e8	d__Bacteria; p__Firmicutes; c__Clostridia; o__Lachnospirales; f__Lachnospiraceae; g__Lachnospiraceae_NK4A136_group
15b1640a1f5b6a3e79758ba610e220fc	d__Bacteria; p__Firmicutes; c__Clostridia; o__Lachnospirales; f__Lachnospiraceae; g__Lachnospiraceae_NK4A136_group
89b214c714201acf382c282c24f42d6a	d__Bacteria; p__Firmicutes; c__Clostridia; o__Lachnospirales; f__Lachnospiraceae; g__Lachnospiraceae_NK4A136_group
2d6a5eff2155e1e532b1e9b11f2fcf8b	d__Bacteria; p__Firmicutes; c__Clostridia; o__Lachnospirales; f__Lachnospiraceae; g__Lachnospiraceae_NK4A136_group
639757aa455be2d3a9116c3d75d0681b	d__Bacteria; p__Firmicutes; c__Clostridia; o__Lachnospirales; f__Lachnospiraceae
7152eef8cbeed5b16a70b3a06ae27e03	d__Bacteria; p__Firmicutes; c__Clostridia; o__Lachnospirales; f__Lachnospiraceae
9c643e370cefb5efc170b5cd5ac15aa5	d__Bacteria; p__Firmicutes; c__Clostridia; o__Lachnospirales; f__Lachnospiraceae
2ef7388ef6534370a946e18654d05b80	d__Bacteria; p__Firmicutes; c__Clostridia; o__Lachnospirales; f__Lachnospiraceae
f299447b69ad6f1b78bd3e4f646d7937	d__Bacteria; p__Firmicutes; c__Clostridia; o__Lachnospirales; f__Lachnospiraceae
804e0cb14627539d156b4d4e2cd08d33	d__Bacteria; p__Firmicutes; c__Clostridia; o__Lachnospirales; f__Lachnospiraceae
c747931a78e22cf2d22058db6bb6c7c9	d__Bacteria; p__Firmicutes; c__Clostridia; o__Lachnospirales; f__Lachnospiraceae
0e05e9a7923db1770616e7b3fc06b95d	d__Bacteria; p__Firmicutes; c__Clostridia; o__Lachnospirales; f__Lachnospiraceae
4467d2db1c809046847b93de913eef0d	d__Bacteria; p__Firmicutes; c__Clostridia; o__Lachnospirales; f__Lachnospiraceae
6a48b5c471071b52899d188a5e384c0f	d__Bacteria; p__Firmicutes; c__Clostridia; o__Lachnospirales; f__Lachnospiraceae
b3c596c93ca2c402cd8e7e5067c99a18	d__Bacteria; p__Firmicutes; c__Clostridia; o__Lachnospirales; f__Lachnospiraceae
619136ed85cc041a811ecad8ca1101dd	d__Bacteria; p__Firmicutes; c__Clostridia; o__Lachnospirales; f__Lachnospiraceae
04d75f2c31616b0eda66f5a03e5e4bfa	d__Bacteria; p__Firmicutes; c__Clostridia; o__Lachnospirales; f__Lachnospiraceae
e7ad4ee2350a2714e7dc1e02f5a44d6c	d__Bacteria; p__Firmicutes; c__Clostridia; o__Lachnospirales; f__Lachnospiraceae
48b5d4a0d3f0e450e6ef1c3cb3d55ced	d__Bacteria; p__Firmicutes; c__Clostridia; o__Lachnospirales; f__Lachnospiraceae
6c7a9064b6aa8f2f8acfc53ad7e8c458	d__Bacteria; p__Firmicutes; c__Clostridia; o__Lachnospirales; f__Lachnospiraceae
e702246d0172d8e1206d90aeef107840	d__Bacteria; p__Firmicutes; c__Clostridia; o__Lachnospirales; f__Lachnospiraceae
0d9961ae51e453bc3fe8eee5c9656bd7	d__Bacteria; p__Firmicutes; c__Clostridia; o__Lachnospirales; f__Lachnospiraceae
e2d75046a04b0ea7ea6838c31348db19	d__Bacteria; p__Firmicutes; c__Clostridia; o__Lachnospirales; f__Lachnospiraceae
3e1ae4d6f4cae858bfe9806401cea3fe	d__Bacteria; p__Firmicutes; c__Clostridia; o__Lachnospirales; f__Lachnospiraceae
40f2a0924051d27fac208b4177132d9b	d__Bacteria; p__Firmicutes; c__Clostridia; o__Lachnospirales; f__Lachnospiraceae
f7f2c913c5ffc3fce581d029e5c6e4a0	d__Bacteria; p__Firmicutes; c__Clostridia; o__Lachnospirales; f__Lachnospiraceae; g__Lachnospiraceae_UCG-001; s__Lachnospiraceae_bacterium
65713aa2b2575d89d7cd12e02fc8c745	d__Bacteria; p__Firmicutes; c__Clostridia; o__Lachnospirales; f__Lachnospiraceae; g__Lachnospiraceae_UCG-001; s__Lachnospiraceae_bacterium
ab9edf2d490421164adc9c4dce867bb2	d__Bacteria; p__Firmicutes; c__Clostridia; o__Lachnospirales; f__Lachnospiraceae; g__Lachnospiraceae_UCG-001
a6bdebaacb8d032a71382b1368d6b4e0	d__Bacteria; p__Firmicutes; c__Clostridia; o__Lachnospirales; f__Lachnospiraceae; g__Lachnospiraceae_UCG-001; s__Lachnospiraceae_bacterium
02186b89f1f05098c6295e979790e1d3	d__Bacteria; p__Firmicutes; c__Clostridia; o__Lachnospirales; f__Lachnospiraceae
a96b5ff2ba883b7fc6b6f48d205abbbe	d__Bacteria; p__Firmicutes; c__Clostridia; o__Lachnospirales; f__Lachnospiraceae
4a15c0e38fbf5b2cfe64e2ebda1f5f29	d__Bacteria; p__Firmicutes; c__Clostridia; o__Lachnospirales; f__Lachnospiraceae
7b43ac2fc5e28de255213158ff2b893b	d__Bacteria; p__Firmicutes; c__Clostridia; o__Lachnospirales; f__Lachnospiraceae
3232abcaf7c08b258e40142056801cbc	d__Bacteria; p__Firmicutes; c__Clostridia; o__Lachnospirales; f__Lachnospiraceae
d795c8fc27db6b01e1e5ec9ec7538a38	d__Bacteria; p__Firmicutes; c__Clostridia; o__Lachnospirales; f__Lachnospiraceae
e75a8873024f072f752bbe8a6d57f3c1	d__Bacteria; p__Firmicutes; c__Clostridia; o__Lachnospirales; f__Lachnospiraceae
8a601aac93d550be60388a7c41eb1433	d__Bacteria; p__Firmicutes; c__Clostridia; o__Lachnospirales; f__Lachnospiraceae
9840d0b93c625fcebf69ea447b475a95	d__Bacteria; p__Firmicutes; c__Clostridia; o__Lachnospirales; f__Lachnospiraceae
5f0f6375df23c83117339d188ed89d14	d__Bacteria; p__Firmicutes; c__Clostridia; o__Lachnospirales; f__Lachnospiraceae
8b1dd4ed1ac06fa3ed1e6ebe82ff4724	d__Bacteria; p__Firmicutes; c__Clostridia; o__Lachnospirales; f__Lachnospiraceae
333b9a43a6ac29910620c1823c7db9b0	d__Bacteria; p__Firmicutes; c__Clostridia; o__Lachnospirales; f__Lachnospiraceae
89add3ddc8b678fd8f0157ce9198f455	d__Bacteria; p__Firmicutes; c__Clostridia; o__Lachnospirales; f__Lachnospiraceae
0d1c07f30ff4145847f56366ae1e34c7	d__Bacteria; p__Firmicutes; c__Clostridia; o__Lachnospirales; f__Lachnospiraceae
4c3c509d845ff476e9b3caaca6a31b6f	d__Bacteria; p__Firmicutes; c__Clostridia; o__Lachnospirales; f__Lachnospiraceae
6f38994f64f324646a53827e2a75a03b	d__Bacteria; p__Firmicutes; c__Clostridia; o__Lachnospirales; f__Lachnospiraceae
9104f2bf9935aa00e01a8da134e3ff5e	d__Bacteria; p__Firmicutes; c__Clostridia; o__Lachnospirales; f__Lachnospiraceae
5047bac483aab3d2936e4b77d56222fd	d__Bacteria; p__Firmicutes; c__Clostridia; o__Lachnospirales; f__Lachnospiraceae
a9939eeaee4bfd13db4233a0041423b5	d__Bacteria; p__Firmicutes; c__Clostridia; o__Lachnospirales; f__Lachnospiraceae
e089e05538db82138705498ade963516	d__Bacteria; p__Firmicutes; c__Clostridia; o__Lachnospirales; f__Lachnospiraceae
f6e013c83bcace8856664df74e35c31b	d__Bacteria; p__Firmicutes; c__Clostridia; o__Lachnospirales; f__Lachnospiraceae
e38a29417e4f6f61b1e6cb1e318e697d	d__Bacteria; p__Firmicutes; c__Clostridia; o__Lachnospirales; f__Lachnospiraceae
3b45c707af9c8b3a059708bc7ec46538	d__Bacteria; p__Firmicutes; c__Clostridia; o__Lachnospirales; f__Lachnospiraceae
7a54b3330f9790c8e26ff650a432abcf	d__Bacteria; p__Firmicutes; c__Clostridia; o__Lachnospirales; f__Lachnospiraceae
767c978b3a801513cf0e9bbf2c378111	d__Bacteria; p__Firmicutes; c__Clostridia; o__Lachnospirales; f__Lachnospiraceae
eed071c9e52c54c368bec9e1f99cbf11	d__Bacteria; p__Firmicutes; c__Clostridia; o__Lachnospirales; f__Lachnospiraceae
fe4c9c61decc40c2deb9f662f43c165b	d__Bacteria; p__Firmicutes; c__Clostridia; o__Lachnospirales; f__Lachnospiraceae
f23affcd6dfaded5902b534a30fa0c57	d__Bacteria; p__Firmicutes; c__Clostridia; o__Lachnospirales; f__Lachnospiraceae
8112beec0e036458cc82ea4048921d99	d__Bacteria; p__Firmicutes; c__Clostridia; o__Lachnospirales; f__Lachnospiraceae
0f8f90b98f653f2360d5d1bdd77908fd	d__Bacteria; p__Firmicutes; c__Clostridia; o__Lachnospirales; f__Lachnospiraceae
d644fc791ec3734418d1d3e43d51cb31	d__Bacteria; p__Firmicutes; c__Clostridia; o__Lachnospirales; f__Lachnospiraceae
8a97a1143b6c9498f1fbb3d64a851b46	d__Bacteria; p__Firmicutes; c__Clostridia; o__Lachnospirales; f__Lachnospiraceae
c744dca5564db8de000665a50d75e682	d__Bacteria; p__Firmicutes; c__Clostridia; o__Lachnospirales; f__Lachnospiraceae
6918d5c4d38bb7d73d46777377ae7843	d__Bacteria; p__Firmicutes; c__Clostridia; o__Lachnospirales; f__Lachnospiraceae; g__Lachnospiraceae_NK4B4_group; s__uncultured_bacterium
e955fffcf61860a0be3e96457495656d	d__Bacteria; p__Firmicutes; c__Clostridia; o__Lachnospirales; f__Lachnospiraceae; g__Lachnospiraceae_NK4B4_group; s__uncultured_bacterium
cb5e9f6b9539d99ccaf3a1d3cb46d31b	d__Bacteria; p__Firmicutes; c__Clostridia; o__Lachnospirales; f__Lachnospiraceae; g__Lachnospiraceae_NK4B4_group; s__uncultured_bacterium
6cf736ebb6042b4b9ba23984058f0685	d__Bacteria; p__Firmicutes; c__Clostridia; o__Lachnospirales; f__Lachnospiraceae
2fd2f665ed0ab8993630ec8b7739ed87	d__Bacteria; p__Firmicutes; c__Clostridia; o__Lachnospirales; f__Lachnospiraceae
009ffbe3b839a352b6e5f38e1525f977	d__Bacteria; p__Firmicutes; c__Clostridia; o__Lachnospirales; f__Lachnospiraceae; g__[Eubacterium]_hallii_group
821a60c1a79bfc3e693dbc11cc42820a	d__Bacteria; p__Firmicutes; c__Clostridia; o__Lachnospirales; f__Lachnospiraceae; g__[Eubacterium]_hallii_group
e597a1db12a6ade75b285224681a8546	d__Bacteria; p__Firmicutes; c__Clostridia; o__Lachnospirales; f__Lachnospiraceae; g__[Eubacterium]_hallii_group
e6f2c5f9676a1adf72a10ecb21e6890a	d__Bacteria; p__Firmicutes; c__Clostridia; o__Lachnospirales; f__Lachnospiraceae; g__[Eubacterium]_hallii_group
25742481f9e4f30aac689657ed31b79f	d__Bacteria; p__Firmicutes; c__Clostridia; o__Lachnospirales; f__Lachnospiraceae; g__[Eubacterium]_hallii_group
51164d4ca25a0133a75476898a4fda68	d__Bacteria; p__Firmicutes; c__Clostridia; o__Lachnospirales; f__Lachnospiraceae
718048b55ee370d7c12acc74b7aa45c2	d__Bacteria; p__Firmicutes; c__Clostridia; o__Lachnospirales; f__Lachnospiraceae
3dcce7638b83ed5d1f57feb5cc4fff0a	d__Bacteria
5928867421ed80879bc49615ffe20613	d__Bacteria; p__Firmicutes; c__Clostridia; o__Lachnospirales; f__Lachnospiraceae
7acd817ac10531cc8bfd306ae25fe748	d__Bacteria; p__Firmicutes; c__Clostridia
210d14d399d678aeb146b37be47d5cd2	d__Bacteria; p__Firmicutes; c__Clostridia
0bf17301d64ff420016149b710e1e3e8	d__Bacteria; p__Firmicutes; c__Clostridia; o__Clostridiales; f__Clostridiaceae; g__Clostridium_sensu_stricto_1
34e6fb6f8f8b9359ae56862b133f8f64	d__Bacteria; p__Firmicutes; c__Clostridia; o__Clostridiales; f__Clostridiaceae
3e0b996b1c0b34e051118beee7acaab3	d__Bacteria; p__Firmicutes; c__Clostridia; o__Oscillospirales
997e9a98fe6549ad6423d60c889630ab	d__Bacteria; p__Firmicutes; c__Clostridia; o__Clostridiales; f__Clostridiaceae; g__Clostridium_sensu_stricto_1
09c379e287d1f5fb5b9f2625724d8d89	d__Bacteria; p__Firmicutes; c__Clostridia; o__Clostridiales; f__Clostridiaceae; g__Clostridium_sensu_stricto_1
1dddf0adf09d950851fe9fce20e0d552	d__Bacteria; p__Firmicutes; c__Clostridia; o__Clostridiales; f__Clostridiaceae; g__Clostridium_sensu_stricto_1
9a26512952b38343c0fb8ecaa56aee75	d__Bacteria; p__Firmicutes; c__Clostridia; o__Clostridiales; f__Clostridiaceae; g__Clostridium_sensu_stricto_1
a5efd528a66027aee531f814d2f24a6a	d__Bacteria; p__Firmicutes; c__Clostridia; o__Clostridiales; f__Clostridiaceae; g__Clostridium_sensu_stricto_1
074633f9d9f4d7617f26315059f57fa9	d__Bacteria; p__Firmicutes; c__Clostridia; o__Clostridiales; f__Clostridiaceae; g__Clostridium_sensu_stricto_1
2420d48129dff5dc56fa4a0aea7ffeae	d__Bacteria; p__Firmicutes; c__Clostridia; o__Clostridiales; f__Clostridiaceae; g__Clostridium_sensu_stricto_1
7d6d4ea9716ccf47bca43c355516f226	d__Bacteria; p__Firmicutes; c__Clostridia; o__Clostridiales; f__Clostridiaceae; g__Clostridium_sensu_stricto_1; s__Clostridium_paraputrificum
7de1e527c804c5bf81a3120a351cd235	d__Bacteria; p__Firmicutes; c__Clostridia; o__Clostridiales; f__Clostridiaceae; g__Clostridium_sensu_stricto_1
b86c0fd387d3874b430c3198e712576e	d__Bacteria; p__Firmicutes; c__Clostridia; o__Clostridiales; f__Clostridiaceae; g__Clostridium_sensu_stricto_1
50a30fb136365a6f7bd8fdf4bf61a778	d__Bacteria; p__Firmicutes; c__Clostridia; o__Oscillospirales; f__Ruminococcaceae; g__Subdoligranulum
46733644d7d85ee5c3d16cbe9bb855d6	d__Bacteria; p__Firmicutes
dbe7d0e22b77679cfdb64e2a8da1db24	d__Bacteria; p__Firmicutes; c__Clostridia
5c9d64547f0ecceab9e7992aa38a0f61	d__Bacteria; p__Firmicutes; c__Clostridia; o__Oscillospirales; f__Butyricicoccaceae; g__UCG-009; s__uncultured_organism
a026754ad3b2c622291e5cb35b405628	d__Bacteria; p__Firmicutes; c__Clostridia; o__Oscillospirales; f__Butyricicoccaceae; g__UCG-009
1663e66f64e626f8ea91e604a14727ad	d__Bacteria; p__Firmicutes; c__Clostridia; o__Oscillospirales; f__Butyricicoccaceae; g__UCG-009; s__uncultured_organism
89d6fca34598974493c0b08f8b5d3bf7	d__Bacteria; p__Firmicutes; c__Clostridia; o__Lachnospirales; f__Lachnospiraceae
344a19413ce077a2cecca09256358d78	d__Bacteria; p__Firmicutes; c__Clostridia
8c48dae3e20c43b11bbf2f657a7bb0ed	d__Bacteria; p__Firmicutes; c__Clostridia; o__Oscillospirales; f__Ruminococcaceae; g__Paludicola
e864a0e5e4126438cb74f89aeac5a94e	d__Bacteria; p__Firmicutes; c__Clostridia; o__Oscillospirales; f__Ruminococcaceae; g__Paludicola
5d57548017ba1d792318d1c8d8ec08e7	d__Bacteria; p__Firmicutes; c__Clostridia; o__Oscillospirales; f__Ruminococcaceae; g__Paludicola; s__Ruminococcaceae_bacterium
c25fe95f33ece1b31c4d6d8c99dfb4d2	d__Bacteria; p__Firmicutes; c__Clostridia; o__Lachnospirales; f__Lachnospiraceae
ad506be36fcab4699a37f4b3e406c23a	d__Bacteria; p__Firmicutes; c__Clostridia; o__Lachnospirales; f__Lachnospiraceae
87673cad558062dfba31b15f6abfcd54	d__Bacteria; p__Firmicutes; c__Clostridia; o__Peptostreptococcales-Tissierellales; f__Peptostreptococcales-Tissierellales; g__Peptoniphilus
a2a55eef66611426466d48508ebb4c9f	d__Bacteria; p__Firmicutes; c__Clostridia; o__Lachnospirales; f__Lachnospiraceae
9d0cd40e9b4d08023e709705ebfef95a	d__Bacteria; p__Bacteroidota; c__Bacteroidia; o__Bacteroidales; f__Bacteroidaceae; g__Bacteroides
e9a86aacca6252686b3a9cb456121201	d__Bacteria; p__Firmicutes; c__Clostridia; o__Oscillospirales; f__[Clostridium]_methylpentosum_group; g__[Clostridium]_methylpentosum_group; s__[Clostridium]_methylpentosum
98c1fba685245d45469192084da01c87	d__Bacteria; p__Firmicutes; c__Clostridia; o__Oscillospirales; f__Ruminococcaceae
42af5317f92c255d482500a1dc13aec8	d__Bacteria; p__Firmicutes; c__Clostridia; o__Lachnospirales; f__Lachnospiraceae
67da1ac88ad3fd33f0330ee2d51a20c5	d__Bacteria; p__Firmicutes; c__Clostridia; o__Lachnospirales; f__Lachnospiraceae
7cb5ab5361e4e9e90015e62c2d7566ef	d__Bacteria; p__Firmicutes; c__Clostridia; o__Lachnospirales; f__Lachnospiraceae
2c2bcf86bb95a0a6b6fa2beeaac32cdc	d__Bacteria; p__Firmicutes; c__Clostridia; o__Lachnospirales; f__Lachnospiraceae; g__Blautia
4d2792c2326fd7fb813805097d10d8d1	d__Bacteria; p__Firmicutes; c__Clostridia; o__Lachnospirales; f__Lachnospiraceae; g__Blautia
5a029d3694de4741093b05c1ed3814b3	d__Bacteria; p__Firmicutes; c__Clostridia; o__Lachnospirales; f__Lachnospiraceae; g__Blautia
23e5d891a0106ecfdec34926d5aad44a	d__Bacteria; p__Firmicutes; c__Clostridia; o__Lachnospirales; f__Lachnospiraceae; g__Blautia
2f1a9ef167a35f1fed7732e3629eef50	d__Bacteria; p__Firmicutes; c__Clostridia; o__Lachnospirales; f__Lachnospiraceae; g__Blautia
36363ce85f0eaf13ff3ac70bab95067a	d__Bacteria; p__Firmicutes; c__Clostridia; o__Lachnospirales; f__Lachnospiraceae; g__Blautia
3c26455c6a15d5e65eb0cbf6a70d459f	d__Bacteria; p__Firmicutes; c__Clostridia; o__Lachnospirales; f__Lachnospiraceae
fc7853368e9148de6707ea38045afab5	d__Bacteria; p__Firmicutes; c__Clostridia; o__Lachnospirales; f__Lachnospiraceae
7d61687e146598729083391e7c1583c9	d__Bacteria; p__Firmicutes; c__Clostridia; o__Lachnospirales; f__Lachnospiraceae
045d89871074f503892f4b2e1e644b0e	d__Bacteria
823402902b0cff162d1df4aa3de51364	d__Bacteria; p__Firmicutes; c__Clostridia; o__Lachnospirales; f__Lachnospiraceae; g__Blautia
57c2d771da0f19230ff9bdd206ac2160	d__Bacteria; p__Firmicutes; c__Clostridia; o__Lachnospirales; f__Lachnospiraceae
c70d78ea793ad7bfb9bd8fe6b0aa4b84	d__Bacteria; p__Firmicutes; c__Clostridia; o__Lachnospirales; f__Lachnospiraceae; g__Blautia
e2b37193d65f1880b529ffb40120fbec	d__Bacteria; p__Firmicutes; c__Clostridia; o__Lachnospirales; f__Lachnospiraceae; g__Blautia
8e68ed68391cb27520a6d9b2e52891da	d__Bacteria; p__Firmicutes; c__Clostridia; o__Lachnospirales; f__Lachnospiraceae; g__Blautia
8791bc9b803bb52aeb4dbfef2e4dc8ac	d__Bacteria; p__Firmicutes; c__Clostridia; o__Lachnospirales; f__Lachnospiraceae
12b7bd85428b84b31eff9c00ff23037f	d__Bacteria; p__Firmicutes; c__Clostridia; o__Lachnospirales; f__Lachnospiraceae
54009b4aa062f4a5b42fe5862c0a6b01	d__Bacteria; p__Firmicutes; c__Clostridia; o__Lachnospirales; f__Lachnospiraceae
3cf07406e2ba8e54f37572bb474d416b	d__Bacteria; p__Firmicutes; c__Clostridia; o__Lachnospirales; f__Lachnospiraceae; g__Blautia
b0d689430a405c7815338894c6ad336e	d__Bacteria; p__Firmicutes; c__Clostridia; o__Lachnospirales; f__Lachnospiraceae; g__Blautia
b02afb0e98a952b66b5120c28338856e	d__Bacteria; p__Firmicutes; c__Clostridia; o__Lachnospirales; f__Lachnospiraceae; g__Blautia; s__Blautia_faecis
f2324e2627f805c437f1bf9bcd0520c7	d__Bacteria; p__Firmicutes; c__Clostridia; o__Lachnospirales; f__Lachnospiraceae; g__Blautia
8909806c7501559e8793a5b5d89f0d22	d__Bacteria; p__Firmicutes; c__Clostridia; o__Lachnospirales; f__Lachnospiraceae; g__Coprococcus
618d0e7ac9a41a0a95efc06e7dde93c6	d__Bacteria; p__Firmicutes; c__Clostridia; o__Lachnospirales; f__Lachnospiraceae; g__Coprococcus
bc9edb14853ddc09b2f212f23aa35479	d__Bacteria; p__Firmicutes; c__Clostridia; o__Lachnospirales; f__Lachnospiraceae; g__Coprococcus
c59b0cb9de2e870b7ae34a77f9b439df	d__Bacteria; p__Firmicutes; c__Clostridia; o__Lachnospirales; f__Lachnospiraceae
5c5839900e494a39b59f91bc4570e165	d__Bacteria; p__Firmicutes; c__Clostridia; o__Lachnospirales; f__Lachnospiraceae
e53d1ac129d45a7ab21e0ef4b0a66db0	d__Bacteria; p__Firmicutes; c__Clostridia; o__Lachnospirales; f__Lachnospiraceae
cd06a9399e9740300339904e4d1164b0	d__Bacteria; p__Firmicutes; c__Clostridia; o__Lachnospirales; f__Lachnospiraceae; g__Blautia
7dad1019643186184ca8b9945af7c515	d__Bacteria; p__Firmicutes; c__Clostridia; o__Lachnospirales; f__Lachnospiraceae; g__Blautia
a9fa49fb47b2d08ed35eab4965cb4f54	d__Bacteria; p__Firmicutes; c__Clostridia; o__Lachnospirales; f__Lachnospiraceae
3ec9a47f40475e648a1b0864cd7034e0	d__Bacteria; p__Firmicutes; c__Clostridia; o__Lachnospirales; f__Lachnospiraceae
abf2609f8d24cb6f6d592bd64679ced4	d__Bacteria
6937efbf07fdf0a6ad41b16af067bede	d__Bacteria; p__Firmicutes; c__Clostridia; o__Lachnospirales; f__Lachnospiraceae
c4707f9500fba32f665f63f31c757de4	d__Bacteria; p__Firmicutes; c__Clostridia; o__Lachnospirales; f__Lachnospiraceae
0abee716c0cc01fa36a3f132953de7b0	d__Bacteria; p__Firmicutes; c__Clostridia; o__Lachnospirales; f__Lachnospiraceae
4182cbb65bf90203fd1045fc25bb00f5	d__Bacteria; p__Firmicutes; c__Clostridia; o__Lachnospirales; f__Lachnospiraceae
fa75ebee1651b02ede69f10983bd1fdf	d__Bacteria; p__Firmicutes; c__Clostridia; o__Lachnospirales; f__Lachnospiraceae
aa670f658cdfc14ee3e4a9a057d69d18	d__Bacteria; p__Firmicutes; c__Clostridia; o__Lachnospirales; f__Lachnospiraceae
71c0e8e1e32d4f01c3945a66dfdbe2ea	d__Bacteria; p__Firmicutes; c__Clostridia; o__Lachnospirales; f__Lachnospiraceae; g__Anaerostipes
6cf78f8781f1abe0ba3564df70bdd954	d__Bacteria; p__Firmicutes; c__Clostridia; o__Lachnospirales; f__Lachnospiraceae; g__Blautia
6c0a518bd117a4eb8601e6d2274d6fff	d__Bacteria; p__Firmicutes; c__Clostridia; o__Lachnospirales; f__Lachnospiraceae; g__Blautia
21b61933434ea563cc1e4643bd1bcc31	d__Bacteria; p__Firmicutes; c__Clostridia; o__Lachnospirales; f__Lachnospiraceae; g__Blautia
a2873c3e5dade0194dd1565959f57e28	d__Bacteria; p__Firmicutes; c__Clostridia; o__Lachnospirales; f__Lachnospiraceae; g__Blautia
0f8c2206b74c4fe2bc4886c64f572af2	d__Bacteria; p__Firmicutes; c__Clostridia; o__Lachnospirales; f__Lachnospiraceae; g__Blautia
f9cc43bc71771a92f5bb1344bcaad6dd	d__Bacteria; p__Firmicutes; c__Clostridia; o__Lachnospirales; f__Lachnospiraceae; g__Blautia
b07f03051d7560b97ba6888e487a2e8d	d__Bacteria; p__Firmicutes; c__Clostridia; o__Lachnospirales; f__Lachnospiraceae; g__Blautia
ce339b8d8bf9bc57fcff06141e045ab1	d__Bacteria; p__Firmicutes; c__Clostridia; o__Lachnospirales; f__Lachnospiraceae; g__Blautia
9ce3eec6e516f9cfef660112a96c36fb	d__Bacteria; p__Firmicutes; c__Clostridia; o__Lachnospirales; f__Lachnospiraceae
05301908610d42c34582050b95b57d35	d__Bacteria; p__Firmicutes; c__Clostridia; o__Lachnospirales; f__Lachnospiraceae
4702f78e5ca285980fa88f3ba5e0e0b9	d__Bacteria; p__Firmicutes; c__Clostridia; o__Lachnospirales; f__Lachnospiraceae
6d4026c67236345842fff68c7394e297	d__Bacteria; p__Firmicutes; c__Clostridia; o__Lachnospirales; f__Lachnospiraceae
e880ff762ebba03a1ee96272169011fa	d__Bacteria; p__Firmicutes; c__Clostridia; o__Lachnospirales; f__Lachnospiraceae
4ceab1622964b2d34aa6f40aa50c0cf0	d__Bacteria; p__Firmicutes; c__Clostridia; o__Lachnospirales; f__Lachnospiraceae
df29a690d00f967b2e48f3b6bea710e1	d__Bacteria; p__Proteobacteria; c__Gammaproteobacteria; o__Pasteurellales; f__Pasteurellaceae
b5022069f9af2bc73efa7a01316343c9	d__Bacteria; p__Firmicutes; c__Clostridia; o__Lachnospirales; f__Lachnospiraceae
3aff10c5993d7f1a27df3d074922f99a	d__Bacteria; p__Firmicutes; c__Clostridia; o__Lachnospirales; f__Lachnospiraceae
c1c8a4f32d457f34ca1606694d56d2c7	d__Bacteria; p__Firmicutes; c__Clostridia; o__Lachnospirales; f__Lachnospiraceae
1c60c5f6c3a26c31d9af0d44b0c3d884	d__Bacteria; p__Firmicutes; c__Clostridia; o__Lachnospirales; f__Lachnospiraceae
dce41f071803c548433efadb7852e6f7	d__Bacteria; p__Firmicutes; c__Clostridia; o__Lachnospirales; f__Lachnospiraceae; g__[Eubacterium]_ventriosum_group; s__uncultured_bacterium
43534a25d7257872e74af5814790d55f	d__Bacteria; p__Firmicutes; c__Clostridia; o__Lachnospirales; f__Lachnospiraceae; g__[Eubacterium]_ventriosum_group; s__uncultured_bacterium
04555b2654c7d59e6441f138f3c213a6	d__Bacteria; p__Firmicutes; c__Clostridia; o__Lachnospirales; f__Lachnospiraceae; g__Blautia
ed4be89de167dca0bf8a3f3c43a67338	d__Bacteria; p__Firmicutes; c__Clostridia; o__Lachnospirales; f__Lachnospiraceae
e12a0f074b0c7cbd23971f16dc0f64d7	d__Bacteria; p__Firmicutes; c__Clostridia; o__Lachnospirales; f__Lachnospiraceae
3a06c17dc8cffd9de82da71b220e3517	d__Bacteria; p__Firmicutes; c__Clostridia; o__Lachnospirales; f__Lachnospiraceae
1127e48d46e070fb789c16658fa928a6	d__Bacteria; p__Firmicutes; c__Clostridia; o__Lachnospirales; f__Lachnospiraceae
5303653032000b2e61d4c7aaf1486a53	d__Bacteria; p__Firmicutes; c__Clostridia; o__Lachnospirales; f__Lachnospiraceae; g__GCA-900066575
ff92f0eae9e134171341f6616a7cd5c5	d__Bacteria; p__Firmicutes; c__Clostridia; o__Lachnospirales; f__Lachnospiraceae; g__GCA-900066575
3320f4bdeedc8ebb82c70558e91e43c0	d__Bacteria; p__Firmicutes; c__Clostridia; o__Lachnospirales; f__Lachnospiraceae; g__GCA-900066575
06e48bc8e7238755336053b043471036	d__Bacteria; p__Firmicutes; c__Clostridia; o__Lachnospirales; f__Lachnospiraceae; g__GCA-900066575
6aaecadaee13d13e1667b38e69589aa7	d__Bacteria; p__Firmicutes; c__Clostridia; o__Lachnospirales; f__Lachnospiraceae; g__Sellimonas
0fa1638c7d77081c30b562205faf14a8	d__Bacteria; p__Firmicutes; c__Clostridia; o__Lachnospirales; f__Lachnospiraceae; g__Sellimonas
7c4d9eb62aeb23d335ee5bb0ff1e9b21	d__Bacteria; p__Firmicutes; c__Clostridia; o__Lachnospirales; f__Lachnospiraceae; g__Frisingicoccus
12135126f97b47a5189bcccb57a61a1a	d__Bacteria; p__Firmicutes; c__Clostridia
cb1e94bf1f9af37af7c66258648d0faa	d__Bacteria; p__Firmicutes; c__Clostridia; o__Lachnospirales; f__Lachnospiraceae; g__Sellimonas; s__Lachnoclostridium_phocaeense
268bf2a42426c6e71e65c38e0eae3fea	d__Bacteria; p__Firmicutes; c__Clostridia; o__Lachnospirales; f__Lachnospiraceae; g__uncultured
e5837b9eea446756e68d361e54451b52	d__Bacteria; p__Firmicutes; c__Clostridia; o__Lachnospirales; f__Lachnospiraceae; g__uncultured; s__uncultured_Eubacterium
0a62753a45e80460ad166664f4f01513	d__Bacteria; p__Firmicutes; c__Clostridia; o__Lachnospirales; f__Lachnospiraceae
bddd43e9ce69f9cd43559b0ec448d906	d__Bacteria; p__Firmicutes; c__Clostridia; o__Lachnospirales; f__Lachnospiraceae; g__[Eubacterium]_fissicatena_group
eaf88474ed26b18b4adbcef0ae1d4a75	d__Bacteria; p__Firmicutes; c__Clostridia; o__Lachnospirales; f__Lachnospiraceae; g__[Eubacterium]_fissicatena_group
ac7974b166d2696b009d507e273b84e4	d__Bacteria; p__Firmicutes; c__Clostridia; o__Lachnospirales; f__Lachnospiraceae; g__Sellimonas; s__uncultured_organism
cd19294a83fb4795f8f73486454a15e3	d__Bacteria; p__Firmicutes; c__Clostridia; o__Lachnospirales; f__Lachnospiraceae; g__uncultured
b4217d76a83e6c352795ff49dd6c2e28	d__Bacteria; p__Firmicutes; c__Clostridia; o__Lachnospirales; f__Lachnospiraceae; g__Lachnoclostridium; s__Eubacterium_sp.
5ffe6d9b438c5e5ecfe62f41041433cb	d__Bacteria; p__Firmicutes; c__Clostridia; o__Lachnospirales; f__Lachnospiraceae
b30c243e818cca35be4b537f4089ce8d	d__Bacteria; p__Firmicutes; c__Clostridia; o__Lachnospirales; f__Lachnospiraceae; g__Frisingicoccus
0a627953506e4f620f0ae354a2762600	d__Bacteria; p__Firmicutes; c__Clostridia; o__Lachnospirales; f__Lachnospiraceae; g__Frisingicoccus
189500b1f56f0264fe03699f31ceb777	d__Bacteria; p__Firmicutes; c__Clostridia; o__Oscillospirales; f__Ruminococcaceae; g__Pygmaiobacter; s__uncultured_bacterium
d8f0506df6ea8bc1bedf43a5c68c4da1	d__Bacteria; p__Firmicutes; c__Clostridia; o__Peptostreptococcales-Tissierellales; f__Peptostreptococcales-Tissierellales; g__Peptoniphilus; s__Peptoniphilus_lacrimalis
8c2892f0334bc40ca6e09e5f847a13e9	d__Bacteria; p__Firmicutes; c__Clostridia; o__Peptostreptococcales-Tissierellales; f__Peptostreptococcales-Tissierellales; g__Parvimonas; s__uncultured_bacterium
fadfc4c0877d9449a7f92388c7348356	d__Bacteria; p__Firmicutes; c__Clostridia; o__Lachnospirales; f__Lachnospiraceae
2e532186a987c25e3ee270ed3f170972	d__Bacteria; p__Firmicutes; c__Clostridia; o__Lachnospirales; f__Lachnospiraceae
b2d250e5114d1900964fc7a58c98f7d0	d__Bacteria; p__Firmicutes; c__Clostridia; o__Lachnospirales; f__Lachnospiraceae
85c3ff2fe7317e5165a65b03ae739026	d__Bacteria; p__Firmicutes; c__Clostridia; o__Lachnospirales; f__Lachnospiraceae
cd96c76991b41a42e8c94b091f5bfade	d__Bacteria; p__Firmicutes; c__Clostridia; o__Lachnospirales; f__Lachnospiraceae
e18b0dd3b04b8f1ef3b32f368d733560	d__Bacteria; p__Firmicutes; c__Clostridia; o__Lachnospirales; f__Lachnospiraceae
6d6360a39fe51a921978f28b2d784b88	d__Bacteria; p__Firmicutes; c__Clostridia; o__Lachnospirales; f__Lachnospiraceae
b7c4d3b857084976dd7ae77d508c68c6	d__Bacteria; p__Firmicutes; c__Clostridia; o__Lachnospirales; f__Lachnospiraceae
8a3b83c70d54a2a0b499221ebefab59a	d__Bacteria; p__Firmicutes; c__Clostridia; o__Lachnospirales; f__Lachnospiraceae
3a953e46e381e840198a6a85d682cde4	d__Bacteria; p__Firmicutes; c__Clostridia; o__Lachnospirales; f__Lachnospiraceae; g__Roseburia
8fd2e4810e20712e276ab7ee529ddd7a	d__Bacteria; p__Firmicutes; c__Clostridia; o__Lachnospirales; f__Lachnospiraceae
0ba189ab88787f45e25cea9726ec3ea0	d__Bacteria; p__Firmicutes; c__Clostridia; o__Lachnospirales; f__Lachnospiraceae; g__Roseburia
22f21443dd70a4563d3589e08197d391	d__Bacteria; p__Firmicutes; c__Clostridia; o__Lachnospirales; f__Lachnospiraceae
41d812857a0bcd81ad6d0159a2063fe1	d__Bacteria; p__Desulfobacterota; c__Desulfovibrionia; o__Desulfovibrionales; f__Desulfovibrionaceae; g__Bilophila; s__bacterium_NLAE-zl-H528
aeaca32f7109309891785722607394b7	d__Bacteria; p__Firmicutes; c__Clostridia; o__Lachnospirales; f__Lachnospiraceae; g__CAG-56; s__uncultured_bacterium
29d17359082ea5b899f37529f7f1d877	d__Bacteria; p__Firmicutes; c__Clostridia; o__Lachnospirales; f__Lachnospiraceae; g__CAG-56; s__uncultured_bacterium
3c98891ed0bbad87a0d10ac078192cc8	d__Bacteria; p__Proteobacteria; c__Gammaproteobacteria; o__Enterobacterales; f__Enterobacteriaceae; g__Escherichia-Shigella
cdae8b9e64640ac7674267be79bd4612	d__Bacteria; p__Firmicutes; c__Clostridia; o__Lachnospirales; f__Lachnospiraceae
8605c2c66820a31cb21def71c6da74b9	d__Bacteria; p__Firmicutes; c__Clostridia; o__Lachnospirales; f__Lachnospiraceae
1a8e30644c865380b271445266796fe6	d__Bacteria; p__Firmicutes; c__Clostridia; o__Oscillospirales; f__Ruminococcaceae
0386ecf92b2948ae6ddba553ae639a16	d__Bacteria; p__Firmicutes; c__Clostridia; o__Lachnospirales; f__Lachnospiraceae; g__[Ruminococcus]_torques_group
ca84690f5abdbb5edc8e31b3550a2c22	d__Bacteria; p__Firmicutes; c__Clostridia; o__Lachnospirales; f__Lachnospiraceae; g__[Ruminococcus]_torques_group; s__Ruminococcus_sp.
e360979c07f5967829af5e04e1f10d70	d__Bacteria; p__Firmicutes; c__Clostridia; o__Lachnospirales; f__Lachnospiraceae; g__[Ruminococcus]_torques_group; s__Ruminococcus_sp.
d065a2a030d2f6598044c460f4c2d1d0	d__Bacteria; p__Firmicutes; c__Clostridia; o__Lachnospirales; f__Lachnospiraceae; g__[Ruminococcus]_torques_group
d8374e3507f3fd640da87f27586d790e	d__Bacteria; p__Firmicutes; c__Clostridia; o__Lachnospirales; f__Lachnospiraceae; g__[Ruminococcus]_torques_group
518a5ff2254609d46ccd2875de68ed1c	d__Bacteria; p__Firmicutes; c__Clostridia; o__Lachnospirales; f__Lachnospiraceae; g__[Ruminococcus]_torques_group
ec5e5fba1c0955e98cb4986ec9fa28ae	d__Bacteria; p__Firmicutes; c__Clostridia; o__Lachnospirales; f__Lachnospiraceae
01b6fd53f3e623dc694b600b7d68708d	d__Bacteria; p__Firmicutes; c__Clostridia; o__Lachnospirales; f__Lachnospiraceae; g__Coprococcus
6c0bd6db9726ce7d1270ae313449a496	d__Bacteria; p__Firmicutes; c__Clostridia; o__Lachnospirales; f__Lachnospiraceae; g__Coprococcus
64a68a735fdd4ad34e916e898c852014	d__Bacteria; p__Firmicutes; c__Clostridia; o__Lachnospirales; f__Lachnospiraceae
820c0afa79f0ad436b60124f2a22ccbf	d__Bacteria; p__Firmicutes; c__Clostridia; o__Lachnospirales; f__Lachnospiraceae
6e8ba78b926ede1ba4949cb85e521bc2	d__Bacteria; p__Firmicutes; c__Clostridia; o__Lachnospirales; f__Lachnospiraceae
22ad0a7ca20044a513a2895a0b68a7d5	d__Bacteria; p__Firmicutes; c__Clostridia; o__Lachnospirales; f__Lachnospiraceae
279817482a500fcbfb4aecbfa8ceb56c	d__Bacteria; p__Firmicutes; c__Clostridia; o__Lachnospirales; f__Lachnospiraceae
a7b6d6633642a2c48f685d31a354481b	d__Bacteria; p__Firmicutes; c__Clostridia; o__Lachnospirales; f__Lachnospiraceae
7adec2049a11d1dee6e247caa0213913	d__Bacteria; p__Firmicutes; c__Clostridia; o__Lachnospirales; f__Lachnospiraceae
12a3bcaf51ee74e8becd98a54db699e5	d__Bacteria; p__Firmicutes; c__Clostridia; o__Lachnospirales; f__Lachnospiraceae
412a1ea83fe847aa9cad1c57c97b1fea	d__Bacteria; p__Firmicutes; c__Clostridia; o__Lachnospirales; f__Lachnospiraceae
bc04bbf43def0e25a3918398ddd1aab6	d__Bacteria; p__Firmicutes; c__Clostridia; o__Lachnospirales; f__Lachnospiraceae; g__[Ruminococcus]_gauvreauii_group
47e3c856825846a3b6d4aa7272499887	d__Bacteria; p__Firmicutes; c__Clostridia; o__Lachnospirales; f__Lachnospiraceae; g__[Ruminococcus]_gauvreauii_group
7dd35d245a3729f9befffe634d063b75	d__Bacteria; p__Firmicutes; c__Clostridia; o__Lachnospirales; f__Lachnospiraceae
1fea4cf2ff7749763b183037366ed0fc	d__Bacteria; p__Firmicutes; c__Clostridia; o__Lachnospirales; f__Lachnospiraceae
0d01139f605dc7ee9ad47730d74354ce	d__Bacteria; p__Firmicutes; c__Clostridia; o__Lachnospirales; f__Lachnospiraceae
a6ea4bfd57481806312a5994e88d69e1	d__Bacteria; p__Firmicutes; c__Clostridia; o__Lachnospirales; f__Lachnospiraceae
a16f0120238d365c5728867bf62e2024	d__Bacteria; p__Firmicutes; c__Clostridia; o__Lachnospirales; f__Lachnospiraceae
132b3119d4053e969d7b366137488abe	d__Bacteria; p__Firmicutes; c__Clostridia; o__Lachnospirales; f__Lachnospiraceae; g__[Ruminococcus]_gnavus_group
9e98357b63da60f93f4e6e9f1a35032c	d__Bacteria; p__Firmicutes; c__Clostridia; o__Lachnospirales; f__Lachnospiraceae; g__CAG-56; s__uncultured_bacterium
c0eae2b525150a91bfcccf523d18431d	d__Bacteria; p__Firmicutes; c__Clostridia; o__Lachnospirales; f__Lachnospiraceae; g__CAG-56; s__uncultured_bacterium
c1ba432418711c6503b61e76445ffef0	d__Bacteria; p__Firmicutes; c__Clostridia; o__Lachnospirales; f__Lachnospiraceae; g__CAG-56; s__uncultured_bacterium
02720cc23406e1e1d9051108ca6a4129	d__Bacteria; p__Firmicutes; c__Clostridia; o__Lachnospirales; f__Lachnospiraceae; g__CAG-56; s__uncultured_bacterium
845468978cf8f3c6a63098e6ca8f4fa1	d__Bacteria; p__Firmicutes; c__Clostridia; o__Lachnospirales; f__Lachnospiraceae
4fab959a8474bfb2310a466eba1e66d5	d__Bacteria; p__Firmicutes; c__Clostridia; o__Lachnospirales; f__Lachnospiraceae; g__Marvinbryantia
20c2e845a848ee46d5ef10c62892c89d	d__Bacteria; p__Firmicutes; c__Clostridia; o__Lachnospirales; f__Lachnospiraceae; g__Marvinbryantia
fdf8393d2c5e7894aece138168d29a8f	d__Bacteria; p__Firmicutes; c__Clostridia; o__Lachnospirales; f__Lachnospiraceae; g__Marvinbryantia
365c1f9634aed6568d95457ea146851c	d__Bacteria; p__Firmicutes; c__Clostridia; o__Lachnospirales; f__Lachnospiraceae
67e510d49acff22d46b578aa0ec4c166	d__Bacteria; p__Firmicutes; c__Clostridia
fa4411ab9bbd3cb2f7f1d5cd374d5bfc	d__Bacteria; p__Firmicutes; c__Clostridia; o__Lachnospirales; f__Lachnospiraceae; g__[Ruminococcus]_torques_group; s__uncultured_Clostridiales
82a0c9719f3565d16f69d65966e5a1d6	d__Bacteria; p__Firmicutes; c__Clostridia; o__Lachnospirales; f__Lachnospiraceae
e5b3ee3a8c735a1905e006e22335b8d9	d__Bacteria; p__Firmicutes; c__Clostridia; o__Lachnospirales; f__Lachnospiraceae
447b053a2dfb6dc8834a5f052d3fac69	d__Bacteria; p__Firmicutes; c__Clostridia; o__Lachnospirales; f__Lachnospiraceae
0cec40128e0cb733a409b950837bf421	d__Bacteria; p__Firmicutes; c__Clostridia; o__Lachnospirales; f__Lachnospiraceae
abf5814f5cdb7574ab30639020592779	d__Bacteria; p__Firmicutes; c__Clostridia; o__Lachnospirales; f__Lachnospiraceae
b10e5632c54b2fb31912b255d8827470	d__Bacteria; p__Proteobacteria; c__Gammaproteobacteria; o__Enterobacterales; f__Enterobacteriaceae; g__Escherichia-Shigella
47dd2565ae9a7531562e3289fce334fa	d__Bacteria; p__Firmicutes; c__Clostridia; o__Lachnospirales; f__Lachnospiraceae
0b072a36340c795143fec07ea978ac5e	d__Bacteria; p__Firmicutes; c__Clostridia; o__Lachnospirales; f__Lachnospiraceae
0c2c94d2d93c03f294be0032f96bf447	d__Bacteria; p__Firmicutes; c__Clostridia; o__Lachnospirales; f__Lachnospiraceae
0ec9a920d7f234cb4fdaa4d5c8f02a8b	d__Bacteria; p__Firmicutes; c__Clostridia; o__Lachnospirales; f__Lachnospiraceae; g__Roseburia
cc5783d0cc8abfb9e839fee158fa95bf	d__Bacteria; p__Firmicutes; c__Clostridia; o__Lachnospirales; f__Lachnospiraceae; g__Roseburia
52f96df82c4d62c30561cb6dbd8e06ae	d__Bacteria; p__Firmicutes; c__Clostridia; o__Lachnospirales; f__Lachnospiraceae; g__Roseburia
48f2f837b9485f9210bc959dd133349a	d__Bacteria; p__Firmicutes; c__Clostridia; o__Lachnospirales; f__Lachnospiraceae; g__Roseburia
53ca1da123fd820a684ff5ab271708ad	d__Bacteria; p__Firmicutes; c__Clostridia; o__Lachnospirales; f__Lachnospiraceae; g__Roseburia
bcce2fa49b332038fea4f3c822f97dd8	d__Bacteria; p__Firmicutes; c__Clostridia; o__Lachnospirales; f__Lachnospiraceae; g__Roseburia
1b281639ba14ba6aba6d211fb8ed9693	d__Bacteria; p__Firmicutes; c__Clostridia; o__Lachnospirales; f__Lachnospiraceae; g__Roseburia
53cf94c0404a77573d90e488cb6cbab6	d__Bacteria; p__Firmicutes; c__Clostridia; o__Lachnospirales; f__Lachnospiraceae
abf2dbc6d297eeb5c9069a80dcd9c1dc	d__Bacteria; p__Firmicutes; c__Clostridia; o__Lachnospirales; f__Lachnospiraceae
341714de3ba7c610691fe54328361c71	d__Bacteria; p__Firmicutes; c__Clostridia; o__Lachnospirales; f__Lachnospiraceae
c4cf90b1613feebfa1b93b8cc135a2e0	d__Bacteria; p__Firmicutes; c__Clostridia; o__Lachnospirales; f__Lachnospiraceae
a30f2d86c5292f74405c74109463203a	d__Bacteria; p__Firmicutes; c__Clostridia; o__Lachnospirales; f__Lachnospiraceae
8f0962e4d75ad1b887d165127b04817d	d__Bacteria; p__Firmicutes; c__Clostridia; o__Lachnospirales; f__Lachnospiraceae
6e3c244de5195ff67dacb17dd9ab2b29	d__Bacteria; p__Firmicutes; c__Clostridia; o__Lachnospirales; f__Lachnospiraceae
738b3926ec16983ddbe2f9b99179e28a	d__Bacteria; p__Firmicutes; c__Clostridia; o__Lachnospirales; f__Lachnospiraceae
a5d934e9f322d81c48bf45c17bbbd666	d__Bacteria; p__Firmicutes; c__Clostridia; o__Lachnospirales; f__Lachnospiraceae
35a3d6674958071f882dfebef077be84	d__Bacteria; p__Firmicutes; c__Clostridia; o__Lachnospirales; f__Lachnospiraceae
5b77d485871cf18aef97ace7fd3aebb3	d__Bacteria; p__Firmicutes; c__Clostridia; o__Lachnospirales; f__Lachnospiraceae; g__Roseburia
02eaa76724bef7ca04928a331b1df667	d__Bacteria; p__Firmicutes; c__Clostridia; o__Lachnospirales; f__Lachnospiraceae; g__Roseburia
da74442b9f9a22e5127d9f1474209973	d__Bacteria; p__Firmicutes; c__Clostridia; o__Lachnospirales; f__Lachnospiraceae; g__Roseburia
9a40554fc9f1f3276d442bf4cf215e2e	d__Bacteria; p__Firmicutes; c__Clostridia; o__Lachnospirales; f__Lachnospiraceae
763691647287cc76c315ff237b16a0fe	d__Bacteria; p__Firmicutes; c__Clostridia; o__Lachnospirales; f__Lachnospiraceae; g__Roseburia
0bd7f2b64f70c2cd8c40b7383da6a940	d__Bacteria; p__Firmicutes; c__Clostridia; o__Lachnospirales; f__Lachnospiraceae
997cc6105d546e9e8ac1e35152ea2595	d__Bacteria; p__Firmicutes; c__Clostridia; o__Lachnospirales; f__Lachnospiraceae
e5646f380443398438a7d664f9b42d19	d__Bacteria; p__Firmicutes; c__Clostridia; o__Lachnospirales; f__Lachnospiraceae
0313d9be864aede5b61c8cbc9baae80d	d__Bacteria; p__Firmicutes; c__Clostridia; o__Lachnospirales; f__Lachnospiraceae
4a1128aa42990bb77e7099243bde234b	d__Bacteria; p__Proteobacteria; c__Gammaproteobacteria; o__Enterobacterales; f__Enterobacteriaceae; g__Escherichia-Shigella
afad226ffe2260fb5af4009fea34831a	d__Bacteria; p__Firmicutes; c__Clostridia; o__Lachnospirales; f__Lachnospiraceae; g__Shuttleworthia; s__uncultured_bacterium
e11d53d890f19c4d3b32a8e4cf3ba190	d__Bacteria; p__Firmicutes; c__Clostridia; o__Lachnospirales; f__Lachnospiraceae
0252ac2565bf1f8f7cf53e8e239a7057	d__Bacteria; p__Firmicutes; c__Clostridia; o__Lachnospirales; f__Lachnospiraceae
ceaf7afd5adf67fe5c278b221e16bfa6	d__Bacteria; p__Firmicutes; c__Clostridia; o__Lachnospirales; f__Lachnospiraceae; g__Fusicatenibacter
ba4c561e04c4066734efc646d4edf245	d__Bacteria; p__Firmicutes; c__Clostridia; o__Lachnospirales; f__Lachnospiraceae; g__Fusicatenibacter
3b0e95299aa6c03a1dff3d91107505d5	d__Bacteria; p__Firmicutes; c__Clostridia; o__Lachnospirales; f__Lachnospiraceae
72ec5eb0458fb35fd96718a1ff73618f	d__Bacteria; p__Firmicutes; c__Clostridia; o__Lachnospirales; f__Lachnospiraceae
e4ba5f828209ffc6d51faa8cea951838	d__Bacteria; p__Firmicutes; c__Clostridia; o__Lachnospirales; f__Lachnospiraceae
6a8c5cc48a4c96deb1bce443ad224f75	d__Bacteria; p__Firmicutes; c__Clostridia; o__Lachnospirales; f__Lachnospiraceae
bc7e1fcb84f389814268560b4fbe3c5a	d__Bacteria; p__Firmicutes; c__Clostridia; o__Lachnospirales; f__Lachnospiraceae
0b995ea7f6169ab81356e84f2f6d0861	d__Bacteria; p__Firmicutes; c__Clostridia; o__Lachnospirales; f__Lachnospiraceae
974f56ee6d1d71153e94ed38ceb137e4	d__Bacteria; p__Firmicutes; c__Clostridia; o__Lachnospirales; f__Lachnospiraceae
d9e4e5ad0778372f330211c9d2b32eb0	d__Bacteria; p__Firmicutes; c__Clostridia; o__Peptostreptococcales-Tissierellales; f__Peptostreptococcales-Tissierellales; g__Fenollaria
073287913a07f8112b3979d72efba7fa	d__Bacteria; p__Firmicutes; c__Clostridia; o__Peptostreptococcales-Tissierellales; f__Peptostreptococcales-Tissierellales; g__Fenollaria
e3311d9ea8d3717144a0d5d9086d2ae2	d__Bacteria; p__Firmicutes; c__Clostridia; o__Peptostreptococcales-Tissierellales; f__Peptostreptococcales-Tissierellales; g__Fenollaria
bc43c0a0d987363a086667157275dc11	d__Bacteria; p__Firmicutes; c__Clostridia; o__Peptostreptococcales-Tissierellales; f__Peptostreptococcales-Tissierellales; g__Fenollaria
ea2b512eda5ce866242fc479196378fc	d__Bacteria; p__Firmicutes; c__Clostridia; o__Peptostreptococcales-Tissierellales; f__Peptostreptococcales-Tissierellales; g__Fenollaria
8927fb70fe0074657e20ee5c2a6f0dcf	d__Bacteria; p__Firmicutes; c__Clostridia; o__Lachnospirales; f__Lachnospiraceae
70fbf6296b60c7a5ce8d1a7d75e41f69	d__Bacteria; p__Firmicutes; c__Clostridia
57ab1ccead262643b15d1f2d20445daa	d__Bacteria; p__Firmicutes; c__Clostridia; o__Lachnospirales; f__Lachnospiraceae
4474a28ad2b81c626c81b1472985d590	d__Bacteria; p__Firmicutes; c__Clostridia; o__Lachnospirales; f__Lachnospiraceae
e291d78716b8d39b3a9fcc4b4afb17c6	d__Bacteria; p__Firmicutes; c__Clostridia; o__Lachnospirales; f__Lachnospiraceae
ea89d9a1ba50ccb2718bfcf94f1fff25	d__Bacteria; p__Firmicutes; c__Clostridia; o__Lachnospirales; f__Lachnospiraceae
67d22f421ea63a004fcdd3feac5ddc93	d__Bacteria; p__Firmicutes; c__Clostridia; o__Lachnospirales; f__Lachnospiraceae; g__[Ruminococcus]_torques_group
8244be9cbfa7332c9128c0fd3101e616	d__Bacteria; p__Firmicutes; c__Clostridia; o__Lachnospirales; f__Lachnospiraceae; g__[Ruminococcus]_torques_group
62d2d55771ac3bfc25634dc7f018ed34	d__Bacteria; p__Firmicutes; c__Clostridia; o__Lachnospirales; f__Lachnospiraceae; g__[Ruminococcus]_torques_group
bc927ca27f6cc0a19505a2f0bb86bed5	d__Bacteria; p__Firmicutes; c__Clostridia; o__Lachnospirales; f__Lachnospiraceae; g__[Ruminococcus]_torques_group
166725bf56a0f8a08cc82bf09e34a6ac	d__Bacteria; p__Firmicutes; c__Clostridia; o__Lachnospirales; f__Lachnospiraceae; g__[Ruminococcus]_torques_group
dce59f341f825b20f110c8721200e483	d__Bacteria; p__Firmicutes; c__Clostridia; o__Lachnospirales; f__Lachnospiraceae; g__[Ruminococcus]_torques_group
c973cdbc94ec06c050143ce613142c53	d__Bacteria; p__Firmicutes; c__Clostridia; o__Lachnospirales; f__Lachnospiraceae; g__[Ruminococcus]_torques_group
8d2820d6fab0b25e68e3a2b337ea72e7	d__Bacteria; p__Firmicutes; c__Clostridia; o__Lachnospirales; f__Lachnospiraceae; g__[Ruminococcus]_torques_group
b85f911543f3841522f6757a9e63370b	d__Bacteria; p__Firmicutes; c__Clostridia; o__Lachnospirales; f__Lachnospiraceae
d6d639c46cfced2e84381040860fab35	d__Bacteria; p__Firmicutes; c__Clostridia; o__Lachnospirales; f__Lachnospiraceae
e764e29908df9f1d2c6c3971c375421c	d__Bacteria; p__Firmicutes; c__Clostridia; o__Lachnospirales; f__Lachnospiraceae; g__[Ruminococcus]_gnavus_group
46056d02e42c5e52a60d716a27082428	d__Bacteria; p__Firmicutes; c__Clostridia; o__Lachnospirales; f__Lachnospiraceae; g__[Ruminococcus]_gnavus_group
e38491ee2fe9e945e0e9f857ef4a1ae6	d__Bacteria; p__Firmicutes; c__Clostridia; o__Lachnospirales; f__Lachnospiraceae; g__Lachnospiraceae_UCG-004; s__uncultured_bacterium
0d2487149e8591f25ec7c65415101cbf	d__Bacteria; p__Firmicutes; c__Clostridia; o__Lachnospirales; f__Lachnospiraceae; g__Lachnoclostridium; s__Mordavella_sp.
0e04ceaa1d6ed3624536701e1ddaf387	d__Bacteria; p__Firmicutes; c__Clostridia; o__Lachnospirales; f__Lachnospiraceae
38b67dbbb3f9bbbd58d3793c5fc71793	d__Bacteria; p__Firmicutes; c__Clostridia; o__Lachnospirales; f__Lachnospiraceae; g__Agathobacter; s__Eubacterium_ramulus
08b32ebd77136c797bc0efa6192a874d	d__Bacteria; p__Firmicutes; c__Clostridia; o__Lachnospirales; f__Lachnospiraceae
d53d10a9eac90ce1d38c577a9c8867c0	d__Bacteria; p__Firmicutes; c__Clostridia; o__Lachnospirales; f__Lachnospiraceae
9a3a99cecd0dee406c5778e4e6d547c9	d__Bacteria; p__Firmicutes; c__Clostridia; o__Lachnospirales; f__Lachnospiraceae
859a516da1d11f256f2db5ca0c0e631f	d__Bacteria; p__Firmicutes; c__Clostridia; o__Oscillospirales; f__Ruminococcaceae
bf95373791f25f3730def37ebebe18af	d__Bacteria; p__Firmicutes; c__Clostridia; o__Oscillospirales
4b0322d1ca1449bb26362991a30aa574	d__Bacteria; p__Firmicutes; c__Clostridia; o__Oscillospirales; f__Ruminococcaceae
a9859042e2bfda834d194fef36fc4cfe	d__Bacteria; p__Firmicutes; c__Clostridia; o__Oscillospirales
9d67875dffa6ac752d0d29da6fd1e732	d__Bacteria; p__Firmicutes; c__Clostridia; o__Oscillospirales; f__[Clostridium]_methylpentosum_group; g__[Clostridium]_methylpentosum_group; s__Ruminococcus_sp.
7636355a7c754986f3d9c1ababe66fe2	d__Bacteria; p__Firmicutes; c__Clostridia; o__Oscillospirales; f__[Clostridium]_methylpentosum_group; g__[Clostridium]_methylpentosum_group; s__Ruminococcus_sp.
651bccc06fb7f001db6efc366466b50a	d__Bacteria; p__Firmicutes; c__Clostridia; o__Oscillospirales; f__Ruminococcaceae; g__Paludicola; s__uncultured_bacterium
3eb71fe948b429db710d234a1fa91827	d__Bacteria; p__Firmicutes; c__Clostridia; o__Oscillospirales; f__Ruminococcaceae; g__Paludicola; s__uncultured_bacterium
2dca9a8b474aaef4c638e64b4104d3a4	d__Bacteria; p__Firmicutes; c__Clostridia; o__Oscillospirales; f__Ruminococcaceae; g__uncultured
6feeb4a7825282acc3c126e275922d2f	d__Bacteria; p__Firmicutes; c__Clostridia; o__Oscillospirales; f__Ruminococcaceae; g__uncultured
cf8bcb6e9f7433a1da6842c53012af58	d__Bacteria; p__Firmicutes; c__Clostridia; o__Oscillospirales; f__Ruminococcaceae; g__Candidatus_Soleaferrea; s__uncultured_Anaerotruncus
b42edc3224fd48b0bb9508093bfb7c16	d__Bacteria; p__Firmicutes; c__Clostridia; o__Oscillospirales; f__Ruminococcaceae; g__Candidatus_Soleaferrea; s__uncultured_Anaerotruncus
482a9dbaa2b9c86180cc79fb8872f6b8	d__Bacteria; p__Firmicutes; c__Clostridia; o__Monoglobales; f__Monoglobaceae; g__Monoglobus
d0ac817b57d50d7286ac3b7323a59f75	d__Bacteria; p__Firmicutes; c__Clostridia; o__Lachnospirales; f__Lachnospiraceae
5ca67d56a77ca3b0f5daf8c84e7bc4c6	d__Bacteria; p__Firmicutes; c__Clostridia; o__Lachnospirales; f__Lachnospiraceae; g__Marvinbryantia
8886af08fb187597d2a1e42c5a5dc9e3	d__Bacteria; p__Firmicutes; c__Clostridia; o__Lachnospirales; f__Lachnospiraceae; g__Marvinbryantia
4d2b3200afa9c41603eb5ee8ca898ffd	d__Bacteria; p__Firmicutes; c__Clostridia; o__Lachnospirales; f__Lachnospiraceae
269e039990154fca360bb41fde48374c	d__Bacteria; p__Firmicutes; c__Clostridia; o__Lachnospirales; f__Lachnospiraceae; g__Anaerostipes
ebe06c0eefab500aa83e4341052f6822	d__Bacteria; p__Firmicutes; c__Clostridia; o__Lachnospirales; f__Lachnospiraceae; g__Anaerostipes
2d3844c09969fcf79a9f1de90f766ca9	d__Bacteria; p__Firmicutes; c__Clostridia; o__Lachnospirales; f__Lachnospiraceae; g__Anaerostipes
8003737e850151905b86b764d1eb8f2c	d__Bacteria; p__Firmicutes; c__Clostridia; o__Lachnospirales; f__Lachnospiraceae; g__Anaerostipes
4150eb0d9f2cb2b8a7a17bfcd9587102	d__Bacteria; p__Firmicutes; c__Clostridia; o__Lachnospirales; f__Lachnospiraceae; g__Anaerostipes
2ddf5d8b00876c99dfc2caee2f5b0f25	d__Bacteria; p__Firmicutes; c__Clostridia; o__Lachnospirales; f__Lachnospiraceae
680f819fd771c6514a2b7d3d6e35a1b6	d__Bacteria; p__Firmicutes; c__Clostridia; o__Lachnospirales; f__Lachnospiraceae
02847ae520f7b913d48e6afc769e4871	d__Bacteria; p__Firmicutes; c__Clostridia; o__Lachnospirales; f__Lachnospiraceae
4b3078c51bc4a4d077531986b2a8fa20	d__Bacteria; p__Firmicutes; c__Clostridia; o__Lachnospirales; f__Lachnospiraceae
4cd02019bd69bec19470263687497d13	d__Bacteria; p__Firmicutes; c__Clostridia; o__Lachnospirales; f__Lachnospiraceae; g__[Eubacterium]_ventriosum_group; s__uncultured_Eubacterium
29b90b9ea135be241d69da3b0a6a2920	d__Bacteria; p__Firmicutes; c__Clostridia; o__Lachnospirales; f__Lachnospiraceae
79ea7029f59035ff9f7e1496c632eef2	d__Bacteria; p__Firmicutes; c__Clostridia; o__Lachnospirales; f__Lachnospiraceae
9291f7c334e305bfcffd4304521b5e27	d__Bacteria; p__Firmicutes; c__Clostridia; o__Lachnospirales; f__Lachnospiraceae
542fdbc550172c24d14be33dc1498b42	d__Bacteria; p__Firmicutes; c__Clostridia; o__Lachnospirales; f__Lachnospiraceae
e0b4930e936b0d29523be359dd7cfb87	d__Bacteria; p__Firmicutes; c__Clostridia; o__Lachnospirales; f__Lachnospiraceae
40155aeecb89121f7ac9ae9687d6c06c	d__Bacteria; p__Firmicutes; c__Clostridia; o__Lachnospirales; f__Lachnospiraceae
5adbe2f7877f36cfeab87df711c47b97	d__Bacteria; p__Firmicutes; c__Clostridia; o__Lachnospirales; f__Lachnospiraceae; g__Anaerostipes; s__Anaerostipes_caccae
06f52e4b0240c22bb2640705553e43d6	d__Bacteria; p__Firmicutes; c__Clostridia; o__Lachnospirales; f__Lachnospiraceae
7bcd182b7a03d71242673a76f1466def	d__Bacteria; p__Firmicutes; c__Clostridia; o__Lachnospirales; f__Lachnospiraceae
419234b5121c9c00da8cfa55c54c633f	d__Bacteria; p__Firmicutes; c__Clostridia; o__Lachnospirales; f__Lachnospiraceae
67eb9694e2025b7a029d88a07a83425d	d__Bacteria; p__Firmicutes; c__Clostridia; o__Lachnospirales; f__Lachnospiraceae
93df83a6f8bb26764146b4d412c10b77	d__Bacteria; p__Firmicutes; c__Clostridia; o__Lachnospirales; f__Lachnospiraceae
d80d4631338f518b338a45ca98bec4dc	d__Bacteria; p__Firmicutes; c__Clostridia; o__Lachnospirales; f__Lachnospiraceae; g__Anaerostipes
6758a113e3c5d46fe5e504a98c86406c	d__Bacteria; p__Firmicutes; c__Clostridia; o__Lachnospirales; f__Lachnospiraceae
9c5ede29b52564dff34d11ff1c107a65	d__Bacteria; p__Firmicutes; c__Clostridia; o__Lachnospirales; f__Lachnospiraceae
2b736a8017f19c9fa67a5f703f65978b	d__Bacteria; p__Firmicutes; c__Clostridia; o__Lachnospirales; f__Lachnospiraceae; g__Eisenbergiella
d901f36cc83aa8f367ecd3e3c029b0d9	d__Bacteria; p__Firmicutes; c__Clostridia; o__Lachnospirales; f__Lachnospiraceae; g__Eisenbergiella
2715fd05d082af500f422a9f609e1416	d__Bacteria; p__Firmicutes; c__Clostridia; o__Lachnospirales; f__Lachnospiraceae; g__Eisenbergiella
48257494e2e611d29f5f0ad874fc2379	d__Bacteria; p__Firmicutes; c__Clostridia; o__Lachnospirales; f__Lachnospiraceae; g__Eisenbergiella
8bdbc93fcb8768a3841a318a12d06ca9	d__Bacteria; p__Firmicutes; c__Clostridia; o__Lachnospirales; f__Lachnospiraceae; g__Eisenbergiella
b3a7ea510c0610a98fb12352c4e05f69	d__Bacteria; p__Firmicutes; c__Clostridia; o__Lachnospirales; f__Lachnospiraceae
cecf54e9466aae9892435cb95902f492	d__Bacteria; p__Firmicutes; c__Clostridia; o__Lachnospirales; f__Lachnospiraceae
2180eebe1b71807d32ab10dbefbc096b	d__Bacteria; p__Firmicutes; c__Clostridia; o__Lachnospirales; f__Lachnospiraceae
1a330233a3c2d1e798f3baf36858c439	d__Bacteria; p__Firmicutes; c__Clostridia; o__Lachnospirales; f__Lachnospiraceae; g__Lachnoclostridium
3b2db8dfccfaa1f26fb67562f5d68286	d__Bacteria; p__Firmicutes; c__Clostridia; o__Lachnospirales; f__Lachnospiraceae
1ec2683bed37b32d6de9c83fa2fc637e	d__Bacteria; p__Firmicutes; c__Clostridia; o__Lachnospirales; f__Lachnospiraceae
fa89c3a802c9a7cf314d1aa04d9f6171	d__Bacteria; p__Firmicutes; c__Clostridia; o__Lachnospirales; f__Lachnospiraceae
c69c8810a024dc2cf88b6d22f2d154c5	d__Bacteria; p__Firmicutes; c__Clostridia; o__Lachnospirales; f__Lachnospiraceae; g__Lachnospiraceae_FCS020_group
5a463b3e273ee5300ea284f97df57a73	d__Bacteria; p__Firmicutes; c__Clostridia; o__Lachnospirales; f__Lachnospiraceae; g__Lachnospiraceae_FCS020_group
1ab137d0514f07715ed27aa774812717	d__Bacteria; p__Firmicutes; c__Clostridia; o__Lachnospirales; f__Lachnospiraceae; g__Lachnospiraceae_FCS020_group; s__uncultured_organism
684d58466985d9be8df4b571a41d235c	d__Bacteria; p__Firmicutes; c__Clostridia; o__Lachnospirales; f__Lachnospiraceae; g__Lachnospiraceae_FCS020_group; s__uncultured_organism
72049331a287b33930df085d7ab1c595	d__Bacteria; p__Firmicutes; c__Clostridia; o__Lachnospirales; f__Lachnospiraceae
13f1339f81c07534107010aa5e094575	d__Bacteria; p__Firmicutes; c__Clostridia; o__Lachnospirales; f__Lachnospiraceae
6365da627e9d7aeac10e7dbfda1c4bf7	d__Bacteria; p__Firmicutes; c__Clostridia; o__Lachnospirales; f__Lachnospiraceae
dbac7774e29622b59a5ec4f1694402aa	d__Bacteria; p__Firmicutes; c__Clostridia; o__Lachnospirales; f__Lachnospiraceae
feb1880c90f2fc4826ada3e3404b2b77	d__Bacteria; p__Firmicutes; c__Clostridia; o__Lachnospirales; f__Lachnospiraceae
3ff42b24df31948aa82fb1e9000b115f	d__Bacteria; p__Firmicutes; c__Clostridia; o__Lachnospirales; f__Lachnospiraceae
7824ea1b6ad4c454da066de05501307d	d__Bacteria; p__Firmicutes; c__Clostridia; o__Lachnospirales; f__Lachnospiraceae
be77dc6e95a85866a9fa018498a34c69	d__Bacteria; p__Firmicutes; c__Clostridia; o__Lachnospirales; f__Lachnospiraceae
3a34b3ff230999a9403d8123d538cc76	d__Bacteria; p__Firmicutes; c__Clostridia; o__Lachnospirales; f__Lachnospiraceae
0d69a4e913e9c85783d1bdf8ae4aa4d7	d__Bacteria; p__Firmicutes; c__Clostridia; o__Lachnospirales; f__Lachnospiraceae; g__Lachnospiraceae_UCG-008; s__metagenome
b36f6f7af44f8bc96b84ad4f08545e8b	d__Bacteria; p__Firmicutes; c__Clostridia; o__Lachnospirales; f__Lachnospiraceae
72fef010be598a885745a2cf450c2497	d__Bacteria; p__Firmicutes; c__Clostridia; o__Lachnospirales; f__Lachnospiraceae; g__Anaerostipes; s__uncultured_bacterium
a2561d64223f9f5effd8bc731b7df87b	d__Bacteria; p__Firmicutes; c__Clostridia; o__Lachnospirales; f__Lachnospiraceae; g__Anaerostipes; s__uncultured_bacterium
7373b5b2b44705b9b215d172cf88e66f	d__Bacteria; p__Firmicutes; c__Clostridia; o__Lachnospirales; f__Lachnospiraceae
ec1ed46c318f493d003eeb0ae5c88f56	d__Bacteria; p__Firmicutes; c__Clostridia; o__Lachnospirales; f__Lachnospiraceae
1fc8b67e4be9d0dfc9a87ec386ca340b	d__Bacteria; p__Firmicutes; c__Clostridia; o__Lachnospirales; f__Lachnospiraceae
32668df6b0ec1f436ceed00969423b7e	d__Bacteria; p__Firmicutes; c__Clostridia; o__Lachnospirales; f__Lachnospiraceae
66a480dea0cfb8fdd93fb6f70e4e41c5	d__Bacteria; p__Firmicutes; c__Clostridia; o__Lachnospirales; f__Lachnospiraceae
49362c4df5d98b87e0f61a63a14310b9	d__Bacteria; p__Firmicutes; c__Clostridia; o__Lachnospirales; f__Lachnospiraceae
6c7c7b03ab2398ade363a1631266703b	d__Bacteria; p__Firmicutes; c__Clostridia; o__Lachnospirales; f__Lachnospiraceae
d508237a340f3d5ecad8ee57cac988a6	d__Bacteria; p__Firmicutes; c__Clostridia; o__Lachnospirales; f__Lachnospiraceae
5d2d62adf7423cbb7e4b8aa8948071b8	d__Bacteria; p__Firmicutes; c__Clostridia
a59490acc67c033d6490b7a1cb8f05d7	d__Bacteria; p__Firmicutes; c__Clostridia; o__Lachnospirales; f__Lachnospiraceae
4fb3c772c0edcc3ea6c7da7951e3df04	d__Bacteria; p__Firmicutes; c__Clostridia; o__Lachnospirales; f__Lachnospiraceae
11ff8f7bd17ee9309b085e38c798dcab	d__Bacteria; p__Firmicutes; c__Clostridia; o__Lachnospirales; f__Lachnospiraceae
ea8dab466eca10f732506dfd063db1a1	d__Bacteria; p__Firmicutes; c__Clostridia; o__Lachnospirales; f__Lachnospiraceae; g__Lachnospiraceae_NK4A136_group
7c2b0173db4c72f78bc59cedecfcfd57	d__Bacteria; p__Firmicutes; c__Clostridia; o__Lachnospirales; f__Lachnospiraceae; g__Lachnospiraceae_NK4A136_group
186613acf1a62a47a77148050ee2b86a	d__Bacteria; p__Firmicutes; c__Clostridia; o__Lachnospirales; f__Lachnospiraceae; g__Lachnospiraceae_NK4A136_group
0167452d01d41dce621c7028a03f759a	d__Bacteria; p__Firmicutes; c__Clostridia; o__Lachnospirales; f__Lachnospiraceae; g__Lachnospiraceae_NK4A136_group; s__uncultured_organism
8df932b8b20662ff6762c893b1fc7e16	d__Bacteria; p__Firmicutes; c__Clostridia; o__Lachnospirales; f__Lachnospiraceae; g__Lachnospiraceae_NK4A136_group
c6fed99782a28c7a037ed87e186270e7	d__Bacteria; p__Firmicutes; c__Clostridia; o__Lachnospirales; f__Lachnospiraceae; g__Lachnospiraceae_NK4A136_group
f05f0cbe0b48aca4a7f2141a50aae0ae	d__Bacteria; p__Firmicutes; c__Clostridia; o__Lachnospirales; f__Lachnospiraceae; g__Lachnospiraceae_NK4A136_group
15a1206a6778e8bd045de97d72238f8d	d__Bacteria; p__Firmicutes; c__Clostridia; o__Lachnospirales; f__Lachnospiraceae
f7c4f04cfee85136462cbd63043705e4	d__Bacteria; p__Firmicutes; c__Clostridia; o__Lachnospirales; f__Lachnospiraceae
170d4b462baadd1c69a4ef160f194331	d__Bacteria; p__Firmicutes; c__Clostridia; o__Lachnospirales; f__Lachnospiraceae
38854d945f1b8ad96704a2dac0275171	d__Bacteria; p__Firmicutes; c__Clostridia; o__Lachnospirales; f__Lachnospiraceae
d051d01d8a66a7bdd5406cec93748e78	d__Bacteria; p__Firmicutes; c__Clostridia; o__Lachnospirales; f__Lachnospiraceae
12dee9e0c5090d28c438fad267999fac	d__Bacteria; p__Firmicutes; c__Clostridia; o__Lachnospirales; f__Lachnospiraceae
36de0197815b71af89bcaa6c8180c032	d__Bacteria; p__Actinobacteriota; c__Coriobacteriia; o__Coriobacteriales; f__Eggerthellaceae; g__Enterorhabdus; s__uncultured_bacterium
6ff38de877ad05365f507fa5b439a74c	d__Bacteria; p__Firmicutes; c__Clostridia; o__Lachnospirales; f__Lachnospiraceae; g__Lachnospiraceae_NK4A136_group
7e85496fe5fd0b207cb2160b4598e607	d__Bacteria; p__Firmicutes; c__Clostridia
dc7e42a23893fe52f94f1b24f0f03b38	d__Bacteria; p__Firmicutes; c__Clostridia; o__Lachnospirales; f__Lachnospiraceae; g__Lachnospiraceae_NK4A136_group
82104bc5e926943f1c8247ea131d73da	d__Bacteria; p__Actinobacteriota; c__Actinobacteria; o__Bifidobacteriales; f__Bifidobacteriaceae; g__Bifidobacterium
97343d772456af7b89e6f4192ec8be5a	d__Bacteria; p__Firmicutes; c__Clostridia; o__Lachnospirales; f__Lachnospiraceae
696367e7415f0c3d48b2a9872df4700c	d__Bacteria; p__Firmicutes; c__Clostridia; o__Lachnospirales; f__Lachnospiraceae
61debb3a2459961853279d212339cdb0	d__Bacteria; p__Firmicutes; c__Clostridia; o__Lachnospirales; f__Lachnospiraceae
7ef800f683cf73fe8c46b822ba2bb903	d__Bacteria; p__Firmicutes; c__Clostridia; o__Lachnospirales; f__Lachnospiraceae
cd4a3b0a0b3245cb88ec3ccc23dfcaae	d__Bacteria; p__Firmicutes; c__Clostridia; o__Lachnospirales; f__Lachnospiraceae
fe6971a178744b13b5cb73b57e387565	d__Bacteria; p__Firmicutes; c__Clostridia; o__Lachnospirales; f__Lachnospiraceae
b23e6216b491f34e612e5b6e53eb6f0f	d__Bacteria; p__Firmicutes; c__Clostridia; o__Lachnospirales; f__Lachnospiraceae
066bc4b1568e02be0ee596b788e00c82	d__Bacteria; p__Firmicutes; c__Clostridia; o__Lachnospirales; f__Lachnospiraceae
cc2758ac95532a5b2ab3bc5d5b91acb2	d__Bacteria; p__Firmicutes; c__Clostridia; o__Lachnospirales; f__Lachnospiraceae
e79a68bec0ccd9804bd81b7412aeec05	d__Bacteria; p__Firmicutes; c__Clostridia; o__Lachnospirales; f__Lachnospiraceae; g__Lachnospiraceae_NK4A136_group
5e389a8c8856bae0e8869204d06ecc94	d__Bacteria; p__Firmicutes; c__Clostridia; o__Lachnospirales; f__Lachnospiraceae; g__Lachnospiraceae_NK4A136_group; s__uncultured_Clostridium
18cd75404abaeafa795ca50869c06bab	d__Bacteria; p__Firmicutes; c__Clostridia; o__Lachnospirales; f__Lachnospiraceae
35c47e114438d3693ee08ac272939525	d__Bacteria; p__Firmicutes; c__Clostridia; o__Lachnospirales; f__Lachnospiraceae
acb82bbff8a2d8541747875730da7e0f	d__Bacteria; p__Firmicutes; c__Clostridia; o__Lachnospirales; f__Lachnospiraceae
43af75e0cb3ae32e8f2a2b2b16269979	d__Bacteria; p__Firmicutes; c__Clostridia; o__Lachnospirales; f__Lachnospiraceae
84625b665689e0a36153617810368b19	d__Bacteria; p__Firmicutes; c__Clostridia
299a923945ecd4d09a54546f5436d568	d__Bacteria; p__Firmicutes; c__Clostridia; o__Lachnospirales; f__Lachnospiraceae
050a7265a21f56cf6b23d0713e60f3b6	d__Bacteria; p__Firmicutes; c__Clostridia; o__Lachnospirales; f__Lachnospiraceae; g__Coprococcus
6e876dcef7679cd65536485d03c4ed1d	d__Bacteria; p__Firmicutes; c__Clostridia; o__Lachnospirales; f__Lachnospiraceae; g__[Eubacterium]_xylanophilum_group; s__uncultured_bacterium
da015d80e8740455d809855946c4c039	d__Bacteria; p__Firmicutes; c__Clostridia; o__Lachnospirales; f__Lachnospiraceae; g__[Eubacterium]_xylanophilum_group; s__uncultured_bacterium
ebeaafc78ffad374623a9f973c0ab48f	d__Bacteria; p__Firmicutes; c__Clostridia; o__Lachnospirales; f__Lachnospiraceae; g__[Eubacterium]_xylanophilum_group; s__uncultured_bacterium
bbf3868c6b06acb2e54588f9860c9b34	d__Bacteria; p__Firmicutes; c__Clostridia; o__Lachnospirales; f__Lachnospiraceae; g__[Eubacterium]_xylanophilum_group
36296392d8bc47c31378893539149f6c	d__Bacteria; p__Firmicutes; c__Clostridia; o__Lachnospirales; f__Lachnospiraceae; g__[Eubacterium]_xylanophilum_group
c199bddefde10150cd70a39ee5c271db	d__Bacteria; p__Firmicutes; c__Clostridia; o__Lachnospirales; f__Lachnospiraceae; g__[Eubacterium]_xylanophilum_group
d8d0a15e0352ac7ce6c55a3bb3240d57	d__Bacteria; p__Firmicutes; c__Clostridia; o__Lachnospirales; f__Lachnospiraceae; g__[Eubacterium]_xylanophilum_group
d2d883785cc442ffdc2b4d513a7172d7	d__Bacteria; p__Firmicutes; c__Clostridia; o__Lachnospirales; f__Lachnospiraceae; g__[Eubacterium]_xylanophilum_group
35ca01ca9a43155432c7589d8888ed98	d__Bacteria; p__Firmicutes; c__Clostridia; o__Lachnospirales; f__Lachnospiraceae; g__[Eubacterium]_xylanophilum_group
0167b6fb987ab0e6d55ce2d50fb65288	d__Bacteria; p__Firmicutes; c__Clostridia; o__Lachnospirales; f__Lachnospiraceae
561154ad97047f52268c2cf7072f1f02	d__Bacteria; p__Firmicutes; c__Clostridia; o__Lachnospirales; f__Lachnospiraceae
e310a02ae01d896ed6ad9cbf1e2329f2	d__Bacteria; p__Firmicutes; c__Clostridia; o__Lachnospirales; f__Lachnospiraceae
acd447f84635ee0795e887fda66c8253	d__Bacteria; p__Firmicutes; c__Clostridia; o__Lachnospirales; f__Lachnospiraceae; g__[Eubacterium]_hallii_group
5d9be7e22fc883f728ea7a36495ece0f	d__Bacteria; p__Firmicutes; c__Clostridia; o__Lachnospirales; f__Lachnospiraceae
7408518802e7979b524836df4d0616f7	d__Bacteria; p__Firmicutes; c__Clostridia; o__Lachnospirales; f__Lachnospiraceae
48a3e5f74938343ccd154cb1a65ffad9	d__Bacteria; p__Firmicutes; c__Clostridia; o__Lachnospirales; f__Lachnospiraceae
c9651d2a6124b25f2f7c31b589be1563	d__Bacteria; p__Firmicutes; c__Clostridia; o__Lachnospirales; f__Lachnospiraceae
c147c526f34357d8b59cbf8c28dafa1f	d__Bacteria; p__Firmicutes; c__Clostridia; o__Lachnospirales; f__Lachnospiraceae
348296251c04c929d0e052560fa90244	d__Bacteria; p__Firmicutes; c__Clostridia; o__Lachnospirales; f__Lachnospiraceae
128405ef0c44dddc7341a75e9c65f427	d__Bacteria; p__Firmicutes; c__Clostridia; o__Lachnospirales; f__Lachnospiraceae
f1fcda60ead2e74a48227c656ad29091	d__Bacteria; p__Firmicutes; c__Clostridia
adb8902bdfb26b0e3d4e4cbab345ddea	d__Bacteria; p__Firmicutes; c__Clostridia; o__Oscillospirales; f__Ruminococcaceae; g__Candidatus_Soleaferrea; s__uncultured_Firmicutes
621b84b5510a03194618158fada10845	d__Bacteria; p__Firmicutes; c__Clostridia; o__Lachnospirales; f__Lachnospiraceae
ec405830fbf7ed5bf949a56f29a60fcd	d__Bacteria; p__Firmicutes; c__Clostridia; o__Lachnospirales; f__Lachnospiraceae
ca1ecd2f13af8e71dd141036037c8429	d__Bacteria; p__Firmicutes; c__Clostridia; o__Lachnospirales; f__Lachnospiraceae; g__Roseburia; s__gut_metagenome
d6e90485618d3f39af4a89b29b678675	d__Bacteria; p__Firmicutes; c__Clostridia; o__Lachnospirales; f__Lachnospiraceae; g__Roseburia; s__gut_metagenome
fd44936c19802a41d3bab6c846a0a5b3	d__Bacteria; p__Firmicutes; c__Clostridia; o__Lachnospirales; f__Lachnospiraceae; g__Roseburia; s__gut_metagenome
2d6f0f5c0871175875e5b477a8b94e7d	d__Bacteria; p__Firmicutes; c__Clostridia; o__Lachnospirales; f__Lachnospiraceae
a9c0b5f998f0d8d2ba57a3f9f4ed3bef	d__Bacteria; p__Firmicutes; c__Clostridia; o__Lachnospirales; f__Lachnospiraceae
ec73de52eb400fe4a441563e38aebf92	d__Bacteria; p__Firmicutes; c__Clostridia; o__Lachnospirales; f__Lachnospiraceae
16278207992fbdb95d8e0b99f8faae00	d__Bacteria; p__Proteobacteria; c__Gammaproteobacteria; o__Enterobacterales; f__Enterobacteriaceae; g__Escherichia-Shigella
e0c38afff17f84617c486552d6bb64a5	d__Bacteria; p__Firmicutes; c__Clostridia; o__Lachnospirales; f__Lachnospiraceae
82209b67a168fd6704e1fb2584d48b59	d__Bacteria; p__Firmicutes; c__Clostridia; o__Lachnospirales; f__Lachnospiraceae
8fc600de65bdabeb31cbe935de7f8075	d__Bacteria; p__Firmicutes; c__Clostridia; o__Lachnospirales; f__Lachnospiraceae
c27abf6ab85d3c26495dcdedbc903d75	d__Bacteria; p__Firmicutes; c__Clostridia; o__Lachnospirales; f__Lachnospiraceae
fbaff7f8a4f0a9b742445414320e8e81	d__Bacteria; p__Firmicutes; c__Clostridia; o__Lachnospirales; f__Lachnospiraceae
098d1966e1c3583176b8c1cd13863235	d__Bacteria; p__Firmicutes
daafdf6eebc859980234b3eb3b872e76	d__Bacteria; p__Firmicutes
21a64dc31b608147d88e0c0c14411971	d__Bacteria; p__Firmicutes; c__Clostridia; o__Lachnospirales; f__Lachnospiraceae; g__[Eubacterium]_ruminantium_group; s__uncultured_bacterium
25e010fda9083a3fe166383f76ae0457	d__Bacteria; p__Firmicutes; c__Clostridia; o__Lachnospirales; f__Lachnospiraceae; g__[Eubacterium]_ruminantium_group; s__uncultured_bacterium
72c09d37a2905b24e0c60e9ccfea18c0	d__Bacteria; p__Firmicutes; c__Clostridia; o__Lachnospirales; f__Lachnospiraceae; g__[Eubacterium]_ruminantium_group
cc859929d8f944cdb72297203eec9499	d__Bacteria; p__Firmicutes; c__Clostridia; o__Lachnospirales; f__Lachnospiraceae
8a631ecd3e394aa3e721f888fbd1b841	d__Bacteria; p__Firmicutes; c__Clostridia; o__Lachnospirales; f__Lachnospiraceae
f02988e89e4c9fbcc2311ba75b80cb3d	d__Bacteria; p__Firmicutes; c__Clostridia; o__Lachnospirales; f__Lachnospiraceae
4db28809505b9dff6d7f90bdfd66d8c3	d__Bacteria; p__Firmicutes; c__Clostridia; o__Lachnospirales; f__Lachnospiraceae
ad78e5f38fec5f95b316ca979bd7862b	d__Bacteria; p__Firmicutes; c__Clostridia; o__Lachnospirales; f__Lachnospiraceae; g__UC5-1-2E3; s__uncultured_bacterium
4e878ea769f01d661990b98c6485c608	d__Bacteria; p__Firmicutes; c__Clostridia; o__Lachnospirales; f__Lachnospiraceae; g__UC5-1-2E3; s__uncultured_bacterium
25d6fa9629d8cfc5f52c69e28329a093	d__Bacteria; p__Firmicutes; c__Clostridia; o__Lachnospirales; f__Lachnospiraceae
0e729a6a30f5517019ca4ffb780817b4	d__Bacteria; p__Proteobacteria; c__Gammaproteobacteria; o__Pasteurellales; f__Pasteurellaceae
a68076c100b8274ba6a8edacde35c438	d__Bacteria; p__Firmicutes; c__Clostridia; o__Lachnospirales; f__Lachnospiraceae
602363d919d354f04daebc21751aba5c	d__Bacteria; p__Firmicutes; c__Clostridia; o__Lachnospirales; f__Lachnospiraceae
692f67e31dd4e5c11cc5c654c85c8d80	d__Bacteria; p__Firmicutes; c__Clostridia; o__Lachnospirales; f__Lachnospiraceae
0bc475252a9c95c32889a5207f43d4f1	d__Bacteria; p__Firmicutes; c__Clostridia; o__Lachnospirales; f__Lachnospiraceae
403ed7fff403e9c26aee176ec3b7638e	d__Bacteria; p__Firmicutes; c__Clostridia; o__Lachnospirales; f__Lachnospiraceae; g__Coprococcus
a1730c51f34286d7b7f7e3bea90a3db9	d__Bacteria; p__Firmicutes; c__Clostridia; o__Lachnospirales; f__Lachnospiraceae; g__Coprococcus
6450ca25a7ecfcacaf07b6f4fb9c3a14	d__Bacteria; p__Firmicutes; c__Clostridia; o__Lachnospirales; f__Lachnospiraceae; g__Coprococcus
02d38821f80d5a6e9ada23d123c10496	d__Bacteria; p__Firmicutes; c__Clostridia; o__Lachnospirales; f__Lachnospiraceae; g__Coprococcus
40f4cb7a18b2a98bab80ad21984053c9	d__Bacteria; p__Firmicutes; c__Clostridia; o__Lachnospirales; f__Lachnospiraceae; g__Coprococcus
1a5c8c92bcc6df63df5310c75b19d5c9	d__Bacteria; p__Firmicutes; c__Clostridia; o__Lachnospirales; f__Lachnospiraceae; g__Coprococcus
6be8b9f365eb24753331900f9c482120	d__Bacteria; p__Firmicutes; c__Clostridia; o__Lachnospirales; f__Lachnospiraceae; g__Coprococcus
92b207d518249e455cd0ed0af9465f5d	d__Bacteria; p__Firmicutes; c__Clostridia; o__Lachnospirales; f__Lachnospiraceae; g__Coprococcus
c8cb8089b2db1f7b4b14e7d951f74a59	d__Bacteria; p__Firmicutes; c__Clostridia; o__Oscillospirales; f__Butyricicoccaceae; g__Butyricicoccus
7f2dc89f1e590a5b518a6a183566ed10	d__Bacteria; p__Firmicutes; c__Clostridia; o__Lachnospirales; f__Lachnospiraceae; g__Moryella; s__human_gut
61da6defedf157418175f842bd7d4fc9	d__Bacteria; p__Firmicutes; c__Clostridia; o__Lachnospirales; f__Lachnospiraceae; g__Moryella; s__human_gut
dea8ab113591dc9e1295711979ca027c	d__Bacteria; p__Firmicutes; c__Clostridia; o__Lachnospirales; f__Lachnospiraceae; g__Moryella; s__human_gut
190c5aa8536063c7fb1a57dbc0a0a5ab	d__Bacteria; p__Firmicutes; c__Clostridia; o__Lachnospirales; f__Lachnospiraceae; g__Moryella; s__human_gut
6d3a2047897f4cb910d8fe9d093e282f	d__Bacteria; p__Firmicutes; c__Clostridia; o__Peptostreptococcales-Tissierellales; f__Peptostreptococcaceae
20119330ab225c71e4d0b2a971c4a3ff	d__Bacteria; p__Firmicutes; c__Clostridia; o__Lachnospirales; f__Lachnospiraceae
022c9ecfe8685f5b5811263128a05df8	d__Bacteria; p__Firmicutes; c__Clostridia; o__Lachnospirales; f__Lachnospiraceae
13eb27e56a74f355a65a37ef31ea2872	d__Bacteria; p__Firmicutes; c__Clostridia; o__Oscillospirales; f__Ruminococcaceae
a06ce70725bf452c264a43b7eb9e5d1b	d__Bacteria; p__Firmicutes; c__Clostridia
c6d9bff5ee3dac662c22dd5332946f7b	d__Bacteria; p__Firmicutes; c__Clostridia; o__Oscillospirales; f__Ruminococcaceae; g__Faecalibacterium
055a6b8a880888b9a0c95df1530674a2	d__Bacteria; p__Firmicutes; c__Clostridia; o__Oscillospirales; f__Ruminococcaceae; g__Faecalibacterium
ae1cc1053e83ea2f51299e2b11cdf21c	d__Bacteria; p__Firmicutes; c__Clostridia; o__Oscillospirales; f__Ruminococcaceae
afaec4f5cdace775e522c54164e68bce	d__Bacteria; p__Firmicutes; c__Clostridia; o__Christensenellales; f__Christensenellaceae; g__Christensenellaceae_R-7_group; s__uncultured_marine
0a739a10796d5d5abfce8761d39c84bb	d__Bacteria
de35c204abe73a5a09ede2edbbd5790f	d__Bacteria
5df47cc999fe1a7628cd5bad2f8d3acd	d__Bacteria; p__Firmicutes; c__Clostridia; o__Oscillospirales; f__Ruminococcaceae
299a72bef81902999fe954c731c170f7	d__Bacteria; p__Firmicutes; c__Clostridia
2026ec84ec64acee76debe8ceff0fb8c	d__Bacteria; p__Firmicutes; c__Clostridia; o__Oscillospirales; f__Ruminococcaceae
374228038e7221c3c9c35203eef2c927	d__Bacteria; p__Firmicutes; c__Clostridia; o__Oscillospirales; f__Ruminococcaceae; g__UBA1819; s__uncultured_organism
b46902ad1cef3cf5167908cee898d3ea	d__Bacteria; p__Firmicutes; c__Clostridia; o__Oscillospirales; f__Ruminococcaceae; g__UBA1819; s__uncultured_organism
9a5788fa4625c11fcd88892da11d65d3	d__Bacteria
2c87ff385d6b4354d83246d0b82a0da7	d__Bacteria
180b85307ef6a1b48e5fbcc923bccc63	d__Bacteria; p__Firmicutes; c__Clostridia
48de8e76fda32712e088e7a2642f45ed	d__Bacteria; p__Bacteroidota; c__Bacteroidia; o__Bacteroidales
0951c7f7a979fbce85199906c4f9d181	d__Bacteria; p__Firmicutes; c__Clostridia; o__Oscillospirales; f__Ruminococcaceae
9c7d80ed6662a1a057d5484e8d922642	d__Bacteria; p__Firmicutes; c__Clostridia; o__Oscillospirales; f__Ruminococcaceae
1708d08e5987825e5b11c8ab6f918e61	d__Bacteria; p__Firmicutes; c__Clostridia; o__Oscillospirales; f__Ruminococcaceae
b4936a7daa96477656083be967b370ae	d__Bacteria; p__Firmicutes; c__Clostridia; o__Oscillospirales; f__Ruminococcaceae
ebc3efe91f0cac083a2a6f19e550783f	d__Bacteria; p__Firmicutes; c__Clostridia; o__Oscillospirales; f__Ruminococcaceae; g__Fournierella; s__uncultured_bacterium
2299aafe559f846290b7ad05a08cfe54	d__Bacteria; p__Firmicutes; c__Clostridia; o__Oscillospirales; f__Ruminococcaceae; g__Fournierella; s__uncultured_bacterium
b9275bc636ae606ad9804de12baaed19	d__Bacteria; p__Firmicutes; c__Clostridia; o__Oscillospirales; f__Ruminococcaceae; g__Fournierella; s__uncultured_bacterium
0110c1a97a471cfe861a011c762d6770	d__Bacteria; p__Firmicutes; c__Clostridia; o__Oscillospirales; f__Ruminococcaceae; g__Fournierella; s__uncultured_bacterium
3064586d3319002293ac15f2dfaf97e6	d__Bacteria; p__Firmicutes; c__Clostridia; o__Oscillospirales; f__Ruminococcaceae
eeab38e186c771b63575dc635386444d	d__Bacteria; p__Firmicutes; c__Negativicutes; o__Veillonellales-Selenomonadales; f__Veillonellaceae; g__Veillonella
5542f0ab1f5a2aa8be821dcb69501f96	d__Bacteria; p__Firmicutes; c__Clostridia
0df51c5ef5c879b9784af8e27c254059	d__Bacteria; p__Firmicutes; c__Clostridia
20ec2e59d10c8e018deed2328d6f446d	d__Bacteria; p__Firmicutes; c__Clostridia; o__Oscillospirales; f__Ruminococcaceae; g__Faecalibacterium
992219bf20b8fd022c142a1e047d516c	d__Bacteria; p__Firmicutes; c__Clostridia; o__Oscillospirales; f__Ruminococcaceae; g__Faecalibacterium
e2e9dad8dfaa7ff3c8f7c47830249b6f	d__Bacteria; p__Firmicutes; c__Clostridia; o__Oscillospirales; f__Ruminococcaceae; g__Faecalibacterium
d95c61c553e5b6714887227763b334eb	d__Bacteria; p__Firmicutes; c__Clostridia
00b0d31666674ee7f47b07df8b651577	d__Bacteria; p__Firmicutes; c__Clostridia; o__Monoglobales; f__Monoglobaceae; g__Monoglobus
09ac3d752cbf5978c6b15e163055ce7e	d__Bacteria; p__Firmicutes; c__Clostridia; o__Oscillospirales; f__Ruminococcaceae; g__Faecalibacterium
d669d48ae9c62c9fe546652d95c6519e	d__Bacteria; p__Firmicutes; c__Clostridia; o__Lachnospirales; f__Lachnospiraceae; g__Lachnospiraceae_NC2004_group
be87f6cfd52c707e33e4a0f244b7ec7a	d__Bacteria; p__Firmicutes; c__Clostridia; o__Oscillospirales; f__Ruminococcaceae; g__Faecalibacterium
3fe9d06b90607b2f9f1d19f95ef86d0c	d__Bacteria; p__Firmicutes; c__Clostridia; o__Oscillospirales; f__Ruminococcaceae; g__Faecalibacterium
df5bc01ed1f5805b4d3d470065401197	d__Bacteria; p__Firmicutes; c__Clostridia; o__Oscillospirales; f__Ruminococcaceae; g__Faecalibacterium
bf06fc391836d352a969b1b929adf4ad	d__Bacteria; p__Firmicutes; c__Clostridia; o__Oscillospirales; f__Ruminococcaceae; g__Faecalibacterium
0c1e233141c06ff31f1c00ca1e12e696	d__Bacteria; p__Firmicutes; c__Clostridia; o__Oscillospirales; f__Ruminococcaceae; g__Faecalibacterium
5ae1cca7305961141b9e0ce163ae279b	d__Bacteria; p__Firmicutes; c__Clostridia; o__Oscillospirales; f__Ruminococcaceae; g__Faecalibacterium
81dd36e3b3cd1733eea4ab33d3d7398f	d__Bacteria; p__Firmicutes; c__Clostridia; o__Oscillospirales; f__Ruminococcaceae; g__Faecalibacterium
c18813c8fb6fd780678285b95fb1a8f7	d__Bacteria; p__Firmicutes; c__Clostridia; o__Oscillospirales; f__Ruminococcaceae; g__Faecalibacterium
62dad0b6d4eb4b15af02f0b7d88a18d7	d__Bacteria; p__Firmicutes; c__Clostridia; o__Oscillospirales; f__Ruminococcaceae; g__Faecalibacterium
2cd102cccb9062ef1b43f0db688eb077	d__Bacteria; p__Firmicutes; c__Clostridia; o__Oscillospirales; f__Ruminococcaceae; g__Faecalibacterium
e236ffc377c8a228d3acc4734598db27	d__Bacteria; p__Firmicutes; c__Clostridia; o__Oscillospirales; f__Ruminococcaceae; g__Faecalibacterium
d71219062f8d33abd0ced24c98ed41bb	d__Bacteria; p__Firmicutes; c__Clostridia; o__Oscillospirales; f__Ruminococcaceae; g__Faecalibacterium
c9ee54caba996f1caf8a0171213606c7	d__Bacteria; p__Firmicutes; c__Clostridia; o__Oscillospirales; f__Ruminococcaceae; g__Faecalibacterium
08e2f1f175d55e5617ea312011fbd203	d__Bacteria; p__Firmicutes; c__Clostridia; o__Oscillospirales; f__Ruminococcaceae; g__Faecalibacterium
bab04df12225814ef21f50a269b7bbc5	d__Bacteria; p__Firmicutes; c__Clostridia; o__Oscillospirales; f__Ruminococcaceae; g__Faecalibacterium
7f40400b8d3342fa968da63595882919	d__Bacteria; p__Firmicutes; c__Clostridia; o__Oscillospirales; f__Ruminococcaceae; g__Faecalibacterium
f4ce1dbf26ccac66464db63fe18c155f	d__Bacteria; p__Firmicutes; c__Clostridia; o__Oscillospirales; f__Ruminococcaceae; g__Faecalibacterium
e9f591db858fdb5a64c5f7c7df596982	d__Bacteria; p__Firmicutes; c__Clostridia; o__Oscillospirales; f__Ruminococcaceae; g__Faecalibacterium
f616c1c77c97478a93b18b82b6da4022	d__Bacteria; p__Firmicutes; c__Clostridia; o__Oscillospirales; f__Ruminococcaceae; g__Faecalibacterium
7a9c7e177a5ae7f975a77c036833788c	d__Bacteria; p__Firmicutes; c__Clostridia; o__Oscillospirales; f__Ruminococcaceae; g__Faecalibacterium
13c5cc5e4bde5f150b39331028edd525	d__Bacteria; p__Firmicutes; c__Clostridia; o__Oscillospirales; f__Ruminococcaceae; g__Faecalibacterium
adddfc9a445e1597afce8ff0811022aa	d__Bacteria; p__Firmicutes; c__Clostridia; o__Oscillospirales; f__Ruminococcaceae; g__Faecalibacterium
42d607c732cecb0b427f914afbbb889e	d__Bacteria; p__Firmicutes; c__Clostridia; o__Oscillospirales; f__Ruminococcaceae; g__Faecalibacterium
bb92c9fc508740ec3c1adf8ed5d5e15d	d__Bacteria; p__Firmicutes; c__Clostridia; o__Oscillospirales; f__Ruminococcaceae; g__Faecalibacterium
bad83e50e1729bcaafd46c4fca6fba2e	d__Bacteria; p__Firmicutes; c__Clostridia; o__Oscillospirales; f__Ruminococcaceae; g__Faecalibacterium
1fc4d3216f812c6d04f602639661d334	d__Bacteria; p__Firmicutes; c__Clostridia; o__Oscillospirales; f__Ruminococcaceae; g__Faecalibacterium
52ec5a526799e87d88853208ababa99d	d__Bacteria; p__Firmicutes; c__Clostridia; o__Oscillospirales; f__Ruminococcaceae; g__Faecalibacterium
620c10cca26be95765a8269293d71952	d__Bacteria; p__Firmicutes; c__Clostridia; o__Oscillospirales; f__Ruminococcaceae; g__Faecalibacterium
772d0dc2dc886587949c03a1de98788e	d__Bacteria; p__Firmicutes; c__Clostridia; o__Oscillospirales; f__Ruminococcaceae; g__Faecalibacterium
82d2cf08431001f2c38bebacf47bc624	d__Bacteria
a794be965e2d6b1561a70a8c7a2a5674	d__Bacteria
132a27feae40679abb677fb8ab964b5b	d__Bacteria
308422bd8b60d8162b65b8cf5894144c	d__Bacteria; p__Proteobacteria; c__Gammaproteobacteria; o__Pasteurellales; f__Pasteurellaceae
472ef88587e2e3b04e3a70a26db22dac	d__Bacteria; p__Firmicutes; c__Clostridia; o__Oscillospirales; f__Ruminococcaceae; g__Faecalibacterium
2922d8f28c19971a182eac1ccea02628	d__Bacteria; p__Firmicutes; c__Clostridia; o__Lachnospirales; f__Lachnospiraceae
32c74e56c1d14ea0735d40bc88c9b723	d__Bacteria; p__Firmicutes; c__Clostridia; o__Lachnospirales; f__Lachnospiraceae
fe200c7edb0a7472c6566fbbc9cd49db	d__Bacteria
2d8eb191ff7385a6e816e361dc577c4a	d__Bacteria; p__Firmicutes; c__Bacilli; o__Lactobacillales; f__Streptococcaceae; g__Streptococcus
bcad466ea8f26fe8aa3dc4cdec6149d2	d__Bacteria; p__Firmicutes
3ed32747663d6d87fdf6ffdce54ca9ef	d__Bacteria; p__Firmicutes; c__Clostridia
1320f4f9be33e8392d6db9462decfacf	d__Bacteria; p__Firmicutes; c__Bacilli; o__Erysipelotrichales; f__Erysipelatoclostridiaceae; g__Catenibacterium; s__uncultured_bacterium
e4196dbcc7b1322bccc74e8b0bf11224	d__Bacteria; p__Firmicutes; c__Clostridia
cb4251b39cdbcaa670de4ae6a4a53a70	d__Bacteria; p__Firmicutes; c__Clostridia; o__Lachnospirales; f__Lachnospiraceae
551418bd2c429f2042a648302fcb5e97	d__Bacteria; p__Firmicutes; c__Clostridia
c34fe29dfd8f32534a418ce52392733a	d__Bacteria; p__Firmicutes; c__Clostridia; o__Oscillospirales; f__Ruminococcaceae; g__Faecalibacterium
d0c72a0d738d57cd63bb7ba408506e41	d__Bacteria; p__Bacteroidota; c__Bacteroidia; o__Bacteroidales; f__Bacteroidaceae; g__Bacteroides
9813a0bc2ea52caebcaf1e9be7665a78	d__Bacteria; p__Bacteroidota; c__Bacteroidia; o__Bacteroidales; f__Bacteroidaceae; g__Bacteroides
3bebd7853d52baf3f0c26ef17b23f96e	d__Bacteria; p__Firmicutes; c__Clostridia; o__Oscillospirales; f__Ruminococcaceae; g__Faecalibacterium
32faf7c0a82cec45881866aa5c852598	d__Bacteria; p__Firmicutes; c__Clostridia; o__Oscillospirales; f__Ruminococcaceae; g__Faecalibacterium
6fda70f1dd96d4c8b5e991bef54c167f	d__Bacteria; p__Firmicutes; c__Clostridia
4cd0701c5113acf855adee66f5e4fd5b	d__Bacteria; p__Firmicutes; c__Clostridia; o__Oscillospirales; f__Ruminococcaceae; g__Faecalibacterium
23f95e8a7724c10a1b4c26d9bbfda8bb	d__Bacteria; p__Firmicutes; c__Clostridia
59b7339059dd55c8e87f598475bc8485	d__Bacteria; p__Firmicutes; c__Clostridia; o__Oscillospirales; f__Ruminococcaceae; g__Faecalibacterium
568b5704ed0329ba85eaeb846b31ed98	d__Bacteria; p__Firmicutes; c__Clostridia; o__Oscillospirales; f__Ruminococcaceae; g__Faecalibacterium
c7e015495e09291132cd9eeb744ddd75	d__Bacteria; p__Firmicutes; c__Clostridia
dd40c571f3761cf676e7a651ada653a7	d__Bacteria; p__Firmicutes; c__Clostridia; o__Oscillospirales; f__Ruminococcaceae; g__Faecalibacterium
7252c5e8662df698905a0126d8f7d5e4	d__Bacteria; p__Firmicutes; c__Clostridia; o__Oscillospirales; f__Ruminococcaceae; g__Faecalibacterium
75e0cb05694b21cc3f209e9e29724e0b	d__Bacteria; p__Firmicutes; c__Clostridia; o__Oscillospirales; f__Ruminococcaceae; g__Faecalibacterium
b4434baf62fe77f4fba9486d0ac106cb	d__Bacteria; p__Firmicutes; c__Clostridia; o__Oscillospirales; f__Ruminococcaceae; g__Faecalibacterium
fb39bcd6def74a411195b122bf8273ef	d__Bacteria; p__Firmicutes; c__Clostridia; o__Oscillospirales; f__Ruminococcaceae; g__Faecalibacterium
9eb1869984cd5a171263b085b58b80d1	d__Bacteria; p__Firmicutes; c__Clostridia; o__Oscillospirales; f__Ruminococcaceae; g__Faecalibacterium
6ac15c46eabf7dbdba80b47c07a5dbda	d__Bacteria; p__Firmicutes; c__Clostridia
43f1c9d09b7b801e238c1672678ab3b4	d__Bacteria
afeafa759e227a576a16ff56788f035a	d__Bacteria; p__Firmicutes; c__Clostridia; o__Oscillospirales; f__Ruminococcaceae; g__Faecalibacterium
4a2ee5125a26bb59746c68841849d6fb	d__Bacteria; p__Firmicutes; c__Clostridia; o__Lachnospirales; f__Lachnospiraceae
069724374c25e5ed36500b354418e473	d__Bacteria; p__Firmicutes; c__Clostridia
fe4551375e598148089c0c45683eabb6	d__Bacteria; p__Firmicutes; c__Clostridia
14adaf2c0ba66f501c48fc65dafb6ee3	d__Bacteria; p__Firmicutes; c__Clostridia; o__Oscillospirales
e31a7cd541dc676fc7cb8a01995f73c2	d__Bacteria; p__Firmicutes; c__Clostridia
b75bcf12f110e2e23ef4c8087659b829	d__Bacteria; p__Firmicutes; c__Clostridia; o__Oscillospirales; f__Ruminococcaceae
bbd67bc8ee6365c52446cd2682bd942b	d__Bacteria; p__Firmicutes; c__Clostridia; o__Oscillospirales; f__Ruminococcaceae; g__uncultured; s__uncultured_organism
eddde8417db5f213894d9889829c3b84	d__Bacteria; p__Firmicutes; c__Clostridia
3bb63a09564331cc7fc3117c8e445c1d	d__Bacteria; p__Firmicutes; c__Clostridia
815df105b547d982c3c29b0dd006fdaa	d__Bacteria; p__Firmicutes; c__Clostridia; o__Oscillospirales; f__Ruminococcaceae; g__Faecalibacterium
444973b9d8d00fb09754af88cb272299	d__Bacteria; p__Firmicutes; c__Clostridia; o__Lachnospirales; f__Lachnospiraceae
e994f9b4be1eb8c647d5829344dd8273	d__Bacteria; p__Firmicutes; c__Clostridia; o__Lachnospirales; f__Lachnospiraceae; g__Lachnospiraceae_FCS020_group; s__metagenome
ea21709b4f0beada61f3435b92a8c817	d__Bacteria; p__Firmicutes; c__Clostridia; o__Lachnospirales; f__Lachnospiraceae
441c36a6801171eb7898bc3b13a5fc98	d__Bacteria; p__Firmicutes; c__Clostridia; o__Lachnospirales; f__Lachnospiraceae
c10b7ab488a13d743f0981f53f447415	d__Bacteria; p__Firmicutes; c__Clostridia; o__Lachnospirales; f__Defluviitaleaceae; g__Defluviitaleaceae_UCG-011; s__uncultured_bacterium
9d48133bcb4d374af9a03b5840d1ff45	d__Bacteria; p__Firmicutes; c__Clostridia; o__Lachnospirales; f__Defluviitaleaceae; g__Defluviitaleaceae_UCG-011; s__uncultured_bacterium
afa82f7c5f8cbcb740f4b1dbb9cfdf41	d__Bacteria; p__Firmicutes; c__Clostridia; o__Lachnospirales
ae092bae41e72e10e8b16d02597dcdc4	d__Bacteria; p__Firmicutes; c__Clostridia; o__Lachnospirales; f__Defluviitaleaceae; g__Defluviitaleaceae_UCG-011; s__uncultured_bacterium
d0ddc461f058a95cb14a7eae08c58821	d__Bacteria; p__Firmicutes; c__Clostridia; o__Lachnospirales; f__Defluviitaleaceae; g__Defluviitaleaceae_UCG-011; s__uncultured_bacterium
fcbcf4bafdd00e45d57b3421e951bf49	d__Bacteria; p__Firmicutes; c__Clostridia; o__Lachnospirales; f__Defluviitaleaceae; g__Defluviitaleaceae_UCG-011; s__uncultured_bacterium
0cea9f2c15e1ab22954f2cebe847418a	d__Bacteria; p__Firmicutes; c__Clostridia; o__Lachnospirales; f__Defluviitaleaceae; g__Defluviitaleaceae_UCG-011; s__uncultured_bacterium
e4010c7e5011cbb87f50648ba3ddb46b	d__Bacteria; p__Firmicutes; c__Clostridia; o__Lachnospirales; f__Defluviitaleaceae; g__Defluviitaleaceae_UCG-011; s__uncultured_bacterium
b523fa935ab158063e84f7a4a40e0300	d__Bacteria; p__Firmicutes; c__Clostridia; o__Lachnospirales; f__Defluviitaleaceae; g__Defluviitaleaceae_UCG-011; s__uncultured_bacterium
bf8a12f5bf9a9317e3355fc4107a233f	d__Bacteria; p__Firmicutes; c__Clostridia; o__Lachnospirales; f__Defluviitaleaceae; g__Defluviitaleaceae_UCG-011; s__uncultured_bacterium
ccffca0e7fa8c9f3310587cc4d5338eb	d__Bacteria; p__Firmicutes; c__Clostridia; o__Lachnospirales
2731a81f450974d0b0ab3ef688d83cd0	d__Bacteria; p__Firmicutes; c__Clostridia; o__Lachnospirales; f__Defluviitaleaceae; g__Defluviitaleaceae_UCG-011; s__uncultured_bacterium
8e9921b2e5d23f08dce9a6eb8cb77898	d__Bacteria; p__Firmicutes; c__Clostridia; o__Lachnospirales; f__Defluviitaleaceae; g__Defluviitaleaceae_UCG-011; s__uncultured_bacterium
111e956f992ed4bde1c0ccaa9f06d49f	d__Bacteria; p__Firmicutes; c__Clostridia; o__Lachnospirales; f__Defluviitaleaceae; g__Defluviitaleaceae_UCG-011; s__uncultured_bacterium
e8af67913ae35421a90c51f5cbc033eb	d__Bacteria; p__Firmicutes; c__Clostridia; o__Lachnospirales; f__Defluviitaleaceae; g__Defluviitaleaceae_UCG-011; s__uncultured_bacterium
eeddaff392253704a922c3bc9c9bee6b	d__Bacteria; p__Firmicutes; c__Clostridia; o__Oscillospirales; f__Ruminococcaceae; g__Paludicola; s__uncultured_Clostridiaceae
2f67b1709bc8dd8f9ec726141c028e6c	d__Bacteria; p__Firmicutes; c__Clostridia
cc845387819cd4aa5a1e2a0eb3447707	d__Bacteria; p__Firmicutes; c__Clostridia; o__Oscillospirales; f__Ruminococcaceae; g__Ruminococcus; s__human_gut
00b755d8434e7d85398d48a50df565da	d__Bacteria; p__Firmicutes; c__Clostridia; o__Oscillospirales; f__Ruminococcaceae; g__Ruminococcus; s__human_gut
56181e5fa64db7cae9459e9711ea2fa2	d__Bacteria; p__Firmicutes; c__Clostridia; o__Oscillospirales; f__Ruminococcaceae; g__Ruminococcus
e8503efae305921e7de60f3e6a2c8614	d__Bacteria; p__Firmicutes; c__Clostridia; o__Oscillospirales; f__Ruminococcaceae; g__Ruminococcus
1acb73e455bd8adea749fb02cc4775ca	d__Bacteria; p__Firmicutes; c__Clostridia; o__Lachnospirales; f__Lachnospiraceae
4a8aa73e1bd7d5e72559787fb52edad1	d__Bacteria
90d97ba983cde99febcc5387530b3f5c	d__Bacteria; p__Firmicutes; c__Clostridia; o__Oscillospirales; f__Ruminococcaceae; g__Ruminococcus; s__Ruminococcus_callidus
7fc130c855d254a18acef4f30c8f65b5	d__Bacteria; p__Firmicutes; c__Clostridia; o__Oscillospirales; f__Ruminococcaceae; g__Ruminococcus; s__Ruminococcus_callidus
416ebae7ab37d2688b08103b943168a6	d__Bacteria; p__Firmicutes; c__Clostridia; o__Oscillospirales; f__Ruminococcaceae; g__Ruminococcus; s__Ruminococcus_callidus
6aa3c6af9a60347a0e9638ce7803eed6	d__Bacteria; p__Firmicutes; c__Clostridia; o__Oscillospirales; f__Ruminococcaceae; g__Ruminococcus
45f3688996f75b6e90b3d08d2bc899cb	d__Bacteria; p__Firmicutes; c__Clostridia; o__Oscillospirales; f__Ruminococcaceae; g__Ruminococcus
067062ebc1c9aa8a1674419c57dd51d8	d__Bacteria; p__Firmicutes; c__Clostridia; o__Oscillospirales; f__Ruminococcaceae; g__Ruminococcus; s__uncultured_Ruminococcus
38671f0b6fd31891ce5cbea2d296b9d5	d__Bacteria; p__Firmicutes; c__Clostridia; o__Lachnospirales; f__Defluviitaleaceae; g__Defluviitaleaceae_UCG-011; s__uncultured_bacterium
788ec83c6b98a5149d8f429a036e8ef5	d__Bacteria; p__Firmicutes; c__Clostridia; o__Lachnospirales; f__Lachnospiraceae
99debed3376806f7cb6fdbdae18a0577	d__Bacteria; p__Firmicutes; c__Clostridia; o__Oscillospirales; f__Ruminococcaceae; g__Faecalibacterium; s__uncultured_bacterium
1fb0e204f1f7c85e2d907d7aba3bfed7	d__Bacteria; p__Firmicutes; c__Clostridia; o__Oscillospirales; f__Ruminococcaceae; g__Subdoligranulum
505da7df449ef82c7f0f0c1ff8c94d7e	d__Bacteria; p__Firmicutes; c__Clostridia
ab2f868e81f2906b10c2187dd75398e7	d__Bacteria
f7e561bfe1bb8d6b2548b2d9abb0d76f	d__Bacteria; p__Bacteroidota; c__Bacteroidia; o__Bacteroidales; f__Bacteroidaceae; g__Bacteroides
28fdfd698e76d7f87cb2fe3a34015dba	d__Bacteria; p__Firmicutes
acd10caaa74431f84258c3e1c208aadd	d__Bacteria; p__Firmicutes; c__Clostridia; o__Lachnospirales; f__Lachnospiraceae; g__Roseburia
94a6cb951b8e9afbb17b2f7b30d95401	d__Bacteria; p__Firmicutes; c__Clostridia; o__Lachnospirales; f__Lachnospiraceae; g__[Eubacterium]_xylanophilum_group
f954a138ce23ffde17e3564338cc2452	d__Bacteria; p__Firmicutes; c__Clostridia; o__Oscillospirales; f__Ruminococcaceae; g__Subdoligranulum
eb68c13bf9d5c4b8542c049150378638	d__Bacteria; p__Firmicutes; c__Clostridia; o__Clostridia_UCG-014; f__Clostridia_UCG-014; g__Clostridia_UCG-014; s__uncultured_bacterium
328e6861aa68f215664571ae2a01a8aa	d__Bacteria; p__Firmicutes; c__Clostridia; o__Oscillospirales; f__[Eubacterium]_coprostanoligenes_group; g__[Eubacterium]_coprostanoligenes_group
d58ef88ddd44fd347ebf49ecd41843b9	d__Bacteria; p__Firmicutes; c__Clostridia; o__Lachnospirales; f__Lachnospiraceae; g__Lachnospiraceae_NC2004_group; s__uncultured_bacterium
9df1ce729307c1ac6f7e6adfb4701ae2	d__Bacteria; p__Firmicutes; c__Clostridia; o__Lachnospirales; f__Lachnospiraceae
4a518874678b8e9327512f7f19f62bd7	d__Bacteria; p__Firmicutes; c__Clostridia; o__Lachnospirales; f__Lachnospiraceae
12839184a969d2a2996cf94436de7f4f	d__Bacteria; p__Firmicutes; c__Clostridia; o__Oscillospirales; f__Ruminococcaceae; g__uncultured
e4264461445170d246c01232c66c32b5	d__Bacteria; p__Firmicutes
d599be76559644de68844abcdf4d5024	d__Bacteria; p__Firmicutes; c__Clostridia; o__Lachnospirales; f__Lachnospiraceae; g__[Eubacterium]_oxidoreducens_group; s__uncultured_bacterium
5672dda2378e91c66149a5abff0d209f	d__Bacteria; p__Firmicutes; c__Clostridia; o__Oscillospirales; f__Ruminococcaceae; g__Ruminococcus; s__uncultured_bacterium
3e3f3398cb0a7a91299bc227db0e501a	d__Bacteria; p__Firmicutes; c__Clostridia
76962a2c2d4ee4d6ee16e90eb86753db	d__Bacteria; p__Firmicutes; c__Clostridia; o__Oscillospirales; f__Ruminococcaceae; g__UBA1819
8eecdb5f906d52b513a2fe4c389bee57	d__Bacteria; p__Firmicutes
4b0c791e49aead618749d4dd13adb100	d__Bacteria; p__Firmicutes; c__Bacilli; o__Lactobacillales; f__Streptococcaceae; g__Streptococcus
ea435f77675beadf7da88e8dbdc98331	d__Bacteria; p__Bacteroidota; c__Bacteroidia; o__Bacteroidales; f__Bacteroidaceae; g__Bacteroides
d7b3dd3bcba6b89e68fdc9d6c476ad28	d__Bacteria; p__Firmicutes; c__Clostridia
4330ed64d443459cccccc1fe0ee581c5	d__Bacteria; p__Firmicutes; c__Clostridia
f9399b530a8fb3be921257403b6d7632	d__Bacteria; p__Firmicutes; c__Clostridia; o__Lachnospirales; f__Lachnospiraceae
890878440000ab8e7c075eb6c02047b9	d__Bacteria; p__Verrucomicrobiota; c__Verrucomicrobiae; o__Verrucomicrobiales; f__Akkermansiaceae; g__Akkermansia
d417da1261420834ee5ff1bb1adc3d30	d__Bacteria; p__Firmicutes; c__Clostridia; o__Clostridia; f__Hungateiclostridiaceae; g__Ruminiclostridium
e8abe9b69998263fe6eff78ee73d7f68	d__Bacteria; p__Firmicutes; c__Clostridia; o__Lachnospirales; f__Lachnospiraceae; g__Lachnospiraceae_UCG-010; s__uncultured_organism
42442f9a6b805a285e8d5653055de128	d__Bacteria; p__Firmicutes; c__Clostridia; o__Lachnospirales; f__Lachnospiraceae
a22a355efbe12af71f82782fede7b080	d__Bacteria; p__Firmicutes; c__Clostridia; o__Lachnospirales; f__Lachnospiraceae
bca26c74ce27079c98f2dc903b847d28	d__Bacteria; p__Firmicutes; c__Clostridia; o__Oscillospirales; f__Ruminococcaceae
21e08ff919ce03bf6ad3a4b8f7459cea	d__Bacteria; p__Firmicutes; c__Clostridia; o__Lachnospirales; f__Lachnospiraceae
a9c0ac0d879eea5bf3e06452e57db76a	d__Bacteria; p__Firmicutes; c__Clostridia; o__Lachnospirales; f__Lachnospiraceae; g__Tuzzerella; s__uncultured_bacterium
5c940a29e51eb7d5558d0750adb5f72c	d__Bacteria; p__Firmicutes; c__Clostridia; o__Lachnospirales; f__Lachnospiraceae
440ede8bb184687d8dcbd4f49277eef6	d__Bacteria; p__Firmicutes; c__Clostridia
1bd5d906f15bebcd27af36e465fb1463	d__Bacteria; p__Firmicutes; c__Clostridia; o__Clostridia; f__Hungateiclostridiaceae
9e81246220fd5791b48977bbf5bbee6d	d__Bacteria; p__Firmicutes; c__Clostridia; o__Lachnospirales; f__Lachnospiraceae; g__Lachnospiraceae_UCG-001
59bc512101ebc8644069e2f70b5a377b	d__Bacteria; p__Firmicutes; c__Clostridia; o__Lachnospirales; f__Lachnospiraceae; g__[Eubacterium]_hallii_group
41fdf1c4c6b300d34b164da681860f49	d__Bacteria; p__Proteobacteria; c__Gammaproteobacteria; o__Pasteurellales; f__Pasteurellaceae; g__Haemophilus; s__Haemophilus_sputorum
0d732db69ebbf284c50fe65871be9d4d	d__Bacteria; p__Firmicutes; c__Clostridia; o__Oscillospirales; f__Ruminococcaceae; g__uncultured; s__uncultured_organism
4c8488651fcc1c1d1d21e07f72e8c345	d__Bacteria; p__Firmicutes; c__Clostridia; o__Oscillospirales; f__Ruminococcaceae; g__uncultured
421c8509fd69eb9b19311871866eff31	d__Bacteria; p__Firmicutes; c__Clostridia; o__Oscillospirales; f__Ruminococcaceae; g__uncultured
655b7e6cd83d07ab97cd6122ba868484	d__Bacteria; p__Firmicutes; c__Clostridia; o__Oscillospirales; f__Ruminococcaceae; g__uncultured
1a57170d6446697096e062baa19dcaf3	d__Bacteria; p__Firmicutes; c__Clostridia; o__Oscillospirales; f__Ruminococcaceae; g__uncultured; s__uncultured_organism
82d9f0ac658f5d051d290cf00e371c93	d__Bacteria; p__Firmicutes; c__Clostridia; o__Peptostreptococcales-Tissierellales; f__Peptostreptococcales-Tissierellales; g__Parvimonas
d51829b6cb42f73716ea1c1df4d2b359	d__Bacteria; p__Firmicutes; c__Clostridia; o__Peptostreptococcales-Tissierellales; f__Peptostreptococcales-Tissierellales; g__Fenollaria; s__uncultured_bacterium
66ae93eb4731edc9945ec773c5e53061	d__Bacteria; p__Firmicutes; c__Clostridia; o__Peptostreptococcales-Tissierellales; f__Peptostreptococcales-Tissierellales; g__Fenollaria; s__uncultured_bacterium
3602e408c76126df0d475bb9c903e60b	d__Bacteria; p__Firmicutes; c__Clostridia; o__Lachnospirales; f__Lachnospiraceae
f9347401df2e5bc3b65eab4dd4758236	d__Bacteria; p__Firmicutes; c__Clostridia; o__Lachnospirales; f__Lachnospiraceae; g__Agathobacter; s__Eubacterium_ramulus
033149adf0341c0a72a8de94867c0755	d__Bacteria; p__Firmicutes; c__Clostridia; o__Oscillospirales; f__Ruminococcaceae
28041633ac71d82e3f79623ca2737d65	d__Bacteria; p__Firmicutes; c__Clostridia; o__Oscillospirales
1e96a1afe1ac5b3172acc2b6f5bb2474	d__Bacteria; p__Firmicutes; c__Clostridia; o__Oscillospirales
a5e177bc055996f54e1961e3cfe352b8	d__Bacteria; p__Firmicutes; c__Clostridia; o__Oscillospirales
bbdef647880463f3b71f2a488c4aeb91	d__Bacteria; p__Firmicutes; c__Clostridia; o__Oscillospirales; f__Ruminococcaceae; g__Candidatus_Soleaferrea; s__Ruminococcaceae_bacterium
6f67f8e5ee59ac880f16f4432f62611e	d__Bacteria; p__Firmicutes; c__Clostridia; o__Lachnospirales; f__Lachnospiraceae; g__Anaerostipes
f8e55cfd6efdc392e4b1847c197b0032	d__Bacteria; p__Firmicutes; c__Clostridia; o__Lachnospirales; f__Lachnospiraceae
de6cb21b869787c8a09005257f4e0d54	d__Bacteria; p__Firmicutes; c__Clostridia; o__Lachnospirales; f__Lachnospiraceae
d382f228387ec9f1469a44140a50bdf4	d__Bacteria; p__Firmicutes; c__Clostridia; o__Lachnospirales; f__Lachnospiraceae; g__Anaerostipes
6075f62bce2006aea8b54d7ef79e52b9	d__Bacteria; p__Firmicutes; c__Clostridia; o__Lachnospirales; f__Lachnospiraceae
ac71b243f81184ecf9cde7c6ac95a1ab	d__Bacteria; p__Firmicutes; c__Clostridia; o__Lachnospirales; f__Lachnospiraceae
335d647a76caf07459b5b9138c7cd428	d__Bacteria; p__Firmicutes; c__Clostridia; o__Lachnospirales; f__Lachnospiraceae; g__[Eubacterium]_xylanophilum_group
615b6725861ee9d0104d45adf2b601eb	d__Bacteria; p__Firmicutes; c__Clostridia; o__Oscillospirales; f__Ruminococcaceae
60be0df926805a780548727cbedf19e0	d__Bacteria; p__Firmicutes; c__Clostridia; o__Oscillospirales; f__Ruminococcaceae; g__Faecalibacterium
3e5784c1057ee0d0fb4b1bbf62ed9253	d__Bacteria; p__Firmicutes; c__Clostridia; o__Lachnospirales; f__Defluviitaleaceae; g__Defluviitaleaceae_UCG-011; s__uncultured_bacterium
784f28f719c1b7103ad4723e6fc725f1	d__Bacteria; p__Firmicutes; c__Clostridia; o__Oscillospirales; f__Ruminococcaceae; g__Ruminococcus; s__Ruminococcus_callidus
52a53f8c9ebfc418186402724d6901fd	d__Bacteria; p__Firmicutes; c__Clostridia; o__Oscillospirales; f__Ruminococcaceae; g__Ruminococcus; s__Ruminococcus_callidus
10a92a34c79fc07e93f0b3c0476f8db6	d__Bacteria; p__Firmicutes; c__Clostridia; o__Oscillospirales; f__Ruminococcaceae; g__Ruminococcus; s__Ruminococcus_callidus
73d92d65eea84b51bf8936ec6789efc6	d__Bacteria; p__Firmicutes; c__Clostridia; o__Oscillospirales; f__Ruminococcaceae; g__Ruminococcus; s__uncultured_Ruminococcus
5946f72af4a7aaf8d9986f86a06ceba2	d__Bacteria; p__Firmicutes; c__Clostridia; o__Oscillospirales; f__Ruminococcaceae; g__Ruminococcus; s__uncultured_Ruminococcus
aee3cb2a9f7eb39bf7d10945547936f0	d__Bacteria; p__Firmicutes; c__Clostridia; o__Oscillospirales; f__Ruminococcaceae; g__Ruminococcus
71bb45a4cb74f0b47f3ebbac40b5b92e	d__Bacteria; p__Bacteroidota; c__Bacteroidia; o__Bacteroidales; f__Bacteroidaceae; g__Bacteroides
b7d68caf33f33857cb2e8b46d3c62ba2	d__Bacteria; p__Firmicutes; c__Clostridia; o__Oscillospirales
7e47356930add375419fe85e0a131ec1	d__Bacteria
4677c9dc0d078c3c5c0563ca9e45ec5f	d__Bacteria
0b8e2caa4e1a56c85e03d63b7f7d4216	d__Bacteria; p__Proteobacteria; c__Gammaproteobacteria; o__Enterobacterales; f__Enterobacteriaceae; g__Escherichia-Shigella
ec3a9b65a3a56d6d78e43f488f6c6e14	d__Bacteria; p__Firmicutes; c__Clostridia
89a0e902a2609635911fba5365198127	d__Bacteria; p__Firmicutes; c__Clostridia; o__Lachnospirales; f__Lachnospiraceae
d38f406ef913384d0785c8676030a57d	d__Bacteria; p__Firmicutes; c__Clostridia; o__Oscillospirales; f__Butyricicoccaceae; g__UCG-009
1406da42361d772040f773ab659c0821	d__Bacteria; p__Firmicutes; c__Clostridia; o__Lachnospirales; f__Lachnospiraceae
40bb42e52398efeac67aab0266263476	d__Bacteria; p__Firmicutes; c__Clostridia; o__Lachnospirales; f__Lachnospiraceae
543c00fa9a77177d9efcba5ce98ff180	d__Bacteria; p__Firmicutes; c__Clostridia; o__Clostridia_UCG-014; f__Clostridia_UCG-014; g__Clostridia_UCG-014
95a0668e807501f277246a78f819ac47	d__Bacteria; p__Firmicutes; c__Clostridia; o__Clostridia_UCG-014; f__Clostridia_UCG-014; g__Clostridia_UCG-014; s__uncultured_bacterium
6feec7bb442d157522e1a6284cd02d96	d__Bacteria; p__Firmicutes; c__Clostridia
19b9df662271045ca2a1807bc0ad3437	d__Bacteria; p__Cyanobacteria; c__Vampirivibrionia; o__Gastranaerophilales; f__Gastranaerophilales; g__Gastranaerophilales; s__Candidatus_Melainabacteria
ac34e95c747904903f984b5deabc91c0	d__Bacteria; p__Desulfobacterota; c__Desulfovibrionia; o__Desulfovibrionales; f__Desulfovibrionaceae; g__Desulfovibrio; s__Desulfovibrio_piger
593287f29f50fc00b9f8dd29437afaed	d__Bacteria; p__Firmicutes; c__Clostridia; o__Christensenellales; f__Christensenellaceae; g__Christensenellaceae_R-7_group
3118bc5e009520fe805b389c4f19c036	d__Bacteria
1dff6a19ef63f1fed7fcfc2a3044edfd	d__Bacteria; p__Desulfobacterota; c__Desulfovibrionia; o__Desulfovibrionales; f__Desulfovibrionaceae; g__uncultured
3c0134e16c983347d8605e0fb902caec	d__Bacteria; p__Desulfobacterota; c__Desulfovibrionia; o__Desulfovibrionales; f__Desulfovibrionaceae; g__uncultured
9e28efe3052f794cdcb70b7f21b2e167	d__Bacteria; p__Desulfobacterota; c__Desulfovibrionia; o__Desulfovibrionales; f__Desulfovibrionaceae; g__uncultured
587634e2adbc873a8fc6b4f6737a7b54	d__Bacteria; p__Desulfobacterota; c__Desulfovibrionia; o__Desulfovibrionales; f__Desulfovibrionaceae
7db2db122b72bf1e2149e89d78f6f16f	d__Bacteria; p__Desulfobacterota; c__Desulfovibrionia; o__Desulfovibrionales; f__Desulfovibrionaceae; g__Desulfovibrio
4f846f12f9aa564d5757ab8be1fd1340	d__Bacteria; p__Desulfobacterota; c__Desulfovibrionia; o__Desulfovibrionales; f__Desulfovibrionaceae; g__Desulfovibrio; s__bacterium
300d0a88be3a36682e247bbe83e70215	d__Bacteria; p__Desulfobacterota; c__Desulfovibrionia; o__Desulfovibrionales; f__Desulfovibrionaceae; g__Desulfovibrio; s__metagenome
cfc8ba8ec6892fcd1dbddf661a437227	d__Bacteria; p__Desulfobacterota; c__Desulfovibrionia; o__Desulfovibrionales; f__Desulfovibrionaceae; g__Desulfovibrio; s__metagenome
41f2a12975eeb71f1cbf61c41bac8c68	d__Bacteria; p__Desulfobacterota; c__Desulfovibrionia; o__Desulfovibrionales; f__Desulfovibrionaceae; g__Desulfovibrio
8013cde7bc197e17423aea9aaefe6b95	d__Bacteria
c7e8061235b52cee03a91c37513b69c0	d__Bacteria; p__Desulfobacterota; c__Desulfovibrionia; o__Desulfovibrionales; f__Desulfovibrionaceae
1e5170be77b2de8895963fddc7248a69	d__Bacteria; p__Desulfobacterota; c__Desulfovibrionia; o__Desulfovibrionales; f__Desulfovibrionaceae; g__Desulfovibrio; s__bacterium
be7b51c5d77a71b702a72650ab4b7518	d__Bacteria; p__Desulfobacterota; c__Desulfovibrionia; o__Desulfovibrionales; f__Desulfovibrionaceae; g__Desulfovibrio; s__bacterium
f62dbdae5259a582956599fd91c7dca1	d__Bacteria; p__Desulfobacterota; c__Desulfovibrionia; o__Desulfovibrionales; f__Desulfovibrionaceae; g__Desulfovibrio; s__bacterium
4a4bf8aeb2f9940ba4bd942fbe75124c	d__Bacteria; p__Desulfobacterota; c__Desulfovibrionia; o__Desulfovibrionales; f__Desulfovibrionaceae; g__Desulfovibrio; s__bacterium
ad1ae4a330b893d6737b821622901d44	d__Bacteria
0baa276860a4be4b572457db532c7fb4	d__Bacteria; p__Desulfobacterota; c__Desulfovibrionia; o__Desulfovibrionales; f__Desulfovibrionaceae; g__Desulfovibrio; s__bacterium
294081c70b2a7e20a1b7df7f1437fb09	d__Bacteria; p__Desulfobacterota; c__Desulfovibrionia; o__Desulfovibrionales; f__Desulfovibrionaceae; g__Desulfovibrio; s__Desulfovibrio_piger
398416ff7e2b7c92c0475c0b045887cf	d__Bacteria; p__Desulfobacterota; c__Desulfovibrionia; o__Desulfovibrionales; f__Desulfovibrionaceae; g__Desulfovibrio; s__Desulfovibrio_piger
52574622c827e054776b5adedf08eed2	d__Bacteria; p__Desulfobacterota; c__Desulfovibrionia; o__Desulfovibrionales; f__Desulfovibrionaceae; g__Desulfovibrio
4220c2bb4025e69da3682ec280f4be09	d__Bacteria
3b12e9ea6caffe3ceab82efa6ecf939d	d__Bacteria
7e7b9881d5177bded48e18724ae00710	d__Bacteria; p__Desulfobacterota; c__Desulfovibrionia; o__Desulfovibrionales; f__Desulfovibrionaceae; g__Desulfovibrio
6d9cc25030abc20eba44e72d308103eb	d__Bacteria; p__Desulfobacterota; c__Desulfovibrionia; o__Desulfovibrionales; f__Desulfovibrionaceae; g__Desulfovibrio; s__Desulfovibrio_piger
98fb6fda5efebac8c936497c93288965	d__Bacteria; p__Desulfobacterota; c__Desulfovibrionia; o__Desulfovibrionales; f__Desulfovibrionaceae; g__Desulfovibrio; s__Desulfovibrio_piger
43664b923f58901cf2ca299d3369f143	d__Bacteria; p__Desulfobacterota; c__Desulfovibrionia; o__Desulfovibrionales; f__Desulfovibrionaceae; g__Desulfovibrio
3dabb262543b7ed3e924a6c30b3fdb7c	d__Bacteria; p__Desulfobacterota; c__Desulfovibrionia; o__Desulfovibrionales; f__Desulfovibrionaceae; g__Desulfovibrio; s__Desulfovibrio_piger
c041b9909ecbc8809b36889ede3c1e26	d__Bacteria; p__Desulfobacterota; c__Desulfovibrionia; o__Desulfovibrionales; f__Desulfovibrionaceae
c156bedefd88d2fe4f5a1cb6d59471c1	d__Bacteria; p__Desulfobacterota; c__Desulfovibrionia; o__Desulfovibrionales; f__Desulfovibrionaceae
db8269da4108f53c25954927348f5e56	d__Bacteria
badd063eb7b0420ee595d98aa5fce1bd	d__Bacteria; p__Desulfobacterota; c__Desulfovibrionia; o__Desulfovibrionales; f__Desulfovibrionaceae; g__Bilophila
14f0dca018e9d71acaeca17f996eaa59	d__Bacteria; p__Desulfobacterota; c__Desulfovibrionia; o__Desulfovibrionales; f__Desulfovibrionaceae; g__Bilophila
9285f66a53f3ce7c8dbe1410321a2b31	d__Bacteria; p__Desulfobacterota; c__Desulfovibrionia; o__Desulfovibrionales; f__Desulfovibrionaceae; g__Bilophila
a245f0919fbb7ce2dd3da50fbc49e4af	d__Bacteria; p__Desulfobacterota; c__Desulfovibrionia; o__Desulfovibrionales; f__Desulfovibrionaceae; g__Bilophila
2f331e1a4726e042c6adecd64624e91e	d__Bacteria; p__Desulfobacterota; c__Desulfovibrionia; o__Desulfovibrionales; f__Desulfovibrionaceae; g__Bilophila
21be73950293bba4e0387d446ab74998	d__Bacteria; p__Desulfobacterota; c__Desulfovibrionia; o__Desulfovibrionales; f__Desulfovibrionaceae; g__Bilophila
edc10f9927df2499162fd8d8af6b3ef2	d__Bacteria; p__Desulfobacterota; c__Desulfovibrionia; o__Desulfovibrionales; f__Desulfovibrionaceae; g__Bilophila; s__bacterium_NLAE-zl-H528
1863846db45e5313b5ec9bd35f37a22e	d__Bacteria; p__Desulfobacterota; c__Desulfovibrionia; o__Desulfovibrionales; f__Desulfovibrionaceae; g__Desulfovibrio
f9ac8c295b47967c3ffc02ee17355e7c	d__Bacteria; p__Desulfobacterota; c__Desulfovibrionia; o__Desulfovibrionales; f__Desulfovibrionaceae; g__Desulfovibrio
5502beb452a49d8ee11687caf847ba49	d__Bacteria; p__Desulfobacterota; c__Desulfovibrionia; o__Desulfovibrionales; f__Desulfovibrionaceae; g__Desulfovibrio
97a531a5dc876523e64655758f65dad9	d__Bacteria; p__Firmicutes; c__Clostridia; o__Oscillospirales
641d68c4df29cf0066e24e084bcdcc53	d__Bacteria; p__Firmicutes; c__Clostridia; o__Oscillospirales
89c534a138ebfe95c35ace366fba36d7	d__Bacteria; p__Desulfobacterota; c__Desulfovibrionia; o__Desulfovibrionales; f__Desulfovibrionaceae; g__Desulfovibrio; s__Desulfovibrio_legallii
dc384b11f7b33ba81a648feede30c998	d__Bacteria; p__Desulfobacterota; c__Desulfovibrionia; o__Desulfovibrionales; f__Desulfovibrionaceae; g__Desulfovibrio; s__Desulfovibrio_fairfieldensis
8a243113c85b53d1066bc18eb19ce1bc	d__Bacteria; p__Desulfobacterota; c__Desulfovibrionia; o__Desulfovibrionales; f__Desulfovibrionaceae; g__Desulfovibrio; s__Desulfovibrio_fairfieldensis
398bfdf8f7209c4dcfad5245be267d92	d__Bacteria; p__Desulfobacterota; c__Desulfovibrionia; o__Desulfovibrionales; f__Desulfovibrionaceae; g__Desulfovibrio
d7ba63ced2248c58986f5ecd77b4f9fa	d__Bacteria; p__Firmicutes; c__Clostridia; o__Oscillospirales
4691afd1270d03250061adc7b175863b	d__Bacteria; p__Desulfobacterota; c__Desulfovibrionia; o__Desulfovibrionales; f__Desulfovibrionaceae; g__uncultured; s__uncultured_Desulfovibrionaceae
6ddc5a61b6e850101092ae34b32f9209	d__Bacteria; p__Desulfobacterota; c__Desulfovibrionia; o__Desulfovibrionales; f__Desulfovibrionaceae; g__uncultured; s__uncultured_Desulfovibrionaceae
1689e46a81137f7df59f8094497f0ebb	d__Bacteria; p__Desulfobacterota; c__Desulfovibrionia; o__Desulfovibrionales; f__Desulfovibrionaceae
50d2c6d6f13a805d997514f0269485d3	d__Bacteria; p__Desulfobacterota; c__Desulfovibrionia; o__Desulfovibrionales; f__Desulfovibrionaceae; g__uncultured; s__uncultured_Desulfovibrionaceae
8501e458fb9ba72b6840591dbdf07fb4	d__Bacteria; p__Desulfobacterota; c__Desulfovibrionia; o__Desulfovibrionales; f__Desulfovibrionaceae; g__Bilophila; s__uncultured_bacterium
6eca7c2e9818c78d566f0b8b55aaf002	d__Bacteria; p__Firmicutes; c__Clostridia
c15b532f0a06cd624c424ef9b4859e80	d__Bacteria; p__Firmicutes; c__Clostridia
3caa3d7ad8f7e269e1a7639b57ca2d7a	d__Bacteria; p__Firmicutes; c__Clostridia; o__Oscillospirales
7b10a3ccb2382cadc6db91f2bf68ab0d	d__Bacteria; p__Firmicutes; c__Clostridia; o__Oscillospirales; f__Butyricicoccaceae; g__Butyricicoccus
2f987cdd7d7714b1686b9e96684443f8	d__Bacteria; p__Firmicutes; c__Clostridia; o__Monoglobales; f__Monoglobaceae; g__Monoglobus
0410581cbf6b3bd6ff40b60358447450	d__Bacteria; p__Firmicutes; c__Clostridia; o__Oscillospirales
41534a41a0154a9047b55cf3a43acf12	d__Bacteria; p__Firmicutes; c__Clostridia; o__Monoglobales; f__Monoglobaceae; g__Monoglobus; s__uncultured_Clostridiales
d1c9d8734bad643fd5f46a0a1058d7b5	d__Bacteria; p__Firmicutes; c__Clostridia; o__Monoglobales; f__Monoglobaceae; g__Monoglobus; s__uncultured_Clostridiales
549e719077e38a8e3b37993ad629f7a2	d__Bacteria; p__Firmicutes; c__Clostridia; o__Lachnospirales; f__Lachnospiraceae
78d51fb70342e1f3fff4b67943f76eaa	d__Bacteria; p__Firmicutes; c__Clostridia
38ddbd96fa1cdfb577ba62fd16a88a32	d__Bacteria; p__Firmicutes; c__Clostridia
0be78e336f23d1fc0c9bd8cae873e65a	d__Bacteria; p__Firmicutes; c__Clostridia
b6fc3035f6724be866451c3d8a9e298e	d__Bacteria; p__Firmicutes; c__Clostridia
2dd7bb29960e6bfd407d6f108e05a719	d__Bacteria; p__Firmicutes; c__Clostridia; o__Monoglobales; f__Monoglobaceae; g__Monoglobus; s__uncultured_Ruminococcaceae
554d8a8e821d70a006cbf5e0a0265596	d__Bacteria; p__Firmicutes; c__Clostridia
0b75cf2b39cbfee6f5b7ff6d60a26bd9	d__Bacteria; p__Firmicutes; c__Clostridia
364431d4c86d2a1f7a52ea99a65a0bce	d__Bacteria; p__Firmicutes; c__Clostridia
5714ee1cac2c1b59c3fcc61d83e809e5	d__Bacteria; p__Firmicutes; c__Clostridia
74e8024dcb5f19e45b210d1129d3e332	d__Bacteria; p__Firmicutes; c__Clostridia
85b1e7ca6f255d04fc9be504f9067ad3	d__Bacteria; p__Firmicutes; c__Clostridia
8bb5e0e0a4cbdc33c6dcca4b3f36b244	d__Bacteria; p__Firmicutes; c__Clostridia
68999208eea6c6f51f873f1a49cc4c87	d__Bacteria; p__Bacteroidota; c__Bacteroidia; o__Bacteroidales
01a806e6c5b62b618b9f8d56d3f83e06	d__Bacteria; p__Firmicutes; c__Clostridia; o__Oscillospirales; f__Butyricicoccaceae; g__UCG-009
fb69f3244cfcc18628dcca0aacd8bd44	d__Bacteria; p__Firmicutes; c__Clostridia
e11a1f7cf9d6bc1c6a58251826f2cb6c	d__Bacteria; p__Firmicutes; c__Clostridia; o__Oscillospirales; f__Butyricicoccaceae; g__UCG-009
5f7dbffbcc9b61a4bf8f6d9a3e9c18a6	d__Bacteria; p__Firmicutes; c__Clostridia; o__Oscillospirales; f__Butyricicoccaceae; g__UCG-009
0fac67c32f88fa177988e4ee8415267c	d__Bacteria; p__Firmicutes; c__Clostridia; o__Eubacteriales; f__Anaerofustaceae; g__Anaerofustis; s__Anaerofustis_stercorihominis
3e6d8559c2dc6461a98ff0d010dc0d41	d__Bacteria; p__Firmicutes; c__Clostridia; o__Oscillospirales; f__Butyricicoccaceae; g__Butyricicoccus
5009ea912666f8d678f8d833e8c507cf	d__Bacteria; p__Firmicutes; c__Clostridia; o__Oscillospirales; f__Ruminococcaceae; g__Subdoligranulum
1d25ac2826ae5b253508b20edc5ecd36	d__Bacteria; p__Firmicutes; c__Clostridia; o__Oscillospirales; f__Butyricicoccaceae; g__Butyricicoccus
e2a7f28ecacbf5023c6fd724a23d6bea	d__Bacteria; p__Firmicutes; c__Clostridia; o__Oscillospirales; f__Butyricicoccaceae; g__Butyricicoccus
c3d711d43e32c645afd4adf773f10dc0	d__Bacteria; p__Firmicutes; c__Clostridia; o__Oscillospirales; f__Butyricicoccaceae; g__Butyricicoccus
b05b5dc61ecd09f38c8df6e1199176f0	d__Bacteria; p__Firmicutes; c__Clostridia; o__Oscillospirales; f__Butyricicoccaceae; g__Butyricicoccus
c54697ad2a029a39c6e07a3e158370e3	d__Bacteria; p__Firmicutes; c__Clostridia; o__Oscillospirales; f__Butyricicoccaceae; g__Butyricicoccus; s__uncultured_bacterium
12421685b233cbfd6f312194f0b2c939	d__Bacteria; p__Firmicutes; c__Clostridia; o__Oscillospirales; f__Butyricicoccaceae; g__Butyricicoccus
85a905c313b0ad5515cf1bae11405a5e	d__Bacteria; p__Firmicutes; c__Clostridia; o__Oscillospirales; f__Butyricicoccaceae; g__Butyricicoccus; s__uncultured_bacterium
3fe85a730199edec68a0de41565e6bba	d__Bacteria
b52037da6c047887ce45a0d5b684da7e	d__Bacteria; p__Firmicutes; c__Clostridia
96e9f3ed6e92f7bf557ffcb1a71a7858	d__Bacteria; p__Firmicutes; c__Clostridia; o__Oscillospirales; f__Butyricicoccaceae; g__Butyricicoccus
ff5abf76a5d9381acdededf8579b5a33	d__Bacteria; p__Firmicutes; c__Clostridia; o__Oscillospirales; f__Butyricicoccaceae; g__Butyricicoccus
c8364fdb69d313191d4dc7a6d78eab5c	d__Bacteria; p__Firmicutes; c__Clostridia; o__Oscillospirales; f__Butyricicoccaceae; g__Butyricicoccus
fcd5c115fa44099c45e0ee35a2d2d7a4	d__Bacteria; p__Firmicutes; c__Clostridia; o__Oscillospirales; f__Butyricicoccaceae; g__Butyricicoccus; s__Butyricicoccus_sp.
258c423c13ff565b9767a4df76be77c4	d__Bacteria; p__Firmicutes; c__Clostridia; o__Oscillospirales; f__Butyricicoccaceae; g__Butyricicoccus
bc36bc8af6c7f2acedf6b71ee6653bc7	d__Bacteria; p__Firmicutes; c__Clostridia; o__Oscillospirales; f__Butyricicoccaceae; g__Butyricicoccus
622a47bde069cfcca62f47251f229537	d__Bacteria; p__Firmicutes; c__Clostridia; o__Oscillospirales; f__Butyricicoccaceae; g__Butyricicoccus
edce9016c1fe4a8e1707bbcf0a4a650e	d__Bacteria; p__Firmicutes; c__Clostridia
ab7213fb841a04e9dc8297d3148a1170	d__Bacteria; p__Firmicutes; c__Clostridia
63d13fa86f60d072f99684914c1dffff	d__Bacteria; p__Firmicutes; c__Clostridia; o__Oscillospirales; f__Butyricicoccaceae; g__Butyricicoccus
ffabad1844f95b7f7a80542f49ca46ec	d__Bacteria; p__Firmicutes; c__Clostridia; o__Oscillospirales; f__Butyricicoccaceae; g__Butyricicoccus
465d9eef2b200616289319136b63ccc6	d__Bacteria; p__Firmicutes; c__Clostridia; o__Oscillospirales; f__Butyricicoccaceae; g__Butyricicoccus
a2a5c11591afb2c807804217ffde9ab1	d__Bacteria; p__Firmicutes; c__Clostridia; o__Oscillospirales; f__Butyricicoccaceae; g__Butyricicoccus; s__uncultured_bacterium
9271723cd0b0463acee6992e6e06fa1d	d__Bacteria; p__Firmicutes; c__Clostridia; o__Oscillospirales; f__Butyricicoccaceae; g__Butyricicoccus
3db9a36d17edc8f552b0d158c6805e5f	d__Bacteria; p__Firmicutes; c__Clostridia; o__Oscillospirales; f__Butyricicoccaceae; g__Butyricicoccus
e6b8c0b446ee276b2f9ffc8d01b3ead8	d__Bacteria; p__Firmicutes; c__Clostridia; o__Oscillospirales; f__Butyricicoccaceae; g__Butyricicoccus
c87091520d2b32fec72e7adf24dee445	d__Bacteria; p__Firmicutes; c__Clostridia; o__Oscillospirales; f__Butyricicoccaceae; g__Butyricicoccus
bb34859aa8997caf1aac11d2ddee0a14	d__Bacteria; p__Firmicutes; c__Clostridia; o__Oscillospirales; f__Butyricicoccaceae; g__Butyricicoccus
10fb579f537dfb07d5417790bfe7a775	d__Bacteria; p__Firmicutes; c__Clostridia; o__Oscillospirales; f__Butyricicoccaceae; g__Butyricicoccus
9595b93ad7817f25fbfc1002612351a0	d__Bacteria; p__Firmicutes; c__Clostridia; o__Oscillospirales; f__Butyricicoccaceae; g__Butyricicoccus
f25c1f7f9128c36cb86687782f2a1ec6	d__Bacteria; p__Firmicutes; c__Clostridia; o__Oscillospirales; f__Butyricicoccaceae; g__Butyricicoccus; s__uncultured_bacterium
f5cf48102b61336e4eeeed169b5e3245	d__Bacteria; p__Proteobacteria; c__Gammaproteobacteria; o__Burkholderiales
96b4ead60885b2ab92b2335c16edfcb2	d__Bacteria; p__Firmicutes; c__Clostridia; o__Oscillospirales; f__Butyricicoccaceae; g__Butyricicoccus
b38d9e0e0ed68dcee25e049f82e52ded	d__Bacteria; p__Firmicutes; c__Clostridia; o__Oscillospirales; f__Butyricicoccaceae; g__Butyricicoccus; s__uncultured_bacterium
543fe630fd939750becd9c80a6b7dc75	d__Bacteria; p__Firmicutes; c__Clostridia
29266c20205da20ba5e316be67e24a7f	d__Bacteria; p__Firmicutes; c__Clostridia; o__Oscillospirales; f__Butyricicoccaceae; g__Butyricicoccus
6f00e0ed64aa3d0b0a51ebdedb71cc59	d__Bacteria; p__Firmicutes; c__Clostridia; o__Oscillospirales; f__Butyricicoccaceae; g__Butyricicoccus; s__uncultured_bacterium
24860e5265597c1f686b327e50407bdc	d__Bacteria; p__Firmicutes; c__Clostridia; o__Oscillospirales; f__Butyricicoccaceae; g__Butyricicoccus
2ae0841976734ef5bcde42dd57f0886b	d__Bacteria; p__Firmicutes; c__Clostridia; o__Oscillospirales; f__Butyricicoccaceae; g__Butyricicoccus; s__uncultured_bacterium
3a932efa3abc9bbcd537427e408ae4fb	d__Bacteria; p__Firmicutes; c__Clostridia
b43d1708f26d373f37fa134a1258187a	d__Bacteria; p__Firmicutes; c__Clostridia; o__Oscillospirales; f__Butyricicoccaceae; g__Butyricicoccus
958589715945f5405b29e61e999dc779	d__Bacteria; p__Firmicutes; c__Clostridia; o__Oscillospirales; f__Butyricicoccaceae
51849b0e1f6c7e919966119a310c580f	d__Bacteria; p__Firmicutes; c__Clostridia; o__Oscillospirales; f__Butyricicoccaceae; g__Butyricicoccus; s__uncultured_bacterium
a35c1ddb5937a7b92c27d59fc4423624	d__Bacteria; p__Firmicutes; c__Clostridia
17fd28578c148fbda781cd99a3cd289f	d__Bacteria; p__Firmicutes; c__Clostridia
087b8509ed67cdb32cf660ecf29d424c	d__Bacteria; p__Firmicutes; c__Clostridia; o__Oscillospirales
3ddee6dc9496bbcc687146302fca7cf9	d__Bacteria; p__Firmicutes; c__Clostridia; o__Monoglobales; f__Monoglobaceae; g__Monoglobus
a8f9ffe0be044614363be2de0d05b320	d__Bacteria; p__Firmicutes; c__Clostridia; o__Monoglobales; f__Monoglobaceae; g__Monoglobus
038a65e70c214d0b3b90a4cb4352b873	d__Bacteria; p__Firmicutes; c__Clostridia
a9da000ba61fbbe7f704305e680c7e44	d__Bacteria; p__Firmicutes; c__Clostridia
c72020642782ab07a265fb9b3d7df049	d__Bacteria; p__Firmicutes; c__Clostridia
a7ef062d1c3a99e7bd740fa955e2d22c	d__Bacteria; p__Firmicutes; c__Clostridia
517c5ceca72870d850b1ed386a581750	d__Bacteria; p__Firmicutes; c__Clostridia; o__Oscillospirales
9316ea6cd1625054e58f1f91c542b962	d__Bacteria; p__Firmicutes; c__Clostridia; o__Eubacteriales; f__Anaerofustaceae; g__Anaerofustis; s__uncultured_bacterium
fd4a7d2c5534e127ed795bb6b26405de	d__Bacteria; p__Firmicutes; c__Syntrophomonadia; o__Syntrophomonadales; f__Syntrophomonadaceae
f1526a178021a1a8f1a2403f7da92112	d__Bacteria; p__Actinobacteriota; c__Coriobacteriia; o__Coriobacteriales; f__Eggerthellaceae
a08019e93363b9c55f55aa19cb874020	d__Bacteria
fa9b8d5847a2ce9521d81cdd258d95c3	d__Bacteria; p__Firmicutes; c__Clostridia; o__Lachnospirales; f__Lachnospiraceae
1c607d4f3975c67a5e1b2010ba3bda55	d__Bacteria; p__Firmicutes; c__Clostridia; o__Monoglobales; f__Monoglobaceae; g__Monoglobus
91a53b85c08ffd7135995478c4c6f360	d__Bacteria; p__Firmicutes; c__Clostridia; o__Monoglobales; f__Monoglobaceae; g__Monoglobus
aa5bb2ea90f3271e18efdffc24de3a29	d__Bacteria; p__Firmicutes; c__Clostridia; o__Monoglobales; f__Monoglobaceae; g__Monoglobus
b5da442b6023a8bd3af6a26a32c0883f	d__Bacteria; p__Firmicutes; c__Clostridia; o__Monoglobales; f__Monoglobaceae; g__Monoglobus; s__uncultured_bacterium
dccd5f27ee8db4f4cebb4bb222a90f5c	d__Bacteria; p__Firmicutes; c__Clostridia; o__Oscillospirales
f08566891fbfd26c72232ce995975401	d__Bacteria; p__Firmicutes; c__Clostridia
4e419c2da2afe56075e6d7a35c0e36da	d__Bacteria; p__Firmicutes; c__Clostridia; o__Monoglobales; f__Monoglobaceae; g__Monoglobus
b0bb19355358e7474d7a86e78119bfbe	d__Bacteria; p__Firmicutes; c__Clostridia; o__Monoglobales; f__Monoglobaceae; g__Monoglobus; s__uncultured_Clostridiales
03d2a1b3bba08c137a344641978f0433	d__Bacteria; p__Firmicutes; c__Clostridia; o__Oscillospirales; f__Ruminococcaceae; g__Subdoligranulum
98e289a9d779f5df500a6a3f4f3b16b5	d__Bacteria; p__Firmicutes; c__Clostridia; o__Monoglobales; f__Monoglobaceae; g__Monoglobus; s__uncultured_bacterium
0677b4214ffb5a373772821b013a13d7	d__Bacteria; p__Firmicutes; c__Clostridia; o__Oscillospirales; f__Ruminococcaceae; g__Ruminococcus
37cac6b9d9b1a61ff61722359b56e827	d__Bacteria; p__Firmicutes; c__Clostridia
fd7de68445b6b176ea48434e389e731d	d__Bacteria; p__Firmicutes; c__Clostridia; o__Oscillospirales; f__Ruminococcaceae
9f86a73d6a544cefd9539bbe94cec018	d__Bacteria; p__Firmicutes; c__Clostridia; o__Monoglobales; f__Monoglobaceae; g__Monoglobus; s__uncultured_bacterium
96149a62c6d3a6d4d65c2725e2f7d596	d__Bacteria; p__Firmicutes; c__Clostridia; o__Monoglobales; f__Monoglobaceae; g__Monoglobus; s__uncultured_bacterium
ca01514afaca170c852624ac094bfbe4	d__Bacteria; p__Firmicutes; c__Clostridia
08ef2bdd523be0b824f087acc640388e	d__Bacteria; p__Firmicutes; c__Clostridia; o__Eubacteriales; f__Anaerofustaceae; g__Anaerofustis; s__Anaerofustis_sp.
87fea2b91132df1cb7873cde71455220	d__Bacteria; p__Firmicutes; c__Clostridia; o__Oscillospirales; f__Butyricicoccaceae; g__Butyricicoccus
1c9bcfdaf4cc59c97cfa7529177f63ce	d__Bacteria; p__Firmicutes; c__Clostridia; o__Oscillospirales; f__Butyricicoccaceae; g__Butyricicoccus
5830b57584b31b40302f29becf546c5e	d__Bacteria; p__Firmicutes; c__Clostridia; o__Monoglobales; f__Monoglobaceae; g__Monoglobus
2284c08280e563b08bca5bdf7fa25ecf	d__Bacteria; p__Firmicutes; c__Clostridia
72fd451946ef705d57e5d75606ef2a32	d__Bacteria; p__Firmicutes; c__Clostridia; o__Monoglobales; f__Monoglobaceae; g__Monoglobus
4572915e585af53651c94c80c1d7e76d	d__Bacteria; p__Firmicutes; c__Clostridia; o__Monoglobales; f__Monoglobaceae; g__Monoglobus; s__uncultured_bacterium
954a99bb70830ac252b935d38d3d742d	d__Bacteria; p__Firmicutes; c__Clostridia; o__Monoglobales; f__Monoglobaceae; g__Monoglobus; s__uncultured_bacterium
639be8720f7aee969ab2c28a30888df5	d__Bacteria; p__Firmicutes; c__Clostridia; o__Monoglobales; f__Monoglobaceae; g__Monoglobus
5a73fc8e73686218f01efc11124b969c	d__Bacteria; p__Firmicutes; c__Clostridia; o__Monoglobales; f__Monoglobaceae; g__Monoglobus
08d376f5f266c4ae53ca3b322f09247b	d__Bacteria; p__Firmicutes; c__Clostridia; o__Monoglobales; f__Monoglobaceae; g__Monoglobus
f6239d83ed06a623f2baa7f148bafad9	d__Bacteria; p__Firmicutes; c__Clostridia
8d2c406c5fd7ed3883e523074293d573	d__Bacteria; p__Firmicutes; c__Clostridia; o__Monoglobales; f__Monoglobaceae; g__Monoglobus
58f6c8c3c59ebd434ff272e6309497f3	d__Bacteria; p__Firmicutes; c__Bacilli; o__Erysipelotrichales; f__Erysipelotrichaceae; g__Holdemanella; s__uncultured_bacterium
e77bef3875d196ad53a3e0b4b32586fa	d__Bacteria; p__Firmicutes; c__Clostridia; o__Monoglobales; f__Monoglobaceae; g__Monoglobus; s__uncultured_bacterium
16728f024f2d254bdecc2e7383697c39	d__Bacteria; p__Firmicutes; c__Clostridia; o__Lachnospirales; f__Lachnospiraceae
c2dfb0b0b50c1d0f4cae555cdf487ff3	d__Bacteria; p__Firmicutes; c__Clostridia; o__Lachnospirales; f__Lachnospiraceae
2c3650f247d522c2127c64fdac109e89	d__Bacteria; p__Firmicutes; c__Clostridia
7ca4c9c45732b36527b8094fedee582d	d__Bacteria; p__Firmicutes; c__Clostridia; o__Eubacteriales; f__Eubacteriaceae; g__Eubacterium
750b1930fff6ef0c778e372cef6ea2f6	d__Bacteria; p__Firmicutes; c__Clostridia; o__Oscillospirales; f__Butyricicoccaceae; g__UCG-009; s__uncultured_bacterium
dcd196fd86933c990b915d7d20491f2e	d__Bacteria; p__Proteobacteria; c__Gammaproteobacteria; o__Pasteurellales; f__Pasteurellaceae; g__Haemophilus
a67bfdad1f74b85d8c452288b394ea66	d__Bacteria
e68cc5fa0e38aa57c175893509dd225d	d__Bacteria; p__Proteobacteria; c__Gammaproteobacteria; o__Pasteurellales; f__Pasteurellaceae; g__Haemophilus
70c7363e117c09691753609f78edf4d7	d__Bacteria; p__Proteobacteria; c__Gammaproteobacteria; o__Pasteurellales; f__Pasteurellaceae; g__Haemophilus
e9a2aa1335f01b0cd8673e93c6096dcd	d__Bacteria; p__Proteobacteria; c__Gammaproteobacteria; o__Pasteurellales; f__Pasteurellaceae; g__Haemophilus
3ed5d143f17f81a5543b15a9596a52e2	d__Bacteria; p__Proteobacteria; c__Gammaproteobacteria; o__Pasteurellales; f__Pasteurellaceae; g__Haemophilus
c7c874818ede7dcc594cf439eb99deab	d__Bacteria; p__Proteobacteria; c__Gammaproteobacteria; o__Pasteurellales; f__Pasteurellaceae; g__Haemophilus
50f6a46c36002ea566302a3c90810218	d__Bacteria; p__Proteobacteria; c__Gammaproteobacteria; o__Pasteurellales; f__Pasteurellaceae; g__Haemophilus
60069deb4c6f010ad43d61abc249f58e	d__Bacteria; p__Proteobacteria; c__Gammaproteobacteria; o__Pasteurellales; f__Pasteurellaceae; g__Haemophilus
6557ff774b44387590a43f25502d0df7	d__Bacteria; p__Proteobacteria; c__Gammaproteobacteria; o__Pasteurellales; f__Pasteurellaceae; g__Haemophilus; s__Haemophilus_pittmaniae
b8f4efc8e2116e05d4061511d07b8ae1	d__Bacteria; p__Proteobacteria; c__Gammaproteobacteria; o__Pasteurellales; f__Pasteurellaceae; g__Haemophilus; s__Haemophilus_pittmaniae
c6aaf1c4966f44b021d09676d7bfa047	d__Bacteria; p__Proteobacteria; c__Gammaproteobacteria; o__Pasteurellales; f__Pasteurellaceae
e6b7068932502d192210e5b3e3ecd274	d__Bacteria; p__Proteobacteria; c__Gammaproteobacteria; o__Pasteurellales; f__Pasteurellaceae; g__Haemophilus
3fb6ac3dd5b4697509edd5006889cd33	d__Bacteria; p__Proteobacteria; c__Gammaproteobacteria; o__Pasteurellales; f__Pasteurellaceae; g__Haemophilus
4a41bccfb4e956ef2ff44ee2ba7fd922	d__Bacteria; p__Proteobacteria; c__Gammaproteobacteria
c0b5ea9fa851aebe24d2110cec548720	d__Bacteria; p__Firmicutes; c__Clostridia; o__Clostridia; f__Hungateiclostridiaceae
d09d01bf840124c6d2910f803888ddcf	d__Bacteria; p__Firmicutes; c__Clostridia
0f51afe49e06d9e63f262dc5b7e0c90a	d__Bacteria; p__Firmicutes; c__Clostridia
92276ffbca0f914fbc6f6e133fea900e	d__Bacteria; p__Firmicutes; c__Clostridia; o__Clostridia_UCG-014; f__Clostridia_UCG-014; g__Clostridia_UCG-014; s__uncultured_bacterium
27d46dee1dc681d64841ee7c868adfa9	d__Bacteria; p__Firmicutes; c__Clostridia
19b4604810c0b2306e62d17dd6e24847	d__Bacteria; p__Firmicutes; c__Clostridia
aa019814863d04629383ad7f24a117e7	d__Bacteria; p__Firmicutes; c__Clostridia; o__uncultured; f__uncultured; g__uncultured; s__uncultured_bacterium
3268f138653502cc5f39870be9ca926b	d__Bacteria; p__Firmicutes; c__Clostridia
786e574126dd5702bffcab9fd98448cf	d__Bacteria; p__Fusobacteriota; c__Fusobacteriia; o__Fusobacteriales; f__Fusobacteriaceae; g__Fusobacterium
f061da053ef98d308c5e0f1a27c1a5c1	d__Bacteria; p__Fusobacteriota; c__Fusobacteriia; o__Fusobacteriales; f__Fusobacteriaceae; g__Fusobacterium; s__Fusobacterium_periodonticum
94f56a8e3e0b3f6f1989e29c511a64e5	d__Bacteria; p__Fusobacteriota; c__Fusobacteriia; o__Fusobacteriales; f__Fusobacteriaceae; g__Fusobacterium
d1cf11d268b5d8c387a655c70226dc69	d__Bacteria; p__Desulfobacterota; c__Desulfovibrionia; o__Desulfovibrionales; f__Desulfovibrionaceae; g__Desulfovibrio; s__bacterium
547837bc380f7e76806880be4ea427e4	d__Bacteria; p__Firmicutes; c__Clostridia; o__Lachnospirales; f__Lachnospiraceae; g__Butyrivibrio; s__Butyrivibrio_crossotus
d6123aa2ca8e00364f873cf581803f6a	d__Bacteria; p__Firmicutes; c__Clostridia; o__Lachnospirales; f__Lachnospiraceae; g__Butyrivibrio; s__Butyrivibrio_crossotus
d970ab4773dbb9ea1535d873f5617763	d__Bacteria; p__Firmicutes; c__Clostridia; o__Lachnospirales; f__Lachnospiraceae
1298161015f0e28f345b73e5c2d0bbfd	d__Bacteria; p__Firmicutes; c__Clostridia; o__Lachnospirales; f__Lachnospiraceae
9970ad771b28763907c779633ccb2386	d__Bacteria; p__Cyanobacteria; c__Vampirivibrionia; o__Gastranaerophilales; f__Gastranaerophilales; g__Gastranaerophilales
2920a03aee4f3de8c673ef969365b197	d__Bacteria; p__Firmicutes; c__Clostridia; o__Lachnospirales; f__Lachnospiraceae; g__Butyrivibrio; s__uncultured_organism
6334ae407cf6f3e9bc257dd6c33190e3	d__Bacteria; p__Firmicutes; c__Clostridia; o__Lachnospirales; f__Lachnospiraceae; g__Butyrivibrio; s__uncultured_organism
060fd2e8884b4e138dce71f70b8df0f5	d__Bacteria; p__Firmicutes; c__Clostridia; o__Lachnospirales; f__Lachnospiraceae
1cb3cd9dc8dad1654999ff22f0d5ed18	d__Bacteria; p__Firmicutes; c__Clostridia; o__Lachnospirales; f__Lachnospiraceae; g__Hungatella
8f839aeca1242ec6cece318dbb9af0fe	d__Bacteria; p__Firmicutes; c__Clostridia; o__Lachnospirales; f__Lachnospiraceae; g__Hungatella
cbebb573f36841c94f51a5faebc898e9	d__Bacteria; p__Firmicutes; c__Clostridia; o__Lachnospirales; f__Lachnospiraceae; g__Hungatella
27610961d62cd3f6d50edca5c6d5ae95	d__Bacteria; p__Firmicutes; c__Clostridia; o__Lachnospirales; f__Lachnospiraceae
35e971f134e061f266eb66e861ca2089	d__Bacteria; p__Firmicutes; c__Clostridia; o__Lachnospirales; f__Lachnospiraceae
b84a8094727deba3aeaebc7a19616ffb	d__Bacteria; p__Firmicutes; c__Clostridia; o__Lachnospirales; f__Lachnospiraceae
f40e4ed64743542e659d18fadc0a6f85	d__Bacteria; p__Firmicutes; c__Clostridia; o__Lachnospirales; f__Lachnospiraceae; g__Hungatella
9f2e95b42c1636e67c8d545ce697380b	d__Bacteria; p__Firmicutes; c__Clostridia; o__Lachnospirales; f__Lachnospiraceae; g__Butyrivibrio; s__Butyrivibrio_crossotus
b887239551552bac2463c1f889f3385f	d__Bacteria; p__Bacteroidota; c__Bacteroidia
1c5be095cb16fd3b55c59ddd3a52a429	d__Bacteria; p__Firmicutes; c__Clostridia
351b1eedfc4a1a69a5aa4e5173b80de6	d__Bacteria; p__Firmicutes; c__Clostridia; o__Lachnospirales; f__Lachnospiraceae; g__[Eubacterium]_oxidoreducens_group; s__uncultured_bacterium
7df7575b02df24daaddeb5ad9a64a9dd	d__Bacteria; p__Proteobacteria; c__Alphaproteobacteria; o__Rhizobiales; f__Xanthobacteraceae; g__Bradyrhizobium
4885618f98dbfadb9b030f9a28074158	d__Bacteria; p__Proteobacteria; c__Gammaproteobacteria; o__Pseudomonadales; f__Moraxellaceae; g__Psychrobacter
866829f5f429e95bdf0de9afaf7dbbe3	d__Bacteria; p__Firmicutes; c__Clostridia; o__Oscillospirales; f__UCG-010; g__UCG-010; s__uncultured_bacterium
64b502e59521ca07d44ed4b295a988e8	d__Bacteria; p__Proteobacteria; c__Alphaproteobacteria; o__Rhizobiales; f__Xanthobacteraceae
c035a7bf76671804f940ce5380abea40	d__Bacteria
99022fb29935a2a8614f4c71cb41e1a7	d__Bacteria; p__Firmicutes; c__Clostridia; o__Clostridia_vadinBB60_group; f__Clostridia_vadinBB60_group; g__Clostridia_vadinBB60_group; s__uncultured_bacterium
b5b1efd1f631ffdac75e00c565a840ba	d__Bacteria; p__Firmicutes; c__Clostridia; o__Oscillospirales; f__UCG-010; g__UCG-010; s__gut_metagenome
46218fc57fd82dbf122cb0465e4ebe7a	d__Bacteria; p__Firmicutes; c__Clostridia; o__Lachnospirales; f__Lachnospiraceae
9d9f87b8dc57238605e51ecf2f54a9ee	d__Bacteria; p__Firmicutes; c__Clostridia; o__Oscillospirales; f__UCG-010; g__UCG-010; s__gut_metagenome
c135a2f94486babb0137fc2ba37920ab	d__Bacteria; p__Firmicutes; c__Clostridia; o__Oscillospirales; f__UCG-010; g__UCG-010; s__gut_metagenome
d3844080ea3a2ad3da5b9804472a1a2b	d__Bacteria; p__Firmicutes; c__Clostridia; o__Oscillospirales; f__UCG-010; g__UCG-010
b8ca111d1e89931f6b23dce74ffe9572	d__Bacteria; p__Firmicutes; c__Clostridia; o__Oscillospirales; f__UCG-010; g__UCG-010
ecc987701f4b48c5923d7db8ec7ff0ec	d__Bacteria; p__Firmicutes; c__Clostridia; o__Oscillospirales; f__UCG-010; g__UCG-010
682925c308aedeb4cfb6d5c4f2c252d3	d__Bacteria; p__Bacteroidota; c__Bacteroidia; o__Bacteroidales; f__Bacteroidaceae; g__Bacteroides
d6888f3dfe0aafd83dc1e213b91cab21	d__Bacteria; p__Firmicutes; c__Clostridia; o__Oscillospirales; f__Oscillospiraceae
5c00a15e4407770cbd7436eda84f78ca	d__Bacteria; p__Firmicutes; c__Clostridia; o__Oscillospirales; f__Oscillospiraceae; g__Oscillibacter
a8bff614d81791fe612e95ba8bed5326	d__Bacteria; p__Firmicutes; c__Clostridia; o__Oscillospirales; f__Oscillospiraceae; g__Oscillibacter
707cf35b9f8407d2665f4a71a0c7cba8	d__Bacteria; p__Firmicutes; c__Clostridia; o__Oscillospirales; f__Oscillospiraceae; g__Oscillibacter
cc1cda0e94fead7288024325dd65e7bf	d__Bacteria; p__Firmicutes; c__Clostridia; o__Oscillospirales; f__Oscillospiraceae; g__Oscillibacter
6f4d0ee20a84ef72c37829e27d75df33	d__Bacteria; p__Firmicutes; c__Clostridia; o__Oscillospirales; f__Oscillospiraceae; g__Oscillibacter
c764b2b4636beba36a2c9ec8788ac347	d__Bacteria; p__Firmicutes; c__Clostridia; o__Oscillospirales; f__Oscillospiraceae; g__Oscillibacter
e412c5d8755b1be341917ad7c6c850f4	d__Bacteria; p__Firmicutes; c__Clostridia; o__Oscillospirales; f__Oscillospiraceae; g__Oscillibacter
cc197c18c6292c74ee5dc8dd0825facb	d__Bacteria; p__Firmicutes; c__Clostridia; o__Oscillospirales; f__Oscillospiraceae; g__Oscillibacter; s__uncultured_Clostridiales
adbc29ca3b0aa6aac4d977b159a1c578	d__Bacteria; p__Firmicutes; c__Clostridia; o__Oscillospirales; f__Oscillospiraceae; g__Oscillibacter; s__uncultured_Clostridiales
e1c2b7d6857dde567a534d44459ab1e8	d__Bacteria; p__Firmicutes; c__Clostridia; o__Oscillospirales; f__Oscillospiraceae; g__Oscillibacter; s__uncultured_Clostridiales
435a0e8d6af36a0fd98fbd1144eeb168	d__Bacteria; p__Firmicutes; c__Clostridia; o__Oscillospirales; f__Oscillospiraceae; g__Oscillibacter
1d4a95808a488932d6238a100b9d1ac0	d__Bacteria; p__Firmicutes; c__Clostridia; o__Oscillospirales; f__Oscillospiraceae; g__Oscillibacter
ecc30a0f780cc9f0baba10e12371beff	d__Bacteria; p__Firmicutes; c__Clostridia; o__Oscillospirales; f__Oscillospiraceae; g__Oscillibacter; s__uncultured_organism
87ceb9e7a9319002b79d0f5945196f46	d__Bacteria; p__Firmicutes; c__Clostridia; o__Oscillospirales; f__Oscillospiraceae; g__Oscillibacter; s__uncultured_organism
ef47b588acf30a95316d0664ed29a727	d__Bacteria; p__Firmicutes; c__Clostridia; o__Oscillospirales; f__Oscillospiraceae; g__Oscillibacter
0392d7bfc4fb97898c49c8453845a8de	d__Bacteria; p__Firmicutes; c__Clostridia; o__Oscillospirales; f__Oscillospiraceae; g__Oscillibacter
02c40e89efd7865318127e351698e185	d__Bacteria; p__Firmicutes; c__Clostridia; o__Oscillospirales; f__Oscillospiraceae
d505141b25f73ba29745e2e790be4ef5	d__Bacteria; p__Bacteroidota; c__Bacteroidia; o__Bacteroidales; f__Bacteroidaceae; g__Bacteroides
0282d88c3c8c723921eb89952bd38b58	d__Bacteria; p__Firmicutes; c__Clostridia; o__Oscillospirales; f__Oscillospiraceae; g__Oscillospira; s__uncultured_organism
48d03f8dda123b3e3113204282bba046	d__Bacteria; p__Firmicutes; c__Clostridia; o__Oscillospirales; f__Oscillospiraceae; g__Oscillospira; s__uncultured_organism
13e8d8fac74e6def56c21d501ef824be	d__Bacteria; p__Firmicutes; c__Clostridia; o__Oscillospirales; f__Oscillospiraceae; g__Oscillibacter; s__human_gut
8550b013ac3895b8c8b52b245bee2cdc	d__Bacteria; p__Firmicutes; c__Clostridia; o__Oscillospirales; f__Oscillospiraceae; g__Oscillibacter; s__human_gut
9a44b7c5dc750da9e5a77cc627069569	d__Bacteria; p__Firmicutes; c__Clostridia; o__Oscillospirales; f__Oscillospiraceae; g__Oscillospira
1f61bd3075a5b1f58f10db1c879af04a	d__Bacteria; p__Firmicutes; c__Clostridia; o__Oscillospirales; f__Oscillospiraceae; g__Oscillospira
ec95650b1ac440c2677f84f29f7ab61b	d__Bacteria; p__Firmicutes; c__Clostridia; o__Oscillospirales; f__Oscillospiraceae; g__Oscillospira; s__uncultured_bacterium
4e28e0c13e7af3ac9a622d10c7e92a78	d__Bacteria; p__Firmicutes; c__Clostridia; o__Oscillospirales; f__Oscillospiraceae; g__Oscillospira; s__uncultured_organism
1717ff1b5c3aea1b29e67e7f0974cb7d	d__Bacteria; p__Firmicutes; c__Clostridia; o__Oscillospirales; f__Oscillospiraceae; g__Oscillospira
1ad0d4cce11d71627921c9c3f48956b8	d__Bacteria; p__Firmicutes; c__Clostridia; o__Oscillospirales; f__Oscillospiraceae; g__Oscillospira
76ac01d04a11b4b79f5d768c325d98d9	d__Bacteria; p__Firmicutes; c__Clostridia; o__Oscillospirales; f__Oscillospiraceae; g__Oscillospira; s__uncultured_organism
2a90c5b653702359d1a07397e3dfddca	d__Bacteria; p__Firmicutes; c__Clostridia; o__Oscillospirales; f__Oscillospiraceae
eef3c96cd45cbbcdd0b97bafd9106690	d__Bacteria; p__Firmicutes; c__Clostridia; o__Oscillospirales; f__Oscillospiraceae
b29d9c1c66425fe2f5ba877aed548ffc	d__Bacteria; p__Firmicutes; c__Clostridia; o__Oscillospirales; f__Oscillospiraceae
7dd16dc2d01eda1eb2983fb65c918c9d	d__Bacteria; p__Firmicutes; c__Clostridia; o__Oscillospirales; f__Oscillospiraceae; g__Oscillibacter
5d3524da70b086a3aecf5f1fd7f799a2	d__Bacteria; p__Firmicutes; c__Clostridia; o__Oscillospirales; f__Oscillospiraceae
94eb583911cd2c1440e78ce6b8dbdd38	d__Bacteria; p__Firmicutes; c__Clostridia; o__Oscillospirales; f__Oscillospiraceae
b8c8228ccbac6f87e702b5ae7177d733	d__Bacteria; p__Firmicutes; c__Clostridia
bc74cdadd814d665cc9671b98991e34d	d__Bacteria; p__Proteobacteria; c__Gammaproteobacteria; o__Burkholderiales; f__Comamonadaceae
459bc30c4bec7653443a6528b25fd257	d__Bacteria; p__Firmicutes; c__Clostridia
7f29c52542fe99b6a780f23edc5e4d06	d__Bacteria
cfe814ae68fd02ff1bfc964a67ff32f8	d__Bacteria; p__Bacteroidota; c__Bacteroidia
017f2f8ecf2f71e1247ae3214f864cb5	d__Bacteria; p__Firmicutes; c__Clostridia
1cf1040c341f1eb3649443570ae3ea0a	d__Bacteria; p__Firmicutes; c__Clostridia
56ce8974aa556c2dbd88676d2f1c5e60	d__Bacteria; p__Firmicutes; c__Clostridia; o__Oscillospirales; f__Oscillospiraceae; g__Oscillibacter
2942fb4b374399bb2bb2dbe99340089f	d__Bacteria; p__Firmicutes; c__Clostridia; o__Oscillospirales; f__Oscillospiraceae; g__Oscillibacter
0ffc1c02ca941d9dde057b3846dbb84b	d__Bacteria; p__Firmicutes; c__Clostridia; o__Oscillospirales; f__Oscillospiraceae
33512623457f4cce88945423f060ead1	d__Bacteria; p__Firmicutes; c__Clostridia; o__Oscillospirales; f__Oscillospiraceae
55034382fd18b8ebd5bbc2649ff7ddad	d__Bacteria; p__Firmicutes; c__Clostridia; o__Oscillospirales; f__Oscillospiraceae
23bacded4484533d9d1758ff537cc471	d__Bacteria; p__Firmicutes; c__Clostridia; o__Oscillospirales; f__Oscillospiraceae
0ed2323fcd4be4c05e95a8deb1bcbe9f	d__Bacteria; p__Firmicutes; c__Clostridia
29d2a8f3346d8db1f04cf3a1fb851a6f	d__Bacteria
deb2f78292ddb2715b39cbba4ec4bc56	d__Bacteria; p__Firmicutes; c__Clostridia; o__Lachnospirales; f__Lachnospiraceae; g__[Eubacterium]_oxidoreducens_group; s__uncultured_bacterium
858b459c774e55a2a8323dbd5e096243	d__Bacteria; p__Firmicutes; c__Clostridia
193e1e270a661c05d7563582edff9ece	d__Bacteria; p__Firmicutes; c__Clostridia; o__Oscillospirales; f__UCG-010; g__UCG-010
4a23e56136a58406f4e123745ae97f49	d__Bacteria; p__Firmicutes; c__Clostridia; o__Oscillospirales; f__UCG-010; g__UCG-010
b44e5900574dfe814d1db099cfe6b127	d__Bacteria; p__Firmicutes; c__Clostridia; o__Oscillospirales; f__UCG-010; g__UCG-010; s__uncultured_bacterium
59f367fbc61d304dd5b3f6bea7de1b92	d__Bacteria; p__Firmicutes; c__Clostridia
90d7cc8ce451e8e859ef381313a1b3e2	d__Bacteria; p__Firmicutes; c__Clostridia; o__Oscillospirales; f__UCG-010; g__UCG-010; s__gut_metagenome
063d8f0a7e90fc3a5e29b1b43bb4a0bb	d__Bacteria; p__Firmicutes; c__Clostridia
77747551efcd37be44ad45d471849873	d__Bacteria; p__Firmicutes; c__Clostridia
5f1abab167d4fa4d1a94acbe121aa6f3	d__Bacteria; p__Firmicutes; c__Clostridia; o__Clostridia_UCG-014; f__Clostridia_UCG-014; g__Clostridia_UCG-014; s__uncultured_bacterium
7f5cc1ed7145148131803eb847031188	d__Bacteria; p__Firmicutes; c__Clostridia; o__Oscillospirales
c9bafe5379c4ed698d06c3db9dad95ac	d__Bacteria; p__Firmicutes; c__Clostridia; o__Oscillospirales; f__[Eubacterium]_coprostanoligenes_group; g__[Eubacterium]_coprostanoligenes_group
3e6f4e04564fca86a11bc11844b28301	d__Bacteria
db71fea29123d63ad8912148bbd828a3	d__Bacteria
3a56b80207013a2a9950781143d32e64	d__Bacteria
753af1a806ae6c3955d81b5bafeb787c	d__Bacteria; p__Firmicutes
f438ccd30f4f192c489a92f32e49b3e9	d__Bacteria; p__Firmicutes; c__Clostridia
458ad3e27bed2d1303d4d8b986028468	d__Bacteria; p__Firmicutes; c__Clostridia; o__Lachnospirales; f__Lachnospiraceae; g__Lachnospiraceae_NC2004_group; s__uncultured_bacterium
76b16f78303c7e178b6ad1aeafbadb04	d__Bacteria; p__Firmicutes; c__Clostridia; o__Lachnospirales; f__Lachnospiraceae
c3e5257964e9e0203502c53ab23c6736	d__Bacteria; p__Firmicutes; c__Clostridia
4497b90f9e7f736fcfdca4a8989c80a0	d__Bacteria; p__Firmicutes; c__Clostridia; o__Christensenellales; f__Christensenellaceae; g__Christensenellaceae_R-7_group
319eb707d3530079ae29b7d3b679c979	d__Bacteria; p__Firmicutes; c__Clostridia; o__Christensenellales; f__Christensenellaceae; g__Christensenellaceae_R-7_group
c9721ad436d5c025d600926679c9872e	d__Bacteria; p__Firmicutes; c__Clostridia; o__Christensenellales; f__Christensenellaceae; g__Christensenellaceae_R-7_group
4df800a627f82ecb6d9c618188734d9b	d__Bacteria; p__Firmicutes; c__Clostridia
fe7bc9acd0b0ee2d4a2737684dec188e	d__Bacteria; p__Firmicutes; c__Clostridia
bfe26c7e621d67ddd09f93ce0942da05	d__Bacteria; p__Firmicutes; c__Clostridia; o__Christensenellales; f__Christensenellaceae; g__Christensenellaceae_R-7_group
ff80e0652a04087ec6f640396734aa9c	d__Bacteria; p__Firmicutes
337f3a257a31a8ea3239f69493ec4c97	d__Bacteria; p__Firmicutes; c__Bacilli; o__Erysipelotrichales; f__Erysipelotrichaceae
2c27199f92c96a563055c905a20eac64	d__Bacteria
126b8c7092664b98f188983557a487be	d__Bacteria; p__Firmicutes; c__Clostridia; o__Oscillospirales
2fc2ae81d1bcf7ffdcad0f6332253c56	d__Bacteria; p__Firmicutes; c__Clostridia; o__Christensenellales; f__Christensenellaceae; g__Christensenellaceae_R-7_group
d81b9f372574c87d622336f40135a177	d__Bacteria; p__Firmicutes; c__Clostridia; o__Oscillospirales; f__Ruminococcaceae; g__Faecalibacterium
ec1c8c08ec17910ea09a73a205600558	d__Bacteria; p__Bacteroidota; c__Bacteroidia; o__Bacteroidales; f__Bacteroidaceae; g__Bacteroides
93c324efaafa589540e80b78de8f48e2	d__Bacteria
24d3e03f121c13f431129e06cbb685c5	d__Bacteria; p__Firmicutes; c__Clostridia
0e4c44a71afe464677d2638e36c85303	d__Bacteria; p__Bacteroidota; c__Bacteroidia; o__Bacteroidales; f__Bacteroidaceae; g__Bacteroides
695dc3057580f0b65ca312852ee63ace	d__Bacteria; p__Firmicutes; c__Clostridia
0316690387471dcbe8055773bdb25028	d__Bacteria
b3676d511f980620189c670754735e62	d__Bacteria; p__Firmicutes; c__Clostridia
184638d77865d70516bef4391754aa47	d__Bacteria; p__Firmicutes; c__Clostridia; o__Clostridia_vadinBB60_group; f__Clostridia_vadinBB60_group; g__Clostridia_vadinBB60_group
55b7b865caa8ed06cc021f644c7f58f4	d__Bacteria; p__Bacteroidota; c__Bacteroidia; o__Bacteroidales; f__Bacteroidaceae; g__Bacteroides
a8b4017393a31b50d6fc0e19b61f85fc	d__Bacteria; p__Firmicutes; c__Clostridia; o__Clostridia_vadinBB60_group; f__Clostridia_vadinBB60_group; g__Clostridia_vadinBB60_group; s__uncultured_bacterium
e16613c4e16e00d39c7706b74dd109e6	d__Bacteria; p__Firmicutes; c__Clostridia; o__Clostridia_vadinBB60_group; f__Clostridia_vadinBB60_group; g__Clostridia_vadinBB60_group; s__uncultured_bacterium
4c9213ff2517010f729ef17fe9ca5a98	d__Bacteria; p__Firmicutes; c__Clostridia; o__Oscillospirales; f__UCG-010; g__UCG-010
63480c48ecdb41b0c67936e6e06ba98b	d__Bacteria; p__Firmicutes; c__Clostridia
5d687c17b87f46f6345de04274d173e5	d__Bacteria; p__Firmicutes; c__Clostridia; o__Clostridia_vadinBB60_group; f__Clostridia_vadinBB60_group; g__Clostridia_vadinBB60_group; s__uncultured_bacterium
0b06aee24e39d8ca76891049c27995c6	d__Bacteria; p__Firmicutes; c__Clostridia; o__Oscillospirales
af3f35cef1865ea271bf2d7b7aaf5f82	d__Bacteria; p__Firmicutes; c__Clostridia; o__Clostridia_vadinBB60_group; f__Clostridia_vadinBB60_group; g__Clostridia_vadinBB60_group; s__uncultured_organism
2dca3cd52472efb2f180028178092294	d__Bacteria; p__Firmicutes; c__Clostridia; o__Clostridia_vadinBB60_group; f__Clostridia_vadinBB60_group; g__Clostridia_vadinBB60_group; s__uncultured_organism
918118d170b301e30cd8c80b181060dc	d__Bacteria; p__Firmicutes; c__Clostridia; o__Oscillospirales; f__Ruminococcaceae; g__Faecalibacterium
346d71d3a02fc723477c4765a166f1de	d__Bacteria; p__Firmicutes; c__Clostridia; o__Clostridia_vadinBB60_group; f__Clostridia_vadinBB60_group; g__Clostridia_vadinBB60_group
61e69fef26bd73e0ca1f01682f19e87e	d__Bacteria; p__Firmicutes; c__Clostridia; o__Clostridia_vadinBB60_group; f__Clostridia_vadinBB60_group; g__Clostridia_vadinBB60_group; s__uncultured_bacterium
6de96fe013e4197b3fef9e51079956e3	d__Bacteria; p__Firmicutes; c__Clostridia; o__Clostridia_vadinBB60_group; f__Clostridia_vadinBB60_group; g__Clostridia_vadinBB60_group; s__uncultured_bacterium
b6b72832e2bcf3ef9d49803ffbb6b28b	d__Bacteria; p__Firmicutes; c__Clostridia; o__Clostridia_vadinBB60_group; f__Clostridia_vadinBB60_group; g__Clostridia_vadinBB60_group
a46753a09c5c117b19fe07eff02c8ac8	d__Bacteria; p__Firmicutes; c__Clostridia; o__Clostridia_vadinBB60_group; f__Clostridia_vadinBB60_group; g__Clostridia_vadinBB60_group; s__uncultured_bacterium
edfdceb3c67554d004da57a62c1db531	d__Bacteria; p__Firmicutes; c__Clostridia
7f6dfc0f0d45ea78111d074ae0493400	d__Bacteria; p__Firmicutes; c__Clostridia; o__Clostridia_vadinBB60_group; f__Clostridia_vadinBB60_group; g__Clostridia_vadinBB60_group
94353aaf613e019791cdf75676c947cf	d__Bacteria; p__Firmicutes; c__Clostridia; o__Clostridia_vadinBB60_group; f__Clostridia_vadinBB60_group; g__Clostridia_vadinBB60_group; s__gut_metagenome
2323b41622e1ed59eda8832c673ee858	d__Bacteria; p__Firmicutes; c__Clostridia; o__Christensenellales; f__Christensenellaceae
0059e9c64157742d73823583b1c4dcc5	d__Bacteria; p__Firmicutes; c__Clostridia; o__Christensenellales; f__Christensenellaceae
707f8dcabaf9caa04bd0ecc71e7cd7c6	d__Bacteria; p__Firmicutes; c__Clostridia; o__Clostridia_vadinBB60_group; f__Clostridia_vadinBB60_group; g__Clostridia_vadinBB60_group; s__uncultured_bacterium
e972bf69e770706c7d3ed7e23db5aecd	d__Bacteria; p__Firmicutes; c__Clostridia; o__Clostridia_vadinBB60_group; f__Clostridia_vadinBB60_group; g__Clostridia_vadinBB60_group
c5d7745ca4a1e453143d37081e93d8ea	d__Bacteria; p__Firmicutes; c__Clostridia; o__Clostridia_vadinBB60_group; f__Clostridia_vadinBB60_group; g__Clostridia_vadinBB60_group
10af62df570a135fa2184c3de53a5917	d__Bacteria; p__Firmicutes; c__Clostridia; o__Clostridia_vadinBB60_group; f__Clostridia_vadinBB60_group; g__Clostridia_vadinBB60_group; s__uncultured_bacterium
0ddd79105e4ea2e851ecfa4cd4d9546d	d__Bacteria; p__Firmicutes; c__Clostridia; o__Lachnospirales; f__Lachnospiraceae; g__Fusicatenibacter
f7b6041ddb0d90fc700c033e9c4ed158	d__Bacteria; p__Firmicutes; c__Clostridia; o__Clostridia_vadinBB60_group; f__Clostridia_vadinBB60_group; g__Clostridia_vadinBB60_group
f44f84e0f62db9edf7cd61c1488fc419	d__Bacteria; p__Desulfobacterota; c__Desulfovibrionia; o__Desulfovibrionales; f__Desulfovibrionaceae; g__Desulfovibrio
bb5832806a7e3ef4869490a27025313b	d__Bacteria; p__Proteobacteria; c__Alphaproteobacteria; o__Rhodospirillales; f__uncultured; g__uncultured; s__Azospirillum_sp.
9f16d2da3dd36413be074ae9c4128452	d__Bacteria; p__Firmicutes; c__Clostridia
8c27d1dca0efc7b09dc5d53bd2ddd408	d__Bacteria; p__Firmicutes; c__Clostridia
6438323c38d7f2c46241a8591f6bedf9	d__Bacteria; p__Firmicutes; c__Clostridia; o__Clostridia_vadinBB60_group; f__Clostridia_vadinBB60_group; g__Clostridia_vadinBB60_group
3c0aef1415f146705e6eb60baf3bba05	d__Bacteria; p__Firmicutes; c__Clostridia; o__Clostridia_vadinBB60_group; f__Clostridia_vadinBB60_group; g__Clostridia_vadinBB60_group
3e50078189c58c5aa5b18e80f9b4bfec	d__Bacteria; p__Firmicutes; c__Clostridia; o__Clostridia_vadinBB60_group; f__Clostridia_vadinBB60_group; g__Clostridia_vadinBB60_group
6ac16977956752eb5b031734624e48b3	d__Bacteria; p__Firmicutes; c__Clostridia
200769bf0437a5e25b617fc48900c48d	d__Bacteria; p__Firmicutes; c__Clostridia; o__Clostridia_vadinBB60_group; f__Clostridia_vadinBB60_group; g__Clostridia_vadinBB60_group; s__gut_metagenome
0b112c4159a891a88217a0475804cc2f	d__Bacteria; p__Firmicutes; c__Clostridia; o__Clostridia_vadinBB60_group; f__Clostridia_vadinBB60_group; g__Clostridia_vadinBB60_group; s__gut_metagenome
c8d9d65479f372a1c26c01e609745b68	d__Bacteria; p__Firmicutes; c__Clostridia; o__Clostridia_vadinBB60_group; f__Clostridia_vadinBB60_group; g__Clostridia_vadinBB60_group; s__gut_metagenome
43cfd294cf38954e2176aa0f0d09d4ba	d__Bacteria; p__Firmicutes; c__Clostridia; o__Clostridia_vadinBB60_group; f__Clostridia_vadinBB60_group; g__Clostridia_vadinBB60_group; s__gut_metagenome
a1ce4b02e84e188ea8a4689ec98dbc0f	d__Bacteria; p__Firmicutes; c__Clostridia; o__Lachnospirales; f__Lachnospiraceae
a0a737aa252f1aeace7476739674d03a	d__Bacteria; p__Bacteroidota; c__Bacteroidia; o__Bacteroidales
ab7b8320ee4178fb6bb6d1fc567fe313	d__Bacteria; p__Firmicutes; c__Clostridia; o__Clostridia_vadinBB60_group; f__Clostridia_vadinBB60_group; g__Clostridia_vadinBB60_group; s__uncultured_bacterium
7834a4774bf4b4aefaf068091e7e42bc	d__Bacteria; p__Firmicutes; c__Clostridia
eadc66e981a321f71680862f46aa38de	d__Bacteria; p__Firmicutes; c__Clostridia
1f42fdc6d554cf456156f8cab38355f5	d__Bacteria; p__Firmicutes; c__Clostridia; o__Lachnospirales; f__Lachnospiraceae; g__[Eubacterium]_oxidoreducens_group; s__uncultured_bacterium
2a0a053b734f190c430c6a6e573c8297	d__Bacteria; p__Firmicutes; c__Clostridia; o__Lachnospirales; f__Lachnospiraceae; g__Lachnospiraceae_NC2004_group; s__uncultured_bacterium
5128ffa2888b30096bd162f3b107d179	d__Bacteria; p__Firmicutes; c__Clostridia; o__Lachnospirales; f__Lachnospiraceae
1ac3e7fd359538e974a415d12ae07c3b	d__Bacteria; p__Firmicutes; c__Clostridia; o__Oscillospirales
ea3be465b23702bbe0ac99b75cb99da9	d__Bacteria; p__Firmicutes; c__Clostridia; o__Oscillospirales; f__Oscillospiraceae; g__uncultured; s__Pseudoflavonifractor_sp.
be09138ab0b1132c401c1e7a7dcc788d	d__Bacteria; p__Firmicutes; c__Clostridia; o__Oscillospirales; f__Oscillospiraceae; g__Intestinimonas; s__Intestinimonas_butyriciproducens
9cbec2c6c7af92e16f9be543b13bda68	d__Bacteria; p__Firmicutes; c__Clostridia; o__Oscillospirales; f__Oscillospiraceae; g__Intestinimonas; s__Intestinimonas_butyriciproducens
696af91106d7ed4c161bbcda95478bd7	d__Bacteria
becd56e62c584ae41efbdf5ed0978b6a	d__Bacteria; p__Firmicutes; c__Clostridia; o__Lachnospirales; f__Lachnospiraceae
5d702ef9b1315a76f6bd727e417a7d98	d__Bacteria; p__Firmicutes; c__Clostridia; o__Oscillospirales; f__Oscillospiraceae; g__NK4A214_group
46e272a4e530f132998da314bc9ed5f4	d__Bacteria; p__Firmicutes; c__Clostridia; o__Lachnospirales; f__Lachnospiraceae
1db5fe1b0c79a40994ab1716d4a5322d	d__Bacteria; p__Firmicutes; c__Clostridia; o__Lachnospirales; f__Lachnospiraceae
945744f29209b0294f0247b7b068c985	d__Bacteria; p__Proteobacteria; c__Gammaproteobacteria; o__Burkholderiales; f__Sutterellaceae; g__Parasutterella; s__uncultured_bacterium
cf985d0c5fa7eb9b662a21eb787e32d2	d__Bacteria; p__Bacteroidota; c__Bacteroidia; o__Bacteroidales; f__Prevotellaceae; g__Prevotella
4e84b30729281e7e2d5eafa23b9548c2	d__Bacteria
015f26a3a3c41ea753133625e0eaf186	d__Bacteria; p__Firmicutes; c__Clostridia
ede93de6d6361c00eb6554423738f038	d__Bacteria; p__Firmicutes; c__Clostridia
b0a4e97217682d94d9240d3815b7b01b	d__Bacteria; p__Firmicutes; c__Bacilli; o__Erysipelotrichales; f__Erysipelatoclostridiaceae; g__Catenibacterium; s__uncultured_bacterium
1f4824e90f6d314148a1f47aa1c0a405	d__Bacteria; p__Firmicutes; c__Clostridia; o__Oscillospirales
67e39cee5f42153d352abebb1992fcce	d__Bacteria; p__Firmicutes; c__Clostridia; o__Oscillospirales; f__Oscillospiraceae; g__NK4A214_group
e7878ceb811d190a2f46c527e28a3261	d__Bacteria; p__Firmicutes; c__Clostridia; o__Oscillospirales; f__Oscillospiraceae; g__NK4A214_group
50d7bd79411270b1d93c69d61bb44581	d__Bacteria; p__Firmicutes; c__Clostridia; o__Oscillospirales; f__Oscillospiraceae; g__NK4A214_group
dded4a1f1d2bfde34af86832aea8c89b	d__Bacteria; p__Firmicutes; c__Clostridia; o__Oscillospirales; f__Oscillospiraceae; g__NK4A214_group
a6f9cb9bece364d4780b1ad6ae8f952f	d__Bacteria; p__Firmicutes; c__Clostridia; o__Oscillospirales; f__Oscillospiraceae; g__NK4A214_group
291a587a0b13c361f9a27ee56a8dafd3	d__Bacteria; p__Firmicutes; c__Clostridia; o__Oscillospirales; f__Oscillospiraceae; g__NK4A214_group
9bdd1a28161c4bd3eda2df3a503f2978	d__Bacteria; p__Firmicutes; c__Clostridia; o__Oscillospirales; f__Oscillospiraceae; g__NK4A214_group
c1e8e4f0882206ad63e1676b47006e29	d__Bacteria; p__Firmicutes; c__Clostridia; o__Oscillospirales; f__Oscillospiraceae; g__NK4A214_group
3c3fc012d1d3fb7f8b81a613b29148af	d__Bacteria; p__Firmicutes; c__Clostridia
cf36fd40fb8ec97ef21cc9119baef3d7	d__Bacteria; p__Bacteroidota; c__Bacteroidia; o__Bacteroidales; f__Bacteroidaceae; g__Bacteroides
e0f08a491df6f7f5209f376a525ed7f6	d__Bacteria; p__Firmicutes; c__Clostridia
afb8cc48d698d4e5510a02b879741a5f	d__Bacteria; p__Firmicutes; c__Clostridia
18fe3e4a64de6d412acf4aadd7d52bb1	d__Bacteria; p__Firmicutes; c__Clostridia; o__Oscillospirales; f__Oscillospiraceae
3a89c8acaa65aad7e39c3c93381755f9	d__Bacteria; p__Firmicutes; c__Clostridia; o__Oscillospirales; f__Oscillospiraceae; g__NK4A214_group
ee9f5b21660bf5814d102aff9f9c3bfc	d__Bacteria; p__Firmicutes; c__Clostridia
82587ca0f1016afda21152d2070c70be	d__Bacteria; p__Firmicutes; c__Clostridia; o__Oscillospirales; f__Oscillospiraceae; g__UCG-005
ff0baa50db86917e4f622c3a7f6ac93e	d__Bacteria; p__Firmicutes; c__Clostridia; o__Christensenellales; f__Christensenellaceae; g__Christensenellaceae_R-7_group
dc5c9053e6d52eb719e4e3beb0c4c716	d__Bacteria; p__Firmicutes; c__Clostridia
8f362fe57ba886c90f38dbd85cebf5e8	d__Bacteria; p__Firmicutes; c__Clostridia; o__Oscillospirales; f__Oscillospiraceae
a89194374489dc32b86145c733242d95	d__Bacteria; p__Firmicutes; c__Clostridia
68df518d3234273fa5b43ede1f5c7959	d__Bacteria; p__Firmicutes; c__Clostridia; o__Oscillospirales; f__Oscillospiraceae; g__NK4A214_group; s__uncultured_organism
02c77fb242c424acfd762479591769b2	d__Bacteria; p__Firmicutes; c__Clostridia; o__Oscillospirales; f__Oscillospiraceae; g__NK4A214_group; s__uncultured_organism
de3d343bc514144bcc7131a1f3b97646	d__Bacteria; p__Firmicutes; c__Clostridia; o__Oscillospirales; f__Oscillospiraceae; g__NK4A214_group
c788245607198ca2a60fecfa75d8ce8b	d__Bacteria; p__Firmicutes; c__Clostridia; o__Lachnospirales; f__Lachnospiraceae; g__[Eubacterium]_oxidoreducens_group; s__uncultured_bacterium
7b0069ff2e09492f66e0f8f42b0a9c8c	d__Bacteria; p__Firmicutes; c__Clostridia; o__Oscillospirales; f__Oscillospiraceae; g__NK4A214_group
a5b8e92d845b12963e9b1903aba62da1	d__Bacteria; p__Firmicutes; c__Clostridia; o__Oscillospirales; f__Oscillospiraceae; g__NK4A214_group
c62f065f3c9e51f6684da9accbf994b7	d__Bacteria; p__Bacteroidota; c__Bacteroidia
ca6346cba415e7942a6d311e670a3964	d__Bacteria; p__Firmicutes; c__Clostridia
786fa22768cc9a44a1be59d42e07c468	d__Bacteria; p__Firmicutes; c__Clostridia; o__Oscillospirales; f__Oscillospiraceae
7a2f1af3287088c8e69e53157d10f810	d__Bacteria; p__Firmicutes; c__Clostridia; o__Oscillospirales; f__Oscillospiraceae
ef66743a0a7182e1a1a899591c711138	d__Bacteria; p__Firmicutes; c__Clostridia; o__Oscillospirales; f__Oscillospiraceae; g__NK4A214_group
4c6cb3b3eb43a311d62ed67651ec951e	d__Bacteria; p__Firmicutes; c__Clostridia; o__Christensenellales; f__Christensenellaceae; g__uncultured; s__uncultured_bacterium
6388679ae874b1c468eebd1dae6f5291	d__Bacteria; p__Firmicutes; c__Clostridia; o__Oscillospirales; f__Oscillospiraceae
8f48be3d5e6b46161ee05ca49e847bfc	d__Bacteria; p__Firmicutes; c__Clostridia; o__Oscillospirales; f__Oscillospiraceae; g__NK4A214_group
02a3978f3d534823919922a4d7e362f7	d__Bacteria; p__Firmicutes; c__Clostridia; o__Oscillospirales; f__Oscillospiraceae; g__NK4A214_group
b2d8779bbca311c3da96d186da4011ea	d__Bacteria; p__Firmicutes; c__Clostridia
8cb90cb9e053d0d01458f9de2f1d4ce2	d__Bacteria; p__Firmicutes; c__Clostridia; o__Oscillospirales; f__Oscillospiraceae; g__NK4A214_group; s__gut_metagenome
57025b4c0a54a787d417bd23884b1337	d__Bacteria; p__Firmicutes; c__Clostridia; o__Oscillospirales
3d0c64812687e749f02b6ea925a901c9	d__Bacteria; p__Bacteroidota; c__Bacteroidia; o__Bacteroidales
0d0258f28f58901b0272f58e856ad6d6	d__Bacteria
4be8f9c34f9e92902fb48666c516c64e	d__Bacteria; p__Firmicutes; c__Clostridia
81a0c9e83981a4015646ea6287b782b0	d__Bacteria; p__Firmicutes; c__Clostridia
dc17f86c53e99ff7f25155659bf4d9cd	d__Bacteria; p__Firmicutes; c__Negativicutes; o__Veillonellales-Selenomonadales; f__Veillonellaceae; g__Dialister; s__uncultured_bacterium
7858807216e9466c178faf90e31af526	d__Bacteria; p__Firmicutes; c__Clostridia; o__Oscillospirales; f__Oscillospiraceae
3e70c468848d696a0af19174d26cbeb7	d__Bacteria; p__Firmicutes
c1014f2fac8c4a29e7e4a160234235d7	d__Bacteria; p__Firmicutes; c__Clostridia
d6be0e273f0b729d92b293880945ed33	d__Bacteria; p__Firmicutes; c__Bacilli; o__Lactobacillales; f__Streptococcaceae; g__Streptococcus
a60ff2f2bbdceb0ba6a4c047cf403881	d__Bacteria; p__Firmicutes; c__Clostridia
b15d15a132346973da6047e1fd18a58a	d__Bacteria; p__Firmicutes; c__Clostridia
f94e52d2d7f0b5f6c23892c6ac3f131b	d__Bacteria; p__Firmicutes; c__Clostridia; o__Oscillospirales; f__Oscillospiraceae; g__NK4A214_group
5330b46f32b7d969f3bb093ee1d6c428	d__Bacteria; p__Firmicutes; c__Clostridia; o__Oscillospirales; f__Oscillospiraceae
d2f9872b2f185a5cf46f67a811db5746	d__Bacteria; p__Firmicutes; c__Clostridia; o__Oscillospirales
efa2dafcf3ac150abe68c387dd081d64	d__Bacteria; p__Bacteroidota; c__Bacteroidia; o__Bacteroidales; f__Bacteroidaceae; g__Bacteroides
fa2ffff7b6015b21ec5dbb3d02a4dfd3	d__Bacteria; p__Firmicutes; c__Clostridia; o__Oscillospirales; f__UCG-010; g__UCG-010; s__unidentified
2b1e0428495520087d5281583bc6481e	d__Bacteria; p__Firmicutes; c__Clostridia; o__Oscillospirales; f__UCG-010; g__UCG-010; s__unidentified
f7ce59c34c0fed463e3cd03784f76101	d__Bacteria; p__Firmicutes; c__Clostridia; o__Oscillospirales; f__UCG-010; g__UCG-010; s__unidentified
613066001750b55e802fe3e50dbb8d18	d__Bacteria; p__Firmicutes; c__Clostridia; o__Oscillospirales; f__UCG-010; g__UCG-010; s__unidentified
8e2e698a2a9c7463f17a5ec60d22c015	d__Bacteria; p__Firmicutes; c__Clostridia; o__Oscillospirales; f__UCG-010; g__UCG-010; s__unidentified
0f8e976ce08aaf9a4619f11fc82c5092	d__Bacteria; p__Firmicutes; c__Clostridia; o__Oscillospirales; f__UCG-010; g__UCG-010; s__unidentified
b3996dfd079db45f2af0b2c6d477995a	d__Bacteria; p__Firmicutes; c__Clostridia; o__Oscillospirales; f__UCG-010; g__UCG-010; s__unidentified
6f25db39abb69eeb760f6fc60cd8761a	d__Bacteria; p__Firmicutes; c__Clostridia; o__Oscillospirales; f__UCG-010; g__UCG-010; s__unidentified
6490b92570280c6235f1deefd8b466a9	d__Bacteria; p__Firmicutes; c__Clostridia; o__Oscillospirales; f__UCG-010; g__UCG-010
ff16f92c4cc41c48fe6ef975529f97b5	d__Bacteria; p__Firmicutes; c__Clostridia; o__Oscillospirales; f__UCG-010; g__UCG-010
a12709ed643b51d199f6acf7c3a6e6c3	d__Bacteria; p__Firmicutes; c__Clostridia; o__Oscillospirales; f__UCG-010; g__UCG-010; s__unidentified
47bd2edf5458fa2794f3f975f7749f70	d__Bacteria; p__Firmicutes; c__Clostridia; o__Oscillospirales; f__UCG-010; g__UCG-010; s__unidentified
f99a9c9f494eb9497a98fdcef7eeb3fb	d__Bacteria; p__Firmicutes; c__Clostridia
9e754a9249ef517dc40601b57e99f916	d__Bacteria; p__Firmicutes; c__Clostridia
78963606cc71833f1010cfb2a2c6848f	d__Bacteria; p__Firmicutes; c__Clostridia; o__Oscillospirales
faf4c32a663526d46828db381a551db7	d__Bacteria; p__Firmicutes; c__Clostridia
5c905680542f8369437188c875b19123	d__Bacteria; p__Firmicutes; c__Clostridia
416d34e4fdb700a7c26d1a53524c53be	d__Bacteria; p__Firmicutes; c__Clostridia
273c8acb6534e153975b36e0785b7e12	d__Bacteria; p__Firmicutes; c__Clostridia; o__Christensenellales; f__Christensenellaceae; g__Christensenellaceae_R-7_group
8ffd36934f048fa0a3705babd7c3d8ef	d__Bacteria; p__Firmicutes; c__Clostridia; o__Christensenellales; f__Christensenellaceae; g__Christensenellaceae_R-7_group; s__uncultured_Lachnospiraceae
17745c5d0a0606ab4652028ba2dc76aa	d__Bacteria; p__Firmicutes; c__Clostridia; o__Christensenellales; f__Christensenellaceae; g__Christensenellaceae_R-7_group; s__uncultured_Lachnospiraceae
0da9bf258d2135f888d7fe494aaf7807	d__Bacteria; p__Firmicutes; c__Clostridia
6da327c4ada1ceaee2d287da7b9977de	d__Bacteria; p__Firmicutes; c__Clostridia; o__Christensenellales; f__Christensenellaceae; g__Christensenellaceae_R-7_group
932919b1a450afec21657ec25bf7a6b1	d__Bacteria; p__Firmicutes; c__Bacilli; o__Lactobacillales; f__Streptococcaceae; g__Streptococcus
189dcac1eb050ea46c1146563b71114c	d__Bacteria; p__Firmicutes; c__Clostridia
ee8163394b957f7eeefd38efaf524d2e	d__Bacteria; p__Firmicutes; c__Clostridia; o__Clostridia_vadinBB60_group; f__Clostridia_vadinBB60_group; g__Clostridia_vadinBB60_group
efaf5bb31448b270b288b6aa069abe7e	d__Bacteria
84b11ae071ee46cb242d42c9aa95ab83	d__Bacteria; p__Firmicutes; c__Clostridia
6da11d2c0bf64bc5046d37d624998e73	d__Bacteria; p__Firmicutes; c__Clostridia; o__Christensenellales; f__Christensenellaceae; g__Christensenellaceae_R-7_group
3c6f28fede6c087352da82790b762e49	d__Bacteria; p__Firmicutes; c__Clostridia
1b21c4a81b7284891120b7e4404350ec	d__Bacteria
9c97295aa29f915d59a77d82bb69d648	d__Bacteria; p__Firmicutes; c__Clostridia; o__Lachnospirales; f__Lachnospiraceae
a24a2ca9a37281e8b552bcd9fd639a56	d__Bacteria; p__Firmicutes; c__Clostridia
a2fc6c91d568130f5e9483ab9dfd126e	d__Bacteria; p__Firmicutes; c__Clostridia; o__Christensenellales; f__Christensenellaceae; g__Christensenellaceae_R-7_group; s__uncultured_prokaryote
945e8e701d81c798363cf43550a00798	d__Bacteria; p__Firmicutes; c__Clostridia; o__Christensenellales; f__Christensenellaceae; g__Christensenellaceae_R-7_group; s__uncultured_prokaryote
d6c2a9467e77a616565ed31c4a97ddb4	d__Bacteria; p__Firmicutes; c__Clostridia; o__Christensenellales; f__Christensenellaceae; g__Christensenellaceae_R-7_group; s__uncultured_prokaryote
ce55eda85d0d77110edd6f597fb2fa2f	d__Bacteria; p__Firmicutes; c__Clostridia; o__Christensenellales; f__Christensenellaceae; g__Christensenellaceae_R-7_group; s__uncultured_prokaryote
702bde5b2c9ec17d6dc62647efd004dc	d__Bacteria; p__Firmicutes; c__Clostridia; o__Christensenellales; f__Christensenellaceae; g__Christensenellaceae_R-7_group
9e2c85dbebb8410758b2a7b900c96fd8	d__Bacteria; p__Firmicutes; c__Clostridia; o__Oscillospirales
6d01b01574e4628b58544da943dcef91	d__Bacteria; p__Firmicutes; c__Clostridia
5d712867ba56ad59382caab77f7cc588	d__Bacteria; p__Desulfobacterota; c__Desulfovibrionia; o__Desulfovibrionales; f__Desulfovibrionaceae; g__Desulfovibrio
18ee496ebcef9e13b4d8b3a0f7b23e44	d__Bacteria; p__Firmicutes; c__Clostridia
653c32ef68638f66957aa5c013353e0a	d__Bacteria; p__Firmicutes; c__Clostridia; o__Christensenellales; f__Christensenellaceae; g__Christensenellaceae_R-7_group
5b956973b0b5f52e1f949b624758b011	d__Bacteria; p__Firmicutes; c__Clostridia; o__Christensenellales; f__Christensenellaceae; g__Christensenellaceae_R-7_group; s__uncultured_organism
8cadf4ebe7c73ffbf974acb769b265fa	d__Bacteria; p__Firmicutes; c__Clostridia; o__Christensenellales; f__Christensenellaceae; g__Christensenellaceae; s__Christensenella_sp.
c5766c2888fb3dad556bd2c4b6864c88	d__Bacteria; p__Firmicutes; c__Clostridia; o__Christensenellales; f__Christensenellaceae; g__Christensenellaceae_R-7_group
e7df871ed6f31132361229f678e6b3ee	d__Bacteria; p__Firmicutes; c__Clostridia
28c4637aacaa65e32b36c2fd24d67d85	d__Bacteria; p__Firmicutes; c__Clostridia; o__Christensenellales; f__Christensenellaceae; g__Christensenellaceae_R-7_group
2841b71e91a13264ab32f3ee6885e832	d__Bacteria; p__Firmicutes; c__Clostridia; o__Christensenellales; f__Christensenellaceae; g__Christensenellaceae_R-7_group
6ee240c35faa397c0da59e86feea626e	d__Bacteria; p__Firmicutes; c__Clostridia
c805585f9dedfd33fad143753898b739	d__Bacteria; p__Firmicutes; c__Clostridia; o__Lachnospirales; f__Lachnospiraceae
c848759702c36a42ff48f43d2f98bf15	d__Bacteria; p__Firmicutes; c__Clostridia; o__Christensenellales; f__Christensenellaceae; g__Christensenellaceae_R-7_group
ab58cc2f4c8f753cdd11470c6da6762a	d__Bacteria; p__Firmicutes; c__Clostridia; o__Christensenellales; f__Christensenellaceae; g__Christensenellaceae_R-7_group
b0925ae38f00c2e8b32b4e9436f74752	d__Bacteria; p__Firmicutes
28dde677ca5197c644c93cc94e86251d	d__Bacteria; p__Firmicutes; c__Clostridia; o__Christensenellales; f__Christensenellaceae; g__Christensenellaceae_R-7_group
f027ca8165587c120493aefc1e380973	d__Bacteria; p__Firmicutes; c__Clostridia; o__Christensenellales; f__Christensenellaceae; g__Christensenellaceae_R-7_group
fd90b95e8a7d38c1fb4ddd35c01c02fc	d__Bacteria; p__Firmicutes; c__Clostridia; o__Christensenellales; f__Christensenellaceae; g__Christensenellaceae_R-7_group
7d9e5eeb91001a65061a072d8c277ba4	d__Bacteria; p__Firmicutes; c__Clostridia; o__Christensenellales; f__Christensenellaceae; g__Christensenellaceae_R-7_group
99333125f31bc23177d53b88065f264a	d__Bacteria; p__Firmicutes; c__Clostridia; o__Christensenellales; f__Christensenellaceae; g__Christensenellaceae_R-7_group
44c9b17cef8f4e55c63c5f4b8f370a7d	d__Bacteria; p__Firmicutes; c__Clostridia; o__Christensenellales; f__Christensenellaceae; g__Christensenellaceae_R-7_group
ab7cd4790a78b6bd9c4fa727c4b35b05	d__Bacteria; p__Firmicutes; c__Clostridia; o__Christensenellales; f__Christensenellaceae; g__Christensenellaceae_R-7_group
0798b3130fb93d2da979b2e6e1d1b987	d__Bacteria; p__Firmicutes; c__Clostridia; o__Christensenellales; f__Christensenellaceae; g__Christensenellaceae_R-7_group
5b8bb149c5e8a8b6117b8c411e0c4fc2	d__Bacteria; p__Firmicutes; c__Clostridia; o__Christensenellales; f__Christensenellaceae; g__Christensenellaceae_R-7_group
26b44a59e042c471aa1d5a6d922b5c66	d__Bacteria; p__Firmicutes; c__Clostridia; o__Christensenellales; f__Christensenellaceae; g__Christensenellaceae_R-7_group
406f248eb54cd4faa80079c1edbd6665	d__Bacteria; p__Firmicutes; c__Clostridia; o__Christensenellales; f__Christensenellaceae; g__Christensenellaceae_R-7_group
f0ac00bab9b6f6de11e5923934815cb1	d__Bacteria; p__Firmicutes; c__Clostridia; o__Christensenellales; f__Christensenellaceae; g__Christensenellaceae_R-7_group
a57362dd879a13d6879c6e343d681827	d__Bacteria; p__Firmicutes; c__Clostridia; o__Christensenellales; f__Christensenellaceae; g__Christensenellaceae_R-7_group
562477ba3073d905dca7f37b84651401	d__Bacteria; p__Firmicutes; c__Clostridia; o__Christensenellales; f__Christensenellaceae; g__Christensenellaceae_R-7_group
7f307c04a4101dbf12ab8f45aba89501	d__Bacteria; p__Firmicutes; c__Clostridia
07fd33910a955c31d3d9e35fc2c0b396	d__Bacteria; p__Firmicutes; c__Clostridia
9f4af05147b1331ef43c1bb56d8f5856	d__Bacteria; p__Firmicutes; c__Clostridia; o__Lachnospirales; f__Lachnospiraceae
36a33693008d8268f88ad80745ec6b3f	d__Bacteria; p__Firmicutes; c__Clostridia; o__Christensenellales; f__Christensenellaceae; g__Christensenellaceae_R-7_group
5a73ff844e9985cb8963cf2efe80a220	d__Bacteria; p__Firmicutes; c__Clostridia; o__Christensenellales; f__Christensenellaceae; g__Christensenellaceae_R-7_group
8ac552a922a891a7fb4ba1316c7e7448	d__Bacteria; p__Firmicutes; c__Clostridia; o__Christensenellales; f__Christensenellaceae; g__Christensenellaceae_R-7_group
7a1db9d42de64ca48539ae634b22ab41	d__Bacteria; p__Firmicutes; c__Clostridia; o__Christensenellales; f__Christensenellaceae; g__Christensenellaceae_R-7_group
aa833eec6ee3bb7329f0483a32d000c4	d__Bacteria; p__Firmicutes; c__Clostridia; o__Christensenellales; f__Christensenellaceae; g__Christensenellaceae_R-7_group
37215c9cbce244d759a073fd31312155	d__Bacteria; p__Firmicutes; c__Clostridia; o__Christensenellales; f__Christensenellaceae; g__Christensenellaceae_R-7_group
6958f0644c3ac6f0aaa54a00769cabc7	d__Bacteria; p__Firmicutes; c__Clostridia; o__Christensenellales; f__Christensenellaceae; g__Christensenellaceae_R-7_group
c0dd4a537f7edcc247c07a13bbed0282	d__Bacteria; p__Firmicutes; c__Clostridia; o__Christensenellales; f__Christensenellaceae; g__Christensenellaceae_R-7_group
671d167d31b5352357fd377c10590404	d__Bacteria; p__Firmicutes; c__Clostridia
bce7d5b2cd32a6fe6d65c5a13fbc77d4	d__Bacteria; p__Firmicutes; c__Clostridia; o__Christensenellales; f__Christensenellaceae; g__Christensenellaceae_R-7_group
1350fd7c17e7da7562f7ccf7250982ac	d__Bacteria; p__Firmicutes; c__Clostridia; o__Christensenellales; f__Christensenellaceae; g__Christensenellaceae_R-7_group
2ddd065a22a2aac355ac5a858dc3caeb	d__Bacteria; p__Firmicutes
5225200f82b7bb438932030ab135bc42	d__Bacteria; p__Firmicutes; c__Clostridia; o__Christensenellales; f__Christensenellaceae; g__Christensenellaceae_R-7_group
cb0acf7850be22480a407bce27b1fef3	d__Bacteria; p__Firmicutes; c__Clostridia; o__Christensenellales; f__Christensenellaceae; g__Christensenellaceae_R-7_group
1b6065e3cc23ce0275a65e9efac0070b	d__Bacteria; p__Firmicutes; c__Clostridia; o__Christensenellales; f__Christensenellaceae; g__Christensenellaceae_R-7_group
a1c25f8b3dcba783eb720c4c71e41bcd	d__Bacteria; p__Firmicutes; c__Clostridia
901bb787de2a71148086d6a94f34f397	d__Bacteria; p__Firmicutes; c__Clostridia; o__Christensenellales; f__Christensenellaceae; g__Christensenellaceae_R-7_group
ba1b3ca4bd31658df05c3cb07d982cbf	d__Bacteria; p__Firmicutes; c__Clostridia; o__Christensenellales; f__Christensenellaceae; g__Christensenellaceae_R-7_group
79f164f823f940eac71dc9f43ebd98e7	d__Bacteria; p__Firmicutes; c__Clostridia; o__Christensenellales; f__Christensenellaceae; g__Christensenellaceae_R-7_group
12f6e12d952ea2e2dbc72b938741554a	d__Bacteria; p__Firmicutes; c__Clostridia
69d54bfa61576b68356fd0259611251b	d__Bacteria; p__Firmicutes; c__Clostridia; o__Christensenellales; f__Christensenellaceae; g__Christensenellaceae_R-7_group
7fb319815fb6f130bf48919993af7a09	d__Bacteria; p__Firmicutes; c__Clostridia; o__Christensenellales; f__Christensenellaceae; g__Christensenellaceae_R-7_group
9a5248b85d025e966a381a60ffb1438c	d__Bacteria; p__Firmicutes; c__Clostridia; o__Christensenellales; f__Christensenellaceae; g__Christensenellaceae_R-7_group
670ce2c042b55d7381743f88e78efa19	d__Bacteria; p__Firmicutes; c__Clostridia; o__Christensenellales; f__Christensenellaceae; g__Christensenellaceae_R-7_group
659b75d1df47049ad3ccc53493d58df2	d__Bacteria; p__Firmicutes; c__Clostridia; o__Christensenellales; f__Christensenellaceae; g__Christensenellaceae_R-7_group
eee4209cbaedddac795b97de44f1a67f	d__Bacteria; p__Firmicutes; c__Clostridia
a520b844d80c66822399fd44688ca361	d__Bacteria; p__Firmicutes; c__Clostridia
adafba41c267d845daaa3e5a39564f6a	d__Bacteria; p__Firmicutes; c__Clostridia; o__Oscillospirales; f__Oscillospiraceae; g__NK4A214_group
6148a3c66d42bec69963af4b165856f8	d__Bacteria; p__Firmicutes; c__Clostridia; o__Oscillospirales; f__Oscillospiraceae; g__NK4A214_group
0f200826d31095b84d2c9e445509f1c8	d__Bacteria
c550b5bb1c039fd290f56d64d2cf4c34	d__Bacteria; p__Firmicutes; c__Clostridia; o__Oscillospirales; f__UCG-010; g__UCG-010; s__uncultured_bacterium
48fc6afa3b168bc3506ebb84c4ef99e3	d__Bacteria; p__Firmicutes; c__Clostridia; o__Oscillospirales; f__UCG-010; g__UCG-010; s__uncultured_bacterium
bc30d3435115d1836e8176af30535ac0	d__Bacteria; p__Firmicutes; c__Clostridia; o__Oscillospirales; f__UCG-010; g__UCG-010; s__uncultured_bacterium
80b206516bf0a55fa3c4064160956b80	d__Bacteria
c81370c6ac2d70e48dba5ea4cc807bc7	d__Bacteria; p__Firmicutes; c__Clostridia; o__Clostridia_UCG-014; f__Clostridia_UCG-014; g__Clostridia_UCG-014
fc58f31dc972dedbae14fd2512c89e42	d__Bacteria; p__Bacteroidota; c__Bacteroidia; o__Bacteroidales; f__Bacteroidaceae; g__Bacteroides
881f63cb5749734403df0b4063cae2a0	d__Bacteria; p__Firmicutes; c__Clostridia; o__Oscillospirales; f__UCG-010; g__UCG-010
042c17bf56e3beeec0bd2830a46266d4	d__Bacteria; p__Firmicutes; c__Clostridia; o__Oscillospirales; f__UCG-010; g__UCG-010
ad942532916d7ea417a37ef5a35e7e19	d__Bacteria; p__Firmicutes; c__Clostridia; o__Oscillospirales; f__UCG-010; g__UCG-010; s__uncultured_bacterium
e7d6a6a647f48e99d76bf44163e1d40d	d__Bacteria; p__Firmicutes; c__Clostridia; o__Oscillospirales; f__UCG-010; g__UCG-010; s__uncultured_bacterium
85362558586c77580f920e3df8a25937	d__Bacteria
b741b0bc900810699742500a68fe296a	d__Bacteria; p__Firmicutes; c__Clostridia; o__Oscillospirales; f__UCG-010; g__UCG-010
72ceea323fd10639c77619a14c8efbf9	d__Bacteria; p__Firmicutes; c__Clostridia; o__Oscillospirales; f__UCG-010; g__UCG-010
3dae4018567d5d776080cfb3c7af5a9c	d__Bacteria; p__Firmicutes; c__Clostridia
cdc2db2aab9e225b1c351e63eaeaf797	d__Bacteria; p__Firmicutes; c__Clostridia; o__Oscillospirales; f__UCG-010; g__UCG-010; s__uncultured_bacterium
fe9590729acc35d64ba99474c0cbb830	d__Bacteria; p__Firmicutes; c__Clostridia; o__Oscillospirales; f__UCG-010; g__UCG-010; s__metagenome
891ffac54b4294ed7aeb18737f621252	d__Bacteria; p__Firmicutes; c__Clostridia; o__Oscillospirales; f__UCG-010; g__UCG-010
6ef10ffef7a43e049e4f811db7b8f0cc	d__Bacteria; p__Firmicutes; c__Clostridia; o__Oscillospirales; f__UCG-010; g__UCG-010
8433dfda83ac1359e2e8732da26a7e9d	d__Bacteria; p__Firmicutes; c__Clostridia; o__Oscillospirales; f__UCG-010; g__UCG-010
4939baef4f9292e122bc676980e22e22	d__Bacteria; p__Firmicutes; c__Clostridia; o__Oscillospirales; f__UCG-010; g__UCG-010
11f048c78a502881b7c9e26887f4bce9	d__Bacteria; p__Firmicutes; c__Clostridia; o__Oscillospirales; f__UCG-010; g__UCG-010
d1e92517dc85c70f8f981fa5229021b0	d__Bacteria; p__Firmicutes; c__Clostridia; o__Oscillospirales; f__UCG-010; g__UCG-010
33bb5164a1ec6305289465edf521d134	d__Bacteria; p__Firmicutes; c__Clostridia; o__Oscillospirales; f__UCG-010; g__UCG-010; s__uncultured_bacterium
80885fd99a15b5ceeb01c4009e4239c4	d__Bacteria; p__Firmicutes; c__Clostridia; o__Oscillospirales; f__UCG-010; g__UCG-010
668e47f6c65a6d96a03dd92458a584b9	d__Bacteria
a953fe8cfa8c145828c46f39c889f01f	d__Bacteria; p__Firmicutes; c__Clostridia; o__Oscillospirales; f__UCG-010; g__UCG-010; s__metagenome
0cb598afe4c7b3d480fa9f25a7066376	d__Bacteria; p__Firmicutes; c__Clostridia; o__Oscillospirales; f__UCG-010; g__UCG-010
ade30ec0c8fd54178e587d938f57c4df	d__Bacteria; p__Firmicutes; c__Clostridia; o__Oscillospirales; f__UCG-010; g__UCG-010
d5c8de43f7a9c6ad71eaa0b3875fa9d6	d__Bacteria; p__Firmicutes; c__Clostridia; o__Oscillospirales; f__UCG-010; g__UCG-010
18fd4a8e22b5bb213a5102d9542856b4	d__Bacteria; p__Firmicutes; c__Clostridia; o__Oscillospirales; f__UCG-010; g__UCG-010; s__uncultured_bacterium
25927270da690ac3393588f5d5274411	d__Bacteria; p__Firmicutes; c__Clostridia; o__Oscillospirales; f__UCG-010; g__UCG-010
b1a04394b148e25b8e295fa5d3ac0efa	d__Bacteria; p__Firmicutes; c__Clostridia; o__Oscillospirales; f__UCG-010; g__UCG-010
2f81b3363d2c0142ad9bd9c1378eed9c	d__Bacteria; p__Firmicutes; c__Clostridia; o__Oscillospirales; f__UCG-010; g__UCG-010; s__metagenome
3ebcf9c6379982099110bc1762470241	d__Bacteria; p__Firmicutes; c__Clostridia; o__Oscillospirales; f__UCG-010; g__UCG-010; s__metagenome
777ac581467d25d64b68691ea866855f	d__Bacteria; p__Firmicutes; c__Clostridia; o__Oscillospirales; f__UCG-010; g__UCG-010
4f72ad7d8e739cb38a27659cb10ed5f1	d__Bacteria; p__Firmicutes; c__Clostridia; o__Oscillospirales; f__UCG-010; g__UCG-010; s__uncultured_bacterium
e9a0f4a68ca38920b0d88ea6b8f47fd5	d__Bacteria; p__Firmicutes; c__Clostridia; o__Oscillospirales; f__UCG-010; g__UCG-010
265793c5871c2720e81c64baa7b08e6d	d__Bacteria; p__Firmicutes; c__Clostridia; o__Oscillospirales; f__UCG-010; g__UCG-010
55468cf559bc3e1a9a77f517dcbf7250	d__Bacteria; p__Firmicutes; c__Clostridia; o__Oscillospirales; f__UCG-010; g__UCG-010; s__gut_metagenome
de8555dc3be162ecf9b03c7dd1bae898	d__Bacteria; p__Firmicutes; c__Clostridia; o__Oscillospirales; f__UCG-010; g__UCG-010; s__gut_metagenome
a549ad650adb37906fff5e58cde15f59	d__Bacteria; p__Firmicutes; c__Clostridia; o__Oscillospirales; f__UCG-010; g__UCG-010; s__uncultured_bacterium
3089cbb8e967f62da62e1448af770ba8	d__Bacteria; p__Firmicutes; c__Clostridia; o__Oscillospirales; f__UCG-010; g__UCG-010
d51c90760fc928b2835874fc1dfcd56f	d__Bacteria; p__Firmicutes; c__Clostridia; o__Oscillospirales; f__UCG-010; g__UCG-010
b401354038f8c9e6f80cc7f966bcff64	d__Bacteria; p__Firmicutes; c__Clostridia; o__Oscillospirales; f__UCG-010; g__UCG-010
02d285b50d6367f44ce847f090d40f0a	d__Bacteria; p__Firmicutes; c__Clostridia; o__Oscillospirales; f__UCG-010; g__UCG-010; s__metagenome
f2115fcaf2296438ba4eeb4d3bae4f7f	d__Bacteria; p__Firmicutes; c__Clostridia; o__Christensenellales; f__Christensenellaceae; g__Christensenellaceae_R-7_group
2fe6f029937db3a5890aa54c85e093c3	d__Bacteria; p__Firmicutes; c__Clostridia; o__Oscillospirales; f__UCG-010; g__UCG-010
49bbeedf3282d6a245e8935956d19585	d__Bacteria; p__Firmicutes; c__Clostridia; o__Oscillospirales; f__UCG-010; g__UCG-010
7657caa6268a5a4f2e6f33b8ed76288e	d__Bacteria; p__Firmicutes; c__Clostridia; o__Oscillospirales; f__UCG-010; g__UCG-010
e3bb42f627947dfe19f8494c854afef3	d__Bacteria; p__Firmicutes; c__Clostridia; o__Oscillospirales; f__UCG-010; g__UCG-010
5a94cc6ae4609349794e8e283eff54c7	d__Bacteria; p__Firmicutes; c__Clostridia; o__Oscillospirales; f__UCG-010; g__UCG-010
ec255faab3926a06c5103207460917de	d__Bacteria; p__Firmicutes; c__Clostridia; o__Oscillospirales; f__UCG-010; g__UCG-010; s__uncultured_organism
f35aeb8110ba76d1e9a8a301b7c2717a	d__Bacteria; p__Firmicutes; c__Clostridia; o__Oscillospirales; f__UCG-010; g__UCG-010; s__uncultured_organism
680ed0befb31e1ed3306fac875f5ebd6	d__Bacteria; p__Firmicutes; c__Clostridia
b3256294b7700f1c1f6bea12bc24ea7f	d__Bacteria; p__Firmicutes; c__Clostridia; o__Oscillospirales; f__UCG-010; g__UCG-010; s__uncultured_organism
c31f6dbcb3f38ca4649e5048b15e13cd	d__Bacteria; p__Firmicutes; c__Clostridia; o__Oscillospirales; f__UCG-010; g__UCG-010
f0d101ccf146a153f865cbfc5709f42d	d__Bacteria; p__Firmicutes; c__Clostridia
8b103898d5840a2a81946cdb0fe11dbb	d__Bacteria; p__Firmicutes; c__Negativicutes; o__Acidaminococcales; f__Acidaminococcaceae; g__Phascolarctobacterium
58e77f3b7d3896c25cedb1651605cf74	d__Bacteria; p__Firmicutes; c__Clostridia
82bb6d7805625dde08d45d7aa2e764c1	d__Bacteria; p__Firmicutes; c__Clostridia
4a5781ea9adc08d9338f37ff599f4506	d__Bacteria; p__Firmicutes; c__Clostridia; o__Lachnospirales; f__Lachnospiraceae
dd59de0658793bf47f240b38acdda7f0	d__Bacteria; p__Firmicutes; c__Clostridia; o__Christensenellales; f__Christensenellaceae; g__Christensenellaceae_R-7_group; s__bacterium_YE57
fcc7b73cfdfa3906877bd4f196f846ba	d__Bacteria; p__Firmicutes; c__Clostridia; o__Christensenellales; f__Christensenellaceae; g__Christensenellaceae_R-7_group; s__bacterium_YE57
6d41ad6f86173668948294fc8b599d24	d__Bacteria; p__Firmicutes; c__Clostridia; o__Clostridia_vadinBB60_group; f__Clostridia_vadinBB60_group; g__Clostridia_vadinBB60_group; s__gut_metagenome
c56b5292599a11de51bdb76d51a4f3d4	d__Bacteria; p__Firmicutes; c__Clostridia
42e3dbe9c81cfd4ebfb145dae1aaedad	d__Bacteria; p__Bacteroidota; c__Bacteroidia; o__Bacteroidales; f__Rikenellaceae
a1a91a92db290e55a9c62f4df3693fb8	d__Bacteria; p__Firmicutes; c__Clostridia; o__Oscillospirales; f__Oscillospiraceae
2b42e3614e580588234d7d114ce3a37c	d__Bacteria; p__Firmicutes; c__Clostridia
e6f9caa1c3992dc5a8b2dfeca8296b9e	d__Bacteria; p__Firmicutes; c__Clostridia; o__Oscillospirales; f__Oscillospiraceae
c8b8d6e9e90fd9c2d09b773fa91f565e	d__Bacteria; p__Firmicutes; c__Clostridia; o__Oscillospirales
c4bfe5a87b7aa2e7d8a4097529bbdd26	d__Bacteria; p__Firmicutes; c__Clostridia; o__Lachnospirales; f__Lachnospiraceae; g__[Eubacterium]_oxidoreducens_group; s__uncultured_bacterium
889b5042bd1c3fe1ab03005d0fe54e6b	d__Bacteria; p__Firmicutes; c__Clostridia; o__Oscillospirales
e7ffd635b390b88022215429efe31cbb	d__Bacteria; p__Bacteroidota; c__Bacteroidia; o__Bacteroidales; f__Bacteroidaceae; g__Bacteroides
4934021838a888587549c0dda8c56a44	d__Bacteria; p__Firmicutes; c__Clostridia
1e66a273d1375bac8d31193b725ddde7	d__Bacteria; p__Firmicutes; c__Clostridia; o__Oscillospirales; f__Oscillospiraceae; g__UCG-002
c42656219e50aa9335fd23b7a6140353	d__Bacteria; p__Firmicutes; c__Clostridia; o__Oscillospirales; f__Oscillospiraceae
da299ae1c55375d1ad7e1241a4b95827	d__Bacteria; p__Firmicutes; c__Clostridia; o__Oscillospirales; f__Oscillospiraceae; g__Intestinimonas; s__uncultured_Clostridiales
b1825043179cbf1e68e790efb2f1a901	d__Bacteria; p__Firmicutes; c__Clostridia; o__Oscillospirales; f__Oscillospiraceae; g__uncultured; s__Clostridium_phoceensis
c1b83194c30605dd87c75c8482273e88	d__Bacteria; p__Firmicutes; c__Clostridia; o__Oscillospirales; f__Oscillospiraceae
33992e272423b250af0a35c94844106f	d__Bacteria; p__Firmicutes; c__Clostridia; o__Oscillospirales; f__Oscillospiraceae
3b0eac87c4442d2fe4e916bd0c1959d3	d__Bacteria; p__Firmicutes; c__Clostridia; o__Oscillospirales; f__Oscillospiraceae
a71e4cf9da6225f92fe0f1ba989cfafc	d__Bacteria; p__Firmicutes; c__Clostridia; o__Oscillospirales; f__Oscillospiraceae
487306f5174991f2368df642bb92f44f	d__Bacteria; p__Firmicutes; c__Clostridia; o__Oscillospirales; f__Oscillospiraceae
5e37e0af4fa257796b84fd8453c1081b	d__Bacteria; p__Firmicutes; c__Clostridia; o__Oscillospirales; f__Oscillospiraceae
326e7f221faa4c9d4ecc3eae06de5f15	d__Bacteria; p__Firmicutes; c__Clostridia; o__Peptostreptococcales-Tissierellales; f__Anaerovoracaceae; g__Family_XIII_UCG-001; s__uncultured_bacterium
2454eb6ccbbc678405058dc0e04eea4d	d__Bacteria; p__Firmicutes; c__Clostridia; o__Oscillospirales; f__Oscillospiraceae
07916e6816fb4f78a48a564fa694a508	d__Bacteria; p__Firmicutes; c__Clostridia; o__Oscillospirales; f__Oscillospiraceae
120b3f46363f8de340cd944b5752e693	d__Bacteria; p__Firmicutes; c__Clostridia
a60087e0acd6aa76c9ff239cc010adda	d__Bacteria; p__Firmicutes; c__Clostridia; o__Christensenellales; f__Christensenellaceae; g__Christensenellaceae_R-7_group
7445726b399bb5b329122467aa0aa71f	d__Bacteria
642d5a4ba7eb9e0207bf7c07246733ef	d__Bacteria; p__Firmicutes; c__Clostridia; o__Oscillospirales; f__Oscillospiraceae
0e8fc14e3c9747a22d3c2a032650ddd7	d__Bacteria; p__Firmicutes; c__Clostridia
8acbf8d43fbde308b7ce480e7e27322f	d__Bacteria; p__Firmicutes; c__Clostridia
79f697f682ad66b0c03737d109bd7f99	d__Bacteria; p__Firmicutes; c__Clostridia; o__Oscillospirales; f__Oscillospiraceae
d43ab59dcb5ec18d10e1aebd211bc8df	d__Bacteria
4bd933a3993908bf8d6b69dfe824bf24	d__Bacteria; p__Firmicutes; c__Clostridia; o__Christensenellales; f__Christensenellaceae; g__Christensenellaceae_R-7_group
b68bc5ab26622cf49b13ea7f7e5d3b97	d__Bacteria; p__Firmicutes; c__Clostridia; o__Oscillospirales; f__Oscillospiraceae
827ec80079b548bf6c8b316268d5662e	d__Bacteria; p__Firmicutes; c__Clostridia; o__Oscillospirales; f__Oscillospiraceae; g__Intestinimonas
965e8d482dea2b01985163c85e529487	d__Bacteria; p__Firmicutes; c__Clostridia; o__Oscillospirales; f__Oscillospiraceae; g__Intestinimonas
2ae3fd419cbbcd16991951313970c8e1	d__Bacteria; p__Firmicutes; c__Clostridia; o__Oscillospirales; f__Oscillospiraceae; g__Intestinimonas; s__uncultured_organism
f87cfc1e556cef7ad0ce440ea7d7fb68	d__Bacteria
3a7a71306b47c00a18d6563f9c6f377c	d__Bacteria; p__Firmicutes; c__Clostridia; o__Oscillospirales; f__Oscillospiraceae; g__Oscillibacter
6cef3eefe15862a3f44220c8047ef5bf	d__Bacteria; p__Firmicutes; c__Clostridia; o__Oscillospirales; f__Oscillospiraceae
e3a30a238afa2762f70e724aaa1befbb	d__Bacteria; p__Firmicutes; c__Clostridia; o__Oscillospirales; f__Oscillospiraceae
29a09980d0edf58ceed80e76a90bc89b	d__Bacteria; p__Firmicutes; c__Clostridia; o__Oscillospirales; f__Oscillospiraceae
3843f98277ea007bd10dfa58e7447c1c	d__Bacteria; p__Firmicutes; c__Clostridia
7566765e4a29a348323849cdb66a7255	d__Bacteria
7db31455defb8080d66e8345faacbfbf	d__Bacteria
9c6fec14ba3f194ec81c2bddc3ef1099	d__Bacteria; p__Bacteroidota; c__Bacteroidia; o__Bacteroidales; f__Bacteroidaceae; g__Bacteroides
86c2da8e632b43ecfb123f767e900eab	d__Bacteria; p__Firmicutes; c__Clostridia
cf4763021179463e7e43f41c3564d60f	d__Bacteria; p__Firmicutes; c__Clostridia; o__Oscillospirales; f__Oscillospiraceae
33923ced2d72839bffeceb09738f1495	d__Bacteria; p__Firmicutes; c__Clostridia
a050a6861f36e3034defb68f10470754	d__Bacteria; p__Firmicutes; c__Clostridia
28af625af9db7c7fb64e8272359e5e67	d__Bacteria; p__Firmicutes; c__Clostridia
1edf4e479311cf3d819f6f610603e3d9	d__Bacteria; p__Firmicutes; c__Clostridia
c431a7aeec7e4ad183201a29fb39bec8	d__Bacteria; p__Firmicutes; c__Negativicutes; o__Veillonellales-Selenomonadales; f__Veillonellaceae; g__Dialister; s__uncultured_bacterium
796116fa68b3f2d6e71fefa136368d5b	d__Bacteria; p__Firmicutes; c__Clostridia; o__Oscillospirales; f__Oscillospiraceae; g__UCG-002
3c728c63bcb8fa54b38889c542b1f8ce	d__Bacteria; p__Firmicutes; c__Clostridia; o__Oscillospirales; f__Oscillospiraceae; g__UCG-002; s__uncultured_organism
2ceee5e9185cbb162b1c2a1e94073a07	d__Bacteria; p__Firmicutes; c__Clostridia; o__Oscillospirales; f__Oscillospiraceae; g__UCG-002; s__uncultured_organism
04c25ca3918f927b3f9b6ae95dd3a17b	d__Bacteria; p__Firmicutes; c__Clostridia; o__Oscillospirales; f__Oscillospiraceae; g__UCG-002; s__uncultured_organism
974bdafd5b6e56908533fc8d1d762e23	d__Bacteria; p__Firmicutes; c__Clostridia; o__Oscillospirales; f__Oscillospiraceae
6570bfca7a3dfb521611d564a8131899	d__Bacteria; p__Firmicutes; c__Clostridia
3b58840e77e9916b25b1967dd9412db1	d__Bacteria; p__Firmicutes; c__Clostridia
5c1d0d31311bbac0d5893db8c0745d0b	d__Bacteria; p__Firmicutes; c__Clostridia
36e67e3529c06c6347a16db122dfd189	d__Bacteria; p__Bacteroidota; c__Bacteroidia; o__Bacteroidales; f__Bacteroidaceae; g__Bacteroides
e6e7495cb6622f6135299a0f3d2c7724	d__Bacteria; p__Firmicutes; c__Bacilli; o__Erysipelotrichales; f__Erysipelotrichaceae; g__uncultured; s__uncultured_bacterium
efcf75d7d8df6a1432238ae31cac0df4	d__Bacteria; p__Firmicutes; c__Clostridia; o__Lachnospirales; f__Lachnospiraceae; g__[Eubacterium]_oxidoreducens_group; s__uncultured_bacterium
0164c0a490f8c2a45d59d63ca62cccdd	d__Bacteria; p__Firmicutes; c__Clostridia; o__Oscillospirales; f__Oscillospiraceae; g__UCG-003; s__uncultured_bacterium
6cc57c556607ce3d685526b98284a91d	d__Bacteria; p__Firmicutes; c__Clostridia; o__Oscillospirales; f__Oscillospiraceae; g__UCG-003; s__metagenome
5e4c2652097ba6278a346236e7f52926	d__Bacteria; p__Firmicutes; c__Clostridia; o__Oscillospirales; f__Oscillospiraceae; g__UCG-003; s__metagenome
50746c81d125e2504c0f2c8de1f4513d	d__Bacteria; p__Firmicutes; c__Clostridia; o__Oscillospirales; f__Oscillospiraceae; g__UCG-002
dccdb4dee657ad5204964ef5c95f3336	d__Bacteria; p__Firmicutes; c__Clostridia
d03398554f486ad46cf00bf3bd553cf8	d__Bacteria; p__Firmicutes; c__Clostridia
e5cff2b92702afcf3ce4821769d4a744	d__Bacteria
5c0fb05c756aaac15c6351ece001581e	d__Bacteria; p__Firmicutes; c__Clostridia; o__Oscillospirales
6688b0041e4d2421d195d852e76f16b8	d__Bacteria; p__Firmicutes; c__Clostridia
f1acdc6449517c872ac67997c8c7f07b	d__Bacteria; p__Firmicutes; c__Clostridia
6de69ec2d3deedff2c241fe71f1bce9a	d__Bacteria; p__Firmicutes; c__Clostridia; o__Oscillospirales
d6fec22c3126e1380344c50a99c99ed7	d__Bacteria; p__Proteobacteria; c__Gammaproteobacteria; o__Burkholderiales; f__Comamonadaceae
f90dac8fd29e56ed82f93be53ff5400d	d__Bacteria; p__Firmicutes; c__Clostridia; o__Lachnospirales; f__Lachnospiraceae; g__[Eubacterium]_oxidoreducens_group; s__uncultured_bacterium
0aa9d630600b94324c192f230a300d83	d__Bacteria; p__Firmicutes; c__Clostridia
8c0126fb0ecb120408103b07791e619c	d__Bacteria; p__Firmicutes; c__Clostridia; o__Oscillospirales; f__Oscillospiraceae; g__UCG-002; s__uncultured_rumen
4d6230a7c3049be368deab2a4b6663c4	d__Bacteria; p__Firmicutes; c__Clostridia; o__Oscillospirales; f__Oscillospiraceae; g__UCG-002; s__uncultured_rumen
c6cf264fee2eff7a467da1654e0bfc38	d__Bacteria; p__Firmicutes; c__Clostridia
5f6c462d3ebb00990d271a933678365c	d__Bacteria; p__Firmicutes; c__Clostridia; o__Oscillospirales; f__Oscillospiraceae
c9414a67fbed8145ac0932a713efca02	d__Bacteria; p__Firmicutes; c__Clostridia
dea3bfec8f2688e1d57d7f9a19e6e99a	d__Bacteria; p__Firmicutes; c__Clostridia
f0f9b4cab8f8d374918ea1b3cc5134b1	d__Bacteria; p__Firmicutes; c__Clostridia; o__Oscillospirales; f__Oscillospiraceae; g__UCG-002; s__uncultured_organism
610be961bc8dca2e883e4f549faac762	d__Bacteria; p__Firmicutes; c__Clostridia; o__Oscillospirales; f__Oscillospiraceae; g__UCG-003; s__metagenome
eb207e7457e874135e26f03a6c8b8781	d__Bacteria; p__Firmicutes; c__Clostridia; o__Oscillospirales; f__Oscillospiraceae; g__UCG-002; s__uncultured_organism
f4955232f1af4411d24ccae334fbfd7f	d__Bacteria; p__Firmicutes; c__Clostridia; o__Oscillospirales; f__Oscillospiraceae; g__UCG-002; s__uncultured_organism
a89cdbb09791d74857f0cbf71963b0ab	d__Bacteria; p__Firmicutes; c__Clostridia; o__Oscillospirales; f__Oscillospiraceae; g__UCG-002; s__uncultured_organism
233896ebf8ec033fceef03a273af33fc	d__Bacteria; p__Firmicutes; c__Clostridia; o__Oscillospirales; f__Oscillospiraceae; g__UCG-002; s__uncultured_organism
a1eeeb7303f0d9b7fe28fd9dc243e0bf	d__Bacteria; p__Firmicutes; c__Clostridia
ec04e4c8c1c5cc6422f5d16de9fceada	d__Bacteria; p__Firmicutes; c__Clostridia; o__Oscillospirales; f__Oscillospiraceae; g__Intestinimonas
f12aecb8f9016b60f00918d47d14f6a5	d__Bacteria; p__Firmicutes; c__Clostridia; o__Oscillospirales; f__Oscillospiraceae
7ee1f16007d34b836c3c079d3f930e90	d__Bacteria; p__Firmicutes; c__Clostridia; o__Oscillospirales; f__Oscillospiraceae
6ae471b7b74ebc33780253ce0902618a	d__Bacteria; p__Firmicutes; c__Clostridia; o__Oscillospirales; f__Oscillospiraceae
27218bbd4a45e77a86469b96a27d1dee	d__Bacteria; p__Firmicutes; c__Clostridia; o__Oscillospirales; f__Oscillospiraceae
cd7fb68347f8d0517828d2957897cdfa	d__Bacteria; p__Firmicutes; c__Clostridia; o__Oscillospirales; f__Oscillospiraceae
f754c2a9651e6945d11f0f4eea6bf0bf	d__Bacteria; p__Firmicutes; c__Clostridia; o__Oscillospirales; f__Oscillospiraceae; g__UCG-002
ab5f27165a75f1ca7a5b6fd2b2c3b594	d__Bacteria; p__Firmicutes; c__Clostridia; o__Oscillospirales; f__Oscillospiraceae
16c03f67d1d16f7e6c2fc43f1a226ef4	d__Bacteria; p__Firmicutes; c__Clostridia; o__Oscillospirales; f__Oscillospiraceae; g__UCG-003
070bdd7de786f54162a99d08cfa66bf9	d__Bacteria; p__Firmicutes; c__Clostridia; o__Oscillospirales; f__Oscillospiraceae; g__UCG-003
e819ba7e0616a876a7763ff4d9694a32	d__Bacteria; p__Firmicutes; c__Clostridia; o__Oscillospirales; f__Oscillospiraceae; g__UCG-003
81c629a8e3539d85364981af6ce6292a	d__Bacteria; p__Firmicutes; c__Clostridia; o__Oscillospirales; f__Oscillospiraceae
d50978a6a1b6cfc40f029d0041b9b1ff	d__Bacteria; p__Firmicutes; c__Clostridia
37acd994dac9625eb1662d955f53e121	d__Bacteria; p__Bacteroidota; c__Bacteroidia; o__Bacteroidales; f__Bacteroidaceae; g__Bacteroides
9571d5205d663d8a5bbfef0d9284a379	d__Bacteria
9c8b3e841752e7278db64f35af37c153	d__Bacteria
b794a80ac0c03856b333e532a7c81343	d__Bacteria; p__Firmicutes; c__Clostridia; o__Oscillospirales; f__Oscillospiraceae; g__UCG-003
b213b5fcefb3921d0f9bbf6886e801be	d__Bacteria; p__Firmicutes; c__Clostridia; o__Oscillospirales; f__Oscillospiraceae; g__UCG-003
01e5378ce7dc1e5ce59b1a26a4a2de7d	d__Bacteria; p__Firmicutes; c__Clostridia; o__Oscillospirales; f__Oscillospiraceae; g__UCG-003
66274adea58685d9a79b6508350bec25	d__Bacteria; p__Firmicutes; c__Clostridia; o__Oscillospirales; f__Oscillospiraceae; g__UCG-003
8c367ebe0e03036dbc240e0bfb528ed2	d__Bacteria; p__Firmicutes; c__Clostridia; o__Oscillospirales; f__Oscillospiraceae; g__UCG-002
d0d46eb47b5090dc1b0e47b40d390bcb	d__Bacteria; p__Firmicutes; c__Clostridia; o__Lachnospirales; f__Lachnospiraceae; g__[Eubacterium]_oxidoreducens_group; s__uncultured_bacterium
e134f7c20f4642199782af2407de148b	d__Bacteria; p__Firmicutes; c__Clostridia; o__Lachnospirales; f__Lachnospiraceae; g__[Eubacterium]_oxidoreducens_group; s__uncultured_bacterium
2f09da762be1a8aefeba4c41b8c80f04	d__Bacteria; p__Firmicutes; c__Clostridia
1c586d1ad92ab81d21ea54468a1ce0fc	d__Bacteria
55e0a87bfb22c95a0ba0c8790782120a	d__Bacteria; p__Firmicutes; c__Clostridia; o__Oscillospirales; f__Oscillospiraceae
f5455d2f41a60e6b6ae0713bc75e8cb4	d__Bacteria; p__Firmicutes; c__Clostridia; o__Oscillospirales; f__Oscillospiraceae; g__uncultured; s__uncultured_organism
f0ef94f9e2a05a2cf52475f773ec218e	d__Bacteria; p__Firmicutes; c__Clostridia; o__Oscillospirales; f__Oscillospiraceae; g__Intestinimonas; s__Flavonifractor_plautii
145c605530800fe40e5a1d9c18bded2b	d__Bacteria; p__Firmicutes; c__Clostridia; o__Oscillospirales; f__Oscillospiraceae
1ca807a47d55cd6febfb1c814eb462c6	d__Bacteria; p__Firmicutes; c__Clostridia; o__Oscillospirales; f__Oscillospiraceae
7d36bcb86b0a64b374efb055c3e69e4c	d__Bacteria; p__Firmicutes; c__Clostridia; o__Oscillospirales; f__Oscillospiraceae; g__Colidextribacter
cccad11497e150a9c268c535f3e9dc2b	d__Bacteria; p__Firmicutes; c__Clostridia; o__Oscillospirales; f__Oscillospiraceae; g__Colidextribacter
75040af22f5c88dcfba54a7f6866cf18	d__Bacteria; p__Firmicutes; c__Clostridia; o__Oscillospirales; f__Oscillospiraceae; g__Colidextribacter
20e076b39e59465758b8cad3124b8f09	d__Bacteria; p__Firmicutes; c__Clostridia; o__Oscillospirales; f__Oscillospiraceae; g__Colidextribacter
8d99076b1668587ad1cf0363641e79c5	d__Bacteria; p__Firmicutes; c__Clostridia; o__Oscillospirales; f__Oscillospiraceae
d298023806fd888ecfefe43f5504fa69	d__Bacteria; p__Firmicutes; c__Clostridia; o__Oscillospirales; f__Oscillospiraceae; g__uncultured
43f1161d5e0ba0894df86865bb5c5dd6	d__Bacteria; p__Firmicutes; c__Clostridia; o__Oscillospirales; f__Oscillospiraceae; g__NK4A214_group
3ebd17e5cd178f685f4de5e69502758b	d__Bacteria; p__Firmicutes; c__Clostridia; o__Oscillospirales; f__Oscillospiraceae; g__uncultured
4cca43685a97aec2e9ac938994d7325b	d__Bacteria; p__Firmicutes; c__Clostridia; o__Oscillospirales; f__Oscillospiraceae; g__uncultured
60593c835fee427d96642e63c8495f53	d__Bacteria; p__Firmicutes; c__Bacilli; o__Lactobacillales; f__Streptococcaceae; g__Streptococcus
c40cce98b54a2baa7a84b7ad87a93a9c	d__Bacteria; p__Firmicutes; c__Clostridia; o__Oscillospirales; f__Oscillospiraceae; g__uncultured
35819660f9d12816c3be8a2f11a9aaf0	d__Bacteria; p__Firmicutes; c__Clostridia; o__Oscillospirales; f__Oscillospiraceae
2fabcd5fda198f06d303e36c77df7f80	d__Bacteria; p__Firmicutes; c__Clostridia; o__Oscillospirales; f__Oscillospiraceae; g__Colidextribacter
6326e13b30748962e62817816452ed27	d__Bacteria; p__Firmicutes; c__Clostridia; o__Oscillospirales; f__Oscillospiraceae; g__Colidextribacter
3c4e1aebc0b5e797c721076a90638d29	d__Bacteria; p__Firmicutes; c__Clostridia; o__Oscillospirales; f__Oscillospiraceae
142949fa057ef209dd8799e2deb8b621	d__Bacteria; p__Firmicutes; c__Clostridia; o__Oscillospirales; f__Oscillospiraceae
9931aa761f4f6b9df8948e767bfceae0	d__Bacteria; p__Firmicutes; c__Clostridia; o__Oscillospirales; f__Oscillospiraceae
ad1bbd55b63ca91d7e9326e4cc48eedb	d__Bacteria; p__Firmicutes; c__Clostridia; o__Oscillospirales
b4ec0c932058269398a40d201015b103	d__Bacteria; p__Firmicutes; c__Clostridia; o__Oscillospirales; f__Oscillospiraceae; g__Colidextribacter
250990eaed41aa34ec87943409c35982	d__Bacteria; p__Firmicutes; c__Clostridia; o__Oscillospirales; f__Oscillospiraceae; g__Colidextribacter
2b11b559a1fdde36b92ee54c30404b86	d__Bacteria; p__Firmicutes; c__Clostridia
2ae480f91cc5cbc7348f6d06a3c32e97	d__Bacteria; p__Firmicutes; c__Clostridia; o__Oscillospirales; f__Oscillospiraceae; g__Intestinimonas; s__uncultured_bacterium
eb120d8ea8283a59ec08911f803eb989	d__Bacteria; p__Firmicutes; c__Clostridia; o__Oscillospirales; f__Oscillospiraceae; g__uncultured
8f4d2685a6d42439d3fc9ed5914302b2	d__Bacteria; p__Firmicutes; c__Clostridia; o__Oscillospirales; f__Oscillospiraceae; g__uncultured
35a9fc11971050e593f7b2dea55c8bcf	d__Bacteria; p__Firmicutes; c__Clostridia; o__Oscillospirales; f__Oscillospiraceae
4c26db0434064094d2f32ab8e7e9944b	d__Bacteria; p__Firmicutes; c__Clostridia; o__Oscillospirales; f__Oscillospiraceae; g__uncultured; s__Intestinimonas_massiliensis
922b11732bf665bd5d7946848e9219f5	d__Bacteria; p__Firmicutes; c__Clostridia; o__Oscillospirales; f__Oscillospiraceae; g__Colidextribacter
c3da8e11b3176ed80175a112b1dda5ce	d__Bacteria; p__Firmicutes; c__Clostridia; o__Oscillospirales; f__Oscillospiraceae
09a60278a73d27152a6402458a4a5dcb	d__Bacteria; p__Firmicutes; c__Clostridia; o__Oscillospirales; f__Oscillospiraceae; g__Colidextribacter
c7661b832361e9de3e632d97f068ed91	d__Bacteria; p__Firmicutes; c__Clostridia; o__Oscillospirales; f__Oscillospiraceae; g__Colidextribacter
2585d2ac281a9bc6edcaab30250bd3ee	d__Bacteria; p__Firmicutes; c__Clostridia; o__Oscillospirales; f__Oscillospiraceae
ce143480b811c936b2e5637bbf424878	d__Bacteria; p__Firmicutes; c__Clostridia; o__Oscillospirales; f__Oscillospiraceae; g__Colidextribacter
5deaefc764ecb77c9698631269722c37	d__Bacteria; p__Firmicutes; c__Clostridia; o__Oscillospirales; f__Oscillospiraceae
75683c410dc1c1d51e121d628119da90	d__Bacteria; p__Firmicutes; c__Clostridia
8ac8c80ca8c56d1fce37dbb166a04208	d__Bacteria; p__Firmicutes; c__Clostridia
515aafaaf9f5cd909e86917910319712	d__Bacteria; p__Firmicutes; c__Clostridia; o__Oscillospirales; f__Oscillospiraceae; g__Intestinimonas
ca74ed3af56289da9e1d04a85b3a318e	d__Bacteria; p__Firmicutes; c__Clostridia; o__Oscillospirales; f__Oscillospiraceae; g__uncultured
140fe48339be93618ea91d0e257b4f53	d__Bacteria; p__Firmicutes; c__Clostridia; o__Oscillospirales; f__Oscillospiraceae; g__uncultured
c013b0065a301b8bb946309c50bc0547	d__Bacteria; p__Firmicutes; c__Clostridia; o__Oscillospirales; f__Oscillospiraceae; g__Colidextribacter
b1eb1ac382393c0bf240de5cb7c85c0f	d__Bacteria; p__Firmicutes; c__Clostridia; o__Oscillospirales; f__Oscillospiraceae; g__Colidextribacter; s__gut_metagenome
5dc6faf114e7e66da8433a5dc4c68584	d__Bacteria; p__Firmicutes; c__Clostridia
74e23ff704d98b635467db454e00e8fb	d__Bacteria; p__Firmicutes; c__Clostridia; o__Oscillospirales; f__Oscillospiraceae
5de7328c58b9cf4a4825041f3c23b347	d__Bacteria; p__Firmicutes; c__Clostridia; o__Oscillospirales; f__Oscillospiraceae
bcefbbcac17bf06685c0c8119769e10a	d__Bacteria; p__Firmicutes; c__Clostridia
b5f6fddb7e2adebfb64587e30cc201a2	d__Bacteria; p__Firmicutes; c__Clostridia; o__Oscillospirales; f__Oscillospiraceae; g__Oscillibacter
5c666d3006b4132d8c790ac8e97dd95a	d__Bacteria; p__Firmicutes; c__Clostridia; o__Oscillospirales; f__Oscillospiraceae; g__Oscillibacter
013ed9db0472aba7abbc9216ba8a9f2c	d__Bacteria; p__Firmicutes; c__Clostridia; o__Oscillospirales; f__Oscillospiraceae; g__Oscillibacter; s__uncultured_organism
6690164caf7c299f2942c8f394d01f61	d__Bacteria; p__Firmicutes; c__Clostridia; o__Oscillospirales; f__Oscillospiraceae; g__Oscillibacter; s__uncultured_organism
bd0d782e762d6f05e719ba1dda0e2aa7	d__Bacteria
5f4e0a7e9a8701dc0261717dbb092692	d__Bacteria; p__Firmicutes; c__Clostridia; o__Oscillospirales; f__Oscillospiraceae; g__Oscillibacter; s__human_gut
842bea1129c2d09af875c85976704fd7	d__Bacteria; p__Firmicutes; c__Clostridia; o__Oscillospirales; f__Oscillospiraceae; g__Oscillibacter
bd94c9063f8c22b9aa48cd466464eb0b	d__Bacteria; p__Firmicutes; c__Clostridia; o__Oscillospirales; f__Oscillospiraceae; g__Oscillibacter
3ce5a72c1c741e987e50880958d1a0eb	d__Bacteria; p__Firmicutes; c__Clostridia; o__Oscillospirales; f__Oscillospiraceae; g__Oscillibacter; s__uncultured_organism
656a5371ca9b1788c89db3b6cc78454f	d__Bacteria; p__Firmicutes; c__Clostridia; o__Oscillospirales; f__Oscillospiraceae; g__Oscillibacter; s__uncultured_organism
240ad7ea7f8889c92fc112b79c071142	d__Bacteria; p__Firmicutes; c__Clostridia; o__Oscillospirales; f__Oscillospiraceae
8804784ba63550b725564a2276e8bf5c	d__Bacteria; p__Firmicutes; c__Clostridia
def2c22d963d955d1f6e74d4e05e3d8a	d__Bacteria
ad2061417e145d68e887e3c37dfe8dfc	d__Bacteria; p__Firmicutes; c__Clostridia; o__Oscillospirales; f__Oscillospiraceae; g__uncultured
bc7d369d81fb42630074a0ed0eefbd35	d__Bacteria; p__Firmicutes; c__Clostridia; o__Oscillospirales; f__Oscillospiraceae; g__uncultured
ee86a6fb2fc09da8fa9c155c92cd6679	d__Bacteria; p__Firmicutes; c__Clostridia; o__Oscillospirales; f__Oscillospiraceae; g__uncultured
ca07a679d02edbb37b80699b3da9e796	d__Bacteria; p__Firmicutes; c__Clostridia; o__Oscillospirales; f__Oscillospiraceae
59fab9f4c87bfad0312e216c48a82eb9	d__Bacteria; p__Firmicutes; c__Clostridia; o__Oscillospirales; f__Oscillospiraceae; g__uncultured; s__uncultured_organism
4128187b452f03004ecf086d38291cdb	d__Bacteria; p__Firmicutes; c__Clostridia; o__Oscillospirales; f__Oscillospiraceae; g__uncultured; s__uncultured_organism
08e23d6e125ac20df240f7359235936b	d__Bacteria; p__Firmicutes; c__Clostridia; o__Oscillospirales; f__Oscillospiraceae; g__uncultured
2020f04cc74d87af07956372197d3e8e	d__Bacteria; p__Firmicutes; c__Clostridia; o__Oscillospirales; f__Oscillospiraceae
f7a3a58e631f493c3711ddd8aa5da244	d__Bacteria; p__Firmicutes; c__Clostridia; o__Oscillospirales; f__Oscillospiraceae
bf6812d520393e91af4529fba4d854ef	d__Bacteria; p__Firmicutes; c__Clostridia
c1390ab6e9f3e35a673a0e96aa46168a	d__Bacteria; p__Firmicutes; c__Clostridia; o__Oscillospirales
570f9a0c82b43ce7f33ed8d3b5ef9ed8	d__Bacteria; p__Firmicutes; c__Clostridia; o__Oscillospirales; f__Oscillospiraceae
52a55fa14253d28015abf425178c19c4	d__Bacteria; p__Firmicutes; c__Clostridia; o__Oscillospirales; f__Oscillospiraceae; g__Flavonifractor
098187c136afb11c790602bde896877e	d__Bacteria; p__Firmicutes; c__Clostridia; o__Oscillospirales; f__Oscillospiraceae
83f4d1882bb0921e0b4fb91cfe62f34f	d__Bacteria; p__Firmicutes; c__Clostridia; o__Oscillospirales; f__Oscillospiraceae
0a97c66ee8b3a2cb47cddc5067b90164	d__Bacteria
f6c5eea31a4f0264b1d34d6d0512fdd0	d__Bacteria; p__Firmicutes; c__Clostridia; o__Oscillospirales; f__Oscillospiraceae
a3e38a15759b183f50f2f6681a77ad53	d__Bacteria; p__Firmicutes; c__Clostridia; o__Oscillospirales; f__Oscillospiraceae; g__Colidextribacter
72c3aae1406a1efc553b31c7da176e99	d__Bacteria; p__Firmicutes; c__Clostridia; o__Oscillospirales; f__Oscillospiraceae
50d8afbaebc6605d8a436ffa60e77f20	d__Bacteria; p__Firmicutes; c__Clostridia; o__Oscillospirales; f__Oscillospiraceae
2a94125dce6f5bc78266bbb47e65f674	d__Bacteria; p__Firmicutes; c__Clostridia; o__Oscillospirales; f__Oscillospiraceae
b3d286c860a596f4a95f44c6269cfd92	d__Bacteria; p__Firmicutes; c__Clostridia; o__Oscillospirales; f__Oscillospiraceae
42cbcaa166fcbf4073ef4f3994b8305a	d__Bacteria; p__Firmicutes; c__Clostridia; o__Lachnospirales; f__Lachnospiraceae; g__[Eubacterium]_oxidoreducens_group; s__uncultured_bacterium
27a3e96a7d615bee86028349332c1759	d__Bacteria; p__Firmicutes; c__Clostridia; o__Oscillospirales; f__Oscillospiraceae
a225568e46ed0aca2f34d98a2a839445	d__Bacteria; p__Firmicutes; c__Clostridia; o__Oscillospirales; f__Oscillospiraceae
f34dc31c63d7583a306a80c5ccec0231	d__Bacteria; p__Firmicutes; c__Clostridia; o__Oscillospirales; f__Oscillospiraceae; g__UCG-002
af1e2c2c287dc53bbdcd84fa79bf7160	d__Bacteria; p__Firmicutes; c__Clostridia; o__Oscillospirales; f__Oscillospiraceae; g__UCG-002
657361d58f072077611f50cabc0d4522	d__Bacteria; p__Firmicutes; c__Clostridia; o__Oscillospirales; f__Oscillospiraceae; g__UCG-002
adea1a103cbc145190a388d1375ab76c	d__Bacteria; p__Firmicutes; c__Clostridia; o__Oscillospirales; f__Oscillospiraceae; g__UCG-002
efdfe5802a180a9b13710822e5ea074f	d__Bacteria; p__Firmicutes; c__Clostridia; o__Oscillospirales; f__Oscillospiraceae
18bbfaa053bed99d5accb9429be9f92c	d__Bacteria; p__Firmicutes; c__Clostridia; o__Oscillospirales; f__Oscillospiraceae; g__UCG-002
1abe3ab307efa92c887c164664d822d3	d__Bacteria; p__Firmicutes; c__Clostridia; o__Oscillospirales; f__Oscillospiraceae; g__UCG-002
3c662d8084cd51e7daa20169614b6a71	d__Bacteria; p__Proteobacteria; c__Gammaproteobacteria; o__Burkholderiales
8ca722b819066b4e95d31bba7c097c90	d__Bacteria; p__Firmicutes; c__Clostridia; o__Oscillospirales; f__Oscillospiraceae
094adee020800f93478a2baf49451296	d__Bacteria; p__Firmicutes; c__Clostridia; o__Oscillospirales; f__Oscillospiraceae
8183533c880cbc5c00b15c8392f1fe5f	d__Bacteria; p__Firmicutes; c__Clostridia; o__Oscillospirales; f__Oscillospiraceae
fe2b8877f5e55fcfc506d0a61db4428d	d__Bacteria; p__Firmicutes; c__Clostridia; o__Oscillospirales; f__Oscillospiraceae; g__UCG-002; s__uncultured_bacterium
ccbf46d713ffd7876e8f981cd84020bf	d__Bacteria; p__Firmicutes; c__Clostridia; o__Oscillospirales; f__Oscillospiraceae
a367c2caa338c54f535e53ac4bb9fe8a	d__Bacteria
9e17e89490c4e5b8dac73f376a16beb1	d__Bacteria
3edbfcb4c86b042fc04151c307f8d751	d__Bacteria; p__Firmicutes; c__Clostridia; o__Oscillospirales; f__Oscillospiraceae
f18a8ccbb0566b8ed8cfb3c96b1d763f	d__Bacteria; p__Firmicutes; c__Clostridia; o__Oscillospirales; f__Oscillospiraceae
d1b49dfc6783d5ce618c7bad5d78928a	d__Bacteria
da764c5bc5457105617cbdcf81564826	d__Bacteria; p__Firmicutes; c__Clostridia; o__Oscillospirales; f__Oscillospiraceae
b9ae2bbc88c1daf8b36857d5fea3847d	d__Bacteria; p__Firmicutes; c__Clostridia; o__Oscillospirales; f__Oscillospiraceae
20083af3af5c17ae5e5fddd49b06bec9	d__Bacteria; p__Firmicutes; c__Clostridia; o__Oscillospirales; f__Oscillospiraceae
68628b80d011ec6890d56103fdee8dc0	d__Bacteria; p__Firmicutes; c__Clostridia; o__Oscillospirales; f__Oscillospiraceae
d6fd58de588df73c364337827f0b959a	d__Bacteria; p__Firmicutes; c__Clostridia; o__Oscillospirales; f__Oscillospiraceae
4d8127df3186db19249edb921f580db0	d__Bacteria
7fc1cf452fa3f5834ff6a9a9d90d553b	d__Bacteria; p__Firmicutes; c__Clostridia; o__Oscillospirales; f__Oscillospiraceae
54d5f77359566744fcf8506c6ed30411	d__Bacteria; p__Firmicutes; c__Clostridia; o__Oscillospirales; f__Oscillospiraceae
773d3deb6a06cd153cfda567761e31d6	d__Bacteria; p__Firmicutes; c__Clostridia
c3a41844e05d682a313bf9b367eb286b	d__Bacteria; p__Firmicutes; c__Clostridia
af656ddbdf55fa34cf7b4609b47003cf	d__Bacteria; p__Firmicutes; c__Clostridia
85fe1870817d7266f2d7dc7a52203a8d	d__Bacteria; p__Firmicutes; c__Clostridia
c36fb99620aa7184663a74f76d4d7a98	d__Bacteria; p__Firmicutes; c__Clostridia
526827d4efda983a4e3f77371d90eb57	d__Bacteria; p__Firmicutes; c__Bacilli; o__Erysipelotrichales; f__Erysipelatoclostridiaceae; g__Erysipelotrichaceae_UCG-003
4de73737eaca0149aad4b0c01f858fa6	d__Bacteria; p__Firmicutes; c__Clostridia; o__Oscillospirales; f__Oscillospiraceae
fa372c1989653ccf90ff0168304eaf50	d__Bacteria; p__Firmicutes; c__Clostridia; o__Oscillospirales
5bb4bdcebb466c1529508599306023f7	d__Bacteria; p__Firmicutes; c__Clostridia
6a1154086f573abdb0a1d8a0a5b94c85	d__Bacteria; p__Firmicutes; c__Clostridia
7f1f00316837445f0e12c1bb5a16214e	d__Bacteria; p__Firmicutes; c__Clostridia; o__Oscillospirales; f__Oscillospiraceae; g__UCG-002; s__uncultured_bacterium
42ab579f29541d8a8bdc3a6d5a83d91c	d__Bacteria; p__Firmicutes; c__Clostridia
ed4d8b8e5e5e63070f7408c1f90b1e13	d__Bacteria; p__Firmicutes; c__Clostridia; o__Oscillospirales; f__Oscillospiraceae; g__UCG-002
cda66c9e4e572e61c9cac61c406b0a97	d__Bacteria; p__Firmicutes; c__Clostridia; o__Oscillospirales; f__Oscillospiraceae; g__UCG-002
6e75162c75ab452368ffd3c1f4b0b133	d__Bacteria; p__Firmicutes; c__Clostridia; o__Oscillospirales; f__Oscillospiraceae; g__UCG-002
ccbe483f3e6ccf19669cba97cfbd0a2b	d__Bacteria; p__Firmicutes; c__Clostridia; o__Oscillospirales; f__Oscillospiraceae; g__UCG-002
6973901e09f2fedfb07ae31ae67a2683	d__Bacteria; p__Firmicutes; c__Clostridia; o__Oscillospirales; f__Oscillospiraceae; g__UCG-002; s__uncultured_bacterium
572339491ca5852eaa29d6779aab33d6	d__Bacteria; p__Firmicutes; c__Clostridia; o__Oscillospirales; f__Oscillospiraceae; g__UCG-002; s__uncultured_bacterium
e9cc940aaa12a8534eb6fc4eccd63080	d__Bacteria; p__Firmicutes; c__Clostridia; o__Oscillospirales; f__Oscillospiraceae; g__UCG-002
9d88dbbc529700c03591643d6a96f1de	d__Bacteria; p__Firmicutes; c__Clostridia; o__Oscillospirales; f__Oscillospiraceae; g__UCG-002
b1eca80e6d9054b7be0bb95eba5f6456	d__Bacteria; p__Firmicutes; c__Clostridia; o__Oscillospirales; f__Oscillospiraceae; g__UCG-002
8743feeb2f77c13706e39d689fd53282	d__Bacteria; p__Firmicutes; c__Clostridia; o__Oscillospirales; f__Oscillospiraceae; g__UCG-002; s__uncultured_bacterium
d3e9287bc39cf9c3911b65bf260d9434	d__Bacteria; p__Firmicutes; c__Clostridia; o__Oscillospirales; f__Oscillospiraceae
8aacf6ca33c29c948e81300068b05617	d__Bacteria; p__Firmicutes; c__Clostridia
0389e21ccabc650d3f80ce3b5c65217a	d__Bacteria; p__Firmicutes; c__Clostridia; o__Oscillospirales; f__Oscillospiraceae
b44715540d4e50e16efe8642a74acb96	d__Bacteria; p__Firmicutes; c__Clostridia; o__Oscillospirales; f__Oscillospiraceae
230dfe62ed656eeb293bb2597200e07a	d__Bacteria; p__Firmicutes; c__Clostridia
8be43f78cba7f1ef41f8628487a09fb3	d__Bacteria; p__Firmicutes; c__Clostridia; o__Oscillospirales; f__Oscillospiraceae
e7b5e6b43661c507ce9645d9a88e791b	d__Bacteria; p__Firmicutes; c__Bacilli; o__Erysipelotrichales; f__Erysipelatoclostridiaceae; g__Catenibacterium; s__uncultured_bacterium
19c26f97a290f4e8107885c6c5120937	d__Bacteria; p__Firmicutes; c__Clostridia
92e245dc8d2ee1a7e9ae7ff11a02e03a	d__Bacteria; p__Firmicutes; c__Clostridia
823d8d1020a7f13cdb06b20479d11364	d__Bacteria; p__Firmicutes; c__Clostridia
0919ddd675360b16129fa2236af5b048	d__Bacteria; p__Firmicutes; c__Clostridia
875636243a85a4ce81e627c2038c388b	d__Bacteria; p__Firmicutes; c__Clostridia
f1221a5de7f8dee8aa07970229dfd0b7	d__Bacteria; p__Firmicutes; c__Clostridia
65974ea5b44be08a6398997e89672eec	d__Bacteria; p__Firmicutes; c__Clostridia
fbaaa63f061f18db87eeb72cdf4a2d79	d__Bacteria; p__Bacteroidota; c__Bacteroidia; o__Bacteroidales; f__Bacteroidaceae; g__Bacteroides
cdb9e3eb3abb2617283804deb93599b3	d__Bacteria; p__Bacteroidota; c__Bacteroidia; o__Bacteroidales; f__Bacteroidaceae; g__Bacteroides
d23eb1b55a4e5aa503e3c04d8275ba20	d__Bacteria; p__Firmicutes; c__Clostridia; o__Oscillospirales; f__Oscillospiraceae
93a9227c3b8e446ba009984dc0d6f0ff	d__Bacteria; p__Firmicutes; c__Clostridia; o__Oscillospirales; f__Oscillospiraceae; g__UCG-002
df638515a809d067e997c66a775a7c44	d__Bacteria; p__Firmicutes; c__Clostridia; o__Oscillospirales; f__Oscillospiraceae; g__UCG-002
ff843d88980f06f23e2ab19f04550a1d	d__Bacteria; p__Firmicutes; c__Clostridia
b0e1c48d4b9b732d8b89f9c53e56f0da	d__Bacteria; p__Desulfobacterota; c__Desulfovibrionia; o__Desulfovibrionales; f__Desulfovibrionaceae; g__Desulfovibrio
be69bd8e6f74b790310381d34044f8a0	d__Bacteria; p__Firmicutes; c__Clostridia; o__Oscillospirales; f__Oscillospiraceae
cf31b44182ac35de9f0cf9f8c67f897d	d__Bacteria
ac2641508365760ae1ae28fb0eddf94d	d__Bacteria; p__Firmicutes; c__Clostridia
c127df4a18c7a5262acbb63d7f44f526	d__Bacteria; p__Firmicutes; c__Clostridia; o__Oscillospirales; f__Oscillospiraceae; g__Flavonifractor
2bd17720dc7cab7fdd9cb9c831a80e8a	d__Bacteria; p__Proteobacteria; c__Gammaproteobacteria; o__Enterobacterales; f__Enterobacteriaceae; g__Escherichia-Shigella
e9d1070b5baf229ed1460dec75618464	d__Bacteria; p__Firmicutes; c__Clostridia; o__Oscillospirales; f__Oscillospiraceae
4dc951d887ca655e73419d6493f098ef	d__Bacteria; p__Firmicutes; c__Clostridia; o__Oscillospirales; f__Oscillospiraceae; g__Flavonifractor
754bc69da32f26ffab90d9e5a68fe4cc	d__Bacteria; p__Firmicutes; c__Clostridia; o__Oscillospirales; f__Oscillospiraceae; g__UCG-002
1c1cb8a604be6d6268ecbfd0eedc2715	d__Bacteria; p__Firmicutes; c__Clostridia; o__Oscillospirales; f__Oscillospiraceae
9f72c1ef250bae8937e74424b5b840ac	d__Bacteria; p__Firmicutes; c__Clostridia; o__Oscillospirales
17771c4d4db86ef34fe438404cc0c5e0	d__Bacteria; p__Firmicutes; c__Clostridia; o__Oscillospirales; f__Oscillospiraceae; g__Flavonifractor
4d184536947d8c0dc53f13c7ec3acdf3	d__Bacteria; p__Firmicutes; c__Clostridia; o__Oscillospirales; f__Oscillospiraceae
65ad7028c40114730fe7067eedf20cd7	d__Bacteria; p__Firmicutes; c__Clostridia; o__Oscillospirales; f__Oscillospiraceae
0389804c49fc07ac4013fef8d3b9bd91	d__Bacteria; p__Firmicutes; c__Clostridia; o__Oscillospirales; f__Oscillospiraceae; g__UCG-002
8922841bd11ffc70ce6ec5b1779a4d9c	d__Bacteria; p__Firmicutes; c__Clostridia; o__Oscillospirales; f__Oscillospiraceae; g__UCG-002
904fb9b1e9d2afbf69d8699f95c1f2bc	d__Bacteria; p__Firmicutes; c__Clostridia; o__Oscillospirales
be89f596d79cd231fefe582158ebdab1	d__Bacteria; p__Firmicutes; c__Clostridia
5bb4da9d467a5b831137660649fc44eb	d__Bacteria; p__Firmicutes; c__Clostridia; o__Oscillospirales; f__Oscillospiraceae; g__UCG-002
d7e925008da6134967fdb603a4a2e543	d__Bacteria; p__Firmicutes; c__Clostridia; o__Oscillospirales; f__Oscillospiraceae; g__UCG-002
27e1cf79d1aebd039ff90d76db013fde	d__Bacteria; p__Firmicutes; c__Clostridia; o__Oscillospirales; f__Oscillospiraceae; g__UCG-002
afb852dffd4dc18af7c8fe059ede0f9a	d__Bacteria; p__Firmicutes; c__Clostridia; o__Oscillospirales; f__Oscillospiraceae; g__UCG-002
d96b46d52d6cefe3340b4a32305ee16a	d__Bacteria; p__Firmicutes; c__Clostridia; o__Oscillospirales; f__Oscillospiraceae
5cb76496ebb11ad5f2e905299d670323	d__Bacteria; p__Firmicutes; c__Clostridia
b14f8444317df61f4925ac68fa100926	d__Bacteria
55c9bd69649bf25ab5d6d99472da6e0b	d__Bacteria; p__Bacteroidota; c__Bacteroidia; o__Bacteroidales
fd8e2422b5c5e36b2e8ad22d5f983c62	d__Bacteria; p__Firmicutes; c__Clostridia; o__Oscillospirales
e282bfbdcd3fc0a55abb6d68d3f38ce3	d__Bacteria; p__Firmicutes; c__Clostridia
b7fad86e3f068ad5717cc72df484ecda	d__Bacteria; p__Firmicutes; c__Clostridia; o__Clostridia_vadinBB60_group; f__Clostridia_vadinBB60_group; g__Clostridia_vadinBB60_group; s__metagenome
0a916af9f5e635bb54310e728db4603e	d__Bacteria; p__Firmicutes; c__Clostridia; o__Clostridia_vadinBB60_group; f__Clostridia_vadinBB60_group; g__Clostridia_vadinBB60_group; s__metagenome
9c1a03841de2978f9a1d4febf498a6f4	d__Bacteria; p__Firmicutes; c__Clostridia; o__Clostridia_vadinBB60_group; f__Clostridia_vadinBB60_group; g__Clostridia_vadinBB60_group; s__metagenome
58a1bbbf554277cc5f43fe6d0ff06ea7	d__Bacteria; p__Firmicutes; c__Clostridia; o__Clostridia_vadinBB60_group; f__Clostridia_vadinBB60_group; g__Clostridia_vadinBB60_group; s__metagenome
49ea987094a3d0b71f750e41212575f6	d__Bacteria; p__Firmicutes; c__Clostridia; o__Oscillospirales; f__UCG-010; g__UCG-010
c43b466ff1366dc25ff4cb3b5ff28cf7	d__Bacteria; p__Firmicutes; c__Clostridia; o__Oscillospirales; f__UCG-010; g__UCG-010
2dc2d043dd3b68a61ffae82b3e9d6f9c	d__Bacteria; p__Firmicutes; c__Clostridia
bc41f34209e5b61c3c229da5641971a3	d__Bacteria; p__Firmicutes; c__Bacilli; o__Erysipelotrichales; f__Erysipelatoclostridiaceae; g__Erysipelotrichaceae_UCG-003
a44927fc065d6818fb47835307d7a8a0	d__Bacteria; p__Firmicutes; c__Clostridia; o__Christensenellales; f__Christensenellaceae
2ba913f3a1a224d9d940b7110818cd3e	d__Bacteria; p__Firmicutes; c__Clostridia; o__Lachnospirales; f__Lachnospiraceae
cb01b47b2c75c1213959f258802c56cf	d__Bacteria; p__Bacteroidota; c__Bacteroidia; o__Bacteroidales; f__Barnesiellaceae; g__Barnesiella
952daef69044bff94e5130a7cca98def	d__Bacteria; p__Firmicutes; c__Clostridia; o__Oscillospirales
ca281eee319a77be4a54762d8bbee560	d__Bacteria; p__Firmicutes; c__Clostridia; o__Oscillospirales; f__Oscillospiraceae; g__Pseudoflavonifractor
fd3d41227873bda69522f9c7aa806ada	d__Bacteria; p__Firmicutes; c__Clostridia; o__Oscillospirales; f__Oscillospiraceae; g__Pseudoflavonifractor; s__uncultured_bacterium
13888c07f114b25c2c45e42175fafe22	d__Bacteria; p__Firmicutes; c__Clostridia; o__Oscillospirales; f__Oscillospiraceae; g__Pseudoflavonifractor; s__uncultured_bacterium
9d3f7b3e9fe30861d92758fbbd5f1962	d__Bacteria; p__Firmicutes; c__Clostridia; o__Oscillospirales; f__Oscillospiraceae; g__Pseudoflavonifractor; s__uncultured_bacterium
6bd45a03ed6ea70ae5f53bd35b7cc558	d__Bacteria; p__Firmicutes; c__Clostridia
efd519d51f399ccea7e32be6c01d78d4	d__Bacteria; p__Firmicutes; c__Clostridia; o__Christensenellales; f__Christensenellaceae
273d22b75c40104260938c9d90140b4d	d__Bacteria; p__Firmicutes; c__Clostridia; o__Christensenellales; f__Christensenellaceae; g__Christensenellaceae_R-7_group
8800ec88130b0335e167eaa6fc22fb19	d__Bacteria; p__Firmicutes; c__Clostridia; o__Christensenellales; f__Christensenellaceae; g__Christensenellaceae_R-7_group
ed09a79e550862e87a14593407293313	d__Bacteria; p__Firmicutes; c__Clostridia; o__Christensenellales; f__Christensenellaceae; g__Christensenellaceae_R-7_group
bfe4a3c947e0bdd08216673005a2b0f6	d__Bacteria; p__Firmicutes; c__Clostridia; o__Lachnospirales; f__Lachnospiraceae
024168b87f8e648908e94bfaa1d5f385	d__Bacteria; p__Firmicutes; c__Clostridia; o__Clostridia_vadinBB60_group; f__Clostridia_vadinBB60_group; g__Clostridia_vadinBB60_group
91f0187a0d9828e937094e56c4e7df85	d__Bacteria; p__Firmicutes; c__Clostridia; o__Christensenellales; f__Christensenellaceae; g__uncultured
19ad85fe1386bbd42e419a334c556994	d__Bacteria; p__Firmicutes; c__Clostridia; o__Christensenellales; f__Christensenellaceae
f8c8fb5623f0ce6d7b37f99fb9c9d3f7	d__Bacteria; p__Bacteroidota; c__Bacteroidia; o__Bacteroidales; f__Prevotellaceae
ed93ffe6626ac40f22f3e75efce60821	d__Bacteria; p__Firmicutes; c__Clostridia; o__Christensenellales; f__Christensenellaceae; g__uncultured
bfd55646a3c378834fc55080425bf409	d__Bacteria; p__Firmicutes; c__Clostridia; o__Christensenellales; f__Christensenellaceae; g__uncultured
2a6cf115cfa8723bd04703913c154508	d__Bacteria; p__Firmicutes; c__Clostridia; o__Christensenellales; f__Christensenellaceae; g__uncultured
4bebc807fa6896e3c521dc6790c7cf94	d__Bacteria; p__Firmicutes; c__Clostridia; o__Christensenellales; f__Christensenellaceae; g__uncultured
276a7cbff6ba26bd565220b69bbbeb5e	d__Bacteria; p__Firmicutes; c__Clostridia; o__Christensenellales; f__Christensenellaceae; g__uncultured
c2c51d20d735ed51b3ee3ebbda9c91c0	d__Bacteria; p__Firmicutes; c__Clostridia; o__Christensenellales; f__Christensenellaceae; g__uncultured
18eb00a57d54c76fe9bbdf1db3d7b113	d__Bacteria; p__Firmicutes; c__Clostridia; o__Christensenellales; f__Christensenellaceae; g__Christensenellaceae_R-7_group
f7fc6dd73a2649cf9a4a9d0ee01d4196	d__Bacteria; p__Firmicutes; c__Clostridia; o__Christensenellales; f__Christensenellaceae; g__Christensenellaceae_R-7_group; s__gut_metagenome
f3ce3cf6f6a35d852b89b073090240aa	d__Bacteria; p__Firmicutes; c__Clostridia; o__Clostridia_UCG-014; f__Clostridia_UCG-014; g__Clostridia_UCG-014
2fb7055abc2f6a599a484fbaba450ac9	d__Bacteria; p__Firmicutes; c__Clostridia; o__Christensenellales; f__Christensenellaceae; g__Christensenellaceae_R-7_group; s__gut_metagenome
b679c348fe8c7d54d85ade2a9a71eb69	d__Bacteria
8f7c2d8e8e79da1ef57918d9ea3a7e47	d__Bacteria; p__Firmicutes; c__Clostridia; o__Christensenellales; f__Christensenellaceae; g__Christensenellaceae_R-7_group
ea83be9ee55b36843f894ee2c1ce0c1e	d__Bacteria; p__Firmicutes; c__Clostridia; o__Oscillospirales; f__Oscillospiraceae
c4726136b3b798a65ba7bed72e8ba440	d__Bacteria; p__Firmicutes; c__Clostridia; o__Christensenellales; f__Christensenellaceae; g__Christensenellaceae_R-7_group
77e01caf3329d9025179ec0524e37792	d__Bacteria; p__Firmicutes; c__Clostridia; o__Christensenellales; f__Christensenellaceae; g__Christensenellaceae_R-7_group
7646c3aeca65ddf55a71733b0d498d7d	d__Bacteria; p__Firmicutes; c__Clostridia; o__Christensenellales; f__Christensenellaceae; g__Christensenellaceae_R-7_group
accb149ad9954564960dfeaa5f2ba131	d__Bacteria; p__Firmicutes; c__Clostridia; o__Christensenellales; f__Christensenellaceae
2aa141f32288a465ad4c72ef04a3ba2f	d__Bacteria; p__Firmicutes; c__Clostridia; o__Christensenellales; f__Christensenellaceae
ed2b606b6ba9892d2c3f0519ab98e991	d__Bacteria; p__Firmicutes; c__Clostridia; o__Christensenellales; f__Christensenellaceae; g__Christensenellaceae_R-7_group
b8c600747d416b1efba8cc4a472eefb4	d__Bacteria; p__Firmicutes; c__Clostridia; o__Christensenellales; f__Christensenellaceae; g__Christensenellaceae_R-7_group
c93671e0885b3850c732eb5a37601c2e	d__Bacteria; p__Proteobacteria; c__Gammaproteobacteria; o__Enterobacterales; f__Enterobacteriaceae; g__Escherichia-Shigella
92dfe11bbfa15566bb46b51aa84352de	d__Bacteria; p__Firmicutes; c__Clostridia
5b41bc3bd2f0e87e9c55ca71949315fd	d__Bacteria; p__Firmicutes; c__Clostridia; o__Christensenellales; f__Christensenellaceae
8387c61f630a2933d09a08057ab21d9a	d__Bacteria; p__Firmicutes; c__Clostridia; o__Lachnospirales; f__Lachnospiraceae
420cf595302574ad743798fe124eb737	d__Bacteria; p__Firmicutes; c__Clostridia; o__Lachnospirales; f__Lachnospiraceae
d05e35a3ec0f6c71ddc4d54f3b469744	d__Bacteria; p__Firmicutes; c__Clostridia; o__Christensenellales; f__Christensenellaceae; g__Christensenellaceae_R-7_group; s__uncultured_spirochete
ea86805cad383289d0d5b09bb680d1bc	d__Bacteria; p__Firmicutes; c__Clostridia; o__Christensenellales; f__Christensenellaceae; g__Christensenellaceae_R-7_group
8ffc12c4105e664a0d8c7dfba1388501	d__Bacteria; p__Firmicutes; c__Clostridia; o__Christensenellales; f__Christensenellaceae; g__Christensenellaceae_R-7_group
980177992ac613cf31bceb08f24ff016	d__Bacteria; p__Firmicutes; c__Clostridia; o__Christensenellales; f__Christensenellaceae; g__Christensenellaceae_R-7_group; s__gut_metagenome
0ba9666f1f2149e8630e993e63818947	d__Bacteria; p__Firmicutes; c__Clostridia; o__Christensenellales; f__Christensenellaceae; g__Christensenellaceae_R-7_group
60020ff1e0fdfe010feb79075ac53534	d__Bacteria; p__Proteobacteria; c__Gammaproteobacteria; o__Enterobacterales; f__Enterobacteriaceae; g__Escherichia-Shigella
413446ddda27fdb7051ec94b1dd5fd4a	d__Bacteria; p__Firmicutes; c__Clostridia
0b3500c8062cb67710f64ec0b007891a	d__Bacteria; p__Firmicutes; c__Clostridia; o__Peptostreptococcales-Tissierellales; f__Peptostreptococcaceae
48462339ece189881762162bf98f921b	d__Bacteria; p__Firmicutes; c__Clostridia; o__Oscillospirales; f__Ruminococcaceae; g__Faecalibacterium; s__uncultured_bacterium
b8c86bdda2bb27387676340a222cc6b6	d__Bacteria; p__Firmicutes; c__Clostridia
435a1236b06a3284a67b6e7474116260	d__Bacteria; p__Desulfobacterota; c__Desulfovibrionia; o__Desulfovibrionales; f__Desulfovibrionaceae; g__Desulfovibrio
5e62967805226fe920a73cc4b0f82b77	d__Bacteria; p__Firmicutes; c__Clostridia; o__Oscillospirales; f__Oscillospiraceae
6fb657e248052713903732896def3ab3	d__Bacteria; p__Firmicutes; c__Clostridia; o__Christensenellales; f__Christensenellaceae; g__Christensenellaceae_R-7_group
b35ae8fbfc6ddf9af0ed624f16696abe	d__Bacteria; p__Firmicutes; c__Clostridia; o__Christensenellales; f__Christensenellaceae; g__Christensenellaceae_R-7_group
daedd9bba9999e52798ef4f78bb2fc79	d__Bacteria
52fa18782982227906dffa11dd0998a1	d__Bacteria; p__Firmicutes; c__Clostridia; o__Oscillospirales; f__UCG-010; g__UCG-010
448dae85031b403d2846126786a96e6c	d__Bacteria; p__Firmicutes; c__Clostridia
827ea0bc563e2e3c0ff6d9da02f60af5	d__Bacteria; p__Firmicutes; c__Clostridia; o__Lachnospirales; f__Lachnospiraceae
a3b74983c31efb2e70c82e764ff0e7bc	d__Bacteria; p__Firmicutes; c__Clostridia
600c7a4385372c6b6dc05026366b26cb	d__Bacteria; p__Firmicutes; c__Clostridia; o__Oscillospirales; f__Oscillospiraceae
77842741c0e75ab79f87a287aeb0ae77	d__Bacteria; p__Firmicutes; c__Clostridia; o__Oscillospirales; f__Oscillospiraceae; g__NK4A214_group
d2e1963e892557846adb3e33ac9d45dc	d__Bacteria; p__Firmicutes; c__Clostridia; o__Christensenellales; f__Christensenellaceae; g__uncultured; s__uncultured_bacterium
928f0e85a028a0b99e028a8678e157b9	d__Bacteria; p__Verrucomicrobiota; c__Verrucomicrobiae; o__Verrucomicrobiales; f__Akkermansiaceae; g__Akkermansia
58522a7f3e695209b58e27e7a47888fd	d__Bacteria; p__Firmicutes; c__Clostridia; o__Oscillospirales; f__Oscillospiraceae
6e8c630a86b825dbac341e4a51c056b3	d__Bacteria; p__Firmicutes; c__Clostridia; o__Oscillospirales; f__Oscillospiraceae
1b580f9bd9a9edbe32211d5523d79c2a	d__Bacteria; p__Firmicutes; c__Clostridia; o__Oscillospirales; f__Oscillospiraceae; g__UCG-002
9e20aff3db56f7114abb5e80be8eb26d	d__Bacteria; p__Firmicutes; c__Clostridia; o__Oscillospirales; f__Oscillospiraceae
00a2f1a6acbddd76eb2292f35b9cb24f	d__Bacteria; p__Firmicutes; c__Clostridia; o__Christensenellales; f__Christensenellaceae; g__Christensenellaceae_R-7_group; s__uncultured_Clostridia
e62b8de18d228fa3f238e1e041178436	d__Bacteria; p__Firmicutes; c__Clostridia; o__Christensenellales; f__Christensenellaceae; g__Christensenellaceae_R-7_group; s__uncultured_Clostridia
3e1b22c5aa6656f25f398ceb15791265	d__Bacteria; p__Firmicutes; c__Clostridia
492d1d56415381dc2e52cabec2b6062d	d__Bacteria; p__Synergistota; c__Synergistia; o__Synergistales; f__Synergistaceae; g__Pyramidobacter
130835719599192f48edc8f52b1962d6	d__Bacteria; p__Firmicutes; c__Clostridia; o__Oscillospirales; f__UCG-010; g__UCG-010; s__uncultured_organism
06dd939ac1df07c2459cecbf4ef2a8a9	d__Bacteria; p__Firmicutes; c__Clostridia; o__Oscillospirales; f__UCG-010; g__UCG-010; s__uncultured_organism
b1fb6319bd491a3a54f2d4bb7115f20e	d__Bacteria; p__Firmicutes; c__Clostridia; o__Oscillospirales
ca0178b49e93fd27e31f3187dd57189c	d__Bacteria; p__Firmicutes; c__Clostridia; o__Oscillospirales
6a09f2c83d5c1c7a8778bd5e10f92de2	d__Bacteria; p__Firmicutes; c__Clostridia; o__Oscillospirales; f__Oscillospiraceae
cba9bb7f4ceb9cc3cd8bfb3c7d423cb6	d__Bacteria; p__Bacteroidota; c__Bacteroidia; o__Bacteroidales; f__Marinifilaceae; g__Odoribacter
4da555fef9c1ac147d62e602655c9ac3	d__Bacteria; p__Firmicutes; c__Clostridia; o__Oscillospirales; f__Oscillospiraceae; g__UCG-005
aa6135bb7f8907a9e5e66d38066f522c	d__Bacteria; p__Firmicutes; c__Clostridia; o__Oscillospirales; f__Oscillospiraceae
b7e8fe4657c1d353a4f7bc85a6e8e7cb	d__Bacteria; p__Firmicutes; c__Clostridia
d04e3bc4cce4e41122bd8524d906bc9b	d__Bacteria; p__Firmicutes; c__Clostridia; o__Christensenellales; f__Christensenellaceae; g__Christensenellaceae_R-7_group
57bc1465e6bce2033f8008fea5bd887f	d__Bacteria; p__Firmicutes; c__Clostridia; o__Christensenellales; f__Christensenellaceae; g__Christensenellaceae_R-7_group
2a7b02718844def809f82e0c511e3d3e	d__Bacteria; p__Firmicutes; c__Clostridia; o__Oscillospirales; f__Oscillospiraceae; g__UCG-005; s__metagenome
6596ccd8c3e17b079743020734500376	d__Bacteria; p__Firmicutes; c__Clostridia; o__Oscillospirales; f__Oscillospiraceae; g__UCG-005; s__metagenome
c8326e46408fb360e6423bc2c80511c8	d__Bacteria; p__Firmicutes; c__Clostridia; o__Oscillospirales; f__Oscillospiraceae; g__UCG-005; s__metagenome
1adec4fe20026b14f482983127b9e989	d__Bacteria; p__Firmicutes; c__Clostridia; o__Oscillospirales; f__Oscillospiraceae
92e04bcd53dc1106d80cf0921c208220	d__Bacteria; p__Firmicutes; c__Clostridia; o__Lachnospirales; f__Lachnospiraceae
a86eb3e5ebd9c96c74bea98a59f61299	d__Bacteria; p__Firmicutes; c__Clostridia; o__Oscillospirales; f__Oscillospiraceae
6fb132e27c42f38d1350235e5e2534a0	d__Bacteria; p__Firmicutes; c__Clostridia; o__Oscillospirales; f__Oscillospiraceae; g__UCG-005
4a81dcac92b74973ec215ebd76dfdd22	d__Bacteria; p__Firmicutes; c__Clostridia; o__Oscillospirales; f__Oscillospiraceae; g__UCG-005
64480ff9990388db7f996e82ea9051f0	d__Bacteria; p__Firmicutes; c__Clostridia; o__Oscillospirales; f__Oscillospiraceae; g__UCG-005
d0820ddb14837e81cf3f58e35c195a7b	d__Bacteria; p__Bacteroidota; c__Bacteroidia; o__Bacteroidales; f__Barnesiellaceae; g__Coprobacter
bb95d48b8ff39ccb5e1937eb94147ed4	d__Bacteria; p__Firmicutes; c__Clostridia
66009047f800d4828ccc73281f342880	d__Bacteria; p__Firmicutes; c__Clostridia
2c7bcda9222d25372748a2e9dbf13227	d__Bacteria; p__Firmicutes; c__Clostridia; o__Oscillospirales; f__Oscillospiraceae; g__UCG-005
47116313dc054c0c020ca860369df9ca	d__Bacteria; p__Firmicutes; c__Clostridia; o__Oscillospirales; f__Oscillospiraceae; g__UCG-005; s__uncultured_prokaryote
b29ec080b76d42de6854ba617b982a48	d__Bacteria; p__Firmicutes; c__Clostridia
fd06ea022a2aef853a37fdf34207385b	d__Bacteria; p__Firmicutes; c__Clostridia; o__Oscillospirales; f__Oscillospiraceae; g__UCG-005
e6772b68af5bc5d0310968e84ea0a648	d__Bacteria; p__Firmicutes; c__Clostridia; o__Oscillospirales; f__Oscillospiraceae; g__UCG-005
46448d55b1975116a3547e41863f4cf9	d__Bacteria; p__Firmicutes; c__Clostridia; o__Oscillospirales; f__Oscillospiraceae; g__UCG-005
3010a056f04ccf5c1ba2869ffb889a1d	d__Bacteria; p__Firmicutes; c__Clostridia; o__Oscillospirales; f__Oscillospiraceae; g__UCG-005
8b4abdedf32e1d5388cfb894d51c4c07	d__Bacteria; p__Firmicutes; c__Clostridia; o__Oscillospirales; f__Oscillospiraceae; g__UCG-005
9bd400ba603d740de71afbe44f0a732e	d__Bacteria; p__Firmicutes; c__Clostridia; o__Lachnospirales; f__Lachnospiraceae
875f255de9741389ea48eb3fab05b152	d__Bacteria; p__Firmicutes; c__Clostridia; o__Christensenellales; f__Christensenellaceae; g__Catabacter; s__Catabacter_hongkongensis
f213c5ec7928d198d38d4e3e16073836	d__Bacteria; p__Firmicutes; c__Clostridia
2a65a84a2036397e1ac9e99711cc7304	d__Bacteria; p__Firmicutes; c__Clostridia; o__Oscillospirales; f__Oscillospiraceae; g__UCG-005
801f7c2b3b2c76fab1340c73fbe9de08	d__Bacteria; p__Bacteroidota; c__Bacteroidia; o__Bacteroidales; f__Marinifilaceae; g__Odoribacter
a36809096f715339d3d14295180df282	d__Bacteria; p__Firmicutes; c__Clostridia; o__Oscillospirales; f__Oscillospiraceae; g__UCG-005
8f6a6f4ec3ee93b499e7c5984c61fd79	d__Bacteria; p__Firmicutes; c__Clostridia; o__Oscillospirales; f__Oscillospiraceae; g__UCG-005
11d91a47daddfbaaa4eb0d041db66e62	d__Bacteria; p__Firmicutes; c__Clostridia; o__Oscillospirales; f__Oscillospiraceae; g__UCG-005
0e06b7b0ec9038dd3360ea6b2b74c40e	d__Bacteria; p__Firmicutes; c__Clostridia; o__Oscillospirales; f__Oscillospiraceae; g__UCG-005
cb3741ab21670152a1b5655c329a86db	d__Bacteria; p__Firmicutes; c__Clostridia; o__Oscillospirales; f__Oscillospiraceae; g__UCG-005; s__gut_metagenome
eef9875bfc4acbc52bf9ee9d6cd06ce9	d__Bacteria; p__Firmicutes; c__Clostridia; o__Oscillospirales; f__Oscillospiraceae; g__UCG-005
2cdb608d2052e3cbc933cc1a7068e162	d__Bacteria; p__Firmicutes; c__Clostridia; o__Oscillospirales; f__Oscillospiraceae; g__UCG-005
13c9a827eb6e346d75da21624dda2ef8	d__Bacteria; p__Firmicutes; c__Clostridia; o__Oscillospirales; f__Oscillospiraceae; g__UCG-005; s__uncultured_organism
4af57888629c02a5f9db4ce8b4a89422	d__Bacteria; p__Firmicutes; c__Clostridia; o__Oscillospirales; f__Oscillospiraceae; g__UCG-005
ea881643c573867909e865ccf7f90264	d__Bacteria; p__Firmicutes; c__Clostridia; o__Oscillospirales; f__Oscillospiraceae; g__UCG-005; s__uncultured_Clostridiales
720b357f12fadd38b350042f7eaba57f	d__Bacteria; p__Firmicutes; c__Clostridia; o__Oscillospirales; f__Oscillospiraceae; g__UCG-005
ebff946a723d4fac89320e8f24a437aa	d__Bacteria; p__Firmicutes; c__Clostridia; o__Oscillospirales; f__Oscillospiraceae
6cdca5c6f1f47bd030ed2e0d2d303c9b	d__Bacteria; p__Firmicutes; c__Clostridia; o__Lachnospirales; f__Lachnospiraceae; g__[Eubacterium]_oxidoreducens_group; s__uncultured_bacterium
ecad5eca5136366d4a9726025f542f41	d__Bacteria; p__Firmicutes; c__Clostridia; o__Oscillospirales; f__Oscillospiraceae; g__UCG-005
854fe4b5abcb92cdfacdca7967ea5d1b	d__Bacteria; p__Firmicutes; c__Clostridia; o__Oscillospirales; f__Oscillospiraceae; g__UCG-005
e11c9c2e7cf112b9c3e83017e7e3e1c1	d__Bacteria; p__Firmicutes; c__Clostridia; o__Oscillospirales; f__Oscillospiraceae; g__UCG-005; s__uncultured_organism
f4351f5cbc6341794928b30ba4426263	d__Bacteria; p__Firmicutes; c__Clostridia; o__Oscillospirales; f__Oscillospiraceae; g__UCG-005; s__uncultured_organism
89ee4adc6a9b1ad33bdf7ea2c8c170ec	d__Bacteria; p__Firmicutes; c__Clostridia
ed4727574420d2fc1f4309ea05c354c6	d__Bacteria; p__Firmicutes; c__Clostridia
61fb8e4921de73fed718195bd9a21e43	d__Bacteria; p__Firmicutes; c__Clostridia; o__Christensenellales; f__Christensenellaceae; g__Christensenellaceae_R-7_group
8ab050350272e389a352360b59c57c28	d__Bacteria
7ad9062ab0b307fa96031a8f19ea76c3	d__Bacteria
06eb381f61410c4ba8333e08d83b19bb	d__Bacteria; p__Firmicutes; c__Clostridia
b47595133af28288464ff05e7dacd203	d__Bacteria; p__Bacteroidota; c__Bacteroidia; o__Bacteroidales; f__Bacteroidaceae; g__Bacteroides
ad567341c33497cefe76b16a0b53c776	d__Bacteria
61cfd32878c2b3695b3a039aa74c53d6	d__Bacteria
e7737fc7407e7566838a982e32bd617d	d__Bacteria; p__Firmicutes; c__Clostridia
3e258e805f8a852e08f0c91fa8ea27b1	d__Bacteria; p__Firmicutes; c__Clostridia
6610598e87e636ea9bd506ab6e2f4483	d__Bacteria; p__Firmicutes; c__Clostridia
3b92437f27f2c624dabf43c612454aa0	d__Bacteria; p__Firmicutes; c__Clostridia; o__Lachnospirales; f__Lachnospiraceae; g__[Eubacterium]_oxidoreducens_group; s__uncultured_bacterium
20163ad35335eb4726189ad7d88ba3c9	d__Bacteria; p__Firmicutes; c__Clostridia
faf8134ea5a93dc472c6ea516276f4a7	d__Bacteria
9488b02cddf760c224f2fc64222fad3a	d__Bacteria; p__Firmicutes; c__Clostridia
6ab063aff5e7b06b1b76e3adfb87d56f	d__Bacteria; p__Firmicutes; c__Clostridia
c432cad82ebc65db57ab0f93b588fdf7	d__Bacteria; p__Firmicutes; c__Clostridia
e79425af4da7c2a036eb51ebd16c273f	d__Bacteria; p__Firmicutes; c__Clostridia
0bcbb05cb94811b9e32db773e334bb6d	d__Bacteria; p__Firmicutes; c__Clostridia
18930e33e6faa515e272440609a93dae	d__Bacteria; p__Firmicutes; c__Clostridia; o__Oscillospirales; f__Oscillospiraceae; g__UCG-005; s__uncultured_organism
a5086ea03afa87b5254d2ecf1a749ea6	d__Bacteria; p__Firmicutes; c__Clostridia; o__Oscillospirales; f__Oscillospiraceae; g__UCG-005
67f3e52da4fe14820ba472ed1a4d49b7	d__Bacteria; p__Firmicutes; c__Clostridia; o__Oscillospirales; f__Oscillospiraceae; g__UCG-005
70f36c6b97e6739e3199190689db5062	d__Bacteria; p__Firmicutes; c__Clostridia; o__Oscillospirales; f__Oscillospiraceae; g__UCG-005; s__uncultured_organism
ab889068f264b898511c283e2cf8aec4	d__Bacteria; p__Firmicutes; c__Clostridia; o__Oscillospirales; f__Oscillospiraceae; g__UCG-005
f82b1201e279fcee36c64e45ff226eb3	d__Bacteria; p__Firmicutes; c__Clostridia; o__Oscillospirales; f__Oscillospiraceae; g__UCG-005; s__uncultured_organism
72a4257e4db8a33335c67180fa24505a	d__Bacteria; p__Firmicutes; c__Clostridia; o__Oscillospirales; f__Oscillospiraceae; g__UCG-005; s__uncultured_organism
530df1f08c217b1ea1180524c1c5b9e4	d__Bacteria; p__Firmicutes; c__Clostridia; o__Oscillospirales; f__Oscillospiraceae; g__UCG-005; s__uncultured_organism
c247d038bfd3c9f43d2180b51b4deef3	d__Bacteria; p__Firmicutes; c__Bacilli; o__Erysipelotrichales; f__Erysipelatoclostridiaceae; g__Catenibacterium; s__uncultured_bacterium
3d7f1c78aade4d85743d7999eece6377	d__Bacteria; p__Firmicutes; c__Clostridia
29c4b3913d2da307dcfb5518c902e40d	d__Bacteria; p__Firmicutes; c__Clostridia
25ecb43015af9571b7d7c2b178350792	d__Bacteria; p__Firmicutes; c__Clostridia
678d4b9021051a76480d1664ea3b3493	d__Bacteria; p__Firmicutes; c__Clostridia
a50d8982333f3286768ea5e71a76fe23	d__Bacteria; p__Firmicutes; c__Clostridia; o__Oscillospirales
01a6772ae186ec079437bb6865af13be	d__Bacteria; p__Firmicutes; c__Clostridia; o__Oscillospirales; f__Oscillospiraceae
e2f207b4fdde7fdf0813ae5e56a6471e	d__Bacteria; p__Firmicutes; c__Clostridia; o__Christensenellales; f__Christensenellaceae; g__Christensenellaceae_R-7_group
2070f2a765ad2289d21ed40978465697	d__Bacteria; p__Firmicutes; c__Clostridia; o__Christensenellales; f__Christensenellaceae; g__Christensenellaceae_R-7_group
73ffa68a47a6ccd58c527b79b1574496	d__Bacteria; p__Firmicutes; c__Clostridia; o__Christensenellales; f__Christensenellaceae; g__Christensenellaceae_R-7_group
e11ffe9b0fd901e229fc50d6d1e796ba	d__Bacteria; p__Firmicutes; c__Clostridia; o__Christensenellales; f__Christensenellaceae; g__Christensenellaceae_R-7_group
acdd2d38f0fca82f0351709201e3e869	d__Bacteria; p__Firmicutes; c__Clostridia; o__Christensenellales; f__Christensenellaceae; g__Christensenellaceae_R-7_group; s__uncultured_marine
90133fb2a2749f64b9fb543927e27238	d__Bacteria; p__Firmicutes; c__Clostridia; o__Christensenellales; f__Christensenellaceae; g__Christensenellaceae_R-7_group; s__uncultured_marine
909479134230f96073a948ed754c6bea	d__Bacteria; p__Firmicutes; c__Clostridia; o__Christensenellales; f__Christensenellaceae; g__Christensenellaceae_R-7_group; s__uncultured_marine
bf3569b4115df167c75716102ff108b3	d__Bacteria; p__Firmicutes; c__Clostridia; o__Christensenellales; f__Christensenellaceae; g__Christensenellaceae_R-7_group
e1267257cb50391eacaa4fa7f6ad1a5d	d__Bacteria; p__Firmicutes; c__Clostridia; o__Christensenellales; f__Christensenellaceae; g__Christensenellaceae_R-7_group
2d8bf0d1fc9f1e3c2be377ce5b5c574d	d__Bacteria; p__Firmicutes; c__Clostridia; o__Christensenellales; f__Christensenellaceae; g__Christensenellaceae_R-7_group
9bb4f36305615d07e2f8fe05b5336085	d__Bacteria; p__Firmicutes; c__Clostridia
9c97b65b5b670f643c3d98d0f5977a4f	d__Bacteria; p__Firmicutes; c__Clostridia; o__Christensenellales; f__Christensenellaceae; g__Christensenellaceae_R-7_group
34cb2b358e68f5186b249ee17088e7c0	d__Bacteria; p__Firmicutes; c__Clostridia; o__Christensenellales; f__Christensenellaceae; g__Christensenellaceae_R-7_group
0000a5d7f85c3d4b499688fc0dea19a5	d__Bacteria; p__Firmicutes; c__Clostridia; o__Christensenellales; f__Christensenellaceae; g__Christensenellaceae_R-7_group
1c00fc75a1f91bd62d2e5c30e7f3ace6	d__Bacteria; p__Firmicutes; c__Clostridia; o__Christensenellales; f__Christensenellaceae; g__Christensenellaceae_R-7_group
d15d881d861890df8bd4fe7fcf65a36f	d__Bacteria; p__Firmicutes; c__Clostridia; o__Christensenellales; f__Christensenellaceae; g__Christensenellaceae_R-7_group
52b32511b71468e6fc61f54b8cccf46c	d__Bacteria; p__Firmicutes; c__Clostridia
8bf908807c622ca473fa840e066166e6	d__Bacteria; p__Firmicutes; c__Clostridia; o__Oscillospirales; f__Oscillospiraceae
62d8ac9db3f8f947e7b320e34883961b	d__Bacteria; p__Firmicutes; c__Clostridia; o__Christensenellales; f__Christensenellaceae; g__Christensenellaceae_R-7_group
1cead20aa8ab44bf940ad18c07202f4d	d__Bacteria; p__Firmicutes; c__Clostridia; o__Christensenellales; f__Christensenellaceae; g__Christensenellaceae_R-7_group
3e0f841359df0e64b0954038e8ac2354	d__Bacteria; p__Firmicutes; c__Clostridia; o__Christensenellales; f__Christensenellaceae
3312342db2099a919fc4e16587272d01	d__Bacteria; p__Firmicutes; c__Clostridia; o__Christensenellales; f__Christensenellaceae; g__Christensenella
e99e2d4f7844ef8dea7afa619e0077aa	d__Bacteria; p__Firmicutes; c__Clostridia; o__Christensenellales; f__Christensenellaceae; g__uncultured; s__uncultured_bacterium
aa5ecaf8473bc7f3c15f70859fc39711	d__Bacteria; p__Firmicutes; c__Clostridia; o__Christensenellales; f__Christensenellaceae; g__uncultured; s__uncultured_bacterium
3403f143746b9312ab78a1c675d6c894	d__Bacteria; p__Firmicutes; c__Clostridia; o__Christensenellales; f__Christensenellaceae; g__uncultured; s__uncultured_bacterium
9902549795768c19b18c1eb3d735fcc3	d__Bacteria; p__Firmicutes; c__Clostridia; o__Christensenellales; f__Christensenellaceae; g__uncultured; s__uncultured_bacterium
3eccda6289757f8bfcd61a2c171ebd18	d__Bacteria; p__Firmicutes; c__Clostridia; o__Christensenellales; f__Christensenellaceae; g__uncultured; s__uncultured_bacterium
8921beac5041dd71da56567f8db673f9	d__Bacteria; p__Firmicutes; c__Clostridia; o__Christensenellales; f__Christensenellaceae; g__uncultured; s__uncultured_bacterium
972d744246024f7b5587fe3d56547131	d__Bacteria; p__Firmicutes; c__Clostridia; o__Christensenellales; f__Christensenellaceae; g__uncultured; s__uncultured_bacterium
d708ec725ca79203e2df25393b8d6335	d__Bacteria; p__Firmicutes; c__Clostridia; o__Christensenellales; f__Christensenellaceae; g__uncultured; s__uncultured_bacterium
b9fccb31810464e2f22286586f9c19b2	d__Bacteria; p__Firmicutes; c__Clostridia; o__Christensenellales; f__Christensenellaceae; g__uncultured; s__uncultured_bacterium
50298116beb5610cfa4da5c9e5cbde5a	d__Bacteria; p__Firmicutes; c__Clostridia; o__Christensenellales; f__Christensenellaceae; g__uncultured; s__uncultured_bacterium
2a672e29c4d0cc74b8c23d3b61685dbe	d__Bacteria; p__Firmicutes; c__Clostridia; o__Christensenellales; f__Christensenellaceae; g__Christensenellaceae_R-7_group
11eb0b5eb7c7299a6f666b2ad4c27608	d__Bacteria; p__Firmicutes; c__Clostridia; o__Oscillospirales; f__Ruminococcaceae
441d4dadd397d24b8639e8b41f301b53	d__Bacteria
66ea2e6a15ed0fdc80077c2a2f70e0b9	d__Bacteria; p__Firmicutes; c__Clostridia; o__Oscillospirales; f__Oscillospiraceae; g__UCG-005; s__metagenome
ff17d4c0e7ec439a69d9e5f0ddf98f52	d__Bacteria; p__Firmicutes; c__Clostridia; o__Oscillospirales; f__Oscillospiraceae; g__UCG-005; s__metagenome
0a1f050d47330a5752a2a9bec2108aa4	d__Bacteria; p__Firmicutes; c__Clostridia; o__Oscillospirales; f__Oscillospiraceae; g__UCG-005; s__metagenome
c26012c5d497580844d28b65bf38f211	d__Bacteria; p__Firmicutes; c__Clostridia; o__Oscillospirales; f__Oscillospiraceae; g__UCG-005; s__metagenome
e1d9d3e5b55314f0fb321b5b1cbb4c52	d__Bacteria; p__Firmicutes; c__Clostridia; o__Oscillospirales; f__Oscillospiraceae; g__UCG-005; s__metagenome
ae74383bb7d6d4fd00e9b4337db57ad1	d__Bacteria; p__Firmicutes; c__Clostridia; o__Christensenellales; f__Christensenellaceae; g__Christensenella; s__Christensenella_minuta
966abb0ad3b159eee4bad1761d4afad6	d__Bacteria
8ba5cfe3278f802d7747eb6b851fb65c	d__Bacteria; p__Firmicutes; c__Clostridia; o__Christensenellales; f__Christensenellaceae; g__Christensenella; s__Christensenella_massiliensis
05559ed24873f26c489e59ecea6674db	d__Bacteria; p__Firmicutes; c__Clostridia
84eabda14f83e08454a11a500a048e37	d__Bacteria; p__Firmicutes; c__Clostridia; o__Christensenellales; f__Christensenellaceae; g__Christensenellaceae_R-7_group
741da0ec1854c20dff734d0693d8873a	d__Bacteria; p__Firmicutes; c__Clostridia; o__Christensenellales; f__Christensenellaceae; g__Christensenellaceae_R-7_group
daa4325f88dc0fe2fcaa62a4ee35140f	d__Bacteria; p__Firmicutes; c__Clostridia; o__Christensenellales; f__Christensenellaceae; g__Christensenellaceae_R-7_group
462f21f16fbf30395904d0906714f8d7	d__Bacteria; p__Firmicutes; c__Clostridia; o__Christensenellales; f__Christensenellaceae
06ea74899775e8d6fe2a842a28ed71b6	d__Bacteria; p__Firmicutes; c__Clostridia; o__Christensenellales; f__Christensenellaceae
111a61148a7b05f52c37556c6c5c0836	d__Bacteria; p__Firmicutes; c__Clostridia; o__Christensenellales; f__Christensenellaceae
8231ebfe5248ad8c9aba817517b66fed	d__Bacteria; p__Firmicutes; c__Clostridia; o__Christensenellales; f__Christensenellaceae
40bb787f00d551325d8967507c9122ce	d__Bacteria; p__Firmicutes; c__Clostridia; o__Christensenellales; f__Christensenellaceae; g__Christensenellaceae_R-7_group
bf3219f1ea37be8a4285e849816c2c5a	d__Bacteria; p__Firmicutes; c__Clostridia; o__Christensenellales; f__Christensenellaceae; g__Christensenellaceae_R-7_group
d5e45e5aa00e92df3ac385e0bda8f4b1	d__Bacteria; p__Firmicutes; c__Clostridia; o__Christensenellales; f__Christensenellaceae; g__uncultured
bd921553cf5701258eda4e1777911cb4	d__Bacteria; p__Firmicutes; c__Clostridia; o__Christensenellales; f__Christensenellaceae
f21bb72de0137eda53f5a4555ee48d84	d__Bacteria; p__Firmicutes; c__Clostridia; o__Christensenellales; f__Christensenellaceae; g__uncultured
0967793573f5d23c1b178ab773778052	d__Bacteria; p__Firmicutes; c__Clostridia; o__Christensenellales; f__Christensenellaceae; g__uncultured; s__uncultured_bacterium
c49a6f93894842cfabf4230f2fdcfc0b	d__Bacteria; p__Firmicutes; c__Clostridia
9cec6b22c2183ba5ae970e7c8b0e85bd	d__Bacteria; p__Firmicutes; c__Clostridia; o__Oscillospirales; f__Oscillospiraceae; g__UCG-002
0125fdea7839aca20e7c1290c961f516	d__Bacteria
68b1ccfdeff509d09bc0e4d08bc551ce	d__Bacteria; p__Firmicutes; c__Clostridia
fe4b0aae476ebbd9b824f4adff6cac25	d__Bacteria; p__Firmicutes; c__Clostridia; o__Christensenellales; f__Christensenellaceae; g__Christensenellaceae_R-7_group; s__uncultured_marine
75e39de484f11d50d736470cb9e3f7e7	d__Bacteria; p__Firmicutes; c__Clostridia; o__Oscillospirales; f__Ruminococcaceae
ba0f6d569333f5ee4d2a9b5209a35b12	d__Bacteria; p__Firmicutes; c__Clostridia; o__Lachnospirales; f__Lachnospiraceae; g__Lachnospiraceae_UCG-010; s__uncultured_organism
85802cfd59689ea50610535d5cc00207	d__Bacteria; p__Firmicutes; c__Clostridia
60d7f12390f54193bf68aa9ca75c58b1	d__Bacteria; p__Firmicutes; c__Clostridia
edb06010fb42db025c7b00c818aa3713	d__Bacteria; p__Firmicutes; c__Clostridia; o__Christensenellales; f__Christensenellaceae; g__Christensenellaceae_R-7_group
99667357363a0aeb1547f20e33e0c80b	d__Bacteria; p__Firmicutes; c__Clostridia
d78391875683e761ca0348fe4774d3dc	d__Bacteria; p__Firmicutes; c__Clostridia; o__Christensenellales; f__Christensenellaceae; g__Christensenellaceae_R-7_group
014ebb6483ca2e0b9718add8e59d9f52	d__Bacteria; p__Firmicutes; c__Clostridia; o__Christensenellales; f__Christensenellaceae; g__Christensenellaceae_R-7_group
e97e6856ec0b0ca78a17a2fc61b2ac1d	d__Bacteria; p__Firmicutes; c__Clostridia
a8f70d13ae4fcc18d29ca9e4057ed1b8	d__Bacteria; p__Proteobacteria; c__Gammaproteobacteria
b116f42011f2db576b0cbbc50fcc47ca	d__Bacteria; p__Firmicutes; c__Clostridia
50c1fb8f5a1a10697cd90febd626d4c4	d__Bacteria; p__Firmicutes; c__Clostridia; o__Oscillospirales; f__Ruminococcaceae; g__Subdoligranulum
7f2e671a4cf2ae2aec42397e93130ef3	d__Bacteria; p__Firmicutes; c__Clostridia; o__Oscillospirales
7d2e0fca8728bbd03fec7f7f5acf1bf4	d__Bacteria; p__Firmicutes; c__Clostridia; o__Oscillospirales; f__UCG-010; g__UCG-010
d0e5b939a75a5926e13782a4215b03e3	d__Bacteria; p__Firmicutes; c__Clostridia; o__Oscillospirales; f__UCG-010; g__UCG-010; s__gut_metagenome
40b2d18a6fc5537b86b2365213fb269e	d__Bacteria; p__Firmicutes; c__Clostridia; o__Oscillospirales; f__UCG-010; g__UCG-010; s__gut_metagenome
3f6f267cf051a1912ab51560b69625d5	d__Bacteria; p__Synergistota; c__Synergistia; o__Synergistales; f__Synergistaceae; g__Cloacibacillus; s__Cloacibacillus_evryensis
ae1be340ed148caeea05e8a20eadcd65	d__Bacteria; p__Synergistota; c__Synergistia; o__Synergistales; f__Synergistaceae; g__Cloacibacillus; s__Cloacibacillus_evryensis
1a600c87a95903918d69d325571138d0	d__Bacteria; p__Synergistota; c__Synergistia; o__Synergistales; f__Synergistaceae; g__Cloacibacillus; s__Cloacibacillus_evryensis
d7386ad0ffc1a140ed8b309753fcdd88	d__Bacteria; p__Synergistota; c__Synergistia; o__Synergistales; f__Synergistaceae; g__Cloacibacillus; s__Cloacibacillus_evryensis
c7394b541327bd8cc13d70e1f23f6473	d__Bacteria; p__Firmicutes; c__Clostridia; o__Christensenellales; f__Christensenellaceae; g__Christensenellaceae_R-7_group; s__uncultured_marine
5a6c5eab033d05b58293040e23bfa832	d__Bacteria; p__Firmicutes; c__Clostridia; o__Oscillospirales; f__Butyricicoccaceae; g__Butyricicoccus
c1487d647f8dfc3dc5e9cf521f543ce4	d__Bacteria; p__Firmicutes; c__Clostridia; o__Lachnospirales; f__Lachnospiraceae
cf0b2d6cb0c40a7c02f65bc7cf0f89f9	d__Bacteria; p__Firmicutes; c__Clostridia; o__Christensenellales; f__Christensenellaceae; g__Christensenellaceae_R-7_group; s__bacterium_enrichment
93b2f711010c6eda605da66446da14d9	d__Bacteria; p__Firmicutes; c__Clostridia; o__Christensenellales; f__Christensenellaceae; g__Christensenellaceae_R-7_group; s__bacterium_enrichment
ef6b7cbc0ff2f43077be5de023f6e71f	d__Bacteria; p__Firmicutes; c__Clostridia
87c1012f5a0f1def99b2529396a30621	d__Bacteria; p__Firmicutes; c__Clostridia; o__Oscillospirales; f__Oscillospiraceae; g__Papillibacter; s__uncultured_bacterium
bda75d67037c07855bca548baffae64c	d__Bacteria; p__Firmicutes; c__Clostridia
7241b90025cf7d2e4a62022fbe026925	d__Bacteria; p__Firmicutes; c__Clostridia; o__Oscillospirales; f__Oscillospiraceae; g__UCG-007
8d767984ac2403c969f49b23c0b3f2bf	d__Bacteria; p__Firmicutes; c__Clostridia; o__Lachnospirales; f__Lachnospiraceae
e971a3239caa51c49896585d5da735c2	d__Bacteria; p__Firmicutes; c__Clostridia; o__Oscillospirales; f__Oscillospiraceae; g__UCG-007
052b6a23f04e306d6cb2d32734f068f4	d__Bacteria; p__Firmicutes; c__Clostridia; o__Oscillospirales; f__Oscillospiraceae; g__UCG-007; s__uncultured_bacterium
58ea40bbdbd1d788eface7510c15ac27	d__Bacteria; p__Firmicutes; c__Clostridia; o__Oscillospirales; f__Oscillospiraceae; g__UCG-005
5609f7711dd4774dcb6e0ed442c2ef35	d__Bacteria; p__Proteobacteria; c__Gammaproteobacteria; o__Burkholderiales; f__Sutterellaceae; g__Parasutterella
bca657c4a74b19cc48f3fc68f281cd93	d__Bacteria; p__Firmicutes; c__Clostridia; o__Oscillospirales; f__Oscillospiraceae; g__NK4A214_group; s__uncultured_Clostridiales
0250e50242af1d1f0b8e7c3cbfc03e69	d__Bacteria; p__Firmicutes; c__Clostridia; o__Oscillospirales; f__Oscillospiraceae; g__UCG-005; s__uncultured_rumen
cc153631e7ba27873375aaec7758f121	d__Bacteria; p__Firmicutes; c__Clostridia; o__Oscillospirales; f__Oscillospiraceae; g__NK4A214_group
927e901a1794969d526db10c732f087b	d__Bacteria; p__Firmicutes; c__Clostridia; o__Christensenellales; f__Christensenellaceae; g__uncultured; s__uncultured_bacterium
85f2f835bb5581bb374bd7480064f60e	d__Bacteria; p__Firmicutes; c__Clostridia; o__Christensenellales; f__Christensenellaceae; g__uncultured; s__uncultured_bacterium
f3fb62d273d52d7ede5f1aa431cb89fa	d__Bacteria; p__Firmicutes; c__Clostridia; o__Oscillospirales; f__Oscillospiraceae
69f3222ed882b7b63fd8b446fef6af4b	d__Bacteria; p__Synergistota; c__Synergistia; o__Synergistales; f__Synergistaceae; g__Pyramidobacter; s__Rarimicrobium_hominis
17ee1f0dbfbbbc7bc484abd47c4029c3	d__Bacteria; p__Proteobacteria; c__Alphaproteobacteria; o__Rhodospirillales; f__uncultured; g__uncultured; s__uncultured_bacterium
4e4ccd78fdec093cf407da76a2b29d33	d__Bacteria; p__Desulfobacterota; c__Desulfovibrionia; o__Desulfovibrionales; f__Desulfovibrionaceae; g__Desulfovibrio
9335c927074b2149a0e19fbd76b30371	d__Bacteria; p__Firmicutes; c__Clostridia; o__Christensenellales; f__Christensenellaceae; g__Christensenellaceae_R-7_group
f8f302826c8cdd4c1e787cccc11ca159	d__Bacteria; p__Firmicutes; c__Clostridia; o__Christensenellales; f__Christensenellaceae; g__Christensenellaceae_R-7_group
3f343b87a418c323826cc092b31c6c20	d__Bacteria; p__Firmicutes; c__Clostridia
7593e8a84633975770501674eda7331f	d__Bacteria; p__Firmicutes; c__Clostridia; o__Oscillospirales; f__Oscillospiraceae; g__UCG-005
ba5c7ffa9bf6ca2e0d53737d27ebed09	d__Bacteria; p__Firmicutes; c__Clostridia; o__Oscillospirales; f__Oscillospiraceae; g__UCG-005; s__uncultured_organism
2cbccb61267ada5b4443ea3da2b60849	d__Bacteria; p__Firmicutes; c__Clostridia; o__Oscillospirales
b3e5034f6845695a9487662659635bf3	d__Bacteria; p__Firmicutes; c__Clostridia; o__Christensenellales; f__Christensenellaceae
54255a9ffb7a872ad8247608d03ddc52	d__Bacteria; p__Firmicutes; c__Clostridia; o__Oscillospirales; f__Ruminococcaceae; g__Subdoligranulum
d116d54b015166f8b6b5e486c1b8d661	d__Bacteria; p__Firmicutes; c__Clostridia
649a5a778137a2e05023831765af0876	d__Bacteria; p__Firmicutes; c__Clostridia; o__Lachnospirales; f__Lachnospiraceae
60d92d68c3f4470c1ff6b7a18835d7d8	d__Bacteria; p__Firmicutes; c__Clostridia; o__Christensenellales; f__Christensenellaceae; g__Christensenellaceae_R-7_group
0e39b2ed0c91d32e9f3ad55e08a3d2d0	d__Bacteria; p__Firmicutes; c__Clostridia; o__Christensenellales; f__Christensenellaceae; g__Christensenellaceae_R-7_group
033b26e461aa68a0cbc3e788e127cdb4	d__Bacteria; p__Firmicutes; c__Clostridia
fecd7cf6c0b7505d770b3510f2fed617	d__Bacteria; p__Firmicutes; c__Clostridia
d0c78da29ebe245214b4effb93f128fe	d__Bacteria; p__Firmicutes; c__Clostridia; o__Oscillospirales; f__Ruminococcaceae
edd1fb58b8cd9f7e21f68cd52b9f2f63	d__Bacteria; p__Firmicutes; c__Clostridia
d738f2c5cc05bb6bf82abcea313c1007	d__Bacteria; p__Desulfobacterota; c__Desulfovibrionia; o__Desulfovibrionales; f__Desulfovibrionaceae; g__Desulfovibrio
73ecc53060a2898764b4b7d111413850	d__Bacteria; p__Firmicutes; c__Clostridia; o__Oscillospirales; f__Oscillospiraceae
a5fb93c73b6d2603cc3cf0302b9ce9e5	d__Bacteria; p__Firmicutes; c__Clostridia
0eb49579a538cda12c0cb28b48f4ce02	d__Bacteria; p__Bacteroidota; c__Bacteroidia; o__Bacteroidales; f__Bacteroidaceae; g__Bacteroides
51b64324c598d2954a9a3c92a1bb2601	d__Bacteria; p__Bacteroidota; c__Bacteroidia; o__Bacteroidales; f__Bacteroidaceae; g__Bacteroides; s__uncultured_bacterium
20575807deecf1f9d4ef726224a323dd	d__Bacteria; p__Bacteroidota; c__Bacteroidia; o__Bacteroidales; f__Bacteroidaceae; g__Bacteroides
7d8803f14e5ab367d96e7548204565a8	d__Bacteria; p__Bacteroidota; c__Bacteroidia; o__Bacteroidales; f__Bacteroidaceae; g__Bacteroides
8c79dc25bb887362d8df9309e954ccc9	d__Bacteria; p__Bacteroidota; c__Bacteroidia; o__Bacteroidales; f__Bacteroidaceae; g__Bacteroides
4705ca07157b7393b2d5cb0373cd59f8	d__Bacteria; p__Bacteroidota; c__Bacteroidia; o__Bacteroidales; f__Bacteroidaceae; g__Bacteroides
de68cb42b78217e6a228d753e945b2d5	d__Bacteria; p__Bacteroidota; c__Bacteroidia; o__Bacteroidales; f__Marinifilaceae; g__Odoribacter; s__uncultured_Odoribacter
4ae04e58651f2f467db0bf84c022eb3e	d__Bacteria; p__Bacteroidota; c__Bacteroidia; o__Bacteroidales; f__Rikenellaceae; g__Alistipes
517ebb90917c4757475063f55a8133d3	d__Bacteria; p__Bacteroidota; c__Bacteroidia; o__Bacteroidales; f__Marinifilaceae; g__Odoribacter
355b77101e53563e52541c7ba14c4e31	d__Bacteria; p__Bacteroidota; c__Bacteroidia; o__Bacteroidales; f__Marinifilaceae; g__Odoribacter
1e98d2b2bed07360edf833dc36cf1844	d__Bacteria; p__Bacteroidota; c__Bacteroidia; o__Bacteroidales; f__Bacteroidaceae; g__Bacteroides
3f302455564f98c844eb663815a1c78c	d__Bacteria; p__Bacteroidota; c__Bacteroidia; o__Bacteroidales; f__Bacteroidaceae; g__Bacteroides
33ad25d09799811e8ec9ba88b646fb78	d__Bacteria; p__Bacteroidota; c__Bacteroidia; o__Bacteroidales; f__Bacteroidaceae; g__Bacteroides
977e3e1c8cb63d31028568d95075cc5f	d__Bacteria; p__Bacteroidota; c__Bacteroidia; o__Bacteroidales; f__Bacteroidaceae; g__Bacteroides
fabb8c9cb88ac3484af1d5a671c74bca	d__Bacteria; p__Bacteroidota; c__Bacteroidia; o__Bacteroidales; f__Prevotellaceae; g__Prevotella; s__uncultured_bacterium
54a87c4c30ce28edaefe2a129f37791a	d__Bacteria; p__Bacteroidota; c__Bacteroidia; o__Bacteroidales; f__Bacteroidaceae; g__Bacteroides
cff76829f70f2fcb189618bc9fd1918a	d__Bacteria; p__Bacteroidota; c__Bacteroidia; o__Bacteroidales; f__Muribaculaceae; g__Muribaculaceae; s__uncultured_bacterium
178e7189b3e428c491e17276ac5d8be8	d__Bacteria; p__Bacteroidota; c__Bacteroidia; o__Bacteroidales; f__Muribaculaceae; g__Muribaculaceae; s__uncultured_bacterium
0a0a0aac99b9e55a3c773c77d797e8d4	d__Bacteria; p__Bacteroidota; c__Bacteroidia
fd1f5adb5537aed8e948bdb8c541c1a0	d__Bacteria; p__Bacteroidota; c__Bacteroidia; o__Bacteroidales; f__Prevotellaceae
dd07053220c8b80933c58cb0fc6880af	d__Bacteria; p__Bacteroidota; c__Bacteroidia; o__Bacteroidales; f__Prevotellaceae; g__Paraprevotella
76a31830d5f690e854e1bc0e43955241	d__Bacteria; p__Bacteroidota; c__Bacteroidia; o__Bacteroidales; f__Tannerellaceae; g__Parabacteroides
73462b816432fb764559c322f49f0db2	d__Bacteria; p__Firmicutes; c__Clostridia; o__Oscillospirales; f__Oscillospiraceae
4a62a409530cae414693be4fe25c2488	d__Bacteria; p__Firmicutes; c__Clostridia; o__Oscillospirales; f__Oscillospiraceae; g__UCG-007; s__uncultured_bacterium
96b20b1218bd70ffae9c20c1670876b5	d__Bacteria; p__Firmicutes; c__Clostridia; o__Oscillospirales; f__Oscillospiraceae; g__V9D2013_group; s__uncultured_bacterium
5562b4fd240995283daff9d0b7f54921	d__Bacteria; p__Firmicutes; c__Clostridia; o__Oscillospirales; f__Oscillospiraceae; g__V9D2013_group; s__uncultured_bacterium
b86fc2305d14059bcfe61cc48bf2eb7f	d__Bacteria; p__Firmicutes; c__Clostridia; o__Oscillospirales; f__Oscillospiraceae
7e83eeba87a843bbdc4fa1784785635d	d__Bacteria; p__Firmicutes; c__Clostridia; o__Oscillospirales; f__Oscillospiraceae
bb1af562d6ab9691d76f18868fcd02eb	d__Bacteria; p__Firmicutes; c__Clostridia; o__Oscillospirales; f__Oscillospiraceae; g__V9D2013_group; s__uncultured_bacterium
134ffc935284bc2903cf4cff8d850f36	d__Bacteria; p__Firmicutes; c__Clostridia; o__Monoglobales; f__Monoglobaceae; g__Monoglobus
3ae99ea5d184de113a9a31c858029a3c	d__Bacteria; p__Firmicutes; c__Clostridia; o__Monoglobales; f__Monoglobaceae; g__Monoglobus
41839c755d4babd24c1aa9ffa9f5afdd	d__Bacteria; p__Firmicutes; c__Clostridia; o__Oscillospirales; f__Ruminococcaceae; g__uncultured; s__uncultured_bacterium
c92cae58f83e4a2566af69d7158ff7e8	d__Bacteria; p__Firmicutes; c__Clostridia; o__Oscillospirales; f__Oscillospiraceae
c9a02694442041d94d85494c908af328	d__Bacteria; p__Firmicutes; c__Clostridia; o__Oscillospirales; f__Oscillospiraceae
86a7471c64eadeb9d82eed52184a1057	d__Bacteria; p__Firmicutes; c__Clostridia; o__Oscillospirales; f__Oscillospiraceae
693623aa5a46b630c0a62eeca722719c	d__Bacteria; p__Firmicutes; c__Clostridia; o__Monoglobales; f__Monoglobaceae; g__Monoglobus
74899e28490893b35dc4dbf46d445d07	d__Bacteria; p__Firmicutes; c__Clostridia; o__Oscillospirales; f__Ruminococcaceae
4fc7b5bf1d3622c0321878cd36523875	d__Bacteria; p__Firmicutes; c__Clostridia; o__Oscillospirales; f__Ruminococcaceae
e01dfd42d8b7a23dc6e9f2aba21ede2a	d__Bacteria; p__Bacteroidota; c__Bacteroidia; o__Bacteroidales; f__Tannerellaceae; g__Parabacteroides
6292b23f4f73331eb802c28c986dac1c	d__Bacteria; p__Firmicutes; c__Clostridia; o__Oscillospirales; f__Ruminococcaceae; g__Faecalibacterium
97a1a7b9312bc30bb0a13fbefb2e29d2	d__Bacteria; p__Firmicutes; c__Negativicutes; o__Acidaminococcales; f__Acidaminococcaceae; g__Acidaminococcus
ea6ce15e9e477953ae8d2a53f6168c53	d__Bacteria; p__Firmicutes; c__Negativicutes; o__Acidaminococcales; f__Acidaminococcaceae; g__Phascolarctobacterium; s__Phascolarctobacterium_succinatutens
ca3eaaa8e97fe9dd62cba56edb8e74e3	d__Bacteria; p__Firmicutes; c__Negativicutes; o__Acidaminococcales; f__Acidaminococcaceae; g__Phascolarctobacterium; s__Ruminococcus_sp.
d66d7b5cfa49f07ac8251c7cd6b60a48	d__Bacteria; p__Firmicutes; c__Clostridia; o__Oscillospirales; f__Ruminococcaceae
0d62ddfa220c49500f65c03212290241	d__Bacteria; p__Bacteroidota; c__Bacteroidia; o__Bacteroidales; f__Rikenellaceae; g__Alistipes
5ccf7d3c45cd7a27a0c6634be0213337	d__Bacteria; p__Firmicutes; c__Negativicutes; o__Acidaminococcales; f__Acidaminococcaceae; g__Phascolarctobacterium; s__uncultured_Firmicutes
b623e5790d7ca85746312f3342c82274	d__Bacteria; p__Firmicutes; c__Negativicutes; o__Veillonellales-Selenomonadales; f__Veillonellaceae; g__Dialister
f35ecd40fb93e3cd5a4fdc827a63c68f	d__Bacteria; p__Firmicutes; c__Clostridia; o__Oscillospirales; f__UCG-010; g__UCG-010; s__unidentified
8890281ef313347418f587a1874735f5	d__Bacteria; p__Firmicutes; c__Negativicutes; o__Veillonellales-Selenomonadales; f__Veillonellaceae; g__Allisonella; s__uncultured_bacterium
bffb747e71edd0d3d01b27386e4b9bb7	d__Bacteria; p__Firmicutes; c__Negativicutes; o__Veillonellales-Selenomonadales; f__Veillonellaceae; g__Allisonella; s__uncultured_bacterium
94cc3da18e971e6e46c1750a79b38c2e	d__Bacteria; p__Firmicutes; c__Negativicutes; o__Veillonellales-Selenomonadales; f__Veillonellaceae; g__Allisonella; s__uncultured_bacterium
9e98bf71d029c4fc1d720d04ea7f9fe4	d__Bacteria; p__Firmicutes; c__Negativicutes; o__Veillonellales-Selenomonadales; f__Veillonellaceae; g__Allisonella; s__uncultured_bacterium
78d52607971f54e6005a279525688edb	d__Bacteria; p__Firmicutes; c__Negativicutes; o__Veillonellales-Selenomonadales; f__Veillonellaceae; g__Allisonella; s__Allisonella_histaminiformans
1a9d966e8eea8f2dacbc4f308f3659c4	d__Bacteria; p__Firmicutes; c__Negativicutes; o__Veillonellales-Selenomonadales; f__Veillonellaceae; g__Allisonella; s__uncultured_bacterium
4e5668fbcf57e4fc571d443428699ecf	d__Bacteria; p__Firmicutes; c__Negativicutes; o__Veillonellales-Selenomonadales; f__Veillonellaceae; g__Allisonella; s__uncultured_bacterium
0ddde6abcf63ea2c65ef68833cd59bee	d__Bacteria; p__Firmicutes
19df676ba36f40079e6b62b156617c40	d__Bacteria; p__Firmicutes; c__Negativicutes; o__Veillonellales-Selenomonadales; f__Veillonellaceae; g__Megasphaera
efcda855437184da461f8c346929368e	d__Bacteria; p__Firmicutes; c__Negativicutes; o__Veillonellales-Selenomonadales; f__Veillonellaceae; g__Megasphaera
e7458145a96de918e3e70b3590c483a1	d__Bacteria; p__Firmicutes; c__Negativicutes; o__Veillonellales-Selenomonadales; f__Veillonellaceae; g__Megasphaera
7093ae6cc3aac43146ad00b129d3ea0c	d__Bacteria; p__Firmicutes; c__Negativicutes; o__Veillonellales-Selenomonadales; f__Veillonellaceae; g__Megasphaera; s__Megasphaera_elsdenii
3249d089adfd6484e332e9c485eb73a2	d__Bacteria; p__Firmicutes; c__Negativicutes; o__Veillonellales-Selenomonadales; f__Veillonellaceae; g__Megasphaera
4d7a0be279c5a91d3c89d39f83f48dd7	d__Bacteria; p__Firmicutes; c__Negativicutes; o__Veillonellales-Selenomonadales; f__Veillonellaceae; g__Megasphaera
5df7c1a533d9204850553977e6c7e1fa	d__Bacteria; p__Firmicutes; c__Negativicutes; o__Veillonellales-Selenomonadales; f__Veillonellaceae; g__Megasphaera; s__uncultured_organism
935df4b3417af7e2970f73ce813075f1	d__Bacteria; p__Firmicutes; c__Negativicutes; o__Veillonellales-Selenomonadales; f__Veillonellaceae; g__Megasphaera
cf39c831b5931819cdad630c47d45de3	d__Bacteria; p__Firmicutes; c__Negativicutes; o__Veillonellales-Selenomonadales; f__Veillonellaceae; g__Megasphaera; s__uncultured_organism
c8999532c508a3dee8e2d3729d79aadb	d__Bacteria; p__Firmicutes; c__Negativicutes; o__Veillonellales-Selenomonadales; f__Veillonellaceae; g__Megasphaera; s__uncultured_organism
97745e4bc53b61cdcb6121cad5e56604	d__Bacteria; p__Firmicutes; c__Negativicutes; o__Veillonellales-Selenomonadales; f__Veillonellaceae; g__Megasphaera
1394d04182d1834542497dc252722635	d__Bacteria; p__Firmicutes; c__Negativicutes; o__Veillonellales-Selenomonadales; f__Veillonellaceae; g__Megasphaera; s__Megasphaera_massiliensis
3cc758c8714223af490bdcbae7fcf6ae	d__Bacteria; p__Firmicutes; c__Negativicutes; o__Veillonellales-Selenomonadales; f__Veillonellaceae; g__Megasphaera
8e825bb69297ad4b4cd8ecd32e17d5dd	d__Bacteria; p__Firmicutes; c__Negativicutes; o__Veillonellales-Selenomonadales; f__Veillonellaceae; g__Megasphaera
c6abe87061915538c0c5b0f30a9a9284	d__Bacteria; p__Firmicutes; c__Clostridia; o__Clostridia_UCG-014; f__Clostridia_UCG-014; g__Clostridia_UCG-014; s__uncultured_bacterium
6978a387965b398acd49d4c24e4ef6d0	d__Bacteria; p__Firmicutes; c__Negativicutes; o__Veillonellales-Selenomonadales; f__Selenomonadaceae; g__uncultured; s__uncultured_organism
03ed5537ba07067f9799a1a5826cf7ce	d__Bacteria; p__Firmicutes; c__Negativicutes; o__Veillonellales-Selenomonadales; f__Veillonellaceae; g__Dialister; s__Dialister_propionicifaciens
fac1e5a24204262dcca25507aa9ddd40	d__Bacteria; p__Firmicutes; c__Negativicutes; o__Veillonellales-Selenomonadales; f__Veillonellaceae; g__Dialister; s__Dialister_propionicifaciens
cee81badd039406d0a3782de6768997c	d__Bacteria; p__Firmicutes; c__Negativicutes; o__Veillonellales-Selenomonadales; f__Veillonellaceae; g__Dialister; s__Dialister_micraerophilus
2ea1d567e99e42544eb08e5dc08788fc	d__Bacteria; p__Firmicutes; c__Negativicutes; o__Acidaminococcales; f__Acidaminococcaceae; g__Phascolarctobacterium; s__Ruminococcus_sp.
e049241e80616c0d6b57b6b7a936bd8a	d__Bacteria; p__Firmicutes; c__Negativicutes; o__Acidaminococcales; f__Acidaminococcaceae; g__Phascolarctobacterium
4d4ed154dc0f9a94a8f9073c5120a7a7	d__Bacteria; p__Firmicutes
b7f031baae9bf81286e4567a70f6c316	d__Bacteria; p__Firmicutes; c__Negativicutes; o__Acidaminococcales; f__Acidaminococcaceae; g__Phascolarctobacterium
23b2ca7376d30c39470abfb1dd81b6dc	d__Bacteria; p__Firmicutes; c__Negativicutes; o__Acidaminococcales; f__Acidaminococcaceae; g__Phascolarctobacterium; s__Ruminococcus_sp.
d12b344f66b65bc9c3e17ef8737d73a1	d__Bacteria; p__Firmicutes; c__Negativicutes; o__Acidaminococcales; f__Acidaminococcaceae; g__Phascolarctobacterium
82216805f5b0f254e661d5f4c7bf3726	d__Bacteria; p__Firmicutes; c__Negativicutes; o__Acidaminococcales; f__Acidaminococcaceae; g__Phascolarctobacterium; s__uncultured_Firmicutes
3b1e3e68c2fd8980828eaa0d46a782e4	d__Bacteria; p__Firmicutes; c__Negativicutes; o__Acidaminococcales; f__Acidaminococcaceae; g__Phascolarctobacterium
0d8b4c816f25ff8d7a11832c6495a716	d__Bacteria; p__Firmicutes; c__Negativicutes; o__Acidaminococcales; f__Acidaminococcaceae; g__Phascolarctobacterium
5097d7440120083d9de0abddf7380332	d__Bacteria; p__Firmicutes; c__Negativicutes; o__Acidaminococcales; f__Acidaminococcaceae; g__Phascolarctobacterium; s__uncultured_Firmicutes
8f4321e47a47623a7527cb40ad7a943e	d__Bacteria; p__Firmicutes; c__Negativicutes; o__Acidaminococcales; f__Acidaminococcaceae; g__Phascolarctobacterium; s__Ruminococcus_sp.
568d55434229250e65eb0f527a5203f3	d__Bacteria; p__Firmicutes
fd44a3ca858e9c49bbf4d458c8662143	d__Bacteria; p__Firmicutes; c__Negativicutes; o__Acidaminococcales; f__Acidaminococcaceae; g__Phascolarctobacterium; s__Ruminococcus_sp.
10357b4ab53336c06a32b4803aea3c0a	d__Bacteria; p__Firmicutes; c__Negativicutes; o__Acidaminococcales; f__Acidaminococcaceae; g__Phascolarctobacterium; s__Ruminococcus_sp.
bfd03af3d51c2844d2af76e4860a9772	d__Bacteria; p__Firmicutes
e62cc2353bafa300d4dea457a53535ea	d__Bacteria; p__Firmicutes; c__Clostridia; o__Lachnospirales; f__Lachnospiraceae
8cf02445627c0e7cc62085e2257140dd	d__Bacteria; p__Firmicutes; c__Clostridia; o__Lachnospirales; f__Lachnospiraceae; g__[Eubacterium]_hallii_group
882f5a32bb6682425164b5a8e5d29581	d__Bacteria; p__Firmicutes; c__Negativicutes; o__Acidaminococcales; f__Acidaminococcaceae; g__Phascolarctobacterium; s__Ruminococcus_sp.
e3e1adebb101bba8425702ce7f48fb37	d__Bacteria; p__Firmicutes; c__Negativicutes; o__Acidaminococcales; f__Acidaminococcaceae; g__Phascolarctobacterium; s__Ruminococcus_sp.
6c7f39f3bd03408eb6c400d7bed21064	d__Bacteria; p__Firmicutes; c__Negativicutes; o__Acidaminococcales; f__Acidaminococcaceae; g__Phascolarctobacterium; s__Ruminococcus_sp.
12155326bfda4158539173d1342a8817	d__Bacteria; p__Firmicutes; c__Negativicutes; o__Acidaminococcales; f__Acidaminococcaceae; g__Phascolarctobacterium; s__Ruminococcus_sp.
0379b8bc00dd04cd4b7cb01f7214da7f	d__Bacteria; p__Firmicutes; c__Negativicutes; o__Acidaminococcales; f__Acidaminococcaceae; g__Phascolarctobacterium; s__Ruminococcus_sp.
6cc450ef481e2bc421c2158b34c37639	d__Bacteria; p__Firmicutes; c__Negativicutes; o__Acidaminococcales; f__Acidaminococcaceae; g__Phascolarctobacterium; s__Ruminococcus_sp.
bcbd16060d7239514f3330c28a879ca2	d__Bacteria; p__Firmicutes; c__Negativicutes; o__Acidaminococcales; f__Acidaminococcaceae; g__Phascolarctobacterium; s__Ruminococcus_sp.
a5e9d5c5436fd271864b47926d546129	d__Bacteria; p__Firmicutes; c__Negativicutes; o__Acidaminococcales; f__Acidaminococcaceae; g__Phascolarctobacterium; s__Ruminococcus_sp.
1836b58de7ab8cfceb72eecb78486cf0	d__Bacteria; p__Firmicutes; c__Negativicutes; o__Acidaminococcales; f__Acidaminococcaceae; g__Phascolarctobacterium; s__Ruminococcus_sp.
aa8476b1de8ca741f3d2f5b75405fe34	d__Bacteria; p__Firmicutes; c__Negativicutes; o__Acidaminococcales; f__Acidaminococcaceae; g__Phascolarctobacterium; s__Ruminococcus_sp.
847bc5fa12cc0d83cfc50100091b4020	d__Bacteria; p__Firmicutes; c__Negativicutes; o__Acidaminococcales; f__Acidaminococcaceae; g__Phascolarctobacterium; s__Ruminococcus_sp.
e6ffb98abc35e1b8f9f117c846beda4c	d__Bacteria; p__Firmicutes; c__Negativicutes; o__Acidaminococcales; f__Acidaminococcaceae; g__Phascolarctobacterium; s__Ruminococcus_sp.
93abc89d2064f750dc48e3bb0d35fac1	d__Bacteria; p__Firmicutes; c__Negativicutes; o__Acidaminococcales; f__Acidaminococcaceae; g__Phascolarctobacterium; s__Ruminococcus_sp.
287bcc8dbff5390eb267aac88b42c9f6	d__Bacteria; p__Firmicutes; c__Negativicutes; o__Acidaminococcales; f__Acidaminococcaceae; g__Phascolarctobacterium; s__Ruminococcus_sp.
780fb9005af0a149234d07c0ef6fd195	d__Bacteria; p__Firmicutes; c__Negativicutes; o__Acidaminococcales; f__Acidaminococcaceae; g__Phascolarctobacterium; s__Ruminococcus_sp.
f1d1e7c944bed35bcc3993540ddefd1f	d__Bacteria; p__Firmicutes; c__Negativicutes; o__Acidaminococcales; f__Acidaminococcaceae; g__Phascolarctobacterium; s__Ruminococcus_sp.
f19008d76324b9d9507877e7eefc0739	d__Bacteria; p__Firmicutes; c__Negativicutes; o__Acidaminococcales; f__Acidaminococcaceae; g__Phascolarctobacterium; s__Ruminococcus_sp.
7c4db63f3bb0210a9e6e946282354c8d	d__Bacteria; p__Firmicutes; c__Negativicutes; o__Acidaminococcales; f__Acidaminococcaceae; g__Phascolarctobacterium; s__Ruminococcus_sp.
94bc38a4fe84ad0e87141f27df33dd7d	d__Bacteria; p__Firmicutes; c__Negativicutes; o__Acidaminococcales; f__Acidaminococcaceae; g__Phascolarctobacterium; s__Ruminococcus_sp.
de4a06265bc9a86fd9ca51ba39d01da3	d__Bacteria; p__Firmicutes; c__Negativicutes; o__Acidaminococcales; f__Acidaminococcaceae; g__Phascolarctobacterium; s__Ruminococcus_sp.
275ad3308a588965f53baf96002d1658	d__Bacteria; p__Firmicutes; c__Negativicutes; o__Acidaminococcales; f__Acidaminococcaceae; g__Phascolarctobacterium; s__Ruminococcus_sp.
171a27c558bb1d8459c310967c559b07	d__Bacteria; p__Firmicutes; c__Negativicutes; o__Acidaminococcales; f__Acidaminococcaceae; g__Phascolarctobacterium; s__Ruminococcus_sp.
782656392c654e366f439d91e231e253	d__Bacteria; p__Firmicutes; c__Negativicutes; o__Acidaminococcales; f__Acidaminococcaceae; g__Phascolarctobacterium; s__Ruminococcus_sp.
c9ca4018cd822bac02286ddc16df84ca	d__Bacteria; p__Firmicutes; c__Negativicutes; o__Acidaminococcales; f__Acidaminococcaceae; g__Phascolarctobacterium; s__Ruminococcus_sp.
9c031ce7f8b3a5a8209ba4e0d21800bf	d__Bacteria; p__Firmicutes; c__Negativicutes; o__Acidaminococcales; f__Acidaminococcaceae; g__Phascolarctobacterium; s__Ruminococcus_sp.
2addfaf78d7fe80e395c29c528d5743c	d__Bacteria; p__Firmicutes; c__Negativicutes; o__Acidaminococcales; f__Acidaminococcaceae; g__Phascolarctobacterium; s__Ruminococcus_sp.
83f974c6db812ac09e28e5fa683dd50d	d__Bacteria; p__Firmicutes; c__Negativicutes; o__Acidaminococcales; f__Acidaminococcaceae; g__Phascolarctobacterium; s__Ruminococcus_sp.
5ca0db4e1bb291bea030a6201b9d865f	d__Bacteria; p__Firmicutes; c__Negativicutes; o__Acidaminococcales; f__Acidaminococcaceae; g__Phascolarctobacterium; s__Ruminococcus_sp.
0fc2452856587dd195e5ba1a83b21d1b	d__Bacteria; p__Firmicutes; c__Negativicutes; o__Acidaminococcales; f__Acidaminococcaceae; g__Phascolarctobacterium; s__Ruminococcus_sp.
2f904706187ad2109da67b1ff0b971ab	d__Bacteria; p__Firmicutes; c__Negativicutes; o__Acidaminococcales; f__Acidaminococcaceae; g__Phascolarctobacterium; s__Ruminococcus_sp.
d40c1ab5fdc703c7e4205bc4c36dbe5e	d__Bacteria; p__Firmicutes; c__Negativicutes; o__Acidaminococcales; f__Acidaminococcaceae; g__Phascolarctobacterium; s__Ruminococcus_sp.
71522937adfc41e1515ba5bd9c91887f	d__Bacteria; p__Firmicutes; c__Negativicutes; o__Acidaminococcales; f__Acidaminococcaceae; g__Phascolarctobacterium; s__Ruminococcus_sp.
802f135d031312fe54a9f058902465e5	d__Bacteria; p__Firmicutes; c__Negativicutes; o__Acidaminococcales; f__Acidaminococcaceae; g__Phascolarctobacterium; s__Ruminococcus_sp.
5a4289da5ee2b85d243f9911ca2ebc6c	d__Bacteria; p__Firmicutes; c__Negativicutes; o__Acidaminococcales; f__Acidaminococcaceae; g__Phascolarctobacterium; s__Ruminococcus_sp.
2901a45c62a1ed80aa9b69bab4117e56	d__Bacteria; p__Firmicutes; c__Negativicutes; o__Acidaminococcales; f__Acidaminococcaceae; g__Phascolarctobacterium; s__Ruminococcus_sp.
d533290a386464cc49a0a0372a8dcd0f	d__Bacteria; p__Firmicutes; c__Negativicutes; o__Acidaminococcales; f__Acidaminococcaceae; g__Phascolarctobacterium; s__Ruminococcus_sp.
595fcb97e4ca2b174b495b84ce73acb2	d__Bacteria; p__Firmicutes; c__Negativicutes; o__Acidaminococcales; f__Acidaminococcaceae; g__Phascolarctobacterium; s__Ruminococcus_sp.
260b3c8f5229b8f0ab6a2a2012f023fd	d__Bacteria; p__Firmicutes; c__Negativicutes; o__Acidaminococcales; f__Acidaminococcaceae; g__Phascolarctobacterium; s__Ruminococcus_sp.
8bca56916a95e27e313a8fb51263d722	d__Bacteria; p__Firmicutes; c__Negativicutes; o__Acidaminococcales; f__Acidaminococcaceae; g__Phascolarctobacterium; s__Ruminococcus_sp.
ce955988619cdc8f7fdb07433501fa91	d__Bacteria; p__Firmicutes; c__Negativicutes; o__Acidaminococcales; f__Acidaminococcaceae; g__Phascolarctobacterium; s__Ruminococcus_sp.
0bcebb5ecef3c1b010c88932ad374c3c	d__Bacteria; p__Firmicutes; c__Negativicutes; o__Acidaminococcales; f__Acidaminococcaceae; g__Phascolarctobacterium
14ee1d58e075fe75e92e226da9286f0b	d__Bacteria; p__Firmicutes; c__Negativicutes; o__Acidaminococcales; f__Acidaminococcaceae; g__Phascolarctobacterium; s__Ruminococcus_sp.
a903321d2d9807e798f61e0d824ca55b	d__Bacteria; p__Firmicutes; c__Negativicutes; o__Acidaminococcales; f__Acidaminococcaceae; g__Phascolarctobacterium; s__Ruminococcus_sp.
9ad042c461935ad569890f02c77fb9dc	d__Bacteria; p__Firmicutes; c__Negativicutes; o__Acidaminococcales; f__Acidaminococcaceae; g__Phascolarctobacterium; s__Ruminococcus_sp.
48ae9ea9e47a3336f5926386a8f72c27	d__Bacteria; p__Firmicutes; c__Negativicutes; o__Acidaminococcales; f__Acidaminococcaceae; g__Phascolarctobacterium
dd80d0cbb0d0dbf5c2a967256186f37d	d__Bacteria; p__Firmicutes; c__Negativicutes; o__Acidaminococcales; f__Acidaminococcaceae; g__Phascolarctobacterium; s__Ruminococcus_sp.
4be38fedfe6f2148b5cdc8fa14e677f4	d__Bacteria; p__Firmicutes; c__Negativicutes; o__Acidaminococcales; f__Acidaminococcaceae; g__Phascolarctobacterium; s__Ruminococcus_sp.
ce688a82f9405d267b4db5cb30eff749	d__Bacteria; p__Firmicutes; c__Negativicutes; o__Acidaminococcales; f__Acidaminococcaceae; g__Phascolarctobacterium; s__Ruminococcus_sp.
85b01bf6dafc1e07e167ec867f533dfd	d__Bacteria; p__Firmicutes; c__Negativicutes; o__Acidaminococcales; f__Acidaminococcaceae; g__Phascolarctobacterium; s__Ruminococcus_sp.
1b305c78c5ba447c35ea993d89aa07a3	d__Bacteria; p__Firmicutes; c__Negativicutes; o__Acidaminococcales; f__Acidaminococcaceae; g__Phascolarctobacterium; s__Ruminococcus_sp.
44821fd82685575307e81aeb0ffb89c3	d__Bacteria; p__Firmicutes; c__Negativicutes; o__Acidaminococcales; f__Acidaminococcaceae; g__Phascolarctobacterium; s__Ruminococcus_sp.
d208aff13200805ff735bd2e5bd7e45d	d__Bacteria; p__Firmicutes; c__Negativicutes; o__Acidaminococcales; f__Acidaminococcaceae; g__Phascolarctobacterium; s__Ruminococcus_sp.
0332d3a22cfd18734bb6a3f048c327b2	d__Bacteria; p__Firmicutes; c__Negativicutes; o__Acidaminococcales; f__Acidaminococcaceae; g__Phascolarctobacterium; s__Ruminococcus_sp.
53a5b103d83e70da19e7332a93e79fec	d__Bacteria; p__Firmicutes; c__Negativicutes; o__Acidaminococcales; f__Acidaminococcaceae; g__Phascolarctobacterium; s__Ruminococcus_sp.
b27c9000b4d6b600560e46a4ba6caf63	d__Bacteria; p__Firmicutes; c__Negativicutes; o__Acidaminococcales; f__Acidaminococcaceae; g__Phascolarctobacterium; s__Ruminococcus_sp.
ced0c5d1c6915cf40f5507f91ae45bb3	d__Bacteria; p__Firmicutes; c__Negativicutes; o__Acidaminococcales; f__Acidaminococcaceae; g__Phascolarctobacterium; s__Ruminococcus_sp.
8b0d736372eb31ef3fc5f49c7079ed66	d__Bacteria; p__Firmicutes; c__Negativicutes; o__Acidaminococcales; f__Acidaminococcaceae; g__Phascolarctobacterium; s__Ruminococcus_sp.
d1a32ad4edf383ca212f263fe750951d	d__Bacteria; p__Firmicutes; c__Negativicutes; o__Acidaminococcales; f__Acidaminococcaceae; g__Phascolarctobacterium; s__Ruminococcus_sp.
5ff773767bfc403735b801a978af3f85	d__Bacteria; p__Firmicutes; c__Negativicutes; o__Acidaminococcales; f__Acidaminococcaceae; g__Phascolarctobacterium; s__Ruminococcus_sp.
b13f0572390abbca12bc776dba011003	d__Bacteria; p__Firmicutes; c__Negativicutes; o__Acidaminococcales; f__Acidaminococcaceae; g__Phascolarctobacterium; s__Ruminococcus_sp.
f9b9e2f840c810438501464b42f555a2	d__Bacteria; p__Firmicutes; c__Negativicutes; o__Acidaminococcales; f__Acidaminococcaceae; g__Phascolarctobacterium; s__Ruminococcus_sp.
7a3b467456eedea475d570d3d1d93aa4	d__Bacteria; p__Firmicutes; c__Negativicutes; o__Acidaminococcales; f__Acidaminococcaceae; g__Phascolarctobacterium; s__Ruminococcus_sp.
5fb3b1a319af9122fb4dc5fced8c2309	d__Bacteria; p__Firmicutes; c__Negativicutes; o__Acidaminococcales; f__Acidaminococcaceae; g__Phascolarctobacterium; s__Ruminococcus_sp.
1300d869da9a1e1d4550b2d8d28356bb	d__Bacteria; p__Firmicutes; c__Negativicutes; o__Acidaminococcales; f__Acidaminococcaceae; g__Phascolarctobacterium; s__Ruminococcus_sp.
de6f6f004713a562366e92f0192cc3ae	d__Bacteria; p__Firmicutes; c__Negativicutes; o__Acidaminococcales; f__Acidaminococcaceae; g__Phascolarctobacterium; s__Ruminococcus_sp.
95c7321b55540544af86dcc2430e0238	d__Bacteria; p__Firmicutes; c__Negativicutes; o__Acidaminococcales; f__Acidaminococcaceae; g__Phascolarctobacterium; s__Ruminococcus_sp.
1fce51c8192004874b41158998cece3a	d__Bacteria; p__Firmicutes; c__Negativicutes; o__Acidaminococcales; f__Acidaminococcaceae; g__Phascolarctobacterium; s__Ruminococcus_sp.
c3148b5acf69252ab121e69964701152	d__Bacteria; p__Firmicutes; c__Negativicutes; o__Acidaminococcales; f__Acidaminococcaceae; g__Phascolarctobacterium; s__Ruminococcus_sp.
bc77f95b9228f1568b93e62870e724cc	d__Bacteria; p__Firmicutes; c__Negativicutes; o__Acidaminococcales; f__Acidaminococcaceae; g__Phascolarctobacterium; s__Ruminococcus_sp.
4742948726f0576f4ca9bcce2e517256	d__Bacteria; p__Firmicutes; c__Negativicutes; o__Acidaminococcales; f__Acidaminococcaceae; g__Phascolarctobacterium; s__Ruminococcus_sp.
67c60fd9d2f3ecc190e38964c89a7bef	d__Bacteria; p__Firmicutes; c__Negativicutes; o__Acidaminococcales; f__Acidaminococcaceae; g__Phascolarctobacterium; s__Ruminococcus_sp.
0f1421d2d3fe84d0446b480abf02fc1a	d__Bacteria; p__Firmicutes; c__Negativicutes; o__Acidaminococcales; f__Acidaminococcaceae; g__Phascolarctobacterium; s__Ruminococcus_sp.
bd18857d1beb40d7a2eef9beecb9a6d5	d__Bacteria; p__Firmicutes; c__Negativicutes; o__Acidaminococcales; f__Acidaminococcaceae; g__Phascolarctobacterium; s__Ruminococcus_sp.
7e9000860a547cb68fa3b2dc951d2fa0	d__Bacteria; p__Firmicutes; c__Negativicutes; o__Acidaminococcales; f__Acidaminococcaceae; g__Phascolarctobacterium; s__Ruminococcus_sp.
70ce11172a82f231483cca7c3203bcd0	d__Bacteria; p__Firmicutes; c__Negativicutes; o__Acidaminococcales; f__Acidaminococcaceae; g__Phascolarctobacterium; s__Ruminococcus_sp.
efa0ecc66e0f4b6bac20863516f38d05	d__Bacteria; p__Firmicutes; c__Negativicutes; o__Acidaminococcales; f__Acidaminococcaceae; g__Phascolarctobacterium; s__Ruminococcus_sp.
48f05c64eac292254f4613e841bfbeec	d__Bacteria; p__Firmicutes; c__Negativicutes; o__Acidaminococcales; f__Acidaminococcaceae; g__Phascolarctobacterium; s__Ruminococcus_sp.
c2074f6cd4b301db4735b6cafe5341db	d__Bacteria; p__Firmicutes; c__Negativicutes; o__Acidaminococcales; f__Acidaminococcaceae; g__Phascolarctobacterium; s__Ruminococcus_sp.
887aa7a0878b98c2ebc79087fc289554	d__Bacteria; p__Firmicutes; c__Negativicutes; o__Acidaminococcales; f__Acidaminococcaceae; g__Phascolarctobacterium
a999eb05ac1bb16086a0578ecb24e30b	d__Bacteria; p__Firmicutes; c__Negativicutes; o__Acidaminococcales; f__Acidaminococcaceae; g__Phascolarctobacterium
4be800070284c0cee1090f914c8f552b	d__Bacteria; p__Firmicutes; c__Negativicutes; o__Acidaminococcales; f__Acidaminococcaceae; g__Phascolarctobacterium
7e02e0edefdf260639604a478a7dab54	d__Bacteria; p__Firmicutes; c__Negativicutes; o__Acidaminococcales; f__Acidaminococcaceae; g__Phascolarctobacterium; s__Ruminococcus_sp.
e0a9a0363c6a7ffc4df056a5bda2bba0	d__Bacteria; p__Firmicutes; c__Negativicutes; o__Acidaminococcales; f__Acidaminococcaceae; g__Phascolarctobacterium; s__Ruminococcus_sp.
b17ea5388d264f973de860ba339dc788	d__Bacteria; p__Firmicutes; c__Negativicutes; o__Acidaminococcales; f__Acidaminococcaceae; g__Phascolarctobacterium; s__Ruminococcus_sp.
05977b566c4c032909228dd1aeb55cd0	d__Bacteria; p__Firmicutes; c__Negativicutes; o__Acidaminococcales; f__Acidaminococcaceae; g__Phascolarctobacterium; s__Ruminococcus_sp.
36dd2cbf308ffd689d5357f9b9a8f709	d__Bacteria; p__Firmicutes; c__Negativicutes; o__Acidaminococcales; f__Acidaminococcaceae; g__Phascolarctobacterium; s__Ruminococcus_sp.
218eebdc84b8dbf9cc31fbccf2db30d4	d__Bacteria; p__Firmicutes; c__Negativicutes; o__Acidaminococcales; f__Acidaminococcaceae; g__Phascolarctobacterium
87f9bdb7ac6468101c781a82572f9fb3	d__Bacteria; p__Firmicutes; c__Negativicutes; o__Acidaminococcales; f__Acidaminococcaceae; g__Phascolarctobacterium; s__Ruminococcus_sp.
6e8e43b466dc4707f74e9222b9185f33	d__Bacteria; p__Firmicutes; c__Negativicutes; o__Acidaminococcales; f__Acidaminococcaceae; g__Phascolarctobacterium; s__Ruminococcus_sp.
e00eb76113cfe5435e68840d6a297059	d__Bacteria; p__Firmicutes; c__Negativicutes; o__Acidaminococcales; f__Acidaminococcaceae; g__Phascolarctobacterium; s__Ruminococcus_sp.
fa8be5be9076aaa9048de4bca9a3cebb	d__Bacteria; p__Firmicutes; c__Negativicutes; o__Acidaminococcales; f__Acidaminococcaceae; g__Phascolarctobacterium; s__Ruminococcus_sp.
35228f7d3ba9b6a8ee5495a3b139060b	d__Bacteria; p__Firmicutes; c__Negativicutes; o__Acidaminococcales; f__Acidaminococcaceae; g__Phascolarctobacterium; s__Ruminococcus_sp.
84e49c8e9446c73a31d395e38a5f2380	d__Bacteria; p__Firmicutes; c__Negativicutes; o__Acidaminococcales; f__Acidaminococcaceae; g__Phascolarctobacterium; s__Ruminococcus_sp.
f98c1eda705bfff9dc2c7ba9132c7ae8	d__Bacteria; p__Firmicutes; c__Negativicutes; o__Acidaminococcales; f__Acidaminococcaceae; g__Phascolarctobacterium; s__Ruminococcus_sp.
84731b517c7372d7762cee03f33e22d6	d__Bacteria; p__Firmicutes; c__Negativicutes; o__Acidaminococcales; f__Acidaminococcaceae; g__Phascolarctobacterium; s__Ruminococcus_sp.
3cc9638f66eb6c4b786fd35ef0037433	d__Bacteria; p__Firmicutes; c__Negativicutes; o__Acidaminococcales; f__Acidaminococcaceae; g__Phascolarctobacterium
fbdbcaec739fee961b4a0b71f64f7c6a	d__Bacteria; p__Firmicutes; c__Negativicutes; o__Acidaminococcales; f__Acidaminococcaceae; g__Phascolarctobacterium
ebc80694144d82c9c28bf5668444fdb6	d__Bacteria; p__Firmicutes; c__Negativicutes; o__Acidaminococcales; f__Acidaminococcaceae; g__Phascolarctobacterium; s__Ruminococcus_sp.
4fa0fb2ae11297c208500faaaaba758f	d__Bacteria; p__Firmicutes; c__Negativicutes; o__Acidaminococcales; f__Acidaminococcaceae; g__Phascolarctobacterium
a3e76bb86d6c3502d456c91936e75339	d__Bacteria; p__Firmicutes; c__Negativicutes; o__Acidaminococcales; f__Acidaminococcaceae; g__Phascolarctobacterium; s__Ruminococcus_sp.
9521196c3f941330e8ad8ae678959a1d	d__Bacteria; p__Firmicutes
f826060be546e09334d2c71bfaa80cbc	d__Bacteria; p__Firmicutes; c__Negativicutes; o__Acidaminococcales; f__Acidaminococcaceae; g__Phascolarctobacterium; s__Ruminococcus_sp.
7df7ff730ee45537232bc9f98d5d6aa8	d__Bacteria; p__Firmicutes; c__Clostridia; o__Oscillospirales; f__Ruminococcaceae; g__Faecalibacterium
f58edbe0ec2fb96f7c6ca4257bfcd75f	d__Bacteria; p__Firmicutes
316acd9042c33c36c2b7a1669e44d6fa	d__Bacteria; p__Firmicutes
2509af2c2da743a0dea24093f2e95569	d__Bacteria; p__Firmicutes
8f88242fa28274a3ff3faf827255a47c	d__Bacteria; p__Firmicutes
4f9084ece7d770a7915fc513b84709bf	d__Bacteria; p__Firmicutes
d1c02929ca88cf1c551e46e389aa98ca	d__Bacteria; p__Firmicutes
e0bd07957d7c56e994c4af0020f30e3f	d__Bacteria; p__Firmicutes; c__Negativicutes; o__Acidaminococcales; f__Acidaminococcaceae; g__Acidaminococcus; s__uncultured_bacterium
99569315debfb4ee4d8477cbc18590e7	d__Bacteria; p__Firmicutes
a5743803d04057775a2a2e2d444643ba	d__Bacteria; p__Firmicutes
a494b885956546c8955e658755896527	d__Bacteria; p__Firmicutes
81ed350c4e474109bc7dc8ad6c4a032a	d__Bacteria; p__Firmicutes; c__Negativicutes; o__Acidaminococcales; f__Acidaminococcaceae; g__Acidaminococcus; s__uncultured_bacterium
0be08b05961e45f372e1b2ca414de488	d__Bacteria; p__Firmicutes; c__Bacilli; o__Bacillales; f__Bacillaceae; g__Bacillus
fb5d2c60d2ee8bc036de67fbaa741032	d__Bacteria; p__Firmicutes; c__Bacilli
ee510df1e5685dcc8bce2fa0b396a34e	d__Bacteria; p__Firmicutes; c__Negativicutes; o__Acidaminococcales; f__Acidaminococcaceae; g__Acidaminococcus
39e400f70422f300990d790c024a14d9	d__Bacteria; p__Firmicutes; c__Negativicutes; o__Acidaminococcales; f__Acidaminococcaceae; g__Acidaminococcus
e0433ba6ac0a72cad10235ba90eb0759	d__Bacteria; p__Firmicutes
cc9847e645dfd62d1f8527bff8cfac13	d__Bacteria; p__Proteobacteria; c__Gammaproteobacteria; o__Burkholderiales
76d3fdf173f91bf87bb430468efeb98c	d__Bacteria; p__Firmicutes; c__Negativicutes; o__Veillonellales-Selenomonadales; f__Veillonellaceae; g__Dialister; s__gut_metagenome
fa34f58ff8bb99dfebab5ed628ca6a1c	d__Bacteria; p__Firmicutes; c__Negativicutes; o__Veillonellales-Selenomonadales; f__Veillonellaceae; g__Dialister; s__gut_metagenome
811d2c9585efdfc71ebd4366e8f36bee	d__Bacteria; p__Firmicutes; c__Negativicutes; o__Veillonellales-Selenomonadales; f__Veillonellaceae; g__Dialister; s__gut_metagenome
c0dfc4c9268b03e0cbf2cca4147eb808	d__Bacteria; p__Firmicutes; c__Negativicutes; o__Veillonellales-Selenomonadales; f__Veillonellaceae; g__Dialister; s__gut_metagenome
9d7d6b59a02f231d1e6fa2ac0d27c9d7	d__Bacteria; p__Firmicutes; c__Negativicutes; o__Veillonellales-Selenomonadales; f__Veillonellaceae; g__Dialister
327f2313cf43ff17ec1d5a3a1b918c30	d__Bacteria; p__Firmicutes; c__Negativicutes; o__Veillonellales-Selenomonadales; f__Veillonellaceae; g__Dialister; s__gut_metagenome
e7dd58fb1d3e8ef226d249d4bb6d5e7b	d__Bacteria; p__Firmicutes; c__Negativicutes; o__Veillonellales-Selenomonadales; f__Veillonellaceae; g__Dialister; s__gut_metagenome
74783ed49351dd647cdf6b2a2fff6a10	d__Bacteria; p__Firmicutes; c__Negativicutes; o__Veillonellales-Selenomonadales; f__Veillonellaceae; g__Dialister; s__gut_metagenome
99f2c0b6facbec401b420b09d6f91929	d__Bacteria; p__Firmicutes; c__Negativicutes; o__Veillonellales-Selenomonadales; f__Veillonellaceae; g__Dialister; s__gut_metagenome
20389681ec8f1d88bc79360dac6782d8	d__Bacteria; p__Firmicutes; c__Negativicutes; o__Veillonellales-Selenomonadales; f__Veillonellaceae; g__Dialister; s__gut_metagenome
be560ba79c1e37a52602a23cd14d7138	d__Bacteria; p__Firmicutes; c__Negativicutes; o__Veillonellales-Selenomonadales; f__Veillonellaceae; g__Dialister; s__gut_metagenome
ed795930165702c66e81ceedad9d9fe5	d__Bacteria; p__Firmicutes; c__Negativicutes; o__Veillonellales-Selenomonadales; f__Veillonellaceae; g__Veillonella
a5aca3c864fd8f9fae494e3e9406f55e	d__Bacteria; p__Firmicutes; c__Negativicutes; o__Veillonellales-Selenomonadales; f__Veillonellaceae; g__Veillonella
83b0585815ff655be866c89c9dbfe17e	d__Bacteria; p__Firmicutes; c__Negativicutes; o__Veillonellales-Selenomonadales; f__Veillonellaceae; g__Veillonella
e0e95ed956b418a0a73e59478e75a344	d__Bacteria; p__Firmicutes; c__Negativicutes; o__Veillonellales-Selenomonadales; f__Veillonellaceae; g__Veillonella
e25c5c80c852842674d773368d688b36	d__Bacteria; p__Firmicutes; c__Negativicutes; o__Veillonellales-Selenomonadales; f__Veillonellaceae; g__Veillonella
c3e8aefedcb77a5b48791fd623577268	d__Bacteria; p__Firmicutes; c__Negativicutes; o__Veillonellales-Selenomonadales; f__Veillonellaceae; g__Veillonella
653de7eb78dc4c1c4310b35dc4fea3ef	d__Bacteria; p__Firmicutes; c__Negativicutes; o__Veillonellales-Selenomonadales; f__Veillonellaceae; g__Veillonella
99612fb107fb83c8b04c34c1b6d3a053	d__Bacteria; p__Firmicutes; c__Negativicutes; o__Veillonellales-Selenomonadales; f__Veillonellaceae; g__Veillonella
a0a1a6df50cce2d4ea932a0a5e3df3c1	d__Bacteria; p__Firmicutes; c__Negativicutes; o__Veillonellales-Selenomonadales; f__Veillonellaceae; g__Veillonella
3a833784a991dea6de6536dc2bff616c	d__Bacteria; p__Firmicutes; c__Negativicutes; o__Veillonellales-Selenomonadales; f__Veillonellaceae; g__Veillonella
7df12e9ca80f69d66696a7dde71770e7	d__Bacteria; p__Firmicutes; c__Negativicutes; o__Veillonellales-Selenomonadales; f__Veillonellaceae; g__Veillonella
77b5773f6e1ee3ffc70a8168f7fd9e52	d__Bacteria; p__Firmicutes; c__Negativicutes; o__Veillonellales-Selenomonadales; f__Veillonellaceae; g__Veillonella
5deacabcddbe091add619c7404efab68	d__Bacteria; p__Firmicutes
33e81546699d892e87fa44376eb61625	d__Bacteria; p__Firmicutes
5e5dad1ea53771026c3d85699afb59a4	d__Bacteria; p__Firmicutes; c__Negativicutes; o__Veillonellales-Selenomonadales; f__Veillonellaceae; g__Veillonella
fbb42a7be69a90ea8f0e219abdf33125	d__Bacteria; p__Firmicutes; c__Negativicutes; o__Veillonellales-Selenomonadales; f__Veillonellaceae; g__Veillonella
b3bda21555763687c2d5c0d9679a6845	d__Bacteria; p__Firmicutes; c__Negativicutes; o__Veillonellales-Selenomonadales; f__Veillonellaceae; g__Veillonella
d312f59ecadd65e38ce42b22ba7533f2	d__Bacteria; p__Firmicutes; c__Negativicutes; o__Veillonellales-Selenomonadales; f__Veillonellaceae; g__Veillonella
ec598b4e105211987ec1a24ea489ef45	d__Bacteria; p__Firmicutes; c__Negativicutes; o__Veillonellales-Selenomonadales; f__Veillonellaceae; g__Veillonella
005447231cc4518f493f6eb4ef2cae06	d__Bacteria; p__Firmicutes; c__Negativicutes; o__Veillonellales-Selenomonadales; f__Veillonellaceae; g__Veillonella
663c4030e57d96ccc6f86c0621bb631e	d__Bacteria; p__Firmicutes; c__Negativicutes; o__Veillonellales-Selenomonadales; f__Veillonellaceae; g__Veillonella
8802b7794d88541d37eb9bcb74d97a9a	d__Bacteria; p__Firmicutes; c__Negativicutes; o__Veillonellales-Selenomonadales; f__Veillonellaceae; g__Veillonella
0ba40a7222a5c5b24549ab18454b9520	d__Bacteria; p__Firmicutes; c__Negativicutes; o__Veillonellales-Selenomonadales; f__Veillonellaceae; g__Veillonella
32c13990dd29168fa6035a4cd6f48638	d__Bacteria
b50e7c43dff326a73a9ed91cd5d9d32c	d__Bacteria; p__Firmicutes; c__Negativicutes; o__Acidaminococcales; f__Acidaminococcaceae; g__Phascolarctobacterium; s__Ruminococcus_sp.
fd34a28dd90a42e1cb5fb9372154f5fd	d__Bacteria; p__Firmicutes
fd17419e1b845a1111fc0c67acd7b2e7	d__Bacteria; p__Firmicutes; c__Negativicutes; o__Veillonellales-Selenomonadales; f__Selenomonadaceae; g__Megamonas
900675f9d1836029ae0f6892594aad18	d__Bacteria; p__Firmicutes; c__Clostridia; o__Lachnospirales; f__Lachnospiraceae
da81208f2efff62a9efda46b380e1ed4	d__Bacteria; p__Firmicutes; c__Negativicutes; o__Acidaminococcales; f__Acidaminococcaceae; g__Succiniclasticum; s__gut_metagenome
6746c90376e803fddb4820b33c2215c9	d__Bacteria; p__Firmicutes; c__Negativicutes; o__Acidaminococcales; f__Acidaminococcaceae; g__Succiniclasticum
4adb2bc1c87b95c653de00071ddb52a4	d__Bacteria; p__Firmicutes; c__Negativicutes; o__Acidaminococcales; f__Acidaminococcaceae; g__Succiniclasticum; s__gut_metagenome
20216031beb366ec45b1d75763fc03b1	d__Bacteria; p__Firmicutes; c__Negativicutes; o__Acidaminococcales; f__Acidaminococcaceae; g__Succiniclasticum; s__gut_metagenome
43e81949233bcb47397dd9ded200e8b8	d__Bacteria; p__Firmicutes; c__Negativicutes; o__Acidaminococcales; f__Acidaminococcaceae; g__Succiniclasticum; s__gut_metagenome
9401b3bcbce09d77900606bc5e568764	d__Bacteria; p__Firmicutes; c__Negativicutes; o__Acidaminococcales; f__Acidaminococcaceae; g__Succiniclasticum; s__gut_metagenome
56bd1aa94fc4e50aff0766d5195f31ff	d__Bacteria; p__Firmicutes; c__Negativicutes; o__Acidaminococcales; f__Acidaminococcaceae; g__Succiniclasticum; s__gut_metagenome
56d03737de1ea585e8238f8b040f8283	d__Bacteria; p__Firmicutes; c__Negativicutes; o__Acidaminococcales; f__Acidaminococcaceae; g__Succiniclasticum; s__gut_metagenome
25a1a919ea93c224033bfbe3568f6d0c	d__Bacteria; p__Firmicutes; c__Negativicutes; o__Acidaminococcales; f__Acidaminococcaceae; g__Succiniclasticum; s__gut_metagenome
22c1d5192f4c842049a03610ed11ffeb	d__Bacteria; p__Firmicutes; c__Negativicutes; o__Acidaminococcales; f__Acidaminococcaceae; g__Succiniclasticum; s__gut_metagenome
f62486c23da77cf171c5dce16c05dde6	d__Bacteria; p__Firmicutes; c__Negativicutes; o__Acidaminococcales; f__Acidaminococcaceae; g__Succiniclasticum; s__gut_metagenome
fa1b2a3fcd4967f3cbd27c7b0d30e7fb	d__Bacteria; p__Firmicutes; c__Negativicutes; o__Acidaminococcales; f__Acidaminococcaceae; g__Succiniclasticum; s__gut_metagenome
adb59cd5669fd6b40de2bacbfba4b8c7	d__Bacteria; p__Firmicutes; c__Negativicutes; o__Acidaminococcales; f__Acidaminococcaceae; g__Succiniclasticum; s__gut_metagenome
10bb5f8f51ee68ac5a6c4ea6229e30e3	d__Bacteria; p__Firmicutes; c__Negativicutes; o__Acidaminococcales; f__Acidaminococcaceae; g__Succiniclasticum; s__gut_metagenome
f32530f25f38534fcb3d7303fba28800	d__Bacteria; p__Firmicutes; c__Negativicutes; o__Acidaminococcales; f__Acidaminococcaceae; g__Succiniclasticum; s__gut_metagenome
5144fcec74fd18c137f10619217791f5	d__Bacteria; p__Firmicutes; c__Negativicutes; o__Acidaminococcales; f__Acidaminococcaceae; g__Succiniclasticum; s__gut_metagenome
d47afc19b5a025614c7a2f4f5fa77f65	d__Bacteria; p__Firmicutes; c__Negativicutes; o__Acidaminococcales; f__Acidaminococcaceae; g__Succiniclasticum
fd3f6266e74f08ca9ef68c7a3a01968b	d__Bacteria; p__Firmicutes; c__Negativicutes; o__Acidaminococcales; f__Acidaminococcaceae; g__Succiniclasticum; s__gut_metagenome
060d003dcae91944b1bd28fe60ff1261	d__Bacteria; p__Firmicutes; c__Negativicutes; o__Acidaminococcales; f__Acidaminococcaceae; g__Phascolarctobacterium; s__Ruminococcus_sp.
113db4585f0d227c503e6e04a2755e88	d__Bacteria; p__Bacteroidota; c__Bacteroidia; o__Bacteroidales; f__Bacteroidaceae; g__Bacteroides
7c22eb2c92426c68a58bbabbc64d0ec5	d__Bacteria; p__Firmicutes; c__Clostridia; o__Oscillospirales
9a3010de35482c2c09db8de6dde39d7a	d__Bacteria; p__Firmicutes; c__Clostridia
3146b34f2e5efef5cda35c8025694ad6	d__Bacteria; p__Firmicutes; c__Clostridia; o__Monoglobales; f__Monoglobaceae; g__Monoglobus; s__uncultured_bacterium
b83a2d112baab4f5451d32a182eda064	d__Bacteria; p__Firmicutes; c__Negativicutes; o__Veillonellales-Selenomonadales; f__Selenomonadaceae; g__Megamonas; s__uncultured_Clostridiales
6cbd4af3dd327af202923c9f693ed500	d__Bacteria; p__Firmicutes; c__Negativicutes; o__Veillonellales-Selenomonadales; f__Selenomonadaceae; g__Megamonas
e3932082b33d5ca3fd1c3bccf5895a87	d__Bacteria; p__Firmicutes; c__Negativicutes; o__Veillonellales-Selenomonadales; f__Selenomonadaceae; g__Megamonas
78d2c14ae662d43dc75a21b12385786a	d__Bacteria; p__Firmicutes; c__Negativicutes; o__Veillonellales-Selenomonadales; f__Selenomonadaceae; g__Megamonas
0be01a74afadade95106336c0acdbf6f	d__Bacteria; p__Firmicutes; c__Negativicutes; o__Veillonellales-Selenomonadales; f__Selenomonadaceae; g__Megamonas
f65d6223291ad543752a44863a4a9e20	d__Bacteria; p__Firmicutes; c__Negativicutes; o__Veillonellales-Selenomonadales; f__Selenomonadaceae; g__Megamonas; s__Megamonas_sp.
a24da3af1b584da5d0467c1184e5f62c	d__Bacteria; p__Firmicutes; c__Negativicutes; o__Veillonellales-Selenomonadales; f__Selenomonadaceae; g__Megamonas
7947fac7f415cf3923261cb70e34efda	d__Bacteria; p__Firmicutes; c__Negativicutes; o__Veillonellales-Selenomonadales; f__Selenomonadaceae; g__Megamonas
a3fb378ef42841e9c7cba3adb6ba6921	d__Bacteria; p__Firmicutes; c__Negativicutes; o__Veillonellales-Selenomonadales; f__Selenomonadaceae; g__Megamonas; s__Megamonas_sp.
f59374dd6d9688dfafa7d7af43eb92de	d__Bacteria; p__Firmicutes; c__Negativicutes; o__Veillonellales-Selenomonadales; f__Selenomonadaceae; g__Megamonas
f2430085034b5a2d74f07342a41fb9a6	d__Bacteria; p__Firmicutes; c__Clostridia; o__Peptococcales; f__Peptococcaceae; g__uncultured; s__uncultured_bacterium
7571638d28d6f7f1c348aa62965c27cd	d__Bacteria; p__Firmicutes; c__Clostridia; o__Peptococcales; f__Peptococcaceae; g__uncultured; s__uncultured_bacterium
4fe21e10a0cffe15decc56cc2d848603	d__Bacteria; p__Firmicutes; c__Clostridia; o__Peptococcales; f__Peptococcaceae; g__uncultured; s__uncultured_bacterium
e58bc0305b9b25d1a7dca7be3fc48af7	d__Bacteria; p__Firmicutes; c__Clostridia; o__Peptococcales; f__Peptococcaceae; g__uncultured
33b438b9e9b5179c11735f903d5094e7	d__Bacteria; p__Firmicutes; c__Clostridia; o__Peptococcales; f__Peptococcaceae; g__uncultured
513828f5ef0eb8af4ddac6b4a2c6cfc3	d__Bacteria; p__Firmicutes; c__Clostridia; o__Peptococcales; f__Peptococcaceae; g__uncultured
daaf5f46d601f05e9c4a7a2fc65e106f	d__Bacteria; p__Firmicutes; c__Clostridia; o__Peptococcales; f__Peptococcaceae; g__uncultured; s__uncultured_bacterium
6c7c4652e19a3db38c3aab71586f07a8	d__Bacteria; p__Firmicutes; c__Clostridia; o__Peptostreptococcales-Tissierellales; f__Peptostreptococcaceae
7241666310f6ad92274cce2391f3679b	d__Bacteria; p__Firmicutes; c__Clostridia; o__Peptococcales; f__Peptococcaceae; g__uncultured
1a082452a524eeec1a9f2ccd000fe39c	d__Bacteria; p__Firmicutes; c__Negativicutes; o__Acidaminococcales; f__Acidaminococcaceae; g__Phascolarctobacterium; s__uncultured_Firmicutes
064a3d16358c1570885991e4c777ff25	d__Bacteria; p__Firmicutes; c__Clostridia
48c109fe8a572ff6178d480cf870169b	d__Bacteria; p__Firmicutes
415e28d417a7d70304f8e95e840f9691	d__Bacteria; p__Firmicutes; c__Clostridia
8fd526d527a4f034f42efd808552747b	d__Bacteria; p__Firmicutes; c__Clostridia; o__Lachnospirales; f__Lachnospiraceae
ece752292a5e2634f2a0c32334c9fe44	d__Bacteria; p__Firmicutes
31a49db39219f3ec182f1598df175d0c	d__Bacteria; p__Firmicutes; c__Negativicutes; o__Acidaminococcales; f__Acidaminococcaceae; g__Phascolarctobacterium; s__uncultured_Firmicutes
34cea613465fbe489c5cdc0f0052d34f	d__Bacteria; p__Firmicutes
2847fe2ee41964f58dace29ac778c763	d__Bacteria; p__Firmicutes
7069e5c08fe5e758e96d149db0e4a01c	d__Bacteria; p__Firmicutes; c__Clostridia
0a738c5d06558d4277ca89e222163a72	d__Bacteria; p__Firmicutes; c__Negativicutes; o__Veillonellales-Selenomonadales; f__Veillonellaceae; g__Megasphaera; s__Megasphaera_micronuciformis
2bad8d26c766695142d44d88d8c05b1a	d__Bacteria; p__Firmicutes; c__Clostridia; o__Lachnospirales; f__Lachnospiraceae
ed3ae9bc928fbcaef3f333e68d8dda82	d__Bacteria; p__Firmicutes
68866ad114b0585b80ecf319d8381a46	d__Bacteria; p__Firmicutes; c__Negativicutes; o__Veillonellales-Selenomonadales; f__Veillonellaceae; g__Dialister
cf43633695f35100d588a85ba05a1857	d__Bacteria; p__Firmicutes; c__Negativicutes; o__Veillonellales-Selenomonadales; f__Veillonellaceae; g__Dialister
44d01bc0c334335f80dd3827bc318b2d	d__Bacteria; p__Firmicutes; c__Negativicutes; o__Veillonellales-Selenomonadales; f__Veillonellaceae; g__Dialister
786809c2c5d6a831a558fb4a492eb1df	d__Bacteria; p__Firmicutes; c__Negativicutes; o__Veillonellales-Selenomonadales; f__Veillonellaceae; g__Dialister
6719248e09d56b5bdb92a6368039b5d3	d__Bacteria; p__Firmicutes; c__Negativicutes; o__Veillonellales-Selenomonadales; f__Veillonellaceae; g__Dialister
b83a0b50d0d00aee2d843615ba03e0ee	d__Bacteria; p__Firmicutes; c__Negativicutes; o__Veillonellales-Selenomonadales; f__Veillonellaceae; g__Dialister; s__uncultured_Veillonellaceae
ba53c3313c5c84a07cd9cf2b4b352419	d__Bacteria; p__Firmicutes; c__Negativicutes; o__Veillonellales-Selenomonadales; f__Veillonellaceae; g__Dialister
68b799b0e158ebac5963f4f0a000798c	d__Bacteria; p__Firmicutes; c__Negativicutes; o__Veillonellales-Selenomonadales; f__Veillonellaceae; g__Dialister
84940eab89f258520371683917df7d2b	d__Bacteria; p__Firmicutes; c__Negativicutes; o__Veillonellales-Selenomonadales; f__Veillonellaceae; g__Dialister
cdc5c1d7d2900ecfcd7e46a58b8f5182	d__Bacteria; p__Firmicutes; c__Negativicutes; o__Veillonellales-Selenomonadales; f__Veillonellaceae; g__Dialister
e406bf5c8e7ab407bc2e7b125857b9c8	d__Bacteria; p__Firmicutes; c__Negativicutes; o__Veillonellales-Selenomonadales; f__Veillonellaceae; g__Dialister
ac78e871ea27280aac5a83400529fbe1	d__Bacteria; p__Firmicutes; c__Negativicutes; o__Veillonellales-Selenomonadales; f__Veillonellaceae; g__Dialister
804d401a5045b3546cbdd9734b215c30	d__Bacteria; p__Firmicutes; c__Negativicutes; o__Veillonellales-Selenomonadales; f__Veillonellaceae; g__Dialister; s__uncultured_bacterium
6660947b7a525490afc034dfaf088919	d__Bacteria; p__Firmicutes; c__Negativicutes; o__Veillonellales-Selenomonadales; f__Veillonellaceae; g__Dialister
c7f67e6683cf48a5d5a944796513ff1e	d__Bacteria; p__Firmicutes; c__Negativicutes; o__Veillonellales-Selenomonadales; f__Veillonellaceae; g__Dialister
74636086caea5f645927237576511f0f	d__Bacteria; p__Firmicutes; c__Negativicutes; o__Veillonellales-Selenomonadales; f__Veillonellaceae; g__Dialister; s__uncultured_Veillonellaceae
784d959715e9116433c4a2a4e0c2b54f	d__Bacteria; p__Firmicutes; c__Negativicutes; o__Veillonellales-Selenomonadales; f__Veillonellaceae; g__Dialister
587abf192a918667ce1b53aae506dff8	d__Bacteria; p__Firmicutes; c__Negativicutes; o__Veillonellales-Selenomonadales; f__Veillonellaceae; g__Dialister
9a4b1ca55363101094de0626deadd7d2	d__Bacteria; p__Firmicutes; c__Negativicutes; o__Veillonellales-Selenomonadales; f__Veillonellaceae; g__Dialister
51e9d82fbef42afb90d4113a89545294	d__Bacteria; p__Firmicutes; c__Negativicutes; o__Veillonellales-Selenomonadales; f__Veillonellaceae; g__Dialister
27102dfe1b64f6c81e916527d5ac6c4c	d__Bacteria; p__Firmicutes; c__Negativicutes; o__Veillonellales-Selenomonadales; f__Veillonellaceae; g__Dialister
10139913f1fa3ee4ae591c3bb7183d9a	d__Bacteria; p__Firmicutes; c__Negativicutes; o__Veillonellales-Selenomonadales; f__Veillonellaceae; g__Dialister
44f1c1062582b2dea9d8bb14d2c2e4b0	d__Bacteria; p__Firmicutes; c__Negativicutes; o__Veillonellales-Selenomonadales; f__Veillonellaceae; g__Dialister
8ba411bd458fc40a1ee0a816d2e4a74a	d__Bacteria; p__Firmicutes; c__Negativicutes; o__Veillonellales-Selenomonadales; f__Veillonellaceae; g__Dialister
9bb69ea8f0111d8de3338a1ca9ba0749	d__Bacteria; p__Firmicutes; c__Negativicutes; o__Veillonellales-Selenomonadales; f__Veillonellaceae; g__Dialister
e00a9dd02f7b79c83706735f142ef482	d__Bacteria; p__Firmicutes; c__Negativicutes; o__Veillonellales-Selenomonadales; f__Veillonellaceae; g__Dialister
2a8e984cd1448e25eef8653822487000	d__Bacteria; p__Firmicutes; c__Negativicutes; o__Veillonellales-Selenomonadales; f__Veillonellaceae; g__Dialister
0459ebcd8c601ff202862e1c3d978529	d__Bacteria; p__Firmicutes; c__Negativicutes; o__Veillonellales-Selenomonadales; f__Veillonellaceae; g__Dialister
dbb22aa5307c2d90356f91724ab68880	d__Bacteria; p__Firmicutes; c__Negativicutes; o__Veillonellales-Selenomonadales; f__Veillonellaceae; g__Dialister
e9144e8120e7f68ef4750a55c17fc136	d__Bacteria; p__Firmicutes; c__Negativicutes; o__Veillonellales-Selenomonadales; f__Veillonellaceae; g__Dialister
354bc4776b940c17b35918894e7e8aef	d__Bacteria; p__Firmicutes; c__Negativicutes; o__Veillonellales-Selenomonadales; f__Veillonellaceae; g__Dialister
9c496aad551b017f4534fc0e9806e035	d__Bacteria; p__Firmicutes; c__Negativicutes; o__Veillonellales-Selenomonadales; f__Veillonellaceae; g__Dialister
354da29c72eb2ad692c46ddf8f9487c2	d__Bacteria; p__Firmicutes; c__Negativicutes; o__Veillonellales-Selenomonadales; f__Veillonellaceae; g__Dialister
c178705994b05e41e38103e44edf1b43	d__Bacteria; p__Firmicutes; c__Negativicutes; o__Veillonellales-Selenomonadales; f__Veillonellaceae; g__Dialister
34ec090042829e7bb67dfe3fc49f3fa5	d__Bacteria; p__Firmicutes; c__Negativicutes; o__Veillonellales-Selenomonadales; f__Veillonellaceae; g__Dialister
1f19f43d1bf612552604f049b2ec26c2	d__Bacteria; p__Firmicutes; c__Negativicutes; o__Veillonellales-Selenomonadales; f__Veillonellaceae; g__Dialister
ad230ffee0443bb4ceae5b3e2ad37f72	d__Bacteria; p__Firmicutes; c__Negativicutes; o__Veillonellales-Selenomonadales; f__Veillonellaceae; g__Dialister
3597a5cc92bbf18bb11adfbd7e6d6086	d__Bacteria; p__Firmicutes; c__Negativicutes; o__Veillonellales-Selenomonadales; f__Veillonellaceae; g__Dialister
6f76aa7eb9d74237d32515969108c663	d__Bacteria; p__Firmicutes; c__Negativicutes; o__Veillonellales-Selenomonadales; f__Veillonellaceae; g__Dialister
afe90357dfabc84fe7012cec6423d645	d__Bacteria; p__Firmicutes; c__Negativicutes; o__Veillonellales-Selenomonadales; f__Veillonellaceae; g__Dialister
cd253307245f448bef36bcd46a82d324	d__Bacteria; p__Firmicutes; c__Negativicutes; o__Veillonellales-Selenomonadales; f__Veillonellaceae; g__Dialister; s__Dialister_invisus
bfa979df7c76d36bdff58ebaa9a6f92e	d__Bacteria; p__Firmicutes; c__Negativicutes; o__Veillonellales-Selenomonadales; f__Veillonellaceae; g__Dialister
e8bad4c9c365728e92647d89e8005f3f	d__Bacteria; p__Firmicutes; c__Negativicutes; o__Veillonellales-Selenomonadales; f__Veillonellaceae; g__Dialister
6668b34eb33d7763d8f9096590a46c88	d__Bacteria; p__Firmicutes; c__Negativicutes; o__Veillonellales-Selenomonadales; f__Veillonellaceae; g__Dialister
63e4b5c3af7e74cd87ded42774eee4f9	d__Bacteria; p__Firmicutes; c__Negativicutes; o__Veillonellales-Selenomonadales; f__Veillonellaceae; g__Dialister
f92710ddc9ecbd0e6d1189c28d54fe68	d__Bacteria; p__Firmicutes; c__Negativicutes; o__Veillonellales-Selenomonadales; f__Veillonellaceae; g__Dialister
5ab16cefb9a37605bc4724e671dd3522	d__Bacteria; p__Firmicutes; c__Negativicutes; o__Veillonellales-Selenomonadales; f__Veillonellaceae; g__Dialister
0ca7dbdc120871fd4185cc0cc149f18c	d__Bacteria; p__Firmicutes; c__Negativicutes; o__Veillonellales-Selenomonadales; f__Veillonellaceae; g__Dialister
e67874995e73558986f33320ad3885ee	d__Bacteria; p__Firmicutes; c__Negativicutes; o__Veillonellales-Selenomonadales; f__Veillonellaceae; g__Dialister
225089b15c388f822299c59563f6df86	d__Bacteria; p__Firmicutes; c__Negativicutes; o__Veillonellales-Selenomonadales; f__Veillonellaceae; g__Dialister
dab46dfaff453fb514303401777deec3	d__Bacteria; p__Firmicutes; c__Negativicutes; o__Veillonellales-Selenomonadales; f__Veillonellaceae; g__Dialister
4a5881036bbe46c4216ca366b0386bb2	d__Bacteria; p__Firmicutes; c__Negativicutes; o__Veillonellales-Selenomonadales; f__Veillonellaceae; g__Dialister
46201333490f121d1bf93da18d2de6da	d__Bacteria; p__Firmicutes; c__Negativicutes; o__Veillonellales-Selenomonadales; f__Veillonellaceae; g__Dialister
cd6364938a5a602a2c519ebf0875d8ff	d__Bacteria; p__Firmicutes; c__Negativicutes; o__Veillonellales-Selenomonadales; f__Veillonellaceae; g__Dialister
b5b1a142cd8af30cb5cccb41a0fdf2ab	d__Bacteria; p__Firmicutes; c__Negativicutes; o__Veillonellales-Selenomonadales; f__Veillonellaceae; g__Dialister
464c82eafc7f5b3f37e2d265ec04ec45	d__Bacteria; p__Firmicutes; c__Negativicutes; o__Veillonellales-Selenomonadales; f__Veillonellaceae; g__Dialister
745d8d60a670e5917eacb8a610e9827a	d__Bacteria; p__Firmicutes; c__Negativicutes; o__Veillonellales-Selenomonadales; f__Veillonellaceae; g__Dialister
4f50b6f6a95a5fabd554eeb0b3a45dbf	d__Bacteria; p__Firmicutes; c__Negativicutes; o__Veillonellales-Selenomonadales; f__Veillonellaceae; g__Dialister
222ab707069d091a8a7af0d570ad5a22	d__Bacteria; p__Firmicutes; c__Negativicutes; o__Veillonellales-Selenomonadales; f__Veillonellaceae; g__Dialister
c2b343219ff96fac1ca39892dfc88fc8	d__Bacteria; p__Firmicutes; c__Negativicutes; o__Veillonellales-Selenomonadales; f__Veillonellaceae; g__Dialister; s__uncultured_Veillonellaceae
5cf05dada1b051995eaf691305dac5d9	d__Bacteria; p__Firmicutes; c__Negativicutes; o__Veillonellales-Selenomonadales; f__Veillonellaceae; g__Dialister
1d1f5f7e0f2b538f3321654c83776461	d__Bacteria; p__Firmicutes; c__Negativicutes; o__Veillonellales-Selenomonadales; f__Veillonellaceae; g__Dialister
ce506ecd73be4a5670809596a1901bc0	d__Bacteria; p__Firmicutes; c__Negativicutes; o__Veillonellales-Selenomonadales; f__Veillonellaceae; g__Dialister
51be2566d6558742a106ea26edb14e82	d__Bacteria; p__Firmicutes; c__Negativicutes; o__Veillonellales-Selenomonadales; f__Veillonellaceae; g__Dialister
dfe205e6359c654e15f0ec266dad5728	d__Bacteria; p__Firmicutes; c__Clostridia; o__Lachnospirales; f__Lachnospiraceae
61c92edd9d2183761f2ee27ecbd806d6	d__Bacteria; p__Firmicutes; c__Clostridia; o__Lachnospirales; f__Lachnospiraceae
5370cd2ac88ca0cd8125ef927f80bfda	d__Bacteria; p__Firmicutes; c__Clostridia; o__Peptococcales; f__Peptococcaceae; g__uncultured
3185e0d68ae55f3bddae121e6b138d93	d__Bacteria; p__Firmicutes
9e0dce9a912b0c0105d7cc0eb9a8c99b	d__Bacteria; p__Firmicutes; c__Negativicutes; o__Veillonellales-Selenomonadales; f__Veillonellaceae; g__Dialister
5d525debcceb96ae64b56cd842077261	d__Bacteria; p__Firmicutes; c__Negativicutes; o__Veillonellales-Selenomonadales; f__Veillonellaceae; g__Dialister
21044aefb7e7ab1cf665b3320b01f0ef	d__Bacteria; p__Firmicutes; c__Negativicutes; o__Veillonellales-Selenomonadales; f__Veillonellaceae; g__Dialister
a2c8e2c7f3faceab87c97a9df5b2e549	d__Bacteria; p__Firmicutes; c__Negativicutes; o__Veillonellales-Selenomonadales; f__Veillonellaceae; g__Dialister
abada502ad71a3a883c8379f7b542ff6	d__Bacteria; p__Firmicutes; c__Negativicutes; o__Veillonellales-Selenomonadales; f__Veillonellaceae; g__Dialister
5d4bff8b750b8201016e297bc51201ea	d__Bacteria; p__Firmicutes; c__Negativicutes; o__Veillonellales-Selenomonadales; f__Veillonellaceae; g__Dialister
1fbc7c280d1bcfddd21411a288237048	d__Bacteria; p__Firmicutes
400ace759d108fbdd167cc474d908edc	d__Bacteria; p__Firmicutes; c__Negativicutes; o__Veillonellales-Selenomonadales; f__Veillonellaceae; g__Dialister
4eb9e10dd663151cad35b31656719d54	d__Bacteria; p__Firmicutes; c__Negativicutes; o__Veillonellales-Selenomonadales; f__Veillonellaceae; g__Dialister
c407fde729cba8b12dce6e88b25797e6	d__Bacteria; p__Firmicutes; c__Negativicutes; o__Veillonellales-Selenomonadales; f__Veillonellaceae; g__Dialister
4695c1851e68bf87868defbdbe64d711	d__Bacteria; p__Firmicutes; c__Negativicutes; o__Veillonellales-Selenomonadales; f__Veillonellaceae; g__Dialister
9bfb4c5d905a447ca303cbebbbbccac1	d__Bacteria; p__Firmicutes; c__Negativicutes; o__Veillonellales-Selenomonadales; f__Veillonellaceae; g__Dialister
49bfc1cf5a7c42f8f67924dca6aad467	d__Bacteria; p__Firmicutes; c__Negativicutes; o__Veillonellales-Selenomonadales; f__Veillonellaceae; g__Dialister
d0c3c7201b9ffe83c9b7fe94dce45e00	d__Bacteria; p__Firmicutes; c__Negativicutes; o__Veillonellales-Selenomonadales; f__Veillonellaceae; g__Dialister
ab1037aa1164017d81c728c8133ae8ce	d__Bacteria; p__Firmicutes; c__Negativicutes; o__Veillonellales-Selenomonadales; f__Veillonellaceae; g__Dialister
128c90a29603f722870d1a1a5e15d9e3	d__Bacteria; p__Firmicutes; c__Negativicutes; o__Veillonellales-Selenomonadales; f__Veillonellaceae; g__Dialister
6773b93cae5256f255f556cdc93d253f	d__Bacteria; p__Firmicutes; c__Negativicutes; o__Veillonellales-Selenomonadales; f__Veillonellaceae; g__Dialister
be6caa5b06daac8cc948cd3a2b452f81	d__Bacteria; p__Firmicutes; c__Negativicutes; o__Veillonellales-Selenomonadales; f__Veillonellaceae; g__Dialister
45e0a822d8ea229b2958e4461f2cb9aa	d__Bacteria; p__Firmicutes; c__Negativicutes; o__Veillonellales-Selenomonadales; f__Veillonellaceae; g__Dialister
162c4a4341e4de4c8d0359161cfcee1a	d__Bacteria; p__Firmicutes; c__Negativicutes; o__Veillonellales-Selenomonadales; f__Veillonellaceae; g__Dialister
cb1d340888bff0c5ecefb85ae466cea0	d__Bacteria; p__Firmicutes; c__Negativicutes; o__Veillonellales-Selenomonadales; f__Veillonellaceae; g__Dialister; s__uncultured_Veillonellaceae
8363908e38735f2d82ec7c77d9b99c4c	d__Bacteria; p__Firmicutes
dfc44ec0910de817ff3f4fc73dac7387	d__Bacteria; p__Firmicutes; c__Clostridia; o__Lachnospirales; f__Lachnospiraceae
a759c8c872e32ab26e736fa948ea0eb2	d__Bacteria; p__Firmicutes; c__Clostridia; o__Lachnospirales; f__Lachnospiraceae
bca9fa141a55c47de79009d777f3ff03	d__Bacteria; p__Firmicutes; c__Bacilli; o__RF39; f__RF39; g__RF39
7db3f6b4dedfe5c5259686fa7529c7ee	d__Bacteria; p__Firmicutes; c__Negativicutes; o__Veillonellales-Selenomonadales; f__Veillonellaceae; g__Dialister; s__uncultured_Veillonellaceae
215d66ff0caef29c05bef9c0aa358d24	d__Bacteria; p__Firmicutes; c__Negativicutes; o__Veillonellales-Selenomonadales; f__Veillonellaceae; g__Megasphaera; s__Lactobacillus_sp.
92eed7b735379d9fc565d868a3f1a466	d__Bacteria; p__Firmicutes; c__Negativicutes; o__Veillonellales-Selenomonadales; f__Veillonellaceae; g__Dialister
963bad289360795a74130da93cbe4dfe	d__Bacteria; p__Firmicutes; c__Negativicutes; o__Veillonellales-Selenomonadales; f__Veillonellaceae; g__Dialister
89e77baecd454732c56c4011faf69a14	d__Bacteria; p__Firmicutes; c__Negativicutes; o__Veillonellales-Selenomonadales; f__Veillonellaceae; g__Dialister
3567d6974c1ea2e41f097e2c6a06bc9e	d__Bacteria; p__Firmicutes; c__Negativicutes; o__Veillonellales-Selenomonadales; f__Veillonellaceae; g__Dialister
561fb265a081d2889359cf3b9b6182be	d__Bacteria; p__Firmicutes; c__Negativicutes; o__Veillonellales-Selenomonadales; f__Veillonellaceae; g__Dialister; s__uncultured_bacterium
b0be78e9ceaf6a04e85e796fd1dd1c70	d__Bacteria; p__Firmicutes; c__Negativicutes; o__Veillonellales-Selenomonadales; f__Veillonellaceae; g__Dialister
bae74b47340cc9ec5d863687d2357454	d__Bacteria; p__Firmicutes; c__Negativicutes; o__Veillonellales-Selenomonadales; f__Veillonellaceae; g__Dialister
2cba1403ff00ff49027981ff0e0309ba	d__Bacteria; p__Firmicutes; c__Negativicutes; o__Veillonellales-Selenomonadales; f__Veillonellaceae; g__Dialister
6ede66362a234e3b52f4c57ba114af71	d__Bacteria; p__Firmicutes; c__Negativicutes; o__Veillonellales-Selenomonadales; f__Veillonellaceae; g__Dialister
b00c66d8340807a96ff659faf864ec64	d__Bacteria; p__Firmicutes; c__Negativicutes; o__Veillonellales-Selenomonadales; f__Veillonellaceae; g__Dialister
db4a8d164ad9e803f5494802be516b2c	d__Bacteria; p__Firmicutes; c__Negativicutes; o__Veillonellales-Selenomonadales; f__Veillonellaceae; g__Dialister
676f50216cbfd28421bf6a66c9e23a1a	d__Bacteria; p__Firmicutes; c__Negativicutes; o__Veillonellales-Selenomonadales; f__Veillonellaceae; g__Dialister
c9bcc8e03e436e66de669ba0e7aace1a	d__Bacteria; p__Firmicutes
16603f2168cd5e4f784499665dbeef50	d__Bacteria; p__Firmicutes
f29dd7c76e778a8d95e417388a184f70	d__Bacteria; p__Firmicutes; c__Negativicutes; o__Veillonellales-Selenomonadales; f__Veillonellaceae; g__Dialister
a1e53ebb1504b1329822b6ca97084676	d__Bacteria; p__Firmicutes; c__Negativicutes; o__Veillonellales-Selenomonadales; f__Veillonellaceae; g__Dialister
008c3eb53d82b706d3974320d36de298	d__Bacteria; p__Firmicutes; c__Negativicutes; o__Veillonellales-Selenomonadales; f__Veillonellaceae; g__Dialister
4510698ca0809f4de861a9700fa9c9a6	d__Bacteria; p__Firmicutes; c__Negativicutes; o__Veillonellales-Selenomonadales; f__Veillonellaceae; g__Dialister
8c37bc6cf4a1b14b90d1834bcc39d384	d__Bacteria; p__Firmicutes
d608fb0338ba2299e53493725e468f2b	d__Bacteria; p__Firmicutes; c__Negativicutes; o__Veillonellales-Selenomonadales; f__Veillonellaceae; g__Dialister
6c4453f64a7f7cb5e4341e217b0829ea	d__Bacteria; p__Firmicutes
6e8bc65c4a4d4f04474bbdba7cff5419	d__Bacteria; p__Firmicutes; c__Negativicutes; o__Veillonellales-Selenomonadales; f__Veillonellaceae; g__Dialister
37eccc01e0415b51116c759cf9cfb52a	d__Bacteria; p__Firmicutes; c__Negativicutes; o__Veillonellales-Selenomonadales; f__Veillonellaceae; g__Dialister
8aab5c45d8d08d842e782393ac77bfb4	d__Bacteria; p__Firmicutes; c__Negativicutes; o__Veillonellales-Selenomonadales; f__Veillonellaceae; g__Dialister; s__uncultured_bacterium
21f3182ef8c33cfd483b6d412ce470c9	d__Bacteria; p__Firmicutes; c__Negativicutes; o__Veillonellales-Selenomonadales; f__Veillonellaceae; g__Dialister
38225b22e9dbb5c3bcc44132f76822d8	d__Bacteria; p__Firmicutes; c__Negativicutes; o__Veillonellales-Selenomonadales; f__Veillonellaceae; g__Dialister
138e63c6dbf15d34f3c0f523cf6b9df4	d__Bacteria; p__Firmicutes
416f964d80bd1b381229703326227222	d__Bacteria; p__Firmicutes; c__Negativicutes; o__Veillonellales-Selenomonadales; f__Veillonellaceae; g__Dialister
917cab4e18478d81b4d6b49716f0c84c	d__Bacteria; p__Firmicutes
f12873241f2f0b009c57eea45038c9b2	d__Bacteria; p__Firmicutes
e13faf72280ee86a3ffbe79483625f00	d__Bacteria; p__Firmicutes; c__Negativicutes; o__Veillonellales-Selenomonadales; f__Veillonellaceae; g__Dialister
acb920cc9c7213ac6aca3c7ec55cd997	d__Bacteria; p__Firmicutes; c__Negativicutes; o__Veillonellales-Selenomonadales; f__Veillonellaceae; g__Dialister; s__uncultured_bacterium
d6d78db54bd51d2c4167fa03680ff80c	d__Bacteria; p__Firmicutes; c__Negativicutes; o__Veillonellales-Selenomonadales; f__Veillonellaceae; g__Dialister
abdbfd99abceb338664f1878b04185f5	d__Bacteria; p__Firmicutes; c__Negativicutes; o__Veillonellales-Selenomonadales; f__Veillonellaceae; g__Dialister; s__uncultured_bacterium
bc93ef77e8ce24e2617cd6d484102f1c	d__Bacteria; p__Firmicutes
1112138d8bf3e76280c452b1c6aa8734	d__Bacteria; p__Firmicutes; c__Negativicutes; o__Veillonellales-Selenomonadales; f__Veillonellaceae; g__Dialister
e85188289d2e691503ad1a71855aab88	d__Bacteria; p__Bacteroidota; c__Bacteroidia; o__Bacteroidales; f__Prevotellaceae; g__Prevotellaceae_NK3B31_group; s__human_gut
9468180417b5e3bac2a7396b67fed246	d__Bacteria; p__Firmicutes; c__Negativicutes; o__Veillonellales-Selenomonadales; f__Veillonellaceae; g__Dialister
f40e3153890b96b217f7a990093adf66	d__Bacteria; p__Firmicutes; c__Clostridia; o__Peptococcales; f__Peptococcaceae; g__Peptococcus; s__uncultured_organism
f740c7d6ddd73d33381a9f181b304c83	d__Bacteria; p__Firmicutes; c__Clostridia; o__Peptococcales; f__Peptococcaceae; g__Peptococcus; s__uncultured_organism
ef895fceb3b9ced7aaaefbddb828568c	d__Bacteria; p__Firmicutes; c__Clostridia; o__Peptococcales; f__Peptococcaceae; g__Peptococcus; s__uncultured_organism
1971d55194a8494ac07a3529d4f3dbde	d__Bacteria; p__Firmicutes; c__Clostridia; o__Peptococcales; f__Peptococcaceae; g__Peptococcus; s__uncultured_organism
b33ff526c0b020ea71ee5a1a8735ee13	d__Bacteria; p__Firmicutes; c__Clostridia; o__Peptococcales; f__Peptococcaceae; g__Peptococcus; s__uncultured_organism
9ad19a9a88edd20ddbc7f3e549b95670	d__Bacteria; p__Firmicutes; c__Clostridia; o__Peptococcales; f__Peptococcaceae; g__Peptococcus; s__uncultured_organism
0ea69bde58b36fda07fce659ba373030	d__Bacteria; p__Firmicutes; c__Clostridia; o__Peptococcales; f__Peptococcaceae; g__Peptococcus; s__uncultured_bacterium
838c1072b64d8c82fdd584646557260c	d__Bacteria; p__Firmicutes; c__Clostridia; o__Peptococcales; f__Peptococcaceae; g__uncultured; s__uncultured_bacterium
cdc4324b9b85f8765155dea1d6814521	d__Bacteria; p__Firmicutes; c__Clostridia; o__Peptococcales; f__Peptococcaceae
8d4e5e7fd6204ef158fe4a9df4173d6b	d__Bacteria; p__Firmicutes; c__Clostridia; o__Oscillospirales; f__Ruminococcaceae
282c865be04e10d5023db983931b689d	d__Bacteria; p__Firmicutes; c__Clostridia; o__Peptococcales; f__Peptococcaceae; g__uncultured; s__unidentified
d068a27b2c13af464de835597589f573	d__Bacteria; p__Firmicutes; c__Clostridia; o__Peptococcales; f__Peptococcaceae; g__uncultured; s__unidentified
2a30adb224a5a04b2f31624fcf82b74b	d__Bacteria; p__Firmicutes; c__Clostridia; o__Peptococcales; f__Peptococcaceae; g__uncultured; s__uncultured_bacterium
33c8003ff734b97a1227c0c5b78cb36f	d__Bacteria; p__Firmicutes; c__Clostridia; o__Peptococcales; f__Peptococcaceae; g__Peptococcus; s__uncultured_bacterium
14c97aab1931eb623e0075a561f4f773	d__Bacteria; p__Firmicutes; c__Clostridia; o__Peptococcales; f__Peptococcaceae; g__Peptococcus; s__uncultured_bacterium
a0e6eb8e13d10663f55fccc73a0a468d	d__Bacteria; p__Firmicutes; c__Clostridia; o__Peptococcales; f__Peptococcaceae; g__Peptococcus; s__uncultured_bacterium
bf8b0eb03e61a0d2f3a17ea1e72c58e9	d__Bacteria; p__Firmicutes; c__Negativicutes; o__Acidaminococcales; f__Acidaminococcaceae; g__Phascolarctobacterium; s__Phascolarctobacterium_succinatutens
3feb309df244484b14aed699ae6f6fbd	d__Bacteria; p__Firmicutes; c__Negativicutes; o__Acidaminococcales; f__Acidaminococcaceae; g__Phascolarctobacterium; s__uncultured_bacterium
9b9a6aad57121fe40651e61b48cf657b	d__Bacteria; p__Firmicutes; c__Negativicutes; o__Acidaminococcales; f__Acidaminococcaceae; g__Phascolarctobacterium; s__uncultured_bacterium
2c3f40f537d17fc20fbbc5dab52aefff	d__Bacteria; p__Firmicutes; c__Negativicutes; o__Acidaminococcales; f__Acidaminococcaceae; g__Phascolarctobacterium; s__uncultured_bacterium
b255334ab63b383e281f06e9c7832ef1	d__Bacteria; p__Firmicutes; c__Clostridia; o__Lachnospirales; f__Lachnospiraceae
c91d4f660900ae52220b5e5d673ff3dd	d__Bacteria; p__Firmicutes
37446b92a4dbbc9ba959f8699bd48473	d__Bacteria; p__Firmicutes; c__Negativicutes; o__Acidaminococcales; f__Acidaminococcaceae; g__Phascolarctobacterium
66528ce73f90e30a0b7167fe2046c3d3	d__Bacteria; p__Firmicutes; c__Negativicutes; o__Acidaminococcales; f__Acidaminococcaceae; g__Phascolarctobacterium
4514d9d4f02c067be67a0c161b93ac6d	d__Bacteria; p__Firmicutes; c__Negativicutes; o__Acidaminococcales; f__Acidaminococcaceae; g__Phascolarctobacterium
6685ac5ef68fbfaf9e1acab95480087c	d__Bacteria; p__Firmicutes; c__Negativicutes; o__Acidaminococcales; f__Acidaminococcaceae; g__Phascolarctobacterium
ec92384385742a8add14223ab38d7751	d__Bacteria; p__Firmicutes
c56dbb2d062e01f0fdeb2fb8384ffbdb	d__Bacteria; p__Firmicutes; c__Negativicutes; o__Acidaminococcales; f__Acidaminococcaceae; g__Phascolarctobacterium
eebd3eed1e7fbb91fb39338acdb81761	d__Bacteria; p__Firmicutes; c__Negativicutes; o__Acidaminococcales; f__Acidaminococcaceae; g__Phascolarctobacterium; s__uncultured_bacterium
5fe0be3a8f10fac3989395fb91409d34	d__Bacteria; p__Firmicutes; c__Negativicutes; o__Acidaminococcales; f__Acidaminococcaceae; g__Phascolarctobacterium
f55cf2d04f5b8ab692228c3bf3dfee7d	d__Bacteria; p__Firmicutes; c__Negativicutes; o__Acidaminococcales; f__Acidaminococcaceae; g__Phascolarctobacterium; s__uncultured_bacterium
96a8468b9ee1d100fb69119169739624	d__Bacteria; p__Firmicutes; c__Negativicutes; o__Acidaminococcales; f__Acidaminococcaceae; g__Phascolarctobacterium
4b8288a999ad47d5a64a4150c7c4041c	d__Bacteria; p__Firmicutes; c__Negativicutes; o__Acidaminococcales; f__Acidaminococcaceae; g__Phascolarctobacterium; s__Phascolarctobacterium_succinatutens
92bcf2136014eead174a48f797e2ef28	d__Bacteria; p__Firmicutes; c__Negativicutes; o__Acidaminococcales; f__Acidaminococcaceae; g__Phascolarctobacterium; s__Phascolarctobacterium_succinatutens
7d31abb1abecd3d9596d21822435ceb2	d__Bacteria; p__Firmicutes; c__Negativicutes; o__Acidaminococcales; f__Acidaminococcaceae; g__Phascolarctobacterium; s__Phascolarctobacterium_succinatutens
cca84952db704117d70b4176e7f37848	d__Bacteria; p__Firmicutes; c__Negativicutes; o__Acidaminococcales; f__Acidaminococcaceae; g__Phascolarctobacterium
26a42c825479dbb23103a37c5556de93	d__Bacteria; p__Firmicutes; c__Negativicutes; o__Acidaminococcales; f__Acidaminococcaceae; g__Phascolarctobacterium
d2fa49e3dd7a68eefa2e68911147b894	d__Bacteria; p__Firmicutes; c__Negativicutes; o__Acidaminococcales; f__Acidaminococcaceae; g__Phascolarctobacterium; s__Phascolarctobacterium_succinatutens
9745caa3e4e8aff991a064cc475daa82	d__Bacteria; p__Firmicutes; c__Negativicutes; o__Acidaminococcales; f__Acidaminococcaceae; g__Phascolarctobacterium
5f3f62a4a8e5601c0939528d1fe9664d	d__Bacteria; p__Firmicutes; c__Negativicutes; o__Acidaminococcales; f__Acidaminococcaceae; g__Phascolarctobacterium; s__Phascolarctobacterium_succinatutens
f614f1666f78466fcf697e60e08fe3fa	d__Bacteria; p__Firmicutes; c__Negativicutes; o__Acidaminococcales; f__Acidaminococcaceae; g__Phascolarctobacterium
eb0fb5961cf7a4c44fe0144337954b41	d__Bacteria; p__Firmicutes; c__Negativicutes; o__Acidaminococcales; f__Acidaminococcaceae; g__Phascolarctobacterium
4c3640a03d1075c4a681cf597c579436	d__Bacteria; p__Firmicutes; c__Negativicutes; o__Acidaminococcales; f__Acidaminococcaceae; g__Phascolarctobacterium; s__Phascolarctobacterium_succinatutens
57483ebdf55d44a471482b0ec33cb41e	d__Bacteria; p__Firmicutes; c__Negativicutes; o__Acidaminococcales; f__Acidaminococcaceae; g__Phascolarctobacterium; s__Phascolarctobacterium_succinatutens
2540bf74770277eb9aa93529e8f72370	d__Bacteria; p__Firmicutes; c__Negativicutes; o__Acidaminococcales; f__Acidaminococcaceae; g__Phascolarctobacterium
ad14e94cecb3af03d3cacef350a5b5cf	d__Bacteria; p__Firmicutes; c__Negativicutes; o__Acidaminococcales; f__Acidaminococcaceae; g__Phascolarctobacterium
360248ef0c0b1d8231aae5ce078a63ba	d__Bacteria; p__Firmicutes; c__Negativicutes; o__Acidaminococcales; f__Acidaminococcaceae; g__Phascolarctobacterium
db19d9f96c982ee74cead0810189c222	d__Bacteria; p__Firmicutes; c__Negativicutes; o__Acidaminococcales; f__Acidaminococcaceae; g__Phascolarctobacterium
c933a1adf5e7dee6809363b250103454	d__Bacteria; p__Firmicutes; c__Negativicutes; o__Acidaminococcales; f__Acidaminococcaceae; g__Phascolarctobacterium; s__Phascolarctobacterium_succinatutens
6a54ee2b5f3e7675007e15bacc50e8a4	d__Bacteria; p__Firmicutes; c__Negativicutes; o__Acidaminococcales; f__Acidaminococcaceae; g__Phascolarctobacterium
82f70469fe1e9ecc9b5998535baa4b13	d__Bacteria
86302ecdd48cfc0b8a082b652a986a46	d__Bacteria
c16a84aa977c1515a73bd9426d221891	d__Bacteria; p__Firmicutes; c__Negativicutes; o__Acidaminococcales; f__Acidaminococcaceae; g__Phascolarctobacterium
7cea342964a0e9b054a3c4abc6b3da59	d__Bacteria; p__Firmicutes; c__Negativicutes; o__Acidaminococcales; f__Acidaminococcaceae; g__Phascolarctobacterium
dd327010b1ec0e8e5d34c8903ab4d49f	d__Bacteria; p__Firmicutes; c__Negativicutes; o__Acidaminococcales; f__Acidaminococcaceae; g__Phascolarctobacterium
171df79db143630c247203206293cbe9	d__Bacteria; p__Firmicutes; c__Negativicutes; o__Acidaminococcales; f__Acidaminococcaceae; g__Phascolarctobacterium
0241a4d74773bf2e1bf26bb31822ecfd	d__Bacteria; p__Firmicutes; c__Negativicutes; o__Acidaminococcales; f__Acidaminococcaceae; g__Phascolarctobacterium
57de6b530d9921a87e58de2909d70ffd	d__Bacteria; p__Firmicutes; c__Negativicutes; o__Acidaminococcales; f__Acidaminococcaceae; g__Phascolarctobacterium; s__uncultured_bacterium
ea9d13449a697494c7ed117151f7ca47	d__Bacteria; p__Firmicutes; c__Negativicutes; o__Acidaminococcales; f__Acidaminococcaceae; g__Phascolarctobacterium
972fbff617ae2f0612f44d54dbacfa9d	d__Bacteria; p__Firmicutes; c__Negativicutes; o__Acidaminococcales; f__Acidaminococcaceae; g__Phascolarctobacterium
8afe7760dff444b60ee9a600606220e4	d__Bacteria; p__Firmicutes; c__Negativicutes; o__Acidaminococcales; f__Acidaminococcaceae; g__Phascolarctobacterium; s__uncultured_bacterium
7dcd629ab6c5de80d1df71ad6750ce37	d__Bacteria; p__Firmicutes; c__Negativicutes; o__Acidaminococcales; f__Acidaminococcaceae; g__Phascolarctobacterium
d000e6492b568ede83f463c8e4418b9f	d__Bacteria; p__Firmicutes; c__Negativicutes; o__Acidaminococcales; f__Acidaminococcaceae; g__Phascolarctobacterium; s__uncultured_bacterium
e7f39efce905f41f4317b0604ca76e37	d__Bacteria; p__Firmicutes; c__Negativicutes; o__Acidaminococcales; f__Acidaminococcaceae; g__Phascolarctobacterium
c0ecd077300101cf48ef384ac31fb878	d__Bacteria; p__Firmicutes; c__Negativicutes; o__Acidaminococcales; f__Acidaminococcaceae; g__Phascolarctobacterium; s__uncultured_bacterium
06cec50a12c36a9d52b7a51e5e62c790	d__Bacteria; p__Firmicutes; c__Negativicutes; o__Acidaminococcales; f__Acidaminococcaceae; g__Phascolarctobacterium
16079f7f0d36cb76d3e49780a609e28f	d__Bacteria; p__Firmicutes; c__Negativicutes; o__Acidaminococcales; f__Acidaminococcaceae; g__Phascolarctobacterium
2439455d2df3c58a143b0e3ae44e1416	d__Bacteria; p__Firmicutes; c__Negativicutes; o__Acidaminococcales; f__Acidaminococcaceae; g__Phascolarctobacterium
5078d3ef1851185bb350fb873bc76028	d__Bacteria; p__Firmicutes; c__Negativicutes; o__Acidaminococcales; f__Acidaminococcaceae; g__Phascolarctobacterium
b816b4e4c20720a5bd546b05e3565007	d__Bacteria; p__Firmicutes; c__Negativicutes; o__Acidaminococcales; f__Acidaminococcaceae; g__Phascolarctobacterium
19dcab59f34cd5b12aff69225f4470da	d__Bacteria; p__Firmicutes; c__Negativicutes; o__Acidaminococcales; f__Acidaminococcaceae; g__Phascolarctobacterium
86c036cc90708d08fe27078a264f2f8b	d__Bacteria; p__Firmicutes; c__Negativicutes; o__Acidaminococcales; f__Acidaminococcaceae; g__Phascolarctobacterium
40d10d7db56d18f2ffa7b3b3f7ec6820	d__Bacteria; p__Firmicutes; c__Negativicutes; o__Acidaminococcales; f__Acidaminococcaceae; g__Phascolarctobacterium; s__uncultured_bacterium
76bbee4ea64485f89c00af35a955e775	d__Bacteria; p__Firmicutes; c__Negativicutes; o__Acidaminococcales; f__Acidaminococcaceae; g__Phascolarctobacterium
b34602f58c5fd2c281919657ee90b010	d__Bacteria; p__Firmicutes; c__Negativicutes; o__Acidaminococcales; f__Acidaminococcaceae; g__Phascolarctobacterium
885161b87c9456b917d5cbcbdf0c39dd	d__Bacteria; p__Firmicutes; c__Negativicutes; o__Acidaminococcales; f__Acidaminococcaceae; g__Phascolarctobacterium
f0c70f451fab0937f4f59b15f7301f87	d__Bacteria; p__Firmicutes
b89e6e0b12a46d16f940f3ea9ca0d97f	d__Bacteria; p__Firmicutes
668ab21a6d897a9a99ff9470697c3554	d__Bacteria; p__Firmicutes; c__Negativicutes; o__Acidaminococcales; f__Acidaminococcaceae; g__Phascolarctobacterium
a8c2efb15370e0a259cae0860046da2c	d__Bacteria; p__Firmicutes; c__Negativicutes; o__Acidaminococcales; f__Acidaminococcaceae; g__Phascolarctobacterium
bac549ea56d97d2b06a6859b4ad1ebe7	d__Bacteria; p__Firmicutes; c__Negativicutes; o__Acidaminococcales; f__Acidaminococcaceae; g__Phascolarctobacterium
ba50eabfc587f10048f65b9592ae27bb	d__Bacteria; p__Firmicutes; c__Negativicutes; o__Acidaminococcales; f__Acidaminococcaceae; g__Phascolarctobacterium
99505186d921ba325f84b9b49a1120c1	d__Bacteria; p__Firmicutes; c__Negativicutes; o__Acidaminococcales; f__Acidaminococcaceae; g__Phascolarctobacterium
4b25f594df164e15b34fcb6d882acc93	d__Bacteria; p__Firmicutes; c__Negativicutes; o__Acidaminococcales; f__Acidaminococcaceae; g__Phascolarctobacterium
75a9890813a47438005e144f859e5a1b	d__Bacteria; p__Firmicutes; c__Negativicutes; o__Acidaminococcales; f__Acidaminococcaceae; g__Phascolarctobacterium
5eda70b80d8c2ddb1231dc57f1f1e9a7	d__Bacteria; p__Firmicutes
e24261b31f95d6a5d62828a0e1840d43	d__Bacteria; p__Firmicutes; c__Negativicutes; o__Acidaminococcales; f__Acidaminococcaceae; g__Phascolarctobacterium; s__uncultured_bacterium
8604f867cdc3e0d634d7b2824f3307b3	d__Bacteria; p__Firmicutes; c__Negativicutes; o__Acidaminococcales; f__Acidaminococcaceae; g__Phascolarctobacterium; s__uncultured_bacterium
34c5d12111c1eeba6bc9a959cd3beb90	d__Bacteria; p__Firmicutes; c__Negativicutes; o__Acidaminococcales; f__Acidaminococcaceae; g__Phascolarctobacterium; s__uncultured_bacterium
795169b017d11a8a73946b7f993a1ed9	d__Bacteria; p__Firmicutes; c__Negativicutes; o__Acidaminococcales; f__Acidaminococcaceae; g__Phascolarctobacterium; s__uncultured_bacterium
0f440c001f8b671defb4f9fe3e9bce29	d__Bacteria; p__Firmicutes; c__Negativicutes; o__Acidaminococcales; f__Acidaminococcaceae; g__Phascolarctobacterium
dfc2292e7972b15b198d7746550e6d60	d__Bacteria; p__Firmicutes; c__Negativicutes; o__Acidaminococcales; f__Acidaminococcaceae; g__Phascolarctobacterium
645c4c044f4e39246c71f2a77c500c97	d__Bacteria; p__Firmicutes
b3e171f3c95054fe6a7aa426b1f206f3	d__Bacteria; p__Firmicutes; c__Negativicutes; o__Acidaminococcales; f__Acidaminococcaceae; g__Phascolarctobacterium
889ff87562f76322df36b81a3aeac188	d__Bacteria; p__Firmicutes; c__Negativicutes; o__Acidaminococcales; f__Acidaminococcaceae; g__Phascolarctobacterium
750d897df476692d170bcea6aebb8f6e	d__Bacteria; p__Firmicutes; c__Negativicutes; o__Acidaminococcales; f__Acidaminococcaceae; g__Phascolarctobacterium; s__uncultured_bacterium
5971c259f856f6823977d435f89e631f	d__Bacteria; p__Firmicutes; c__Negativicutes; o__Acidaminococcales; f__Acidaminococcaceae; g__Phascolarctobacterium; s__uncultured_bacterium
4decb4244ea6d079c6e7a1fdd4008b90	d__Bacteria; p__Firmicutes; c__Negativicutes; o__Acidaminococcales; f__Acidaminococcaceae; g__Phascolarctobacterium; s__uncultured_bacterium
b4045c16222fd40f27bd86b3b52df328	d__Bacteria; p__Firmicutes; c__Negativicutes; o__Acidaminococcales; f__Acidaminococcaceae; g__Phascolarctobacterium; s__uncultured_bacterium
f61fd475bce52f1d6d29433184a5f66e	d__Bacteria; p__Firmicutes; c__Negativicutes; o__Acidaminococcales; f__Acidaminococcaceae; g__Phascolarctobacterium; s__uncultured_bacterium
7368b69b7b2994ed96d2a5d5d7d416c4	d__Bacteria; p__Firmicutes; c__Negativicutes; o__Acidaminococcales; f__Acidaminococcaceae; g__Phascolarctobacterium; s__uncultured_bacterium
91adbe80440efab57b8b3d310eea6953	d__Bacteria; p__Firmicutes
70897370e771d1d0bb0acf55bb608385	d__Bacteria; p__Firmicutes; c__Negativicutes; o__Acidaminococcales; f__Acidaminococcaceae; g__Phascolarctobacterium; s__uncultured_bacterium
126ba01bd09f81fb998ee3593083d5e6	d__Bacteria; p__Firmicutes; c__Negativicutes; o__Acidaminococcales; f__Acidaminococcaceae; g__Phascolarctobacterium
9787afc679c793b33819829de9301fb2	d__Bacteria; p__Firmicutes; c__Negativicutes; o__Acidaminococcales; f__Acidaminococcaceae; g__Phascolarctobacterium; s__uncultured_bacterium
e3e344b745adcc9f64d240e6842cc7e8	d__Bacteria; p__Firmicutes; c__Negativicutes; o__Acidaminococcales; f__Acidaminococcaceae; g__Phascolarctobacterium; s__uncultured_bacterium
23396835095e7c7c2b429af8f082a6e6	d__Bacteria; p__Firmicutes; c__Negativicutes; o__Acidaminococcales; f__Acidaminococcaceae; g__Phascolarctobacterium
53c80b907b491bc3a5fb6250ad6b9d6d	d__Bacteria; p__Firmicutes; c__Negativicutes; o__Acidaminococcales; f__Acidaminococcaceae; g__Phascolarctobacterium; s__uncultured_bacterium
990a9cdc53f577f27559dcfa77543e8a	d__Bacteria; p__Firmicutes; c__Negativicutes; o__Acidaminococcales; f__Acidaminococcaceae; g__Phascolarctobacterium; s__uncultured_bacterium
f37ca85dc736f417a6f62de69eb2c715	d__Bacteria; p__Firmicutes; c__Negativicutes; o__Acidaminococcales; f__Acidaminococcaceae; g__Phascolarctobacterium
38065edd50bcdb6e7bb242cfcb657e94	d__Bacteria; p__Firmicutes; c__Negativicutes; o__Acidaminococcales; f__Acidaminococcaceae; g__Phascolarctobacterium; s__uncultured_bacterium
56417dd52622f8c55e2754de85178aa7	d__Bacteria; p__Firmicutes; c__Negativicutes; o__Acidaminococcales; f__Acidaminococcaceae; g__Phascolarctobacterium; s__uncultured_bacterium
8e84670acfd7e7ad0b69790f51e3ecf9	d__Bacteria; p__Firmicutes; c__Negativicutes; o__Acidaminococcales; f__Acidaminococcaceae; g__Phascolarctobacterium; s__uncultured_bacterium
f18faa25edab95bd8693668d9ec05883	d__Bacteria; p__Firmicutes; c__Negativicutes; o__Acidaminococcales; f__Acidaminococcaceae; g__Phascolarctobacterium
20e2d3ab081ba87bfeb28b9c2d0de7df	d__Bacteria; p__Firmicutes; c__Negativicutes; o__Acidaminococcales; f__Acidaminococcaceae; g__Phascolarctobacterium; s__uncultured_bacterium
1964b0197986e2977b2b1cf29b47e08d	d__Bacteria; p__Firmicutes; c__Negativicutes; o__Acidaminococcales; f__Acidaminococcaceae; g__Phascolarctobacterium; s__uncultured_bacterium
68950370b7f145f5fc728fc74543e9db	d__Bacteria; p__Firmicutes; c__Negativicutes; o__Acidaminococcales; f__Acidaminococcaceae; g__Phascolarctobacterium; s__uncultured_bacterium
2e0f2cdc7b57525ca43315bc1b135619	d__Bacteria; p__Firmicutes; c__Negativicutes; o__Acidaminococcales; f__Acidaminococcaceae; g__Phascolarctobacterium; s__uncultured_bacterium
46e4a90f46134f7938a876a0b6d2ba0c	d__Bacteria; p__Firmicutes; c__Negativicutes; o__Acidaminococcales; f__Acidaminococcaceae; g__Phascolarctobacterium; s__uncultured_bacterium
32cb6d14ba841e4056cc8ab7dc713e7e	d__Bacteria; p__Firmicutes; c__Negativicutes; o__Acidaminococcales; f__Acidaminococcaceae; g__Phascolarctobacterium; s__uncultured_bacterium
6ad93a0bc884728e05b8bd53d82c9847	d__Bacteria; p__Firmicutes; c__Negativicutes; o__Acidaminococcales; f__Acidaminococcaceae; g__Phascolarctobacterium
10e0b708fa1dde8861679d721db72866	d__Bacteria; p__Firmicutes; c__Negativicutes; o__Acidaminococcales; f__Acidaminococcaceae; g__Phascolarctobacterium; s__uncultured_bacterium
2c0ed7a86d8649b8a67aafecdea7a8bd	d__Bacteria; p__Firmicutes; c__Negativicutes; o__Acidaminococcales; f__Acidaminococcaceae; g__Phascolarctobacterium
c2ad5933e7328485983e6f1f21f5295a	d__Bacteria; p__Firmicutes; c__Negativicutes; o__Acidaminococcales; f__Acidaminococcaceae; g__Phascolarctobacterium
1d8ba5726a24c87bd61b258fa7f92496	d__Bacteria; p__Firmicutes; c__Negativicutes; o__Acidaminococcales; f__Acidaminococcaceae; g__Phascolarctobacterium
a7cd64e1ceb90f2c9b3caeac5c84aeac	d__Bacteria; p__Firmicutes; c__Negativicutes; o__Acidaminococcales; f__Acidaminococcaceae; g__Phascolarctobacterium
3f4dc401b27c570093035ef5ca32b929	d__Bacteria; p__Firmicutes; c__Negativicutes; o__Acidaminococcales; f__Acidaminococcaceae; g__Phascolarctobacterium; s__uncultured_bacterium
03a5e740da6e2c3d055b0c746b88097f	d__Bacteria; p__Firmicutes; c__Negativicutes; o__Acidaminococcales; f__Acidaminococcaceae; g__Phascolarctobacterium; s__Phascolarctobacterium_succinatutens
0abd143f98c80a007d59e7bc6455fb74	d__Bacteria; p__Firmicutes; c__Negativicutes; o__Acidaminococcales; f__Acidaminococcaceae; g__Phascolarctobacterium
23fe13b97ab0386669127d2785c135ab	d__Bacteria; p__Firmicutes; c__Negativicutes; o__Acidaminococcales; f__Acidaminococcaceae; g__Phascolarctobacterium
510c2aaa9ebc92dd3be99b7eec9d7050	d__Bacteria; p__Firmicutes; c__Negativicutes; o__Acidaminococcales; f__Acidaminococcaceae; g__Phascolarctobacterium
a2e4322963916476a67518fdb7a98265	d__Bacteria; p__Firmicutes; c__Clostridia; o__Lachnospirales; f__Lachnospiraceae
44ea541dcae4ba967a38bca7438eb0a3	d__Bacteria; p__Firmicutes; c__Negativicutes; o__Veillonellales-Selenomonadales; f__Veillonellaceae; g__Dialister
5c70b212539122b93a39dcae01d69a48	d__Bacteria; p__Bacteroidota; c__Bacteroidia; o__Bacteroidales; f__Bacteroidaceae; g__Bacteroides
683c4467d7ecb03c0d27996b2a25956b	d__Bacteria; p__Firmicutes; c__Clostridia; o__Oscillospirales
6df7db89c1fe8fddc4ed15715b47ef74	d__Bacteria; p__Firmicutes; c__Clostridia; o__Peptococcales; f__Peptococcaceae; g__uncultured; s__metagenome
3e66296a797c9e8e3faf260198fe7f7a	d__Bacteria; p__Firmicutes; c__Clostridia; o__Peptococcales; f__Peptococcaceae; g__uncultured; s__metagenome
437fea88ebb8ecc115043aca25fe0ed6	d__Bacteria; p__Firmicutes; c__Clostridia; o__Peptococcales; f__Peptococcaceae; g__uncultured; s__metagenome
4a58e762726c98623041b37cde77e3d9	d__Bacteria; p__Firmicutes; c__Clostridia; o__Peptococcales; f__Peptococcaceae; g__uncultured; s__metagenome
b10e62c0b5da85a0cc2776e3368db910	d__Bacteria; p__Firmicutes; c__Clostridia; o__Peptococcales; f__Peptococcaceae; g__uncultured; s__metagenome
ca8df2b80cb8c291cb9dfc96485c24fe	d__Bacteria; p__Firmicutes; c__Clostridia; o__Peptococcales; f__Peptococcaceae; g__uncultured; s__uncultured_bacterium
6fdf670f7b30d0ac97434d0038030c07	d__Bacteria; p__Firmicutes; c__Clostridia; o__Peptococcales; f__Peptococcaceae; g__uncultured; s__uncultured_bacterium
ac6052b7243d085f10fc244b508d240b	d__Bacteria; p__Firmicutes; c__Clostridia; o__Peptococcales; f__Peptococcaceae; g__uncultured
87a1443c3ba4674e2b586461a286aa24	d__Bacteria; p__Firmicutes; c__Clostridia; o__Peptococcales; f__Peptococcaceae; g__uncultured; s__uncultured_bacterium
e50d27f4a876ff800d74106f6177f0f0	d__Bacteria; p__Firmicutes; c__Clostridia; o__Peptococcales; f__Peptococcaceae; g__uncultured
17aa98ea437a8edfb73e5df958ee51af	d__Bacteria; p__Firmicutes; c__Clostridia; o__Peptococcales; f__Peptococcaceae; g__uncultured
de5e7ccb8c29a703ae6bfdf1dad9c026	d__Bacteria; p__Firmicutes; c__Clostridia; o__Peptococcales; f__Peptococcaceae; g__uncultured
1a9ea4cf19f32344aacc11e37d2bc995	d__Bacteria; p__Firmicutes; c__Clostridia; o__Peptococcales; f__Peptococcaceae; g__uncultured
53d2e103f3eb5b33f7026e579ec267e4	d__Bacteria; p__Firmicutes; c__Clostridia
82df143200b8410c004aaa9759504d4c	d__Bacteria; p__Firmicutes; c__Clostridia; o__Peptococcales; f__Peptococcaceae; g__uncultured
01e00539f24605330c2f24efcd336daa	d__Bacteria; p__Firmicutes; c__Clostridia; o__Peptococcales; f__Peptococcaceae; g__uncultured
872584fe6462d4dfaa2bd8ae62cead75	d__Bacteria; p__Firmicutes; c__Negativicutes; o__Veillonellales-Selenomonadales; f__Selenomonadaceae; g__Mitsuokella; s__uncultured_bacterium
b5a4bc87f929be60b027ebbda4e7a3de	d__Bacteria; p__Firmicutes; c__Negativicutes; o__Veillonellales-Selenomonadales; f__Selenomonadaceae; g__Mitsuokella; s__uncultured_bacterium
d322caa2b67370d9d34a97c6bf27ea17	d__Bacteria; p__Firmicutes; c__Negativicutes; o__Veillonellales-Selenomonadales; f__Selenomonadaceae; g__Mitsuokella
d81e7b1c61ac3703a903067521193d88	d__Bacteria; p__Firmicutes; c__Negativicutes; o__Veillonellales-Selenomonadales; f__Selenomonadaceae; g__Mitsuokella
feb3b528f4d1a3d47fb2610f328188b0	d__Bacteria; p__Firmicutes; c__Negativicutes; o__Veillonellales-Selenomonadales; f__Selenomonadaceae; g__Mitsuokella
8e42f77f2be2a53d65eb640089ab9b97	d__Bacteria; p__Firmicutes; c__Negativicutes; o__Veillonellales-Selenomonadales; f__Selenomonadaceae; g__Mitsuokella
5f4a2b258c0e5581038c2d1a8925203f	d__Bacteria; p__Firmicutes; c__Negativicutes; o__Veillonellales-Selenomonadales; f__Selenomonadaceae; g__Mitsuokella; s__uncultured_bacterium
f2e66cc3fd93a90008318bc9f36f39ec	d__Bacteria; p__Firmicutes; c__Negativicutes; o__Veillonellales-Selenomonadales; f__Selenomonadaceae; g__Mitsuokella
0debb349d1d4c723b5e26bb3844e0352	d__Bacteria
b1c26aa4b93af8b99b04d1119cf25123	d__Bacteria; p__Firmicutes; c__Negativicutes; o__Veillonellales-Selenomonadales; f__Selenomonadaceae; g__Mitsuokella
135e5673d0014d89eb419a39c76633bc	d__Bacteria; p__Firmicutes; c__Negativicutes; o__Veillonellales-Selenomonadales; f__Selenomonadaceae; g__Mitsuokella; s__uncultured_Mitsuokella
9e4dfd760cf7a672341cc492c9cc3d81	d__Bacteria; p__Firmicutes; c__Negativicutes; o__Veillonellales-Selenomonadales; f__Selenomonadaceae; g__Mitsuokella; s__uncultured_Mitsuokella
33e03ba20fff09536f0febe97f6d7516	d__Bacteria; p__Firmicutes; c__Negativicutes; o__Veillonellales-Selenomonadales; f__Selenomonadaceae; g__Mitsuokella
0464e44bd979fc1bcacf6ffa5d491f0e	d__Bacteria; p__Firmicutes; c__Negativicutes; o__Veillonellales-Selenomonadales; f__Selenomonadaceae; g__Mitsuokella; s__uncultured_Mitsuokella
f06ec77e03b97bf83a16861165fbf230	d__Bacteria; p__Firmicutes; c__Negativicutes; o__Veillonellales-Selenomonadales; f__Selenomonadaceae; g__Mitsuokella
b6db4a2d0a94807151bad6cec8dc39d7	d__Bacteria; p__Firmicutes; c__Negativicutes; o__Veillonellales-Selenomonadales; f__Selenomonadaceae; g__Mitsuokella; s__uncultured_Mitsuokella
31ae6c1187179c80b22bd55e1692eeaa	d__Bacteria; p__Firmicutes; c__Negativicutes; o__Veillonellales-Selenomonadales; f__Selenomonadaceae; g__Mitsuokella
cfba6dd6e6cf82ec9855ae3da26507bd	d__Bacteria; p__Firmicutes; c__Clostridia; o__Clostridiales; f__Clostridiaceae; g__Clostridium_sensu_stricto_1
f91b291d2938fe8af74745df71b7fd3e	d__Bacteria; p__Firmicutes; c__Clostridia; o__Peptococcales; f__Peptococcaceae; g__uncultured
78196fb629d80ef40eff50c901476034	d__Bacteria; p__Firmicutes; c__Negativicutes; o__Acidaminococcales; f__Acidaminococcaceae; g__Phascolarctobacterium; s__uncultured_bacterium
1ffce93b06739af166e73bda5a8179c3	d__Bacteria; p__Firmicutes; c__Negativicutes; o__Acidaminococcales; f__Acidaminococcaceae; g__Phascolarctobacterium
816b86675f6282ed15cf20d6e52d56f6	d__Bacteria; p__Firmicutes; c__Clostridia; o__Peptostreptococcales-Tissierellales; f__Anaerovoracaceae; g__[Eubacterium]_brachy_group; s__uncultured_bacterium
8845d4b0040b537785ba945962f5412b	d__Bacteria; p__Actinobacteriota; c__Coriobacteriia; o__Coriobacteriales; f__Atopobiaceae; g__Atopobium
86778be60fa03e7b4673e929be41709b	d__Bacteria; p__Actinobacteriota; c__Coriobacteriia; o__Coriobacteriales; f__Atopobiaceae; g__Atopobium
06b4e5fe1a522f5a4200f7311d602be0	d__Bacteria; p__Actinobacteriota; c__Coriobacteriia; o__Coriobacteriales; f__Atopobiaceae; g__Atopobium
feab3ca8343e555bb77b1ca47341def1	d__Bacteria
691fcef6c3a9c5680ef54ca7f026744d	d__Bacteria; p__Firmicutes; c__Clostridia; o__Lachnospirales; f__Lachnospiraceae
627fa1e21593b8465bd292a4ab7eb3d7	d__Bacteria; p__Firmicutes; c__Clostridia
f0b23911e04951d1dfdca9ee859a777f	d__Bacteria; p__Firmicutes; c__Clostridia; o__Clostridia_UCG-014; f__Clostridia_UCG-014; g__Clostridia_UCG-014
e021e3a52489d0c91e385821e9328521	d__Bacteria; p__Actinobacteriota; c__Coriobacteriia; o__Coriobacteriales; f__Atopobiaceae; g__Coriobacteriaceae_UCG-002; s__uncultured_bacterium
17847b5715b16e8122c6a42cdcec95bf	d__Bacteria; p__Actinobacteriota; c__Coriobacteriia; o__Coriobacteriales; f__Atopobiaceae
4daac3ab72374128ce158cddc65267e6	d__Bacteria; p__Actinobacteriota; c__Coriobacteriia; o__Coriobacteriales; f__Atopobiaceae; g__Coriobacteriaceae_UCG-003; s__uncultured_bacterium
c3e60242e3e82cb202be4995d9758b9f	d__Bacteria; p__Actinobacteriota; c__Coriobacteriia; o__Coriobacteriales; f__Atopobiaceae; g__Coriobacteriaceae_UCG-003; s__uncultured_bacterium
b5aa8fff657be2075a11a5006dff6ac9	d__Bacteria; p__Firmicutes; c__Clostridia; o__Clostridiales; f__Clostridiaceae; g__Clostridium_sensu_stricto_1
05ad6260687aff01ef5679444b1780ad	d__Bacteria; p__Actinobacteriota; c__Coriobacteriia; o__Coriobacteriales; f__Atopobiaceae; g__Olsenella
76e109d2ad890f949c6cf6b9be519ac2	d__Bacteria; p__Actinobacteriota; c__Coriobacteriia; o__Coriobacteriales; f__Atopobiaceae; g__Olsenella
973f81994a6064580d8479cd97d66a08	d__Bacteria; p__Actinobacteriota; c__Coriobacteriia; o__Coriobacteriales; f__Coriobacteriaceae; g__Collinsella
0a8c4bccf11551e47f243c5d784c602f	d__Bacteria; p__Actinobacteriota; c__Coriobacteriia; o__Coriobacteriales; f__Coriobacteriaceae; g__Collinsella; s__Collinsella_sp.
682cff839a0d61808fe58150ea9b90c4	d__Bacteria; p__Actinobacteriota; c__Coriobacteriia; o__Coriobacteriales; f__Coriobacteriaceae; g__Collinsella
5ef69b7572cab1ed49455e091ed0943d	d__Bacteria; p__Firmicutes; c__Clostridia
4118807fe620c0c1e018da592d87f14c	d__Bacteria
70b4952296cc7d847fc2f2610af38632	d__Bacteria
098dffeeed40d7cc2b2c7585bbdfcb5f	d__Bacteria; p__Proteobacteria; c__Gammaproteobacteria; o__Burkholderiales
8ad78127f0016fc0e53e56ce0806816a	d__Bacteria; p__Actinobacteriota; c__Coriobacteriia; o__Coriobacteriales; f__Atopobiaceae
b0a48b6f9eca58aba7cffe72071223c0	d__Bacteria; p__Actinobacteriota; c__Coriobacteriia; o__Coriobacteriales; f__Atopobiaceae; g__Libanicoccus; s__uncultured_bacterium
7847ddc8d793c4f1745b305268c4e942	d__Bacteria; p__Actinobacteriota; c__Coriobacteriia; o__Coriobacteriales; f__Atopobiaceae; g__Libanicoccus
dfc2ca0d365ab8289982819382af808a	d__Bacteria; p__Firmicutes; c__Clostridia; o__Lachnospirales; f__Lachnospiraceae
bb8e2a67ec3dc83ed6db176c91a4e782	d__Bacteria; p__Actinobacteriota; c__Coriobacteriia; o__Coriobacteriales; f__Atopobiaceae; g__Libanicoccus; s__uncultured_bacterium
874d8c1b1f81cbcda58a8caf59275d91	d__Bacteria; p__Actinobacteriota; c__Coriobacteriia; o__Coriobacteriales; f__Coriobacteriaceae; g__Collinsella
3312dfe6daaf07873f55b07b8926d00b	d__Bacteria; p__Proteobacteria; c__Gammaproteobacteria; o__Enterobacterales; f__Enterobacteriaceae; g__Escherichia-Shigella
17dc3e91ef2fc9b098748911219e1095	d__Bacteria; p__Firmicutes; c__Clostridia; o__Lachnospirales; f__Lachnospiraceae; g__Roseburia
484992c1fffbf9ee504b230432ba43a1	d__Bacteria; p__Firmicutes; c__Clostridia
306fad1cbf948035e67b45422ee3eddb	d__Bacteria; p__Firmicutes; c__Clostridia; o__Oscillospirales; f__Ruminococcaceae; g__Faecalibacterium
e505e68433b4e4df3319af1182939718	d__Bacteria
0db87e13e4c458035c1dc6da4b909cef	d__Bacteria
b7ea955e29b19c7239d0bdb380869237	d__Bacteria; p__Firmicutes; c__Clostridia; o__Lachnospirales; f__Lachnospiraceae
1bd225c51e6943a2cbcd28523a3533b7	d__Bacteria
b3d308e32c20fe1781643d56dfa4132c	d__Bacteria
35924e19419fcf47db3c92c9f041984d	d__Bacteria
d3635d1cb104d4c24646691354687872	d__Bacteria; p__Actinobacteriota; c__Coriobacteriia; o__Coriobacteriales; f__Coriobacteriaceae; g__Collinsella
4bccbb72b7663dd0c20a003855708ecd	d__Bacteria; p__Actinobacteriota; c__Coriobacteriia; o__Coriobacteriales; f__Coriobacteriaceae; g__Collinsella
c664f22b2a2e26cc296a9844ed478a3c	d__Bacteria; p__Actinobacteriota; c__Coriobacteriia; o__Coriobacteriales; f__Coriobacteriaceae; g__Collinsella
273f2ce042efac7b9f01619f2be83a02	d__Bacteria; p__Actinobacteriota; c__Coriobacteriia; o__Coriobacteriales; f__Coriobacteriaceae; g__Collinsella
dfa025627ff4b388d6488db97f114ad0	d__Bacteria; p__Actinobacteriota; c__Coriobacteriia; o__Coriobacteriales; f__Coriobacteriaceae; g__Collinsella
963b5b1cfa82ad95b1f01da6620bf858	d__Bacteria
93cccd742b19ba7d8cb098379ee53cf1	d__Bacteria; p__Proteobacteria; c__Gammaproteobacteria; o__Burkholderiales
645b8cd0bfa161e7de3031e4a0686b5f	d__Bacteria
5f1c2067ac9321d4a2cc71036ed59ef9	d__Bacteria; p__Firmicutes; c__Clostridia; o__Oscillospirales; f__UCG-010; g__UCG-010
d21304a6e89690a52183a19b486b3824	d__Bacteria
7561d07959c21e413716621f7a162087	d__Bacteria; p__Firmicutes; c__Clostridia
3af313de5da0db6439c13fcc9a3134b2	d__Bacteria; p__Proteobacteria; c__Gammaproteobacteria; o__Aeromonadales; f__Succinivibrionaceae; g__uncultured; s__uncultured_bacterium
e8b3401a9d8cb043c82501c6c6043f76	d__Bacteria
c230b34ac0f330b1f13132bc4dcf2380	d__Bacteria
fa91f7a85584a6d1ec90745b477faf21	d__Bacteria
6903ea80082fe19b9a6eed9d11b149aa	d__Bacteria; p__Firmicutes; c__Clostridia
aa1b36687faa6792531f4b7af6fc4f00	d__Bacteria; p__Firmicutes; c__Clostridia; o__Clostridia_UCG-014; f__Clostridia_UCG-014; g__Clostridia_UCG-014; s__uncultured_bacterium
b9f0dd49ea26bbe33dfd0c85aa029008	d__Bacteria; p__Proteobacteria; c__Alphaproteobacteria; o__Rickettsiales; f__Mitochondria; g__Mitochondria
0de43443d7dde1621d0c63f35f9c7046	d__Bacteria; p__Proteobacteria; c__Alphaproteobacteria; o__Rickettsiales; f__Mitochondria; g__Mitochondria
ef94ea685ad575160d192e8e8213fca4	d__Bacteria; p__Firmicutes; c__Clostridia; o__Christensenellales; f__Christensenellaceae; g__Christensenellaceae_R-7_group; s__Christensenella_sp.
cc56dc9b3d290b7b8e487f969e4b545f	d__Bacteria; p__Firmicutes; c__Clostridia; o__Christensenellales; f__Christensenellaceae; g__Christensenellaceae_R-7_group
611e286aad75aa3e5bcd1f1204347581	d__Bacteria; p__Firmicutes; c__Clostridia; o__Christensenellales; f__Christensenellaceae; g__Christensenellaceae_R-7_group
17fb5794380ef8ab09a7b13cd5a1983a	d__Bacteria; p__Firmicutes; c__Clostridia; o__Christensenellales; f__Christensenellaceae; g__Christensenellaceae_R-7_group
b3fadd21fe2303969dc22e962edeea27	d__Bacteria; p__Firmicutes; c__Clostridia; o__Christensenellales; f__Christensenellaceae; g__Christensenellaceae_R-7_group; s__Christensenella_sp.
7d17cd8eb3b3677c4907c1c5d1580ea3	d__Bacteria; p__Firmicutes; c__Clostridia; o__Lachnospirales; f__Lachnospiraceae
d35c9a2fc2c399be2a43b67f81101078	d__Bacteria; p__Firmicutes; c__Clostridia; o__Oscillospirales
2f2802903c851d8c2abe4c3844cb057f	d__Bacteria; p__Firmicutes; c__Clostridia; o__Peptococcales; f__Peptococcaceae; g__uncultured; s__uncultured_bacterium
586d6add3ef690da0009b3a37105cb44	d__Bacteria; p__Firmicutes; c__Clostridia; o__Peptococcales; f__Peptococcaceae; g__uncultured; s__uncultured_bacterium
38503c218a12b38187e3ae1cbf1d1076	d__Bacteria; p__Firmicutes; c__uncultured; o__uncultured; f__uncultured; g__uncultured; s__uncultured_Peptococcaceae
99e044e76a067ff397d8269913c3266c	d__Bacteria; p__Cyanobacteria; c__Cyanobacteriia; o__Chloroplast; f__Chloroplast; g__Chloroplast
62dd97b446f1a2a8231fe03da31b9081	d__Bacteria; p__Cyanobacteria; c__Cyanobacteriia; o__Chloroplast; f__Chloroplast; g__Chloroplast
98f069d5440b9ac0348e0dae8250437b	d__Bacteria; p__Cyanobacteria; c__Cyanobacteriia; o__Chloroplast; f__Chloroplast; g__Chloroplast
39321203c064a35286000fa1358a682b	d__Bacteria; p__Cyanobacteria; c__Cyanobacteriia; o__Chloroplast; f__Chloroplast; g__Chloroplast
7ab59d4b2d16ae115007975f67196569	d__Bacteria; p__Cyanobacteria; c__Cyanobacteriia; o__Chloroplast; f__Chloroplast; g__Chloroplast
5fff1184bd54c4a9ee8afbee32b5082f	d__Bacteria; p__Cyanobacteria; c__Cyanobacteriia; o__Chloroplast; f__Chloroplast; g__Chloroplast
51d96d37a95fe29dc7f23da94e658e4d	d__Bacteria; p__Cyanobacteria; c__Cyanobacteriia; o__Chloroplast; f__Chloroplast; g__Chloroplast
f3d173c25e6fd1463c386b8c973def29	d__Bacteria; p__Cyanobacteria; c__Cyanobacteriia; o__Chloroplast; f__Chloroplast; g__Chloroplast
bdaef1090c898d194fd1a3a44ef5b22c	d__Bacteria; p__Firmicutes; c__Clostridia; o__Peptococcales; f__Peptococcaceae; g__uncultured; s__uncultured_bacterium
ccbbab6eb59de37f5eb29766a0ec9c16	d__Bacteria; p__Actinobacteriota; c__Actinobacteria; o__Actinomycetales; f__Actinomycetaceae; g__Actinomyces; s__Chlamydia_trachomatis
541ee12734d26c2ffa1161d680a29ec9	d__Bacteria; p__Firmicutes; c__Clostridia; o__Peptostreptococcales-Tissierellales; f__Peptostreptococcales-Tissierellales; g__Anaerococcus
a99de145f6c29eed0367c58b3a0bee34	d__Bacteria; p__Firmicutes; c__Clostridia; o__Peptostreptococcales-Tissierellales; f__Peptostreptococcales-Tissierellales; g__Anaerococcus; s__Anaerococcus_vaginalis
00fc1cabb45aa9a294e95259423b9fff	d__Bacteria; p__Actinobacteriota; c__Coriobacteriia; o__Coriobacteriales; f__Coriobacteriales_Incertae_Sedis; g__uncultured; s__gut_metagenome
ee91f8ec41773e37e57ee8045014e070	d__Bacteria; p__Actinobacteriota; c__Coriobacteriia; o__Coriobacteriales; f__Coriobacteriales_Incertae_Sedis; g__uncultured; s__gut_metagenome
d63a8ff796cfeba7dae98bf1b40a58e2	d__Bacteria; p__Actinobacteriota; c__Coriobacteriia; o__Coriobacteriales; f__Coriobacteriales_Incertae_Sedis; g__uncultured; s__gut_metagenome
335f5477612a41a37acf53b26c0376c3	d__Bacteria; p__Actinobacteriota; c__Coriobacteriia; o__Coriobacteriales; f__Eggerthellaceae
b7bf77cf865fbc1de543203d221196d3	d__Bacteria; p__Actinobacteriota; c__Coriobacteriia; o__Coriobacteriales; f__uncultured; g__uncultured
99c7a1bec76f4a24b8c4add615c1f4fa	d__Bacteria; p__Actinobacteriota; c__Coriobacteriia; o__Coriobacteriales; f__Eggerthellaceae; g__Adlercreutzia; s__uncultured_bacterium
5e37884f1563b50712965d6220bf93cb	d__Bacteria; p__Actinobacteriota; c__Coriobacteriia; o__Coriobacteriales; f__Eggerthellaceae; g__uncultured; s__uncultured_bacterium
c89338095f628ac09f5fae703537028f	d__Bacteria; p__Actinobacteriota; c__Coriobacteriia; o__Coriobacteriales; f__Eggerthellaceae
3e439bb217a693f60fe9bdb1feb889ba	d__Bacteria; p__Firmicutes; c__Clostridia
b8b2cf76429e85bc0e7136c65b3e77e0	d__Bacteria
ec8257d73378fe7cc0a44622a912b2e5	d__Bacteria; p__Firmicutes; c__Clostridia; o__Oscillospirales; f__Ruminococcaceae
998ad6fe58c052435f69f9a38ff803f3	d__Bacteria; p__Actinobacteriota; c__Coriobacteriia; o__Coriobacteriales; f__Eggerthellaceae; g__uncultured; s__uncultured_bacterium
16f334b5fc7ff487fc727aebe72fd9d3	d__Bacteria; p__Actinobacteriota; c__Coriobacteriia; o__Coriobacteriales; f__Eggerthellaceae; g__Eggerthella
3d8f4eea77f9825432cd7441dfc6eeb3	d__Bacteria; p__Actinobacteriota; c__Coriobacteriia; o__Coriobacteriales; f__Eggerthellaceae; g__Eggerthella
dd6bad7985c645f4c5ef06d94195e496	d__Bacteria; p__Firmicutes; c__Clostridia; o__Oscillospirales
12becdb541bd9ecb72c1da57488c20fe	d__Bacteria; p__Actinobacteriota; c__Coriobacteriia; o__Coriobacteriales; f__uncultured; g__uncultured; s__uncultured_bacterium
0fe8237924cc75dbac402fe8930a0246	d__Bacteria; p__Actinobacteriota; c__Coriobacteriia; o__Coriobacteriales; f__Eggerthellaceae
a21b2aa7c78eb945d9fce37904246a21	d__Bacteria; p__Actinobacteriota; c__Coriobacteriia; o__Coriobacteriales; f__Coriobacteriales_Incertae_Sedis; g__uncultured; s__uncultured_bacterium
1bb5e86f1b4721d5f0927db1177f8bb2	d__Bacteria; p__Firmicutes; c__Clostridia
68da781006d6583fcf33b7174882fbd2	d__Bacteria; p__Firmicutes; c__Clostridia; o__Christensenellales; f__Christensenellaceae; g__Christensenellaceae_R-7_group
2c1b37909921f7c69706c1310339250c	d__Bacteria; p__Actinobacteriota; c__Coriobacteriia; o__Coriobacteriales; f__Eggerthellaceae; g__Slackia; s__Slackia_piriformis
0c18ec164c468be8dd0843c7619eb66f	d__Bacteria; p__Actinobacteriota; c__Coriobacteriia; o__Coriobacteriales; f__Eggerthellaceae; g__Slackia
c3fbc40ec7912e40ef63f25f729c07cc	d__Bacteria; p__Actinobacteriota; c__Coriobacteriia; o__Coriobacteriales; f__Eggerthellaceae; g__Adlercreutzia
609f7c4883c586a86f64cddb192aa4d4	d__Bacteria; p__Actinobacteriota; c__Coriobacteriia; o__Coriobacteriales; f__Eggerthellaceae; g__Adlercreutzia
4c73be6b51002c740dfbb1f07be14a14	d__Bacteria; p__Actinobacteriota; c__Coriobacteriia; o__Coriobacteriales; f__Eggerthellaceae; g__Senegalimassilia; s__uncultured_bacterium
08af2133263ff98549be9d80ff28c217	d__Bacteria; p__Actinobacteriota; c__Coriobacteriia; o__Coriobacteriales; f__Eggerthellaceae; g__Senegalimassilia; s__uncultured_bacterium
76ed324fd04888509f01924875066edc	d__Bacteria; p__Actinobacteriota; c__Coriobacteriia; o__Coriobacteriales; f__Eggerthellaceae; g__Senegalimassilia; s__uncultured_bacterium
6948044b99d1d94f8ae35ba30d03a0c5	d__Bacteria; p__Actinobacteriota; c__Coriobacteriia; o__Coriobacteriales; f__Eggerthellaceae; g__Senegalimassilia; s__uncultured_bacterium
e34bd14a9339b5389d736164c184c542	d__Bacteria; p__Actinobacteriota; c__Coriobacteriia; o__Coriobacteriales; f__Eggerthellaceae; g__Senegalimassilia; s__uncultured_bacterium
8fe8da6767ff562dc9f5e5eadb352722	d__Bacteria; p__Actinobacteriota; c__Coriobacteriia; o__Coriobacteriales; f__Eggerthellaceae; g__Senegalimassilia; s__uncultured_bacterium
2de659588f8a91a7070cc8f0411eca2a	d__Bacteria; p__Actinobacteriota; c__Coriobacteriia; o__Coriobacteriales; f__Eggerthellaceae; g__Senegalimassilia; s__uncultured_bacterium
c5c0e61bf0e00ffe0cb9b91583ec514e	d__Bacteria
8a121c625c55775905e40ea0ce3fbc35	d__Bacteria; p__Actinobacteriota; c__Coriobacteriia; o__Coriobacteriales; f__Eggerthellaceae; g__Eggerthella; s__uncultured_bacterium
e9f224e9e9a7be0dc13fd064b6419688	d__Bacteria; p__Actinobacteriota; c__Coriobacteriia; o__Coriobacteriales; f__Eggerthellaceae; g__Eggerthella
d0e340d04b53cb36cea4ef556055b354	d__Bacteria; p__Actinobacteriota; c__Coriobacteriia; o__Coriobacteriales; f__Eggerthellaceae
b3b1afae53c8b1cce0a39941f180bf4f	d__Bacteria; p__Firmicutes; c__Clostridia; o__Oscillospirales; f__Ruminococcaceae
2bd814b98bc219cffc6ad240db7cae97	d__Bacteria; p__Actinobacteriota
69a17c1a25c146c5bffce7ecc8d46f91	d__Bacteria; p__Actinobacteriota; c__Coriobacteriia; o__Coriobacteriales; f__Eggerthellaceae; g__Enterorhabdus; s__uncultured_bacterium
1960807dc18575dfbab840f547c4a99a	d__Bacteria; p__Actinobacteriota; c__Coriobacteriia; o__Coriobacteriales; f__Eggerthellaceae; g__Enterorhabdus; s__uncultured_bacterium
1382f8f2e37970eaf446d98ef7d8f5f5	d__Bacteria; p__Actinobacteriota; c__Coriobacteriia; o__Coriobacteriales; f__Eggerthellaceae
03f815d9bddce6cb91d6458448af2b88	d__Bacteria
c1abe9023f87e44a65179da1ce3545fc	d__Bacteria; p__Actinobacteriota; c__Coriobacteriia; o__Coriobacteriales; f__Eggerthellaceae; g__Enterorhabdus; s__uncultured_bacterium
e286ad9f3e6fabd80750e36dc643713a	d__Bacteria; p__Actinobacteriota; c__Coriobacteriia; o__Coriobacteriales; f__Eggerthellaceae; g__Enterorhabdus; s__uncultured_bacterium
de161eff382b1a4fd18ce8b72fe9d7fa	d__Bacteria; p__Actinobacteriota; c__Coriobacteriia; o__Coriobacteriales
a099c8d2066ce2dc8609fb9ea8822288	d__Bacteria; p__Actinobacteriota; c__Coriobacteriia; o__Coriobacteriales; f__Eggerthellaceae; g__Enterorhabdus; s__uncultured_bacterium
5c430e54cea3390e8e29d5800508a6a7	d__Bacteria; p__Firmicutes; c__Clostridia; o__Lachnospirales; f__Lachnospiraceae
a9b1726cd1a0e3ae2f52219c4d5785df	d__Bacteria; p__Actinobacteriota; c__Coriobacteriia; o__Coriobacteriales; f__Coriobacteriales_Incertae_Sedis; g__uncultured; s__uncultured_organism
645f31ea6912c66728e8eaa0a7d7950b	d__Bacteria; p__Actinobacteriota; c__Coriobacteriia; o__Coriobacteriales; f__Coriobacteriales_Incertae_Sedis; g__uncultured; s__uncultured_organism
5756470a2016438ff6e7168f7e662ebb	d__Bacteria; p__Actinobacteriota; c__Coriobacteriia; o__Coriobacteriales; f__Coriobacteriales_Incertae_Sedis; g__uncultured; s__uncultured_organism
0abbf60a030bdb5042452ea049e4cb73	d__Bacteria
6e1f4504a9b5bfad42e642f990921dca	d__Bacteria; p__Actinobacteriota; c__Coriobacteriia; o__Coriobacteriales; f__Eggerthellaceae; g__Slackia; s__Slackia_isoflavoniconvertens
a8f23750a082f210a861705f1490f936	d__Bacteria; p__Actinobacteriota; c__Coriobacteriia; o__Coriobacteriales; f__Eggerthellaceae; g__Gordonibacter
db3ffe24536a0d7ba99465775378c36f	d__Bacteria; p__Actinobacteriota; c__Coriobacteriia; o__Coriobacteriales; f__Eggerthellaceae; g__Gordonibacter; s__Gordonibacter_urolithinfaciens
19fb036963923bc77e921ec87c3707ed	d__Bacteria; p__Actinobacteriota; c__Coriobacteriia; o__Coriobacteriales; f__Eggerthellaceae; g__Adlercreutzia
50a9860be34af883dfee1d5911630c58	d__Bacteria; p__Actinobacteriota; c__Coriobacteriia; o__Coriobacteriales; f__Eggerthellaceae; g__Gordonibacter; s__Gordonibacter_pamelaeae
2297767859419d9e39f4748e6946bf10	d__Bacteria; p__Proteobacteria; c__Gammaproteobacteria; o__Burkholderiales; f__Comamonadaceae; g__Comamonas
363506b3a9f845ddf6e9e7f3a3c83bb9	d__Bacteria; p__Proteobacteria; c__Gammaproteobacteria; o__Burkholderiales; f__Comamonadaceae; g__Aquabacterium
0a397566e2f2d12a759326de59a7ee07	d__Bacteria; p__Proteobacteria; c__Gammaproteobacteria; o__Burkholderiales; f__Sutterellaceae; g__Parasutterella
f437113d3ebf8a8646904e9cb7b76ab2	d__Bacteria; p__Proteobacteria; c__Gammaproteobacteria; o__Burkholderiales; f__Sutterellaceae; g__Parasutterella; s__uncultured_bacterium
c197cb984b70f4d7471070c9a891451a	d__Bacteria; p__Proteobacteria; c__Gammaproteobacteria; o__Burkholderiales; f__Sutterellaceae; g__Parasutterella
fbfd384ad676e20063799010a40b2ee7	d__Bacteria; p__Proteobacteria; c__Gammaproteobacteria; o__Burkholderiales; f__Sutterellaceae; g__Parasutterella
b717c41f8fe6efc30afaea7fe60ca55b	d__Bacteria; p__Proteobacteria; c__Gammaproteobacteria; o__Burkholderiales; f__Sutterellaceae; g__Parasutterella
b2868012bbf0864b9399cb8e01232ea0	d__Bacteria; p__Proteobacteria; c__Gammaproteobacteria; o__Burkholderiales; f__Sutterellaceae; g__Parasutterella
53e89a7aad697c8b8a534fca58a3df66	d__Bacteria; p__Proteobacteria; c__Gammaproteobacteria; o__Burkholderiales; f__Sutterellaceae; g__Parasutterella
a846237ed55924f965a5826afdfbd67d	d__Bacteria; p__Proteobacteria; c__Gammaproteobacteria; o__Burkholderiales; f__Sutterellaceae; g__Parasutterella
c2b859dcf1d53f093dd74ae8b1f49cb2	d__Bacteria; p__Proteobacteria; c__Gammaproteobacteria; o__Burkholderiales; f__Sutterellaceae; g__Parasutterella
f577cdbefb963316df003c10fc861aca	d__Bacteria; p__Proteobacteria; c__Gammaproteobacteria; o__Burkholderiales; f__Sutterellaceae; g__Parasutterella; s__Parasutterella_excrementihominis
f471b06c48ce76715fb55eb8d19b8841	d__Bacteria; p__Proteobacteria; c__Gammaproteobacteria; o__Burkholderiales; f__Sutterellaceae; g__Parasutterella; s__uncultured_bacterium
370b967449ec38d5553502e892e65e1b	d__Bacteria; p__Proteobacteria; c__Gammaproteobacteria; o__Burkholderiales; f__Sutterellaceae; g__Parasutterella; s__uncultured_bacterium
cb76e6b3a14944e73e24b00b0e58294d	d__Bacteria; p__Proteobacteria; c__Gammaproteobacteria; o__Burkholderiales; f__Sutterellaceae; g__Parasutterella; s__uncultured_bacterium
6173998dd5b16042acd4ed043dfe313e	d__Bacteria; p__Proteobacteria; c__Gammaproteobacteria; o__Burkholderiales; f__Sutterellaceae; g__Parasutterella
595db4dc63a1375dffd682d90d26c446	d__Bacteria; p__Proteobacteria; c__Gammaproteobacteria; o__Burkholderiales; f__Sutterellaceae; g__Parasutterella
b1b8e354e905454c633663ce7f5f3626	d__Bacteria; p__Proteobacteria; c__Gammaproteobacteria; o__Burkholderiales; f__Sutterellaceae; g__Parasutterella; s__uncultured_organism
0a93eff070aff26c80b0ec4358610146	d__Bacteria; p__Proteobacteria; c__Gammaproteobacteria; o__Burkholderiales; f__Sutterellaceae; g__Parasutterella
a330e1574a2156e7d0c33abab96dc8ee	d__Bacteria; p__Proteobacteria; c__Gammaproteobacteria; o__Burkholderiales; f__Sutterellaceae; g__Parasutterella
87fa8ebb6ec64764e9f7e65db2a33432	d__Bacteria; p__Proteobacteria; c__Gammaproteobacteria; o__Burkholderiales; f__Sutterellaceae; g__Parasutterella; s__Burkholderiales_bacterium
1f083608ff851a5ac8dad9008e4308bb	d__Bacteria; p__Proteobacteria; c__Gammaproteobacteria; o__Burkholderiales; f__Sutterellaceae; g__Parasutterella; s__uncultured_organism
7ba0680dd222580c88f856cfc1fdb674	d__Bacteria; p__Proteobacteria; c__Gammaproteobacteria; o__Burkholderiales
bd160b464a69cd9aa05d7924ad406456	d__Bacteria; p__Proteobacteria; c__Gammaproteobacteria; o__Burkholderiales
ae29590bc7a11eb6e8fca134acd9c29e	d__Bacteria; p__Proteobacteria; c__Gammaproteobacteria; o__Burkholderiales; f__Oxalobacteraceae; g__Oxalobacter; s__Oxalobacter_formigenes
6bd71d8d0e1e60acd8a822d5461e352b	d__Bacteria; p__Proteobacteria; c__Gammaproteobacteria; o__Burkholderiales; f__Oxalobacteraceae; g__Oxalobacter; s__Oxalobacter_formigenes
6d27483f56e992f436bae7cde4303ae1	d__Bacteria; p__Proteobacteria; c__Gammaproteobacteria; o__Burkholderiales; f__Oxalobacteraceae
f2504cb8383d386cb77b96dae25901df	d__Bacteria
0741284a24e3d318ba78164103f9d55a	d__Bacteria; p__Proteobacteria; c__Gammaproteobacteria; o__Burkholderiales
f0984f44637f8caa267807ec9da598f0	d__Bacteria; p__Proteobacteria; c__Gammaproteobacteria; o__Burkholderiales
f53d6815d9e7a5d6a56aaf5614a70890	d__Bacteria; p__Proteobacteria; c__Gammaproteobacteria; o__Burkholderiales; f__Sutterellaceae; g__Sutterella
35d1d21da576868aeaa79a4043b11d7c	d__Bacteria; p__Proteobacteria; c__Gammaproteobacteria; o__Burkholderiales; f__Sutterellaceae; g__Sutterella; s__gut_metagenome
5ad098b8388552c840e12a4cbcaf65d6	d__Bacteria; p__Proteobacteria; c__Gammaproteobacteria; o__Burkholderiales
93aa96bf9c17c325889927c0ccf84d99	d__Bacteria; p__Proteobacteria; c__Gammaproteobacteria; o__Burkholderiales
a20674897943ea5bebe989af03b28cb5	d__Bacteria; p__Proteobacteria; c__Gammaproteobacteria; o__Burkholderiales; f__Sutterellaceae; g__Sutterella; s__gut_metagenome
ed8b32d2db1aede8d069a6592cd85057	d__Bacteria
1568ce4bc96ee2f87a1df367361c31d8	d__Bacteria; p__Proteobacteria; c__Gammaproteobacteria; o__Burkholderiales; f__Oxalobacteraceae; g__Oxalobacter; s__Oxalobacter_formigenes
6fce47458d45d2b3cc964faa7c37bb6f	d__Bacteria; p__Proteobacteria; c__Gammaproteobacteria; o__Burkholderiales; f__Oxalobacteraceae; g__Oxalobacter; s__Oxalobacter_formigenes
0987425058ae59016a07c15c7c98b250	d__Bacteria; p__Proteobacteria; c__Gammaproteobacteria; o__Burkholderiales; f__Oxalobacteraceae; g__Oxalobacter; s__Oxalobacter_formigenes
86e123d2ac23dd7e67c1e0be65c3541d	d__Bacteria; p__Proteobacteria; c__Gammaproteobacteria; o__Burkholderiales; f__Oxalobacteraceae; g__Oxalobacter; s__Oxalobacter_formigenes
291f4647f81fd62b7cfc60372fce5fb2	d__Bacteria; p__Proteobacteria; c__Gammaproteobacteria; o__Burkholderiales; f__Oxalobacteraceae; g__Oxalobacter; s__Oxalobacter_formigenes
dbf3752a49c1d2d34121e0c52b29d788	d__Bacteria; p__Proteobacteria; c__Gammaproteobacteria; o__Burkholderiales; f__Oxalobacteraceae; g__Oxalobacter; s__Oxalobacter_formigenes
440ea2a740b707fa5ddcc6fc1759be9f	d__Bacteria; p__Proteobacteria; c__Gammaproteobacteria; o__Burkholderiales; f__Oxalobacteraceae; g__Oxalobacter
1eed7d663515abfc5443725be14df0c9	d__Bacteria; p__Proteobacteria; c__Gammaproteobacteria; o__Burkholderiales; f__Oxalobacteraceae; g__Oxalobacter
fc462867769ea12bc2e8466c95ce8101	d__Bacteria; p__Proteobacteria; c__Gammaproteobacteria; o__Burkholderiales; f__Oxalobacteraceae; g__Oxalobacter; s__Oxalobacter_formigenes
e71e6cd917f657e2cf2385281e58a558	d__Bacteria; p__Proteobacteria; c__Gammaproteobacteria; o__Burkholderiales; f__Oxalobacteraceae; g__Oxalobacter
47810119dfaa7cff9f8d9847d8a826bb	d__Bacteria; p__Bacteroidota; c__Bacteroidia; o__Bacteroidales; f__Prevotellaceae; g__Prevotella
b8060582c55aa1d7a0a90a9e68c6ebaa	d__Bacteria; p__Proteobacteria; c__Gammaproteobacteria; o__Burkholderiales; f__Sutterellaceae; g__Sutterella
a397d5d5f0e91d7385c3f91c69c896f1	d__Bacteria
79b3ab60096de496dc46b5e9f984c221	d__Bacteria; p__Proteobacteria; c__Gammaproteobacteria; o__Burkholderiales; f__Sutterellaceae
88f69cc5e489f3f1c2851f51548cb74a	d__Bacteria; p__Proteobacteria; c__Gammaproteobacteria; o__Burkholderiales; f__Sutterellaceae; g__Sutterella; s__uncultured_bacterium
f0d28d1819cc529d4d5644e2dc48c43e	d__Bacteria; p__Proteobacteria; c__Gammaproteobacteria; o__Burkholderiales; f__Sutterellaceae; g__Sutterella; s__uncultured_bacterium
fde6bdb40630b3cd255525bc6268bdb5	d__Bacteria; p__Proteobacteria; c__Gammaproteobacteria; o__Burkholderiales; f__Sutterellaceae; g__Sutterella
2902b081733da64925aac862eadb9181	d__Bacteria; p__Proteobacteria; c__Gammaproteobacteria; o__Burkholderiales; f__Sutterellaceae; g__Sutterella
84c7baff293c26e10672fa64be7b0a74	d__Bacteria; p__Proteobacteria; c__Gammaproteobacteria; o__Burkholderiales
e5742a1910c147f8454e1cd53c4e0b6a	d__Bacteria; p__Proteobacteria; c__Gammaproteobacteria; o__Burkholderiales
f1907db491fb54ccea411a3716e66f73	d__Bacteria
161ffb7ee95d078dd614deddff442829	d__Bacteria; p__Proteobacteria; c__Gammaproteobacteria; o__Burkholderiales
a26a20979c232143897eb047bf662252	d__Bacteria; p__Proteobacteria; c__Gammaproteobacteria; o__Burkholderiales
3ec48ae7e44f1e25d8268d747132b283	d__Bacteria; p__Proteobacteria; c__Gammaproteobacteria; o__Burkholderiales; f__Sutterellaceae; g__Sutterella; s__uncultured_bacterium
9569cffb0b58379f87050e99db475e5a	d__Bacteria; p__Proteobacteria; c__Gammaproteobacteria; o__Burkholderiales
3ccab23b741a38541cc2fdfa0fff1579	d__Bacteria; p__Proteobacteria; c__Gammaproteobacteria; o__Burkholderiales; f__Sutterellaceae; g__Sutterella
1227cb3aab5dc63f7502389f80a0f6b7	d__Bacteria
2b5019a1d3652f1f30eaee587697ecea	d__Bacteria; p__Proteobacteria; c__Gammaproteobacteria; o__Burkholderiales; f__Sutterellaceae; g__Sutterella
9c2036721fbe3f612e0baaaf4da3823a	d__Bacteria; p__Proteobacteria; c__Gammaproteobacteria; o__Burkholderiales; f__Sutterellaceae; g__Sutterella
f7a03e89432eb8e7f41562901eea01af	d__Bacteria; p__Proteobacteria; c__Gammaproteobacteria; o__Burkholderiales; f__Sutterellaceae; g__Sutterella
29ef5b3f4a298f8d58645133b823c939	d__Bacteria; p__Proteobacteria; c__Gammaproteobacteria; o__Burkholderiales; f__Sutterellaceae; g__Sutterella
e477d29d705a8ea1f2851b8e09009638	d__Bacteria; p__Proteobacteria; c__Gammaproteobacteria; o__Burkholderiales; f__Sutterellaceae; g__Sutterella; s__Burkholderia_sp.
bbc7e4fa31152500b363ed741c3efe03	d__Bacteria; p__Proteobacteria; c__Gammaproteobacteria; o__Burkholderiales; f__Sutterellaceae; g__Sutterella; s__Burkholderia_sp.
4371c3729f4a0255ba9fe399f6442f29	d__Bacteria
20d2a0f76a9d5a2c62222037ae2e391f	d__Bacteria; p__Proteobacteria; c__Gammaproteobacteria; o__Burkholderiales; f__Sutterellaceae; g__Sutterella
a94271405c35e578fae65cc634238a7e	d__Bacteria; p__Proteobacteria; c__Gammaproteobacteria; o__Burkholderiales; f__Sutterellaceae; g__Sutterella
107db6ef6598b2673e87f16d31385ca1	d__Bacteria; p__Proteobacteria; c__Gammaproteobacteria; o__Burkholderiales; f__Sutterellaceae; g__Sutterella
e2268b2c963355190d4a507ec0dc8836	d__Bacteria; p__Firmicutes; c__Clostridia; o__Oscillospirales
d0a36fbc0c0f7cceee189feb7e0beb3f	d__Bacteria; p__Proteobacteria; c__Gammaproteobacteria; o__Burkholderiales; f__Sutterellaceae; g__Sutterella
c6163a9b25ac4b424ce0d5ed47e6e686	d__Bacteria; p__Proteobacteria; c__Gammaproteobacteria; o__Burkholderiales; f__Sutterellaceae; g__Sutterella; s__Sutterellaceae_bacterium
3b84ba75a9994957f2e51596f63e446e	d__Bacteria; p__Proteobacteria; c__Gammaproteobacteria; o__Burkholderiales; f__Sutterellaceae; g__Sutterella; s__Sutterellaceae_bacterium
7541de3b2f11effc49fbe05fd627d44c	d__Bacteria; p__Proteobacteria; c__Gammaproteobacteria; o__Burkholderiales
eea81bc641b8b0843c872fef6ef932a4	d__Bacteria; p__Proteobacteria; c__Gammaproteobacteria; o__Burkholderiales
63f7a1b1080e795d1f16b5dabd677ce5	d__Bacteria; p__Proteobacteria; c__Gammaproteobacteria; o__Burkholderiales
67dc335bd49a59e71b4417ce053f50f7	d__Bacteria; p__Proteobacteria; c__Gammaproteobacteria; o__Burkholderiales; f__Sutterellaceae; g__Sutterella
fb4c0447cd183ae9f99803293ceb58b8	d__Bacteria; p__Proteobacteria; c__Gammaproteobacteria; o__Burkholderiales; f__Sutterellaceae; g__Sutterella
92477b51cf152368ea0d141a9257a883	d__Bacteria; p__Proteobacteria; c__Gammaproteobacteria; o__Burkholderiales; f__Sutterellaceae; g__Sutterella
b84d4717b5c4632efd6bb9ed4a65f4c2	d__Bacteria
57a3cec5e10da78cbe4c47753c9711b1	d__Bacteria; p__Proteobacteria; c__Gammaproteobacteria; o__Burkholderiales; f__Sutterellaceae; g__Sutterella
a05a7ed3a59a05109cf783c003a814b4	d__Bacteria; p__Proteobacteria; c__Gammaproteobacteria; o__Burkholderiales; f__Sutterellaceae; g__Sutterella
1ee722767ce26fd44be2db5a846955fd	d__Bacteria; p__Firmicutes; c__Clostridia; o__Clostridia_vadinBB60_group; f__Clostridia_vadinBB60_group; g__Clostridia_vadinBB60_group; s__uncultured_bacterium
fb87b8cb7dd97fb9d0b5cc2497f015bb	d__Bacteria; p__Firmicutes; c__Clostridia; o__Peptostreptococcales-Tissierellales; f__Peptostreptococcaceae
ee0ec441c4bb417681a650e623ef6b1c	d__Bacteria; p__Firmicutes; c__Clostridia
9019d51ea646e8d0060e0eca74e24fc3	d__Bacteria; p__Firmicutes; c__Clostridia
633e560a6e677ec9bb91589102ba7c72	d__Bacteria; p__Firmicutes; c__Clostridia; o__Oscillospirales; f__Ruminococcaceae
7bd57f2b58d8c0a51b9dfe4715db5149	d__Bacteria; p__Firmicutes; c__Clostridia; o__Oscillospirales; f__Ruminococcaceae; g__Ruminococcus; s__uncultured_bacterium
089f03ec83b98d87680a83f4e1ed475e	d__Bacteria; p__Firmicutes; c__Clostridia; o__Monoglobales; f__Monoglobaceae; g__Monoglobus
4a75c472ffca8187a9b68082615c1940	d__Bacteria
32043914fee4e9dd336cf2040c90384e	d__Bacteria; p__Firmicutes; c__Clostridia; o__Oscillospirales; f__Ruminococcaceae; g__Subdoligranulum
c0d3cedae3f79b3bb9a674642f586680	d__Bacteria; p__Firmicutes; c__Clostridia
b219c6b5d3d77920f38cd15725f97916	d__Bacteria; p__Firmicutes; c__Clostridia
02bbde0cab29b3158e59fa11e2235cc4	d__Bacteria; p__Firmicutes; c__Clostridia; o__Oscillospirales; f__Ruminococcaceae; g__uncultured; s__uncultured_Clostridium
f671767b867c3cd9934b0fd69df1b6bc	d__Bacteria; p__Firmicutes; c__Clostridia; o__Oscillospirales; f__Ruminococcaceae; g__uncultured; s__uncultured_Clostridium
682b833cc49a9686c30242df2ea97a04	d__Bacteria; p__Firmicutes; c__Clostridia; o__Oscillospirales; f__Ruminococcaceae; g__uncultured; s__uncultured_Clostridium
f63d28a5fa5907ec35db18b564c6a3a2	d__Bacteria; p__Firmicutes; c__Clostridia; o__Oscillospirales; f__Ruminococcaceae; g__uncultured
0050d32938e0c51318e6096f28663120	d__Bacteria; p__Firmicutes; c__Clostridia; o__Oscillospirales; f__Ruminococcaceae; g__uncultured
66b6795256b86d01ef7abbcb8875ef1d	d__Bacteria; p__Firmicutes; c__Clostridia; o__Oscillospirales; f__[Eubacterium]_coprostanoligenes_group; g__[Eubacterium]_coprostanoligenes_group
253c356448c05f3290e5f6a34d69d335	d__Bacteria; p__Firmicutes; c__Clostridia
ac63bc587a107d544909d3b1d9e2d9f8	d__Bacteria; p__Firmicutes; c__Clostridia; o__Oscillospirales; f__Ruminococcaceae
18089467b61ce5ce849bf9ca9364262e	d__Bacteria; p__Firmicutes; c__Clostridia; o__Oscillospirales; f__Ruminococcaceae
b436ba04407aa4fc16205d81782d803e	d__Bacteria; p__Firmicutes; c__Clostridia; o__Oscillospirales; f__Ruminococcaceae; g__Caproiciproducens
bc79d63f1166681a9bf374fd5c4822c2	d__Bacteria; p__Firmicutes; c__Clostridia; o__Oscillospirales; f__Ruminococcaceae; g__Caproiciproducens
71051ca9671373064a5ca538d8a6f21e	d__Bacteria; p__Firmicutes; c__Clostridia; o__Oscillospirales; f__Ruminococcaceae
9e063febc10021a1533d1ada6a491317	d__Bacteria; p__Firmicutes; c__Clostridia; o__Oscillospirales; f__Ruminococcaceae
11454950a9a2d6fcba2fc434523653fb	d__Bacteria; p__Firmicutes
fbd36cf3fcd4efdb7b1a1fd9558e8b81	d__Bacteria; p__Firmicutes; c__Clostridia; o__Lachnospirales; f__Lachnospiraceae
c3fc5d9dae0677f54e3fb596b9e467e4	d__Bacteria; p__Firmicutes; c__Clostridia; o__Oscillospirales; f__[Eubacterium]_coprostanoligenes_group; g__[Eubacterium]_coprostanoligenes_group
463ce204b9d5393061401b58d5603da5	d__Bacteria; p__Firmicutes; c__Clostridia; o__Oscillospirales; f__[Eubacterium]_coprostanoligenes_group; g__[Eubacterium]_coprostanoligenes_group
511fc6d7b37dc7afd27c50f0a36d4016	d__Bacteria; p__Firmicutes; c__Clostridia; o__Oscillospirales; f__[Eubacterium]_coprostanoligenes_group; g__[Eubacterium]_coprostanoligenes_group
3ad278a4cf5c6db981ba59ac4c1a2513	d__Bacteria; p__Firmicutes; c__Clostridia; o__Oscillospirales; f__[Eubacterium]_coprostanoligenes_group; g__[Eubacterium]_coprostanoligenes_group
3c32aa9f403210abb4fb24cfcfbc89df	d__Bacteria; p__Firmicutes; c__Clostridia; o__Oscillospirales; f__[Eubacterium]_coprostanoligenes_group; g__[Eubacterium]_coprostanoligenes_group
ac2dc5f59670e9296bbe7530e88f9294	d__Bacteria; p__Firmicutes; c__Clostridia; o__Lachnospirales; f__Lachnospiraceae; g__Lachnospiraceae_NC2004_group
d547bf378a10dc5351481d2635a90730	d__Bacteria; p__Firmicutes; c__Clostridia; o__Oscillospirales
b84088f0fb775a140c0c5423ddfd110b	d__Bacteria; p__Firmicutes; c__Clostridia; o__Oscillospirales; f__Ruminococcaceae; g__Anaerofilum
0462a62873ed41568859ca461fdaf9bb	d__Bacteria; p__Firmicutes; c__Clostridia; o__Oscillospirales; f__Ruminococcaceae; g__Anaerofilum
94a6f79c104f2f4f890839e6a2080d8f	d__Bacteria; p__Firmicutes; c__Clostridia; o__Oscillospirales; f__Ruminococcaceae; g__Anaerofilum
4ba0a615cde49062d11deefa7696c00b	d__Bacteria; p__Firmicutes; c__Clostridia; o__Oscillospirales; f__Ruminococcaceae; g__Anaerofilum
4843c8c60fad5548651086f8ac04058f	d__Bacteria; p__Firmicutes; c__Clostridia; o__Oscillospirales; f__Ruminococcaceae; g__Anaerofilum; s__metagenome
0f1fee40e66e065cd477481cd6400a8a	d__Bacteria; p__Firmicutes; c__Clostridia; o__Oscillospirales; f__Ruminococcaceae; g__Anaerofilum
4d7ed2dcd0fef699e45c62f76b7b2ccc	d__Bacteria; p__Firmicutes; c__Clostridia; o__Oscillospirales; f__Ruminococcaceae; g__uncultured
ec51b3fe4473930a5c13e5ed82f66694	d__Bacteria
e96c344a3aa552ce183f4ad1879f3591	d__Bacteria; p__Firmicutes; c__Clostridia; o__Oscillospirales; f__Ruminococcaceae; g__uncultured
770295960112706c400644d2aae32cb6	d__Bacteria; p__Firmicutes; c__Clostridia; o__Lachnospirales; f__Lachnospiraceae; g__Dorea
21f9e7a65b471cf84a82c815ea21b05b	d__Bacteria; p__Firmicutes; c__Clostridia; o__Oscillospirales; f__Ruminococcaceae; g__Anaerotruncus; s__Anaerotruncus_sp.
3ca808b4354136f8615181191e32e67f	d__Bacteria; p__Firmicutes; c__Clostridia; o__Oscillospirales; f__Ruminococcaceae; g__Anaerotruncus; s__Anaerotruncus_sp.
3a0a62d149a07810349564640a671e57	d__Bacteria; p__Firmicutes; c__Clostridia; o__Oscillospirales; f__Ruminococcaceae; g__Anaerotruncus; s__Anaerotruncus_sp.
e7db1097e87da5aee34a57fc24a46f24	d__Bacteria; p__Firmicutes; c__Clostridia; o__Oscillospirales; f__Ruminococcaceae
942ea7f0d57c6bef56b1c96d3ffd51f4	d__Bacteria; p__Firmicutes; c__Clostridia; o__Oscillospirales; f__Ruminococcaceae; g__Negativibacillus; s__uncultured_bacterium
14ebb62844c78d2f951027186b276165	d__Bacteria; p__Firmicutes; c__Clostridia; o__Oscillospirales; f__Ruminococcaceae; g__Negativibacillus; s__uncultured_bacterium
7ea8938a0468b43179c15ede3014cd23	d__Bacteria; p__Firmicutes; c__Clostridia; o__Oscillospirales; f__Ruminococcaceae; g__Negativibacillus; s__uncultured_bacterium
dc2cccbbca4f88413c3c7bea0e1d1ed2	d__Bacteria; p__Firmicutes; c__Clostridia; o__Oscillospirales; f__Ruminococcaceae; g__Phocea; s__Anaerotruncus_sp.
426b56adbb4f1c96dea03fc17b89139f	d__Bacteria; p__Firmicutes; c__Clostridia; o__Oscillospirales; f__Ruminococcaceae; g__Anaerotruncus; s__Anaerotruncus_sp.
10bbdaa59cf3ae194ed2de08dd7a5d15	d__Bacteria; p__Firmicutes; c__Clostridia; o__Oscillospirales; f__Ruminococcaceae; g__uncultured; s__metagenome
ad5d9e6eee0f11efb35dd94d8edec5d3	d__Bacteria; p__Firmicutes; c__Clostridia; o__Lachnospirales; f__Lachnospiraceae
126cd08bca09c959d127d3888b4147e0	d__Bacteria; p__Firmicutes; c__Clostridia; o__Lachnospirales; f__Lachnospiraceae; g__Lachnospiraceae_UCG-004
9f5e231e5679c8ee80c8a6d8e001141a	d__Bacteria; p__Firmicutes; c__Clostridia; o__Lachnospirales; f__Lachnospiraceae; g__Lachnospiraceae_UCG-004
a3c623eb4660816ebbbc90d72275450e	d__Bacteria; p__Firmicutes; c__Clostridia; o__Lachnospirales; f__Lachnospiraceae; g__Lachnospiraceae_UCG-004
808d47af0878c7eb9a5f4aee2b9d916d	d__Bacteria; p__Firmicutes; c__Clostridia; o__Lachnospirales; f__Lachnospiraceae; g__Lachnospiraceae_UCG-004
a477483b3b2baea5f31279107a4edfb0	d__Bacteria; p__Firmicutes; c__Clostridia; o__Lachnospirales; f__Lachnospiraceae; g__Lachnospiraceae_UCG-004
86164613c915b630ab628e39643e2a71	d__Bacteria; p__Firmicutes; c__Clostridia; o__Lachnospirales; f__Lachnospiraceae
13d874ee94d2d1ade751ca7ffea1fde9	d__Bacteria; p__Firmicutes; c__Clostridia; o__Lachnospirales; f__Lachnospiraceae
7e4901022325703ad0208ca1562203bb	d__Bacteria; p__Firmicutes; c__Clostridia; o__Lachnospirales; f__Lachnospiraceae
e15eb4b835447fcd7b2ef18395ac8eed	d__Bacteria; p__Firmicutes; c__Clostridia; o__Lachnospirales; f__Lachnospiraceae
a8f141da024d4ec75e565210a52f159e	d__Bacteria; p__Firmicutes; c__Clostridia; o__Lachnospirales; f__Lachnospiraceae
2e215fff1d6d9d987eaf4fedb7e56e6a	d__Bacteria; p__Firmicutes; c__Clostridia; o__Lachnospirales; f__Lachnospiraceae
64451180bc86611d32632c8b8254d314	d__Bacteria; p__Firmicutes; c__Clostridia; o__Lachnospirales; f__Lachnospiraceae
66334a41794d420368b8353da3e6ffca	d__Bacteria; p__Firmicutes; c__Clostridia; o__Lachnospirales; f__Lachnospiraceae
9c091920774db697ae5e98db8a200c24	d__Bacteria; p__Firmicutes; c__Clostridia; o__Lachnospirales; f__Lachnospiraceae
2d1a1c5fe9cc1a8da00525bcfb1d0bc7	d__Bacteria; p__Firmicutes; c__Clostridia; o__Lachnospirales; f__Lachnospiraceae
f7216c0e97f9f5d214aee79e3e22d329	d__Bacteria; p__Firmicutes; c__Clostridia; o__Lachnospirales; f__Lachnospiraceae
b6f54c795708b0b04839df6ee646f036	d__Bacteria; p__Firmicutes; c__Clostridia; o__Oscillospirales; f__Ruminococcaceae; g__Ruminococcus
2b3508b3ff67c56c29edd9f27f69b6ab	d__Bacteria; p__Firmicutes; c__Clostridia; o__Oscillospirales; f__Ruminococcaceae; g__Anaerotruncus; s__Anaerotruncus_sp.
20c7d39067e46bfb6129f3b8342eaf1a	d__Bacteria; p__Firmicutes; c__Clostridia
1523b9b8431e2cc3fc91ca375b2afaa9	d__Bacteria; p__Firmicutes; c__Clostridia
027066acb2bfeec58db6ef9d20e7f8de	d__Bacteria; p__Firmicutes; c__Clostridia
8ab47c660b4596427d1b7417086992f8	d__Bacteria; p__Firmicutes; c__Clostridia
8b0bfb3769cf0ec3ab1b89009cc8d6b9	d__Bacteria; p__Firmicutes; c__Clostridia; o__Oscillospirales; f__Ruminococcaceae
7d8cb18c85f9fa720e6154849fb577b3	d__Bacteria; p__Firmicutes; c__Clostridia; o__Oscillospirales; f__Ruminococcaceae; g__uncultured; s__uncultured_Ruminococcus
f820ec703f96425e4d2c65124f3524af	d__Bacteria; p__Firmicutes; c__Clostridia; o__Oscillospirales; f__Ruminococcaceae; g__uncultured; s__uncultured_Ruminococcus
bddfe3a9c71df6f388b9d011026b16c1	d__Bacteria; p__Firmicutes; c__Clostridia; o__Oscillospirales; f__[Clostridium]_methylpentosum_group; g__[Clostridium]_methylpentosum_group
cdc551688bf5af788fd4050eeadde6a0	d__Bacteria; p__Firmicutes; c__Clostridia; o__Oscillospirales; f__Ruminococcaceae; g__Anaerotruncus; s__uncultured_compost
aa848afc7a8172323e025736a706a3b9	d__Bacteria; p__Firmicutes; c__Clostridia; o__Oscillospirales; f__Ruminococcaceae
f186910d47719726a9061748f049125c	d__Bacteria; p__Firmicutes; c__Clostridia; o__Oscillospirales; f__Ruminococcaceae; g__Candidatus_Soleaferrea; s__uncultured_bacterium
291ddfb17f4310acf16b7d7f60b8ac50	d__Bacteria; p__Firmicutes; c__Clostridia; o__Oscillospirales; f__Ruminococcaceae; g__Candidatus_Soleaferrea; s__uncultured_bacterium
105914c00401e4cec9626586082531dc	d__Bacteria; p__Firmicutes; c__Clostridia; o__Oscillospirales; f__Ruminococcaceae; g__Ruminococcus
de43cae2b311896d3b4122ca8e17e5f5	d__Bacteria; p__Firmicutes; c__Clostridia; o__Oscillospirales; f__Ruminococcaceae
e8f4c4659382bbb8f7b8a44ce0bc3ffd	d__Bacteria; p__Firmicutes; c__Clostridia
839209563bdb1de592b946c0ff20b3ae	d__Bacteria; p__Firmicutes; c__Clostridia; o__Oscillospirales; f__Ruminococcaceae
3626c978bb932183a1c9c9759a9d894c	d__Bacteria
f573bfe64e531e7977616134e4cea2ab	d__Bacteria; p__Firmicutes; c__Clostridia; o__Oscillospirales; f__[Eubacterium]_coprostanoligenes_group; g__[Eubacterium]_coprostanoligenes_group
d3a2fa5d3c286b0acae7d4b7c2fc3f61	d__Bacteria; p__Firmicutes; c__Clostridia; o__Oscillospirales
c150fb6d5b6cea6a2dd1c5b47b736499	d__Bacteria; p__Firmicutes; c__Clostridia; o__Oscillospirales; f__[Eubacterium]_coprostanoligenes_group; g__[Eubacterium]_coprostanoligenes_group; s__uncultured_Clostridiales
7370cd9cf12ad04e1c3f25c97a4a914c	d__Bacteria; p__Firmicutes; c__Clostridia; o__Oscillospirales; f__[Eubacterium]_coprostanoligenes_group; g__[Eubacterium]_coprostanoligenes_group; s__uncultured_Clostridiales
4161934c5964af4425afa9a6f3b93272	d__Bacteria; p__Firmicutes; c__Clostridia; o__Oscillospirales; f__[Eubacterium]_coprostanoligenes_group; g__[Eubacterium]_coprostanoligenes_group
efa28fd8ffbb19622147b15d15d0527b	d__Bacteria; p__Firmicutes; c__Clostridia; o__Lachnospirales; f__Lachnospiraceae
def7ec1a7b9dfb4ebbae4d65d2aa0952	d__Bacteria; p__Firmicutes; c__Clostridia; o__Oscillospirales
69c709e1e5af857e5d972c2f721fae10	d__Bacteria; p__Firmicutes; c__Clostridia; o__Oscillospirales; f__Ruminococcaceae
fd41c408f4c46202e1bb32725a6dd5e5	d__Bacteria; p__Firmicutes; c__Clostridia; o__Lachnospirales; f__Lachnospiraceae
1a569d1c4a497a08809b2a57dcb2ba95	d__Bacteria; p__Firmicutes; c__Clostridia; o__Oscillospirales; f__Ruminococcaceae; g__uncultured; s__human_gut
52a2d88e6ca6610a02d9ad31867e5a3b	d__Bacteria; p__Firmicutes; c__Clostridia; o__Oscillospirales; f__Ruminococcaceae; g__uncultured; s__human_gut
da8370f05d053b8f7bb09409f5f4c246	d__Bacteria; p__Firmicutes; c__Clostridia; o__Oscillospirales; f__Ruminococcaceae; g__uncultured; s__human_gut
926383ce96757bab9da853d318b80f73	d__Bacteria; p__Firmicutes; c__Clostridia; o__Oscillospirales; f__Ruminococcaceae; g__uncultured; s__human_gut
0abd35f99fae3f6ce445d114587888d6	d__Bacteria; p__Firmicutes; c__Clostridia; o__Oscillospirales; f__Ruminococcaceae; g__uncultured; s__human_gut
afcf03bd70c04338ec2e46b6066bb700	d__Bacteria; p__Firmicutes; c__Clostridia; o__Oscillospirales
d7e9ca50eb412756551f33cea8987651	d__Bacteria; p__Firmicutes; c__Clostridia; o__Oscillospirales; f__Ruminococcaceae; g__uncultured; s__human_gut
15b281e56fc3fb2e787bbacaa71ad602	d__Bacteria; p__Firmicutes; c__Clostridia; o__Oscillospirales; f__Ruminococcaceae; g__uncultured; s__human_gut
7f598ec8a2e8b48499acab55539bf009	d__Bacteria; p__Firmicutes; c__Clostridia; o__Oscillospirales; f__Ruminococcaceae; g__uncultured; s__human_gut
ccd985a7b208b4cc5940e649120081ed	d__Bacteria; p__Firmicutes; c__Clostridia; o__Oscillospirales; f__Ruminococcaceae; g__uncultured; s__human_gut
d7428efa81c1c2e30055dee5d9538c19	d__Bacteria; p__Firmicutes; c__Clostridia; o__Oscillospirales; f__Ruminococcaceae; g__uncultured; s__human_gut
05f98cf2bb424ca933ea0a9831a49272	d__Bacteria; p__Firmicutes; c__Clostridia; o__Oscillospirales; f__Ruminococcaceae; g__uncultured; s__human_gut
8e32bc90280cf0a95ffb1dcae56cb421	d__Bacteria; p__Firmicutes; c__Clostridia; o__Oscillospirales; f__Ruminococcaceae; g__uncultured; s__human_gut
7d537f6f05fb666d0b78a2e6a4f55b25	d__Bacteria; p__Firmicutes; c__Clostridia; o__Oscillospirales; f__Ruminococcaceae; g__uncultured; s__human_gut
d7e5a987921d15ee90c15590fa701259	d__Bacteria; p__Firmicutes; c__Clostridia; o__Oscillospirales; f__Ruminococcaceae; g__uncultured; s__human_gut
3278118ecd62334d4eb02c4fd6521cbe	d__Bacteria; p__Firmicutes; c__Clostridia; o__Oscillospirales; f__Ruminococcaceae; g__uncultured; s__human_gut
70644e9a0902cac83db6f10855aa0056	d__Bacteria; p__Firmicutes; c__Clostridia; o__Oscillospirales; f__Ruminococcaceae; g__uncultured; s__human_gut
82537b36cbef17f6f7187b2401ec499c	d__Bacteria; p__Firmicutes; c__Clostridia; o__Oscillospirales; f__Ruminococcaceae; g__uncultured; s__human_gut
08fc915c6c9b0c854e1119fc09286e74	d__Bacteria; p__Firmicutes; c__Clostridia; o__Oscillospirales; f__Ruminococcaceae; g__uncultured; s__human_gut
216e35eff2e7549c1c2af50c96fb213c	d__Bacteria; p__Firmicutes; c__Clostridia; o__Oscillospirales; f__Ruminococcaceae; g__uncultured; s__human_gut
272533a73295a460cf8575e92cf42ed8	d__Bacteria; p__Firmicutes; c__Clostridia; o__Oscillospirales
c5c62844f9c31c185bdc5f586ed274c6	d__Bacteria; p__Proteobacteria; c__Gammaproteobacteria
fe71c0befff15c2d21f6af85ed427f2c	d__Bacteria; p__Firmicutes; c__Clostridia; o__Oscillospirales; f__Ruminococcaceae; g__Anaerotruncus; s__Anaerotruncus_sp.
be44031dab70cffb349def2d50080019	d__Bacteria; p__Firmicutes; c__Clostridia; o__Oscillospirales; f__Ruminococcaceae; g__Anaerotruncus
0145346da760e3cc6cc0d953a8074c8e	d__Bacteria; p__Firmicutes; c__Clostridia; o__Oscillospirales; f__Ruminococcaceae; g__Anaerotruncus
eb6c00c3e0786dbac59c54a18126fafd	d__Bacteria; p__Firmicutes; c__Clostridia; o__Oscillospirales; f__Ruminococcaceae
17541e205370b152c680c220f372c10d	d__Bacteria; p__Firmicutes; c__Clostridia; o__Lachnospirales; f__Lachnospiraceae
93cf2dc43fa7ac696f9552a34bc6980d	d__Bacteria; p__Firmicutes; c__Clostridia; o__Oscillospirales; f__Ruminococcaceae
894854be9e785a07cfa1a343c5400f86	d__Bacteria; p__Firmicutes; c__Clostridia; o__Oscillospirales; f__Ruminococcaceae
52e637aae824d4312daba6a2c283a3b6	d__Bacteria; p__Firmicutes; c__Clostridia; o__Oscillospirales; f__Ruminococcaceae; g__Anaerotruncus
bd2770ba031837b845fd6bdd1effc215	d__Bacteria; p__Firmicutes; c__Clostridia; o__Oscillospirales; f__Ruminococcaceae
e33b7f055c08b437427945dca713edec	d__Bacteria; p__Firmicutes; c__Clostridia; o__Oscillospirales; f__Ruminococcaceae; g__Candidatus_Soleaferrea; s__uncultured_bacterium
f1246f5f465290f291724f13b1050e2b	d__Bacteria; p__Firmicutes; c__Clostridia; o__Oscillospirales; f__Oscillospirales; g__Hydrogenoanaerobacterium
81d41a964eae2702e18707956a4f1ad1	d__Bacteria; p__Firmicutes; c__Clostridia; o__Oscillospirales
2c8af038d494617f249003c6a2808fab	d__Bacteria; p__Firmicutes; c__Clostridia; o__Lachnospirales; f__Lachnospiraceae
b0c5aab13e54b7cf512083185009375e	d__Bacteria; p__Proteobacteria; c__Gammaproteobacteria; o__Enterobacterales; f__Enterobacteriaceae; g__Escherichia-Shigella
a1873bcd9ed5ce022af0a2e821a55573	d__Bacteria
78925dfb3a68f779b15030d3445ba8d8	d__Bacteria; p__Firmicutes; c__Clostridia; o__Oscillospirales; f__Ruminococcaceae; g__Candidatus_Soleaferrea; s__uncultured_bacterium
0f6bc41450b2f15548a92d6f2d0ac574	d__Bacteria; p__Firmicutes; c__Clostridia; o__Oscillospirales; f__Oscillospirales; g__Hydrogenoanaerobacterium; s__Selenomonadales_bacterium
cded39565e747429e5222f3b504513ea	d__Bacteria; p__Firmicutes; c__Clostridia; o__Oscillospirales; f__Oscillospirales; g__Hydrogenoanaerobacterium; s__Selenomonadales_bacterium
151b31e909de31e11ccd1898303d7f11	d__Bacteria; p__Firmicutes; c__Clostridia; o__Oscillospirales; f__Ruminococcaceae
17db709c058e04911ee7893150f16bc0	d__Bacteria; p__Firmicutes; c__Clostridia; o__Oscillospirales; f__Ruminococcaceae
3d7404e7fccd3f57c5f558142181c251	d__Bacteria; p__Firmicutes; c__Clostridia; o__Oscillospirales; f__Ruminococcaceae; g__Ruminococcus
d51123d97568db719fec8f131b9f914b	d__Bacteria; p__Firmicutes; c__Clostridia; o__Oscillospirales; f__Oscillospiraceae
29bbb6dd23e12b94fdba99ed0ec6acad	d__Bacteria; p__Firmicutes; c__Clostridia; o__Oscillospirales; f__Butyricicoccaceae; g__Butyricicoccus
93f4e2b7a73b1f439dd06d7482813af6	d__Bacteria; p__Firmicutes; c__Clostridia; o__Oscillospirales; f__Ruminococcaceae; g__uncultured; s__uncultured_Ruminococcus
35cceb26dd29ce48c2712631d6c919fa	d__Bacteria; p__Firmicutes; c__Clostridia; o__Oscillospirales; f__Ruminococcaceae
7d19707b357d82db5fbe4a5976596ff0	d__Bacteria; p__Firmicutes; c__Clostridia; o__Oscillospirales; f__Ruminococcaceae
3319302c62802a1a279f2c15f408de6e	d__Bacteria; p__Firmicutes; c__Clostridia; o__Oscillospirales; f__Ruminococcaceae
31b50669d9e11f99555ea6c40d05d3d7	d__Bacteria; p__Firmicutes; c__Clostridia; o__Oscillospirales; f__Ruminococcaceae; g__DTU089
9ae29decf34bee90f5d426726f6deef8	d__Bacteria; p__Firmicutes; c__Clostridia; o__Oscillospirales; f__Ruminococcaceae; g__DTU089
e13fb197b7389ff2cb37d0a8220a4f64	d__Bacteria; p__Firmicutes; c__Clostridia; o__Oscillospirales; f__Ruminococcaceae; g__DTU089
082909196ec4c6383805ff40c48207f9	d__Bacteria; p__Firmicutes; c__Clostridia; o__Oscillospirales; f__Ruminococcaceae; g__DTU089
32e797128ca900945fb159e555af0904	d__Bacteria; p__Firmicutes; c__Clostridia; o__Oscillospirales; f__Ruminococcaceae; g__DTU089
211a9b6daddb34ffeeca607fd07ffd8d	d__Bacteria; p__Firmicutes; c__Clostridia; o__Oscillospirales; f__Ruminococcaceae; g__DTU089
124f2713518b7b8a6dcce4849726dd6f	d__Bacteria; p__Firmicutes; c__Clostridia; o__Oscillospirales; f__Ruminococcaceae; g__DTU089
791f029be9387f87378dc2a98c560978	d__Bacteria; p__Firmicutes; c__Clostridia; o__Oscillospirales; f__Ruminococcaceae; g__DTU089
000ed6ded3a49ab8130f01a60bc8343e	d__Bacteria; p__Firmicutes; c__Clostridia; o__Oscillospirales; f__[Eubacterium]_coprostanoligenes_group; g__[Eubacterium]_coprostanoligenes_group; s__uncultured_bacterium
0d0b1d20814a49997bff11b98cd8bece	d__Bacteria; p__Firmicutes; c__Clostridia; o__Oscillospirales; f__[Eubacterium]_coprostanoligenes_group; g__[Eubacterium]_coprostanoligenes_group; s__uncultured_bacterium
38083de1fb240e519e9d0db52f992f60	d__Bacteria; p__Firmicutes
f7b796d16eb82d33b86fc1cdc0239553	d__Bacteria; p__Firmicutes; c__Clostridia; o__Oscillospirales
d7cdf118798af774d87090b53749a02e	d__Bacteria; p__Firmicutes; c__Clostridia; o__Oscillospirales
79d81f075edc81891b50eda4baede54e	d__Bacteria; p__Firmicutes; c__Clostridia; o__Oscillospirales; f__Ruminococcaceae
d7404d16e346154607b100fb3c5dcc24	d__Bacteria; p__Firmicutes; c__Clostridia; o__Oscillospirales; f__Ruminococcaceae
7421f017bfe4d8c46f78f1a2650384a2	d__Bacteria; p__Firmicutes; c__Clostridia; o__Oscillospirales
106f9853b055ecb22e9fb228bde73a00	d__Bacteria; p__Firmicutes; c__Clostridia; o__Oscillospirales
9c9c932e78a7a07902d42da2afa1c940	d__Bacteria; p__Firmicutes; c__Clostridia; o__Lachnospirales; f__Lachnospiraceae; g__Tyzzerella; s__unidentified
adc5ee18992b7e39e528cd580d9a8dc5	d__Bacteria; p__Firmicutes; c__Clostridia; o__Oscillospirales; f__[Eubacterium]_coprostanoligenes_group; g__[Eubacterium]_coprostanoligenes_group
ac523180afff8e579ca813087eb5dac9	d__Bacteria; p__Firmicutes; c__Clostridia; o__Oscillospirales; f__[Eubacterium]_coprostanoligenes_group; g__[Eubacterium]_coprostanoligenes_group; s__Eubacteriaceae_bacterium
ad88f5346ea64294bb707f8e607b220d	d__Bacteria; p__Firmicutes; c__Clostridia; o__Oscillospirales; f__[Eubacterium]_coprostanoligenes_group; g__[Eubacterium]_coprostanoligenes_group; s__Eubacteriaceae_bacterium
7867d3b988e92eea7db47f9bfb1fcca7	d__Bacteria; p__Firmicutes; c__Clostridia; o__Monoglobales; f__Monoglobaceae; g__Monoglobus
eee26008a55e8d83255b69c63ed5892c	d__Bacteria; p__Firmicutes; c__Clostridia; o__Oscillospirales; f__Ruminococcaceae; g__DTU089
29b5bb2d1c93049ed887008ac509e6f0	d__Bacteria; p__Firmicutes; c__Clostridia; o__Oscillospirales; f__Ruminococcaceae; g__Incertae_Sedis
f6c6ecfb52c800a7d9c53a4005b6080a	d__Bacteria; p__Firmicutes; c__Clostridia; o__Oscillospirales; f__Ruminococcaceae; g__Incertae_Sedis
2cf3fb37b23f56d54a4218f3fff2e2d0	d__Bacteria; p__Firmicutes; c__Clostridia; o__Oscillospirales; f__Ruminococcaceae; g__Incertae_Sedis
5d34c6cbdc0f1b4b69697fde93e3bd6a	d__Bacteria; p__Firmicutes; c__Clostridia; o__Lachnospirales; f__Lachnospiraceae
12df570734a80d01c3e05d8859178b64	d__Bacteria; p__Firmicutes; c__Clostridia; o__Oscillospirales; f__Ruminococcaceae; g__Incertae_Sedis
e50291fc0ee773c6e205a8e2af82d69e	d__Bacteria; p__Firmicutes; c__Clostridia
b052e77c7d2c628b7f9f9a0fc98a4dde	d__Bacteria; p__Firmicutes; c__Clostridia; o__Oscillospirales; f__Ruminococcaceae
05e0892903043fa75edb04612a216539	d__Bacteria; p__Firmicutes; c__Clostridia
8ed37ff6ca501a490e7999bc416db324	d__Bacteria; p__Firmicutes; c__Clostridia; o__Peptostreptococcales-Tissierellales; f__Peptostreptococcaceae
9e79a3f258396416703abe243babc32c	d__Bacteria; p__Firmicutes; c__Clostridia; o__Oscillospirales; f__Ruminococcaceae
5add6815b5699c36ed67f48ba04f3f5e	d__Bacteria; p__Firmicutes; c__Clostridia; o__Oscillospirales; f__Ruminococcaceae
d9d09473a42861c1e717e01d6641c0e4	d__Bacteria; p__Firmicutes; c__Clostridia; o__Oscillospirales; f__Ruminococcaceae
b02777cdb7d1d9e91b10911f243ffde8	d__Bacteria; p__Firmicutes; c__Clostridia; o__Oscillospirales; f__Ruminococcaceae; g__uncultured
3b37440435b9c81a440900db7e979426	d__Bacteria; p__Firmicutes; c__Clostridia; o__Oscillospirales; f__Ruminococcaceae; g__uncultured
fe92f6be5fe2c63b05ac76b681f30ebd	d__Bacteria; p__Firmicutes; c__Clostridia; o__Oscillospirales; f__Ruminococcaceae; g__uncultured; s__uncultured_bacterium
bab402e79595f114842a5eed6b433f07	d__Bacteria; p__Firmicutes; c__Clostridia; o__Oscillospirales; f__Ruminococcaceae; g__uncultured; s__uncultured_bacterium
174bf817246e40a386f017c95876ede5	d__Bacteria; p__Firmicutes; c__Clostridia; o__Oscillospirales; f__Ruminococcaceae; g__uncultured
9aa193441f68752943bec3110182ec21	d__Bacteria; p__Firmicutes; c__Clostridia; o__Oscillospirales; f__Ruminococcaceae; g__uncultured; s__uncultured_bacterium
6243915a4ff9cfc46f18a9e9c3753dcc	d__Bacteria; p__Firmicutes; c__Clostridia; o__Oscillospirales; f__Ruminococcaceae
7268eca76faac72573152d2fff8d2b15	d__Bacteria; p__Firmicutes; c__Clostridia; o__Oscillospirales; f__Ruminococcaceae
f248bcd6b161e75e8df4f075455157d0	d__Bacteria; p__Firmicutes; c__Clostridia; o__Oscillospirales; f__Ruminococcaceae
a7cb10385d5052c04c7a2450cab4d8f3	d__Bacteria; p__Firmicutes; c__Clostridia; o__Oscillospirales; f__Ruminococcaceae
087c8e5b8ba27c7b56612d8c91aa07f1	d__Bacteria; p__Firmicutes; c__Clostridia; o__Oscillospirales
b5981a14b73327c4a02a2e8dc4180e0f	d__Bacteria; p__Firmicutes; c__Clostridia; o__Lachnospirales; f__Lachnospiraceae
48f1d93c9b846f1ca58951c669a3fabb	d__Bacteria; p__Firmicutes; c__Clostridia; o__Oscillospirales; f__Ruminococcaceae; g__Incertae_Sedis
0d522e7bcb776cecb954b37fba215c9f	d__Bacteria; p__Firmicutes; c__Clostridia; o__Lachnospirales; f__Lachnospiraceae
566059e2ae36374a6507ca63d5af47e5	d__Bacteria; p__Firmicutes; c__Clostridia
844ccea0c239327311d7dfaed1cdaad4	d__Bacteria; p__Firmicutes; c__Clostridia; o__Oscillospirales; f__Ruminococcaceae; g__Incertae_Sedis; s__[Clostridium]_leptum
df3d1db917c43c9599add58b7ae0a2cc	d__Bacteria; p__Firmicutes; c__Clostridia; o__Oscillospirales; f__Ruminococcaceae; g__Incertae_Sedis; s__[Clostridium]_leptum
373dc95af1e49e3d2797500bea536dc4	d__Bacteria; p__Firmicutes; c__Clostridia; o__Oscillospirales; f__Ruminococcaceae
8dc63a863dd1c84179a42ed3a853038b	d__Bacteria; p__Firmicutes; c__Clostridia; o__Oscillospirales; f__Ruminococcaceae
84d2c04608e4a4cc23f667143ad6096c	d__Bacteria; p__Firmicutes; c__Clostridia; o__Oscillospirales; f__Ruminococcaceae
e38c48355681081494d1466d4eae64a4	d__Bacteria; p__Firmicutes; c__Clostridia; o__Oscillospirales; f__Ruminococcaceae
246ae970c8d56dfd965152048b24be14	d__Bacteria; p__Firmicutes; c__Clostridia; o__Oscillospirales; f__Ruminococcaceae
c4fc423d98ed31123af927e8f5311df7	d__Bacteria; p__Firmicutes; c__Clostridia; o__Oscillospirales; f__Ruminococcaceae; g__Incertae_Sedis; s__metagenome
7746fcab9ad2e1dc4c174f344ffac174	d__Bacteria; p__Firmicutes; c__Clostridia; o__Oscillospirales; f__Ruminococcaceae; g__Incertae_Sedis; s__metagenome
85b794e7f099a697095fbc37ea453bb5	d__Bacteria; p__Firmicutes; c__Clostridia; o__Oscillospirales
3eed4a60d4914afb65bce56c952654fa	d__Bacteria; p__Firmicutes; c__Clostridia; o__Oscillospirales; f__[Eubacterium]_coprostanoligenes_group; g__[Eubacterium]_coprostanoligenes_group
914f26fd3be494ec3e12f0469cf6b631	d__Bacteria; p__Firmicutes; c__Clostridia; o__Oscillospirales; f__[Eubacterium]_coprostanoligenes_group; g__[Eubacterium]_coprostanoligenes_group
0033c3ff8ec40641a43583259efd1998	d__Bacteria; p__Firmicutes; c__Clostridia; o__Oscillospirales; f__Ruminococcaceae; g__Incertae_Sedis; s__uncultured_bacterium
18102c75d6351e64b593cff356aa4447	d__Bacteria; p__Firmicutes; c__Clostridia; o__Oscillospirales; f__Ruminococcaceae; g__Incertae_Sedis
810c0dcdee90910ba5642c095eeb329c	d__Bacteria; p__Firmicutes; c__Clostridia; o__Oscillospirales; f__Ruminococcaceae; g__uncultured; s__uncultured_bacterium
1769c81f1da9faa058e063e31dd5e2cd	d__Bacteria; p__Firmicutes; c__Clostridia; o__Oscillospirales; f__Ruminococcaceae; g__uncultured; s__uncultured_bacterium
4c2fa3208d83b1def8e2198196d7c2d8	d__Bacteria; p__Firmicutes; c__Clostridia; o__Oscillospirales; f__Ruminococcaceae
1aefe85587fe7f8726238d21408e5fa2	d__Bacteria; p__Firmicutes; c__Clostridia
2a4e5018814b1fa302f05b0e2d05b191	d__Bacteria; p__Firmicutes; c__Clostridia; o__Oscillospirales; f__Ruminococcaceae; g__uncultured
4d4a63f63383499138d3eeb441f6c238	d__Bacteria; p__Firmicutes; c__Clostridia; o__Oscillospirales; f__Ruminococcaceae; g__uncultured
e7560a139dc364ec355038c4d154f272	d__Bacteria; p__Firmicutes; c__Clostridia; o__Lachnospirales; f__Lachnospiraceae
d3921310995446b3a71d424a57ab9495	d__Bacteria; p__Firmicutes; c__Clostridia; o__Lachnospirales; f__Lachnospiraceae; g__[Eubacterium]_hallii_group; s__uncultured_bacterium
9a556bcb64002352e801d1cac6e153d6	d__Bacteria; p__Firmicutes; c__Clostridia; o__Oscillospirales; f__Ruminococcaceae
beeb310332021425adcac3f4042f5114	d__Bacteria; p__Firmicutes; c__Clostridia; o__Oscillospirales; f__Ruminococcaceae; g__Incertae_Sedis; s__uncultured_organism
ae10219c670c44eb29e7f25f230c6057	d__Bacteria; p__Firmicutes; c__Clostridia; o__Oscillospirales; f__Ruminococcaceae
063f4c5d88ae6aba2e1f77fe2e057b3c	d__Bacteria; p__Firmicutes; c__Clostridia; o__Oscillospirales; f__Ruminococcaceae; g__Incertae_Sedis; s__uncultured_organism
3e917cd004aaeed85bf0c2031afcd03c	d__Bacteria; p__Firmicutes; c__Clostridia; o__Oscillospirales; f__Ruminococcaceae; g__Incertae_Sedis; s__uncultured_organism
f445780e111e84a38954c6739a7a4bc8	d__Bacteria; p__Firmicutes; c__Bacilli; o__Lactobacillales; f__Streptococcaceae; g__Streptococcus
5f5d653c010681cb1adef6769991be33	d__Bacteria; p__Firmicutes; c__Clostridia
4a9735fdb8431900bc7c5a0fc6439bfe	d__Bacteria; p__Firmicutes; c__Clostridia; o__Oscillospirales; f__Ruminococcaceae; g__Incertae_Sedis; s__uncultured_organism
8da77d6af426cadb11bfbaea23da0161	d__Bacteria; p__Firmicutes; c__Clostridia; o__Oscillospirales; f__Ruminococcaceae
825431f0aa6cb6e84db525669b27ac07	d__Bacteria; p__Firmicutes; c__Clostridia; o__Oscillospirales; f__Ruminococcaceae
323d81fdbccbfc13770be7f477dc3d6b	d__Bacteria; p__Firmicutes; c__Clostridia; o__Oscillospirales; f__Ruminococcaceae
471c214b286ca129e65e780c64014b48	d__Bacteria; p__Firmicutes; c__Clostridia; o__Oscillospirales; f__Ruminococcaceae; g__DTU089
d3fc401f32d81a6100725624b2aab9d7	d__Bacteria; p__Firmicutes
e6996e44ab7feba5bd862ff0ee3c6ee5	d__Bacteria; p__Firmicutes; c__Clostridia; o__Oscillospirales; f__Butyricicoccaceae; g__UCG-009; s__uncultured_organism
e52315f6e1ec6365bda81f41a11d35d8	d__Bacteria; p__Firmicutes; c__Clostridia; o__Oscillospirales; f__Ruminococcaceae
89ae3c59b55119cfa6662928750a0045	d__Bacteria; p__Firmicutes; c__Clostridia; o__Oscillospirales; f__Ruminococcaceae
7c28771d35611a7ed3320deb283bf838	d__Bacteria; p__Firmicutes; c__Clostridia; o__Oscillospirales; f__Ruminococcaceae
7ef3647612d1f4c53d67a2fb93fe2884	d__Bacteria; p__Firmicutes; c__Clostridia; o__Oscillospirales; f__Ruminococcaceae
b14d7e2b1222187d0b67f54111a60643	d__Bacteria; p__Firmicutes; c__Clostridia; o__Oscillospirales; f__Ruminococcaceae
16538638b03c2ff202ebfb55c0f3b08a	d__Bacteria; p__Firmicutes; c__Clostridia; o__Oscillospirales; f__Ruminococcaceae; g__uncultured; s__uncultured_bacterium
a6a16b74a2980c242219b3c3d06591f1	d__Bacteria; p__Firmicutes; c__Clostridia; o__Oscillospirales; f__Ruminococcaceae
fb4ddaf6ffd93f7e29d4b6d9032a389d	d__Bacteria; p__Firmicutes; c__Clostridia; o__Oscillospirales; f__Ruminococcaceae
fe1327685d7ba8f5996c227d46cda5d0	d__Bacteria; p__Firmicutes; c__Clostridia; o__Oscillospirales; f__Ruminococcaceae
43a0b22e8bfac5249b66d02edecb2b9a	d__Bacteria; p__Firmicutes; c__Clostridia; o__Oscillospirales; f__Ruminococcaceae
b768ea646854b2ab669899a1711f85e1	d__Bacteria; p__Firmicutes; c__Clostridia; o__Oscillospirales; f__Ruminococcaceae
881d91083b7f2cb96c7cb6e40041a145	d__Bacteria; p__Firmicutes; c__Clostridia; o__Oscillospirales; f__Ruminococcaceae; g__uncultured; s__uncultured_bacterium
ccc61b2817c9c954fcac8164e66c56ac	d__Bacteria; p__Firmicutes; c__Clostridia; o__Oscillospirales; f__Ruminococcaceae; g__uncultured
d1c535d54f81b5283a5a556926b64cc7	d__Bacteria; p__Firmicutes; c__Clostridia; o__Oscillospirales; f__Ruminococcaceae; g__uncultured
ed2c65ce8b80e9166aa1398858ca0878	d__Bacteria; p__Firmicutes; c__Clostridia; o__Oscillospirales; f__Ruminococcaceae; g__Subdoligranulum
0c842f75276e891d82636dff54b854fb	d__Bacteria; p__Firmicutes; c__Clostridia; o__Oscillospirales; f__Ruminococcaceae; g__uncultured
fd4368284d51904128361ffb9200dac9	d__Bacteria; p__Firmicutes; c__Clostridia; o__Oscillospirales; f__Ruminococcaceae; g__Subdoligranulum; s__uncultured_Subdoligranulum
44dee25f72c3835dbc299d6d8a8d21ed	d__Bacteria; p__Firmicutes; c__Clostridia; o__Oscillospirales; f__Ruminococcaceae; g__Subdoligranulum; s__uncultured_Subdoligranulum
58589b963ca0c251659a8a124ed19dc7	d__Bacteria; p__Firmicutes; c__Clostridia
b86c2bd4bc39b37d773d2a28db503ced	d__Bacteria; p__Firmicutes; c__Clostridia; o__Oscillospirales; f__Ruminococcaceae; g__Subdoligranulum
51e36d8066d445536d9e0dfbe9a6bdb5	d__Bacteria; p__Firmicutes; c__Clostridia; o__Lachnospirales; f__Lachnospiraceae
2bd99ff72c5fd2c90fb6748042a2b697	d__Bacteria; p__Firmicutes; c__Clostridia
8739cfb315f3de4a63ac3a086f0a437f	d__Bacteria; p__Firmicutes; c__Clostridia; o__Oscillospirales; f__Ruminococcaceae; g__Anaerofilum; s__uncultured_bacterium
0b9354ec4d9afef137b77fdc5b96a909	d__Bacteria; p__Firmicutes; c__Clostridia; o__Oscillospirales; f__Ruminococcaceae; g__Anaerofilum; s__uncultured_bacterium
50bf7f8b9233c0893eb6283b94e69e06	d__Bacteria; p__Firmicutes; c__Clostridia; o__Oscillospirales; f__Ruminococcaceae; g__Anaerofilum; s__uncultured_bacterium
5e8cd34cf62fd0c4632c5ab1e87c8808	d__Bacteria; p__Firmicutes; c__Clostridia; o__Oscillospirales; f__Ruminococcaceae; g__Anaerofilum; s__uncultured_bacterium
d23e27159546c1a6f3b220e93f7ef500	d__Bacteria; p__Firmicutes; c__Clostridia; o__Oscillospirales; f__Ruminococcaceae; g__Anaerofilum; s__uncultured_bacterium
8ed36bc91d46cae2705e849ed86ba53a	d__Bacteria; p__Firmicutes; c__Clostridia; o__Oscillospirales; f__Ruminococcaceae
f164a9cc05fec613708affaabbee11d8	d__Bacteria; p__Firmicutes; c__Clostridia; o__Oscillospirales; f__Ruminococcaceae
3c177c3a8eee3b443d0979371501239f	d__Bacteria; p__Firmicutes; c__Clostridia; o__Oscillospirales
da2205a44eb9dc77bf510c9daff6ebac	d__Bacteria; p__Firmicutes; c__Clostridia; o__Oscillospirales; f__Ruminococcaceae
e6279abf59eb5c494db463a1ec3fa517	d__Bacteria; p__Firmicutes; c__Clostridia; o__Oscillospirales; f__[Clostridium]_methylpentosum_group; g__[Clostridium]_methylpentosum_group; s__uncultured_bacterium
b175398a2a1cabefb572a1da712fed4d	d__Bacteria; p__Firmicutes; c__Clostridia; o__Oscillospirales; f__Ruminococcaceae; g__uncultured
f4e9476002d7fab368079f465755d698	d__Bacteria; p__Firmicutes; c__Clostridia; o__Oscillospirales; f__Ruminococcaceae; g__Negativibacillus; s__uncultured_organism
7b5628dc9ab84a575053182a366ba6a1	d__Bacteria; p__Firmicutes; c__Clostridia; o__Oscillospirales; f__Ruminococcaceae; g__Negativibacillus; s__uncultured_organism
1626ddb12d80cb5bc1c59b89ac07649b	d__Bacteria; p__Firmicutes; c__Clostridia; o__Oscillospirales; f__Oscillospiraceae; g__NK4A214_group
0ecd269dd02d5bab77f37c03e2b56e02	d__Bacteria; p__Firmicutes; c__Clostridia; o__Oscillospirales; f__Ruminococcaceae
0e7d2687041a00f8b77730582f2e0ac6	d__Bacteria; p__Firmicutes; c__Clostridia; o__Oscillospirales; f__Ruminococcaceae; g__uncultured
011eedd1952f79e50f3751a3c26b7c99	d__Bacteria; p__Firmicutes; c__Clostridia; o__Oscillospirales; f__Ruminococcaceae
5c28fdadb38f0631d02f1cfdaaf99a65	d__Bacteria; p__Firmicutes; c__Clostridia; o__Oscillospirales; f__Ruminococcaceae
a996c61ff9f86ab47c36730ace31d3b3	d__Bacteria; p__Firmicutes; c__Clostridia; o__Oscillospirales; f__Ruminococcaceae
44b9f98cd2a246fb1a11602eb1fd94f7	d__Bacteria; p__Firmicutes; c__Clostridia; o__Oscillospirales; f__Ruminococcaceae; g__uncultured
0f82212b0a81bbbf759fcfb98c2ea2a4	d__Bacteria; p__Firmicutes; c__Clostridia; o__Oscillospirales; f__Ruminococcaceae; g__uncultured
6a43dcc135a08bdfb2ff95da99e4e736	d__Bacteria; p__Firmicutes; c__Clostridia; o__Oscillospirales; f__Ruminococcaceae; g__uncultured
0f1310c146bd07e27e4a6dc0bc682628	d__Bacteria; p__Firmicutes; c__Clostridia; o__Oscillospirales; f__Ruminococcaceae; g__uncultured
d6c09d02107de673eb2cf629b16756cd	d__Bacteria; p__Proteobacteria; c__Gammaproteobacteria; o__Enterobacterales
b82c2461e5a589215d3bbac1f650f714	d__Bacteria; p__Actinobacteriota; c__Actinobacteria; o__Bifidobacteriales; f__Bifidobacteriaceae; g__Bifidobacterium
5ff4cf152049137de3869b18f5d823ff	d__Bacteria; p__Firmicutes; c__Clostridia; o__Oscillospirales; f__Ruminococcaceae; g__uncultured
8772acff30fc427fdb393f448e339823	d__Bacteria; p__Firmicutes; c__Clostridia; o__Oscillospirales; f__Ruminococcaceae; g__uncultured; s__gut_metagenome
a0c6b7f86f185c1a50c8bb071490de9a	d__Bacteria; p__Firmicutes; c__Clostridia; o__Oscillospirales; f__Ruminococcaceae; g__uncultured; s__gut_metagenome
42628cb8899e689818afa340ee8212df	d__Bacteria; p__Firmicutes
11596b7d47135ae93726d24339aba8d7	d__Bacteria; p__Firmicutes; c__Clostridia; o__Oscillospirales; f__Ruminococcaceae; g__uncultured
1885d78a4f7e009c24d2fe9c87dd1c37	d__Bacteria; p__Firmicutes; c__Clostridia; o__Oscillospirales; f__Ruminococcaceae; g__uncultured
36eb1d5053757467fe37deb1b8e1ee03	d__Bacteria; p__Firmicutes; c__Clostridia
1f6b45981e4fadfa4c2cf25fd748fdc7	d__Bacteria; p__Firmicutes; c__Clostridia; o__Oscillospirales
dc93a1cda8d76c5de270e40117bd7bf2	d__Bacteria
8219af4f8296b9e4349b7205ee76a531	d__Bacteria; p__Firmicutes; c__Clostridia; o__Lachnospirales; f__Lachnospiraceae
89c1275182dcd20d69082c49cbad161a	d__Bacteria; p__Firmicutes; c__Clostridia; o__Lachnospirales; f__Lachnospiraceae
62b6aecf8f474ec5d529f47aeed47bb3	d__Bacteria; p__Firmicutes; c__Clostridia; o__Oscillospirales; f__Ruminococcaceae; g__uncultured; s__gut_metagenome
10b5383e636019f519be1d2c3a36e8f2	d__Bacteria; p__Firmicutes; c__Clostridia; o__Oscillospirales; f__Ruminococcaceae; g__uncultured
7e61c14d7b99d0b1177833f3c913a861	d__Bacteria; p__Firmicutes; c__Clostridia; o__Oscillospirales; f__Ruminococcaceae
4d708bcb9c24e003ec17d4bf08249b43	d__Bacteria; p__Firmicutes; c__Clostridia; o__Oscillospirales
07079deadd5841d1c0b08772ffb5fa73	d__Bacteria; p__Firmicutes; c__Clostridia; o__Oscillospirales; f__Ruminococcaceae; g__Harryflintia; s__Harryflintia_acetispora
5257463aa3ba9c3a1de89521b027cb32	d__Bacteria; p__Firmicutes; c__Clostridia; o__Oscillospirales
8b370b63a9b5d502566d0644764dd84e	d__Bacteria; p__Desulfobacterota; c__Desulfovibrionia; o__Desulfovibrionales; f__Desulfovibrionaceae; g__Bilophila; s__bacterium_NLAE-zl-H528
f72064fdfb581474e9de60dc77ba0fd7	d__Bacteria; p__Firmicutes; c__Clostridia; o__Lachnospirales; f__Lachnospiraceae
dc912b2e1491513a52dd3343bc94313d	d__Bacteria; p__Firmicutes; c__Clostridia; o__Lachnospirales; f__Lachnospiraceae
9e808cf8be63d81d19486922d57b1f20	d__Bacteria; p__Firmicutes; c__Clostridia; o__Lachnospirales; f__Lachnospiraceae; g__CAG-56; s__uncultured_bacterium
0c60bd974b8e62ee207e76a25401d87a	d__Bacteria; p__Firmicutes; c__Clostridia; o__Lachnospirales; f__Lachnospiraceae
89fb893e64f83a85a69ee0f613ae0e99	d__Bacteria; p__Firmicutes; c__Clostridia; o__Lachnospirales; f__Lachnospiraceae
33b5e532e6f9c592de53f50ee94e066a	d__Bacteria; p__Firmicutes; c__Clostridia; o__Lachnospirales; f__Lachnospiraceae
2af48d35c6fa95f0dfd4d50b1f93a61a	d__Bacteria; p__Firmicutes; c__Clostridia; o__Lachnospirales; f__Lachnospiraceae
db4d356f01e3cc767dcabc4a9ebe7149	d__Bacteria; p__Firmicutes; c__Clostridia; o__Oscillospirales; f__Ruminococcaceae; g__Subdoligranulum
ea3b5fcfa15a95bebdebc82519bbd4a9	d__Bacteria; p__Firmicutes; c__Clostridia
e7a1d263b3e1ddc464e6ca94e2a7b413	d__Bacteria; p__Firmicutes; c__Clostridia; o__Oscillospirales; f__Ruminococcaceae; g__Faecalibacterium
947e2ad3aaab2b42e81887d0d75f8181	d__Bacteria; p__Bacteroidota; c__Bacteroidia; o__Bacteroidales
5c231bb09a5f99b774d9dde7cf0f143d	d__Bacteria; p__Actinobacteriota; c__Actinobacteria; o__Bifidobacteriales; f__Bifidobacteriaceae; g__Bifidobacterium
52dafff00cf67a5c391b2bb3acdaa024	d__Bacteria; p__Firmicutes; c__Clostridia
64936e69bb67961def5c9ab97192b12e	d__Bacteria; p__Firmicutes; c__Clostridia; o__Oscillospirales; f__Ruminococcaceae; g__uncultured
bcbfd42b82ca8514974ad13c2d1a564f	d__Bacteria; p__Firmicutes; c__Clostridia; o__Oscillospirales; f__Ruminococcaceae; g__Subdoligranulum
d2ff7bc9cfe73955f83708b6e0836d4d	d__Bacteria; p__Firmicutes; c__Clostridia; o__Oscillospirales; f__Ruminococcaceae; g__uncultured
a348986586b6e9cdaa977840399ae5da	d__Bacteria; p__Firmicutes; c__Clostridia; o__Oscillospirales; f__Ruminococcaceae; g__Subdoligranulum
f26e48593f51fa9b0d8bda81b3799960	d__Bacteria; p__Firmicutes; c__Clostridia; o__Oscillospirales; f__Ruminococcaceae; g__Subdoligranulum
bb1120c909ea5a1185f21ebeab892fcf	d__Bacteria; p__Firmicutes; c__Clostridia; o__Oscillospirales; f__Ruminococcaceae; g__Subdoligranulum
6ef883825f85b8d28f9b37de815a284c	d__Bacteria; p__Firmicutes; c__Clostridia; o__Oscillospirales; f__Ruminococcaceae; g__Subdoligranulum
4709ceaa19bcc46c34ae2052445bd323	d__Bacteria; p__Firmicutes; c__Clostridia; o__Oscillospirales; f__Ruminococcaceae; g__Subdoligranulum
2fb5c316c152d11bff0efd1bdc81ee26	d__Bacteria; p__Firmicutes; c__Clostridia; o__Oscillospirales; f__Ruminococcaceae; g__Subdoligranulum
8dc27946942ffe400625e290efb97078	d__Bacteria; p__Firmicutes; c__Clostridia; o__Oscillospirales; f__Ruminococcaceae; g__Subdoligranulum
56aeedb2ac632b39291b0bcfd5dd32e7	d__Bacteria; p__Firmicutes; c__Clostridia; o__Oscillospirales; f__Ruminococcaceae; g__Subdoligranulum
9dda5c0b922c2e22bbbad269da7a7d75	d__Bacteria; p__Firmicutes; c__Clostridia; o__Oscillospirales; f__Ruminococcaceae; g__Subdoligranulum
217e1f771503d633728be069ab10ba11	d__Bacteria; p__Firmicutes; c__Clostridia; o__Oscillospirales; f__Ruminococcaceae; g__Subdoligranulum
c34679307eb2d1c845d3e4b1e9114230	d__Bacteria; p__Firmicutes; c__Clostridia; o__Oscillospirales; f__Ruminococcaceae; g__Subdoligranulum
98b9e133dd27d89dc62df1cffdd17711	d__Bacteria; p__Firmicutes; c__Clostridia; o__Oscillospirales; f__Ruminococcaceae; g__Subdoligranulum
451c9863d567e0c371ca1152a098cf91	d__Bacteria; p__Firmicutes; c__Clostridia; o__Oscillospirales; f__Ruminococcaceae; g__Subdoligranulum
dd3ef0e3b69af895a28cec2878136c95	d__Bacteria; p__Firmicutes; c__Clostridia; o__Oscillospirales; f__Ruminococcaceae; g__Subdoligranulum
e191fc3b19081d0aef50c30ff50a5ad8	d__Bacteria; p__Firmicutes; c__Clostridia; o__Oscillospirales; f__Ruminococcaceae; g__Subdoligranulum
524a9430f826f9a6c3fd73025481a71b	d__Bacteria; p__Firmicutes; c__Clostridia; o__Oscillospirales; f__Ruminococcaceae; g__Subdoligranulum
828e13e85be4d0ec1eac395add74672e	d__Bacteria; p__Firmicutes; c__Clostridia; o__Oscillospirales; f__Ruminococcaceae; g__Subdoligranulum
3ecaf4fe7edad18810c0a2be8fce1409	d__Bacteria; p__Firmicutes; c__Clostridia; o__Oscillospirales; f__Ruminococcaceae; g__Subdoligranulum
445010f35e8da69140b806bf663d0ef4	d__Bacteria; p__Firmicutes; c__Clostridia; o__Oscillospirales; f__Ruminococcaceae; g__Subdoligranulum
dd143837101b4c12f28734f2f35175f4	d__Bacteria; p__Firmicutes; c__Clostridia; o__Oscillospirales; f__Ruminococcaceae; g__Subdoligranulum
7daea1941526bec74e75db827c80d855	d__Bacteria; p__Firmicutes; c__Clostridia; o__Oscillospirales; f__Ruminococcaceae; g__Subdoligranulum
bc0817ee9efa029973847e90e43e9c47	d__Bacteria; p__Firmicutes; c__Clostridia; o__Oscillospirales; f__Ruminococcaceae; g__Subdoligranulum; s__uncultured_bacterium
7d4cfe81c3f35e79063caee71fd1b42a	d__Bacteria; p__Firmicutes; c__Clostridia; o__Oscillospirales; f__Ruminococcaceae; g__Subdoligranulum; s__uncultured_bacterium
7495a81c1132e023fb5d1906b0032ed8	d__Bacteria; p__Firmicutes; c__Clostridia; o__Oscillospirales; f__Ruminococcaceae; g__Subdoligranulum; s__uncultured_bacterium
7a968f49de5d939048fff2fbb19c74f2	d__Bacteria; p__Firmicutes; c__Clostridia; o__Oscillospirales; f__Ruminococcaceae; g__Subdoligranulum
76a84f4887cee8ed5b2dcd8c941bc577	d__Bacteria; p__Firmicutes; c__Clostridia; o__Oscillospirales; f__Ruminococcaceae; g__Subdoligranulum
1c3186e065d9b489d8c02d68a4dc5303	d__Bacteria; p__Firmicutes; c__Clostridia; o__Oscillospirales; f__Ruminococcaceae; g__Subdoligranulum
0eed2445bff3d5ec790734070f2d1a8f	d__Bacteria; p__Firmicutes; c__Clostridia; o__Oscillospirales; f__Ruminococcaceae; g__Subdoligranulum
2b84123f1ae205516baa5030368659b8	d__Bacteria; p__Firmicutes; c__Clostridia; o__Oscillospirales; f__Ruminococcaceae; g__Subdoligranulum
dd4b36449310d52b546da194e296a6a6	d__Bacteria; p__Firmicutes; c__Clostridia; o__Oscillospirales; f__Ruminococcaceae; g__Subdoligranulum
e48745e1caa57bf4718f3576b1d37139	d__Bacteria; p__Firmicutes; c__Clostridia; o__Oscillospirales; f__Ruminococcaceae; g__Subdoligranulum; s__uncultured_bacterium
ffe3154260357d0b0f2b028ffa2f0e1e	d__Bacteria; p__Firmicutes; c__Clostridia; o__Oscillospirales; f__Ruminococcaceae; g__Subdoligranulum
75015534f1571347aca66e072944b345	d__Bacteria; p__Firmicutes; c__Clostridia; o__Oscillospirales; f__Ruminococcaceae; g__Subdoligranulum
49dfc9880202db48910a94d2a1f025ec	d__Bacteria; p__Firmicutes; c__Clostridia; o__Oscillospirales; f__Ruminococcaceae; g__Subdoligranulum
10132e73d27d0cebd8fee48369419cac	d__Bacteria; p__Firmicutes; c__Clostridia; o__Oscillospirales; f__Ruminococcaceae; g__Subdoligranulum
84f0cbfa78f6194cf03b2547592796a0	d__Bacteria; p__Firmicutes; c__Clostridia; o__Oscillospirales; f__Ruminococcaceae; g__Subdoligranulum
101f53c0aec505d82462efb9de9b79dd	d__Bacteria
1f40414ef008e046b438f38f81deb39a	d__Bacteria; p__Firmicutes; c__Clostridia
9787db68a2ab9eaedcebc27599a23a51	d__Bacteria; p__Firmicutes; c__Clostridia
f937a8650840f571c1c51596b9d804d7	d__Bacteria; p__Firmicutes; c__Clostridia; o__Oscillospirales; f__Ruminococcaceae
d1102a7f2f57e002495dcad89f0de65e	d__Bacteria; p__Firmicutes; c__Clostridia; o__Oscillospirales; f__Ruminococcaceae
645bb16aa4dc4d196327165e43e8e09a	d__Bacteria; p__Firmicutes; c__Clostridia; o__Oscillospirales; f__Ruminococcaceae
e1146dcb6d1cf0b6070e06352388e122	d__Bacteria; p__Firmicutes; c__Clostridia; o__Oscillospirales; f__Ruminococcaceae
5ee17818b9247e637c01468de3ba6308	d__Bacteria
6d8ce3faebd01eebfa55143a0e364361	d__Bacteria; p__Proteobacteria; c__Gammaproteobacteria; o__Enterobacterales; f__Enterobacteriaceae; g__Escherichia-Shigella
e83bb4ad443f2a9b1939c3fa404925c9	d__Bacteria; p__Firmicutes; c__Clostridia
3705b3935c1a7a2afc61c9d38c387490	d__Bacteria; p__Firmicutes; c__Clostridia; o__Oscillospirales; f__Ruminococcaceae; g__Subdoligranulum
ec7270bfff06b0a71b22b38366e8571c	d__Bacteria; p__Firmicutes; c__Clostridia; o__Lachnospirales; f__Lachnospiraceae
7c65554181aba821f9ad45e1f11679d5	d__Bacteria
138a04dcbb626334cf09a5d4bf5fbf32	d__Bacteria; p__Firmicutes; c__Bacilli; o__Lactobacillales; f__Streptococcaceae; g__Streptococcus
5e516dead4431600ccbe795084cf2dfd	d__Bacteria; p__Firmicutes; c__Clostridia; o__Oscillospirales; f__Ruminococcaceae
07a9381377cb957fbfa5ce4ce0d5ab12	d__Bacteria; p__Firmicutes; c__Clostridia; o__Oscillospirales; f__Ruminococcaceae
4125e7d67bbc5f19acbd4f6920ff526e	d__Bacteria; p__Firmicutes
ad98ba1e0f6df83e02773246e6be43c6	d__Bacteria; p__Firmicutes; c__Clostridia; o__Oscillospirales; f__Ruminococcaceae
a449d0d164c712da3995196d2baed353	d__Bacteria; p__Firmicutes; c__Bacilli; o__Erysipelotrichales; f__Erysipelatoclostridiaceae; g__Catenibacterium; s__uncultured_bacterium
873f969b711bb94663e5c45c7058de6d	d__Bacteria; p__Firmicutes
058eca0b074a9d1b884c13f3e4c48106	d__Bacteria; p__Firmicutes; c__Bacilli; o__Erysipelotrichales; f__Erysipelatoclostridiaceae; g__Erysipelotrichaceae_UCG-003
b6484bae0db4a5193934a4306e73576e	d__Bacteria; p__Firmicutes; c__Clostridia; o__Oscillospirales; f__Ruminococcaceae
60efddcf630471c402b93803a3f86e62	d__Bacteria; p__Firmicutes; c__Clostridia
d2757f28b8fa9c4d20c7617d5466a1bb	d__Bacteria
fdfe513576b8608a0c6357e26f302b55	d__Bacteria; p__Firmicutes; c__Clostridia; o__Oscillospirales; f__Ruminococcaceae; g__Subdoligranulum
99dad635cfb4e17b77ba59b855b2e28b	d__Bacteria; p__Firmicutes; c__Clostridia
7c7b18ca41f558cdad474b44f44badbe	d__Bacteria; p__Firmicutes; c__Bacilli; o__Erysipelotrichales; f__Erysipelatoclostridiaceae; g__Erysipelotrichaceae_UCG-003
c20442ac37c91f1a8f08388ac9c042dd	d__Bacteria; p__Proteobacteria; c__Gammaproteobacteria; o__Enterobacterales; f__Enterobacteriaceae; g__Escherichia-Shigella
990f22b516b5c95f2053155f675eadde	d__Bacteria; p__Firmicutes
07e2bec6e9a67eeb1cbd974475b70606	d__Bacteria; p__Firmicutes; c__Clostridia; o__Oscillospirales; f__Ruminococcaceae; g__Subdoligranulum
21461588211190d1422f01c8423913fc	d__Bacteria; p__Firmicutes; c__Clostridia; o__Lachnospirales; f__Lachnospiraceae; g__Lachnospiraceae_UCG-010; s__uncultured_organism
69e568d6d1b382edc6d79dc11b9186ad	d__Bacteria; p__Firmicutes; c__Clostridia; o__Oscillospirales; f__Ruminococcaceae; g__Subdoligranulum
52bcd141b7805df14cffb3461de2c285	d__Bacteria; p__Firmicutes; c__Clostridia; o__Oscillospirales; f__Ruminococcaceae; g__Subdoligranulum
9df9995c0f37011167dd83f41570bd1a	d__Bacteria; p__Firmicutes; c__Clostridia
184e3115534fb6acdf9204353c9f6ada	d__Bacteria; p__Firmicutes; c__Clostridia; o__Oscillospirales; f__Ruminococcaceae
19397bcfd52acb1c7f3ba954bde124a0	d__Bacteria; p__Firmicutes; c__Clostridia; o__Oscillospirales; f__Ruminococcaceae
d1a225188d0f2a80a3bc79be9ddd42f7	d__Bacteria; p__Firmicutes; c__Clostridia; o__Oscillospirales; f__Ruminococcaceae
c7859aae4f9e84b5620a14da6e2b1043	d__Bacteria; p__Firmicutes; c__Clostridia; o__Oscillospirales; f__Ruminococcaceae
8af9feec89898c220bc06d18c48ef73c	d__Bacteria; p__Firmicutes; c__Clostridia
048de97d079c4d478a4d21ea38da2611	d__Bacteria; p__Firmicutes; c__Clostridia; o__Oscillospirales; f__Ruminococcaceae
8ded4468582178c7eac4645a5d6a2eef	d__Bacteria; p__Firmicutes; c__Clostridia; o__Oscillospirales; f__Ruminococcaceae; g__Angelakisella; s__Ruminococcus_sp.
00e8e40fe80d6185d1264c9aa1fc5bda	d__Bacteria; p__Firmicutes; c__Clostridia; o__Oscillospirales; f__Ruminococcaceae; g__uncultured
4cf304e9049bfbb477a8916e69bcacf1	d__Bacteria; p__Firmicutes; c__Clostridia; o__Oscillospirales; f__Ruminococcaceae
d73e050b469d8160c78e4fc1bd3e10a3	d__Bacteria; p__Firmicutes; c__Clostridia; o__Oscillospirales; f__Ruminococcaceae
1abf9f52d88f240a6f0a70ab21952e9b	d__Bacteria; p__Firmicutes; c__Clostridia; o__Oscillospirales; f__Ruminococcaceae
75470ecad78fa1d1634291d5a3c6a633	d__Bacteria; p__Firmicutes; c__Clostridia; o__Oscillospirales; f__Ruminococcaceae; g__Ruminococcus; s__metagenome
b20cf1e6bde6b8469cf8d06c34a2aa83	d__Bacteria; p__Firmicutes; c__Clostridia; o__Oscillospirales; f__Ruminococcaceae; g__Ruminococcus; s__metagenome
30c8180d6fa3f6cfd1dec81674b7934e	d__Bacteria; p__Firmicutes; c__Clostridia; o__Oscillospirales; f__Ruminococcaceae; g__Ruminococcus
72c9e39140daa14b2e6c72f4c57df1ed	d__Bacteria; p__Firmicutes; c__Clostridia
f33dc70be584c2e43876ade15cdebfcb	d__Bacteria; p__Firmicutes
7f3eb92d9e6dc0b3d91f3ac38513ef16	d__Bacteria; p__Firmicutes; c__Clostridia
2441fec135f5f92b6949923963a4b982	d__Bacteria; p__Firmicutes; c__Clostridia; o__Oscillospirales; f__Ruminococcaceae; g__Ruminococcus; s__metagenome
554366db4cd4fe8acfa580bd534a449c	d__Bacteria; p__Firmicutes; c__Clostridia; o__Oscillospirales
ab11ba32ed715a1d97c49fac6830dba2	d__Bacteria
f5a6636007ce0568cb1ee19d82eeb4dc	d__Bacteria; p__Firmicutes; c__Clostridia; o__Oscillospirales; f__Ruminococcaceae
bb0787e858c5a1984f01b1eaefcdfe39	d__Bacteria; p__Firmicutes; c__Bacilli; o__Erysipelotrichales; f__Erysipelotrichaceae; g__Solobacterium; s__uncultured_organism
9ae8c27c508cdd826924b5f8b5f5d34b	d__Bacteria; p__Firmicutes; c__Bacilli; o__Erysipelotrichales; f__Erysipelotrichaceae; g__Faecalitalea; s__Absiella_argi
9f75c30a107cff598a6880b56cf83751	d__Bacteria; p__Firmicutes; c__Clostridia; o__Oscillospirales; f__Ruminococcaceae
02e55260b962d5093e4c5b018167889f	d__Bacteria; p__Firmicutes; c__Clostridia; o__Oscillospirales; f__Ruminococcaceae; g__uncultured
74af230c8497024ed90a19fa6fabfd07	d__Bacteria; p__Firmicutes; c__Clostridia; o__Oscillospirales; f__Ruminococcaceae; g__uncultured
4260fb81a44b8f9bc7723222d7cc19e7	d__Bacteria; p__Firmicutes; c__Clostridia; o__Oscillospirales; f__Ruminococcaceae; g__uncultured
6b81f97c7bef876b69c30f4d0a83c989	d__Bacteria
6366e74e6b0f7e1a9e8fab7933adcc94	d__Bacteria; p__Firmicutes; c__Clostridia; o__Oscillospirales; f__Ruminococcaceae; g__Subdoligranulum
1a13252f9cade1e6b082994a4cb8efed	d__Bacteria; p__Proteobacteria; c__Gammaproteobacteria; o__Enterobacterales; f__Enterobacteriaceae; g__Escherichia-Shigella
cd7136d104a2826b7859dc40ddc57a94	d__Bacteria; p__Desulfobacterota; c__Desulfovibrionia; o__Desulfovibrionales; f__Desulfovibrionaceae; g__Desulfovibrio
7f1d3a6ed497ef5d6f3b3a1acd82ad35	d__Bacteria; p__Firmicutes; c__Clostridia; o__Oscillospirales; f__Ruminococcaceae; g__Angelakisella
46bafdce4243beb101ca8bdc3c66a919	d__Bacteria; p__Firmicutes; c__Clostridia; o__Oscillospirales; f__Ruminococcaceae; g__Angelakisella; s__Ruminococcus_sp.
28fbf814e3ceb12b4707dfe0b1c530b4	d__Bacteria
3c195bdb88cebe9d8f99556469321cac	d__Bacteria; p__Firmicutes; c__Clostridia
e77e9c72bf07515123a26478f07aa6ca	d__Bacteria; p__Firmicutes; c__Negativicutes; o__Veillonellales-Selenomonadales; f__Veillonellaceae; g__Dialister; s__uncultured_bacterium
956e64b4be66c5baaf2f3a5f9e90f03d	d__Bacteria; p__Firmicutes; c__Clostridia; o__Monoglobales; f__Monoglobaceae; g__Monoglobus
317479d6aaeec55f56a2ca3414883b72	d__Bacteria; p__Firmicutes; c__Clostridia; o__Monoglobales; f__Monoglobaceae; g__Monoglobus
efc606537c279309a7fd0344245c2445	d__Bacteria; p__Bacteroidota; c__Bacteroidia; o__Bacteroidales; f__Bacteroidaceae; g__Bacteroides
646a17276baa2533ef65a59ff504e7eb	d__Bacteria; p__Firmicutes; c__Clostridia; o__uncultured; f__uncultured; g__uncultured; s__uncultured_organism
e34d00d8cfdaf1494b5fee6bb5ba47e4	d__Bacteria; p__Firmicutes; c__Clostridia; o__uncultured; f__uncultured; g__uncultured; s__uncultured_organism
c57fb23af28957bca1456f3c27201592	d__Bacteria
120861e664ca27f04fdb127a922b38a3	d__Bacteria; p__Firmicutes; c__Clostridia; o__Monoglobales; f__Monoglobaceae; g__Monoglobus
d3891015006ea4867aa4252246b93a41	d__Bacteria; p__Firmicutes; c__Clostridia; o__Oscillospirales; f__Ruminococcaceae; g__CAG-352
983e3acd5a5bbff8ed4ddc840d437f7e	d__Bacteria; p__Firmicutes; c__Clostridia; o__Oscillospirales; f__Ruminococcaceae; g__CAG-352
87714053590603da6495968f5900eb3c	d__Bacteria; p__Firmicutes; c__Clostridia; o__Oscillospirales; f__Ruminococcaceae; g__CAG-352
6a2a8e319118212c233ed917bbc52e47	d__Bacteria; p__Firmicutes; c__Clostridia; o__Oscillospirales; f__Ruminococcaceae; g__CAG-352
972cfbdeb6e4a294af98eb1d5e10ccfa	d__Bacteria; p__Firmicutes; c__Clostridia; o__Oscillospirales; f__uncultured; g__uncultured; s__metagenome
5df263a6b13f3a952438da760befcbad	d__Bacteria; p__Firmicutes; c__Clostridia; o__Oscillospirales; f__uncultured; g__uncultured; s__metagenome
4e5c0426dba711e884a4f34df56b3e4b	d__Bacteria; p__Firmicutes; c__Clostridia; o__Oscillospirales; f__uncultured; g__uncultured; s__uncultured_bacterium
800b3836db39b09c29eb6f8e142726b4	d__Bacteria; p__Firmicutes; c__Clostridia; o__Monoglobales; f__Monoglobaceae; g__Monoglobus; s__uncultured_bacterium
0951d159ae8024f6aa0dca5132d58287	d__Bacteria; p__Firmicutes; c__Clostridia; o__Monoglobales; f__Monoglobaceae; g__Monoglobus; s__uncultured_bacterium
5edb820417891519ce513231a04839e5	d__Bacteria; p__Firmicutes; c__Clostridia; o__Oscillospirales; f__Ruminococcaceae
8ce4d47dcc47e62978e18a4794c1231a	d__Bacteria; p__Firmicutes
161fc477c84e963af1c3408b54499e8f	d__Bacteria; p__Firmicutes; c__Clostridia
3043cef031ce6424275915b75052062f	d__Bacteria; p__Firmicutes; c__Clostridia; o__Oscillospirales; f__Ruminococcaceae; g__uncultured; s__anaerobic_digester
fc599a762d09cf1881ecedc33f2c2bf9	d__Bacteria; p__Firmicutes; c__Clostridia; o__Oscillospirales
7509fef025f288b5ecf2e535abb67f43	d__Bacteria
b396b8ff45b3b2a0840b85bc749a1a86	d__Bacteria; p__Actinobacteriota; c__Coriobacteriia; o__Coriobacteriales; f__Coriobacteriaceae; g__Collinsella
2b146dbfbd9c674bec98998f6dfb3664	d__Bacteria; p__Firmicutes; c__Clostridia; o__Oscillospirales; f__UCG-010; g__UCG-010; s__uncultured_bacterium
0d264a4f4f4af3e61b5fc2fbe3786d9b	d__Bacteria; p__Firmicutes; c__Clostridia
336291b65af74d57b2641daef21e8f03	d__Bacteria; p__Firmicutes
08991d5d7b3c61708169a99f635da317	d__Bacteria; p__Firmicutes; c__Clostridia; o__Oscillospirales; f__Ruminococcaceae
34364c570f739d3d83878c9761f5d185	d__Bacteria; p__Firmicutes; c__Clostridia; o__Oscillospirales; f__Ruminococcaceae; g__Ruminococcus
c8d7a4977df215bb1e6824faaf1db3c5	d__Bacteria; p__Bacteroidota; c__Bacteroidia; o__Bacteroidales; f__Bacteroidaceae; g__Bacteroides
9f4cac963b87d9e0efd79d6476763dc2	d__Bacteria; p__Bacteroidota; c__Bacteroidia; o__Bacteroidales; f__Bacteroidaceae; g__Bacteroides
cca5b0c6104eed7cf7bfc2a6a4da1a6c	d__Bacteria; p__Firmicutes; c__Clostridia; o__Oscillospirales; f__Ruminococcaceae
e8887ca28f01cdc0d506e3a80989292f	d__Bacteria; p__Firmicutes; c__Clostridia; o__Oscillospirales; f__Ruminococcaceae
a2b3c2d0848964a0871278daeabd9547	d__Bacteria
d2fd83d34c7b6376751411247f0866f7	d__Bacteria; p__Firmicutes; c__Clostridia; o__Oscillospirales; f__Ruminococcaceae
263dd90d70aa1e665e0a06d96d6bd02c	d__Bacteria; p__Firmicutes; c__Clostridia; o__Oscillospirales; f__Ruminococcaceae
75c9ef2e71e7b2b52e39205011466302	d__Bacteria; p__Firmicutes; c__Clostridia; o__Oscillospirales; f__Ruminococcaceae; g__CAG-352; s__uncultured_bacterium
4f10b0882315069e5bedc71885eea5a8	d__Bacteria; p__Firmicutes; c__Clostridia; o__Oscillospirales; f__Ruminococcaceae; g__CAG-352; s__uncultured_bacterium
f1cca748bc09f99adde5069cd621a2dc	d__Bacteria; p__Firmicutes; c__Clostridia; o__Oscillospirales; f__Ruminococcaceae; g__CAG-352; s__uncultured_bacterium
0621492a96d3d8f458723477a67bbef6	d__Bacteria; p__Firmicutes; c__Clostridia; o__Oscillospirales; f__Ruminococcaceae; g__Ruminococcus
78bfc711e10781bba6f0a5c29893a5f0	d__Bacteria; p__Firmicutes; c__Clostridia; o__Oscillospirales; f__Ruminococcaceae; g__Ruminococcus; s__uncultured_bacterium
61ce96643a222212486ee7eb16c6b226	d__Bacteria; p__Firmicutes; c__Clostridia; o__Oscillospirales; f__Ruminococcaceae
9fb37377395b0180482ef9246a03e7bd	d__Bacteria; p__Proteobacteria; c__Gammaproteobacteria; o__Burkholderiales
aecebdeadc55baabc7267109dab4b254	d__Bacteria; p__Firmicutes; c__Bacilli; o__Lactobacillales; f__Streptococcaceae; g__Streptococcus
a5116968910de9f2328a46bf20d9ca60	d__Bacteria; p__Firmicutes; c__Clostridia; o__Oscillospirales
6ba7c26abb7f793b6877a486a2933942	d__Bacteria
09f72d3c410942d37fd00122c0b8f4b4	d__Bacteria; p__Firmicutes; c__Clostridia; o__Oscillospirales; f__Butyricicoccaceae
e1444e69f0e4179eefd5ce64ae2ba68a	d__Bacteria; p__Firmicutes; c__Clostridia; o__Oscillospirales
f0c27a5a7dd914509040106e11ed2644	d__Bacteria; p__Firmicutes; c__Clostridia
fd4cbec4b5a9144d279e3cd02a43d334	d__Bacteria; p__Firmicutes; c__Clostridia; o__Oscillospirales; f__Ruminococcaceae; g__CAG-352; s__uncultured_bacterium
d67bbf8a17d1d2e910544b12a08b0155	d__Bacteria; p__Firmicutes; c__Clostridia
0539711f9ba8936f582c0e937971de0d	d__Bacteria; p__Firmicutes; c__Clostridia; o__Oscillospirales; f__Ruminococcaceae; g__Ruminococcus
237f19f62d0c501363ab3b86cfb6ebc7	d__Bacteria; p__Firmicutes; c__Clostridia; o__Oscillospirales; f__Ruminococcaceae
7e7deb24076bbbc1841f3cd05856a240	d__Bacteria; p__Firmicutes; c__Negativicutes; o__Acidaminococcales; f__Acidaminococcaceae; g__Phascolarctobacterium
cff3a672a14bbcc616465cc3a25c5f49	d__Bacteria; p__Firmicutes; c__Clostridia; o__Monoglobales; f__Monoglobaceae; g__Monoglobus
107bc468eec0ba3372fedd2c72fe1b3e	d__Bacteria; p__Firmicutes; c__Clostridia; o__Oscillospirales; f__Ruminococcaceae
bea37cc70209f38694d741f234c49f78	d__Bacteria; p__Firmicutes; c__Clostridia; o__Monoglobales; f__Monoglobaceae; g__Monoglobus; s__uncultured_bacterium
40fea2ebae238ae76b80fdb3615191e5	d__Bacteria; p__Firmicutes; c__Clostridia
e7f5dd8621e7656f3152386e1f7c5c3b	d__Bacteria; p__Firmicutes; c__Clostridia
ade1cc8361f9bb3da8409bd860ddee3e	d__Bacteria; p__Firmicutes; c__Clostridia; o__Oscillospirales; f__Ruminococcaceae
bbc7f409e064c0d162de2b67b5e3ef97	d__Bacteria; p__Firmicutes; c__Clostridia; o__Oscillospirales; f__Ruminococcaceae; g__Ruminococcus; s__bacterium_ic1277
6dc3137043b5743e0cec79de75de65ae	d__Bacteria; p__Firmicutes; c__Clostridia; o__Oscillospirales; f__uncultured; g__uncultured; s__uncultured_bacterium
3e99216fad7be0da5c8f9a91a6aca6cb	d__Bacteria; p__Firmicutes; c__Clostridia; o__Oscillospirales; f__uncultured; g__uncultured; s__uncultured_bacterium
5628d3fd11a993b03b873afe249f6a45	d__Bacteria; p__Firmicutes; c__Clostridia; o__Oscillospirales; f__Ruminococcaceae; g__Ruminococcus
d1132a55e96c356cbc726054a7f59887	d__Bacteria; p__Firmicutes; c__Clostridia; o__Oscillospirales
20f2f7769892b87e0dcb3d74bfabed52	d__Bacteria; p__Bacteroidota; c__Bacteroidia; o__Bacteroidales; f__Bacteroidaceae; g__Bacteroides
7087650c8605fefae99e637c0aa5638b	d__Bacteria; p__Firmicutes; c__Clostridia; o__Oscillospirales; f__Ruminococcaceae; g__Ruminococcus
70d97795e0f6292e7620cc119a5375b9	d__Bacteria; p__Firmicutes; c__Clostridia; o__Oscillospirales; f__Ruminococcaceae; g__Ruminococcus; s__uncultured_bacterium
e097282f08c267e734485c68348f426f	d__Bacteria; p__Firmicutes; c__Clostridia
bb26201288b72f8009358d80bb3c12e7	d__Bacteria; p__Firmicutes; c__Clostridia; o__Oscillospirales; f__Ruminococcaceae; g__Ruminococcus; s__uncultured_bacterium
f6282da0f6d2e37a4ee8f995b9e798fb	d__Bacteria; p__Firmicutes; c__Clostridia; o__Oscillospirales; f__Ruminococcaceae
f199a50ae965eccac0a3c407e2dcca63	d__Bacteria; p__Firmicutes; c__Clostridia; o__Oscillospirales; f__Ruminococcaceae
e8441bb56e58211aa8acb1b9e1c0b39e	d__Bacteria; p__Firmicutes; c__Clostridia; o__Oscillospirales; f__Ruminococcaceae
4ddef65a846e83e277efc765ee7cae5a	d__Bacteria; p__Firmicutes; c__Clostridia
a40e02bdeab8b43418602fcde207039b	d__Bacteria; p__Firmicutes; c__Clostridia; o__Oscillospirales; f__Ruminococcaceae
bf1fb15d5112d9bc841c037c11b52712	d__Bacteria; p__Firmicutes; c__Clostridia; o__Oscillospirales; f__Ruminococcaceae; g__Ruminococcus; s__uncultured_bacterium
0e616d54a249d4d90d81a4c49f247aa8	d__Bacteria; p__Firmicutes; c__Clostridia; o__Oscillospirales; f__Ruminococcaceae; g__Subdoligranulum
cd406de397b866c3229fd5ed335bcc06	d__Bacteria; p__Firmicutes; c__Clostridia
a5be8589bcdfc45367413c11aaba3ceb	d__Bacteria
0d526ca7ed147f89c1b3399f190656cd	d__Bacteria; p__Firmicutes; c__Clostridia; o__Oscillospirales; f__Ruminococcaceae; g__Ruminococcus
6328e8fc616a0d27e0beee8b3ea712ca	d__Bacteria; p__Firmicutes; c__Clostridia; o__Oscillospirales; f__Ruminococcaceae; g__Ruminococcus; s__uncultured_bacterium
18b87bb148213800baf370e6b10248ae	d__Bacteria; p__Firmicutes; c__Clostridia; o__Oscillospirales; f__Ruminococcaceae
eb9582c7c093dae6de82843483940e09	d__Bacteria; p__Firmicutes; c__Clostridia; o__Oscillospirales; f__Ruminococcaceae
1f38a4319b8c13ac41e5dbd6c9646157	d__Bacteria; p__Firmicutes; c__Clostridia; o__Oscillospirales; f__Ruminococcaceae; g__Ruminococcus
123485a95838d475e438959ed3647000	d__Bacteria; p__Firmicutes; c__Clostridia; o__Clostridia_UCG-014; f__Clostridia_UCG-014; g__Clostridia_UCG-014; s__uncultured_bacterium
df1f6a723e267cda404e7710a5bc73db	d__Bacteria; p__Firmicutes; c__Clostridia; o__Oscillospirales; f__Ruminococcaceae; g__Ruminococcus
dc31ccb8549a192063494d64b1891bf1	d__Bacteria; p__Actinobacteriota; c__Actinobacteria; o__Bifidobacteriales; f__Bifidobacteriaceae; g__Bifidobacterium
26b68f8758a8ecf87ef9ce16ffb80430	d__Bacteria; p__Firmicutes; c__Clostridia; o__Oscillospirales; f__Ruminococcaceae; g__Ruminococcus; s__uncultured_bacterium
5330be4367c4350dc6bc122e29f05950	d__Bacteria
2baa6192b52b4c3dab483d2e819ca8f1	d__Bacteria; p__Firmicutes; c__Clostridia; o__Oscillospirales; f__Ruminococcaceae; g__Ruminococcus; s__uncultured_bacterium
dfab64034b52f371c726d26adc672d1b	d__Bacteria; p__Firmicutes; c__Clostridia; o__Oscillospirales; f__Ruminococcaceae; g__Ruminococcus
52bb73de8360d7a3e57f833604df7fb3	d__Bacteria; p__Firmicutes; c__Clostridia; o__Oscillospirales; f__Ruminococcaceae; g__Ruminococcus
abf0e10a4a534057ecb8dac9ae326df6	d__Bacteria; p__Firmicutes; c__Clostridia; o__Oscillospirales; f__Ruminococcaceae; g__Ruminococcus
7738beead282fa7669c291d83ea482d5	d__Bacteria; p__Firmicutes; c__Clostridia; o__Oscillospirales; f__Ruminococcaceae; g__Ruminococcus; s__uncultured_bacterium
5fc932446f79f8784408fedff4966506	d__Bacteria
68e15bd002425871d64dda035ebe2dcb	d__Bacteria; p__Firmicutes; c__Clostridia; o__Oscillospirales
a0ed1d440514ea39e931cc17a0d793ce	d__Bacteria; p__Bacteroidota; c__Bacteroidia
8d658335ca296aef6167b9cbaeffc6ff	d__Bacteria; p__Firmicutes; c__Clostridia; o__Oscillospirales; f__Ruminococcaceae
e23d19f004e62afb98b27a6070cfc6d3	d__Bacteria; p__Firmicutes; c__Clostridia; o__Oscillospirales; f__Ruminococcaceae; g__Ruminococcus; s__uncultured_bacterium
6a61ba2457ebc24a3c5645c5b4ab3614	d__Bacteria; p__Bacteroidota; c__Bacteroidia; o__Bacteroidales; f__Bacteroidaceae; g__Bacteroides
a240ac647c1daf4a47315df269689c5f	d__Bacteria; p__Firmicutes; c__Clostridia; o__Monoglobales; f__Monoglobaceae; g__Monoglobus; s__uncultured_bacterium
96abf6a7a7e4c3b3b5b05ceab20ebbbe	d__Bacteria; p__Firmicutes; c__Clostridia; o__Monoglobales; f__Monoglobaceae; g__Monoglobus
76d65ec8b2c2761f693f64eb71f998d6	d__Bacteria; p__Firmicutes; c__Clostridia; o__Monoglobales; f__Monoglobaceae; g__Monoglobus; s__uncultured_Firmicutes
442e28326820f7ad54e30bb16e9327a4	d__Bacteria; p__Firmicutes; c__Clostridia; o__Monoglobales; f__Monoglobaceae; g__Monoglobus; s__uncultured_Firmicutes
e1ece16a8f4572e59ff67238c98da33b	d__Bacteria; p__Firmicutes; c__Clostridia; o__Monoglobales; f__Monoglobaceae; g__Monoglobus; s__uncultured_bacterium
c5e16754132a91a8a0dfc66669d5e881	d__Bacteria; p__Firmicutes; c__Clostridia; o__Monoglobales; f__Monoglobaceae; g__Monoglobus; s__uncultured_bacterium
96ac97983c74657f16710fc24b680281	d__Bacteria; p__Firmicutes; c__Clostridia; o__Monoglobales; f__Monoglobaceae; g__Monoglobus
76023afd7ee9dcfd696c624e004e8a0c	d__Bacteria; p__Firmicutes; c__Negativicutes; o__Acidaminococcales; f__Acidaminococcaceae; g__Phascolarctobacterium
aa0f6c7bf774338c93bccb3a707426fc	d__Bacteria; p__Firmicutes; c__Clostridia; o__Lachnospirales; f__Lachnospiraceae
2ab1a8075241436ebf52c0c57dd5fd45	d__Bacteria; p__Firmicutes; c__Clostridia; o__Clostridia_UCG-014; f__Clostridia_UCG-014; g__Clostridia_UCG-014; s__uncultured_bacterium
3f50ab0850f35503c486d4044d779ecb	d__Bacteria; p__Firmicutes; c__Clostridia
7b3439623adf91c56040f8a458debec5	d__Bacteria; p__Firmicutes; c__Clostridia; o__Oscillospirales; f__Ruminococcaceae; g__[Eubacterium]_siraeum_group
b128d6539840647c4da09af50de5144e	d__Bacteria; p__Firmicutes; c__Clostridia; o__Oscillospirales; f__Ruminococcaceae
bdbc6db65d6c69a2f7be3923d8dac637	d__Bacteria; p__Firmicutes; c__Clostridia; o__Oscillospirales; f__Ruminococcaceae; g__[Eubacterium]_siraeum_group
d207e66f1bde5299c96b08e584722535	d__Bacteria; p__Firmicutes; c__Clostridia; o__Oscillospirales; f__Ruminococcaceae; g__[Eubacterium]_siraeum_group; s__uncultured_bacterium
8207296a21e48f2dd3ba8c5ada79cb15	d__Bacteria
2423c0b1e587dab21970de9078330ea6	d__Bacteria; p__Firmicutes; c__Clostridia; o__Oscillospirales; f__Ruminococcaceae; g__[Eubacterium]_siraeum_group
880b8fda702527e43eca47211d980f38	d__Bacteria; p__Firmicutes; c__Clostridia; o__Oscillospirales; f__Ruminococcaceae; g__[Eubacterium]_siraeum_group
a139d2d3272b299b90de3b2cf3ddb224	d__Bacteria
7c3ddde8d6614786de14c932f1dd8306	d__Bacteria; p__Firmicutes; c__Clostridia; o__Oscillospirales
14ff92f3d1fa490c147b3e153a4beb57	d__Bacteria; p__Firmicutes; c__Bacilli; o__Lactobacillales; f__Streptococcaceae; g__Streptococcus
b1167af5964dc1f1076c0b16be700ed2	d__Bacteria; p__Firmicutes; c__Clostridia; o__Oscillospirales; f__Ruminococcaceae; g__Faecalibacterium
b410803bda154ac07ccb4deb99c8dc1b	d__Bacteria; p__Firmicutes; c__Clostridia; o__Oscillospirales; f__Ruminococcaceae; g__[Eubacterium]_siraeum_group
6f6db457e8c0d0c23e9caf62e7829223	d__Bacteria
74ea6f938b1318ccd423d4af9bf86853	d__Bacteria; p__Firmicutes; c__Clostridia
6ab04843ab8f17d68a145659994e84b8	d__Bacteria; p__Firmicutes; c__Clostridia
2f3075846632411272bd062f559c2c29	d__Bacteria; p__Bacteroidota; c__Bacteroidia; o__Bacteroidales
d753c4b536a5719c0bed4476904b1294	d__Bacteria
9578920850b6f324a49241b3ae00747f	d__Bacteria
d698bc41f7ceeb179ca10238fe2574ad	d__Bacteria; p__Firmicutes; c__Clostridia; o__Oscillospirales; f__Ruminococcaceae; g__[Eubacterium]_siraeum_group
f2ed37a75882d7855859d38a41503fa3	d__Bacteria; p__Firmicutes; c__Clostridia; o__Oscillospirales; f__Ruminococcaceae
34f5c3fab1f59c06ef9bf3e014d251a0	d__Bacteria; p__Firmicutes; c__Clostridia; o__Oscillospirales; f__Ruminococcaceae; g__[Eubacterium]_siraeum_group
06d3844ebe66125b79391cf2672c69ab	d__Bacteria; p__Firmicutes; c__Clostridia; o__Oscillospirales; f__Ruminococcaceae; g__[Eubacterium]_siraeum_group; s__[Eubacterium]_siraeum
d18817fbb8c2a68c8a0088b26eae0e87	d__Bacteria; p__Firmicutes; c__Clostridia; o__Oscillospirales; f__Ruminococcaceae; g__[Eubacterium]_siraeum_group; s__[Eubacterium]_siraeum
c052709b844f024690a11827c85816d0	d__Bacteria; p__Firmicutes; c__Clostridia; o__Oscillospirales; f__Ruminococcaceae; g__[Eubacterium]_siraeum_group
7314e66074012bce2fddcd3aa1e39886	d__Bacteria; p__Firmicutes; c__Clostridia; o__Oscillospirales; f__Ruminococcaceae; g__[Eubacterium]_siraeum_group
94b70ddd92096fe18b5a7e40d3ec23b5	d__Bacteria; p__Firmicutes; c__Clostridia; o__Oscillospirales; f__Ruminococcaceae; g__[Eubacterium]_siraeum_group; s__[Eubacterium]_siraeum
1fe0e24ac7dda74fae2424370bb8a306	d__Bacteria; p__Firmicutes; c__Clostridia; o__Oscillospirales; f__Ruminococcaceae; g__[Eubacterium]_siraeum_group; s__[Eubacterium]_siraeum
d42c5a19ed75481844771b5e5aaa9bb1	d__Bacteria; p__Firmicutes; c__Clostridia; o__Oscillospirales; f__Ruminococcaceae; g__[Eubacterium]_siraeum_group
a67ca84ce25abbf1eadec32eedac0c25	d__Bacteria; p__Firmicutes; c__Negativicutes; o__Veillonellales-Selenomonadales; f__Veillonellaceae; g__Dialister
834d27f73336d2e4d42a098dbf61cbe6	d__Bacteria; p__Firmicutes; c__Bacilli; o__Erysipelotrichales; f__Erysipelotrichaceae; g__Holdemanella
6bf5001871a8c0976ec32c682e6a4e9b	d__Bacteria; p__Firmicutes; c__Clostridia; o__Oscillospirales; f__Ruminococcaceae; g__[Eubacterium]_siraeum_group; s__unidentified
0769c2dca8786de6ce595987c5502427	d__Bacteria; p__Firmicutes; c__Clostridia; o__Oscillospirales; f__Ruminococcaceae
d7dc45a3852e4f5cc2e1d832846c0540	d__Bacteria; p__Firmicutes; c__Clostridia; o__Oscillospirales; f__Ruminococcaceae
3b4e6df5bcb761f10f9ebb934a7a7c03	d__Bacteria; p__Firmicutes; c__Clostridia; o__Oscillospirales; f__Ruminococcaceae
2ecd19694da1fc7237c2e605bfdb27ce	d__Bacteria; p__Firmicutes; c__Clostridia
01ee79b44740a47c6904f3919c3cfd2e	d__Bacteria; p__Firmicutes; c__Clostridia; o__Clostridia_vadinBB60_group; f__Clostridia_vadinBB60_group; g__Clostridia_vadinBB60_group; s__uncultured_bacterium
c4bf6a6f335c11977f830db2517ec338	d__Bacteria; p__Firmicutes; c__Clostridia; o__Christensenellales; f__Christensenellaceae; g__uncultured; s__uncultured_bacterium
0ec8513f94e5854b4eef64571b35c1cf	d__Bacteria; p__Firmicutes; c__Clostridia; o__Oscillospirales
8c79ec71a80b13d72c64aed5b204f601	d__Bacteria; p__Firmicutes; c__Clostridia; o__Oscillospirales; f__Ruminococcaceae; g__uncultured
7fdbf7d3feee4c77c24807b015a58222	d__Bacteria; p__Firmicutes; c__Clostridia; o__Oscillospirales; f__Ruminococcaceae; g__uncultured
5aac622b0edfff5af9a3dde521601328	d__Bacteria; p__Firmicutes; c__Clostridia; o__Oscillospirales; f__Ruminococcaceae; g__Incertae_Sedis; s__uncultured_bacterium
308c0edf2d90a500ce3206ef1b88f6b2	d__Bacteria; p__Firmicutes; c__Clostridia; o__Oscillospirales; f__Ruminococcaceae; g__uncultured
6296ed655ba77ab022f22bbf176adde2	d__Bacteria; p__Firmicutes; c__Clostridia; o__Oscillospirales; f__Ruminococcaceae; g__Subdoligranulum
addc8c8582593e07aada1de25b18f99f	d__Bacteria; p__Firmicutes; c__Clostridia; o__Oscillospirales; f__Ruminococcaceae
e35373d9c6fa09460ed90b629ce21a3b	d__Bacteria; p__Firmicutes; c__Clostridia; o__Oscillospirales; f__Ruminococcaceae
139b6919e3f85ad98e83b1e00813052f	d__Bacteria; p__Firmicutes
403e417be9c7f7272ef6a4ad50f5d1c6	d__Bacteria; p__Firmicutes; c__Clostridia; o__Clostridia_UCG-014; f__Clostridia_UCG-014; g__Clostridia_UCG-014; s__uncultured_bacterium
c4433a9af16514025ce55d4dadd7af71	d__Bacteria; p__Firmicutes; c__Clostridia; o__Oscillospirales; f__Ruminococcaceae
495a77324530d00202c7f1b2fe45acf3	d__Bacteria; p__Firmicutes; c__Clostridia; o__Oscillospirales; f__Ruminococcaceae
33b7bcaadaa3bbb7c339ab2aecc73db0	d__Bacteria; p__Firmicutes; c__Clostridia; o__Oscillospirales; f__Ruminococcaceae
507d1122509ee2716608684547e89936	d__Bacteria; p__Firmicutes; c__Clostridia; o__Oscillospirales; f__Ruminococcaceae
01a5efb5e826effa40a396d59f606a7e	d__Bacteria; p__Firmicutes; c__Clostridia; o__Oscillospirales; f__Ruminococcaceae
9692b2cbf3eab0235a78712a288a6b18	d__Bacteria; p__Firmicutes; c__Clostridia; o__Oscillospirales
cd571aa1a2b5541c20ef99810c9e9cfc	d__Bacteria; p__Firmicutes; c__Clostridia; o__Oscillospirales; f__[Clostridium]_methylpentosum_group; g__[Clostridium]_methylpentosum_group; s__uncultured_organism
4b425deda12b9d480f3c1209411d1b75	d__Bacteria; p__Bacteroidota; c__Bacteroidia; o__Bacteroidales; f__Bacteroidaceae; g__Bacteroides
612c43dbf20be3a0222608bca4d3c393	d__Bacteria; p__Firmicutes; c__Clostridia; o__Oscillospirales; f__Ruminococcaceae
097a8b80bd491a60e583b3bb0eb184f8	d__Bacteria; p__Firmicutes; c__Clostridia; o__Lachnospirales; f__Lachnospiraceae
555e77a1930eb87ebcf581dd697f5408	d__Bacteria; p__Firmicutes; c__Clostridia; o__Oscillospirales; f__[Clostridium]_methylpentosum_group; g__[Clostridium]_methylpentosum_group
0c46570a42df804acc8dcd1575fa0008	d__Bacteria; p__Firmicutes; c__Clostridia; o__Oscillospirales; f__Oscillospiraceae
532c89322510d3fe246dd000e377444f	d__Bacteria; p__Firmicutes; c__Clostridia; o__Oscillospirales; f__Oscillospiraceae
73b91ea0125a30d6b26a836e6d55cdf1	d__Bacteria; p__Firmicutes; c__Negativicutes; o__Veillonellales-Selenomonadales; f__Veillonellaceae; g__Dialister; s__uncultured_bacterium
34ef6d3d292fdde6ed16b46772feea2f	d__Bacteria; p__Firmicutes; c__Clostridia
3b795f3abf57e80ab9d0380bae24ea9f	d__Bacteria; p__Firmicutes; c__Clostridia
9f6a0931e92833358c43f8e3ef1dc573	d__Bacteria; p__Firmicutes; c__Bacilli; o__RF39; f__RF39; g__RF39
e5edb3736276f2832e5a9bbc77549e06	d__Bacteria; p__Firmicutes
4fbaa9d1d401bbb5567ba6fe88858fe9	d__Bacteria; p__Firmicutes; c__Bacilli
8cd3d5e7f9e043dfd76d3d34af2c7079	d__Bacteria; p__Firmicutes; c__Bacilli; o__RF39; f__RF39; g__RF39
c8781e31ecc98f68946bbd2cefa7361a	d__Bacteria; p__Firmicutes; c__Bacilli; o__RF39; f__RF39; g__RF39
fbaf21112271b4d271f0f38aaa9cd516	d__Bacteria; p__Firmicutes; c__Bacilli; o__RF39; f__RF39; g__RF39; s__metagenome
826df0a460787aa8fffc515046b4d971	d__Bacteria; p__Firmicutes; c__Bacilli; o__RF39; f__RF39; g__RF39; s__metagenome
b29d1ea40881f0308f86250251609b65	d__Bacteria; p__Firmicutes; c__Bacilli; o__RF39; f__RF39; g__RF39; s__metagenome
2f0b7004ffeca13c2e2fdbb6c1c09887	d__Bacteria; p__Firmicutes; c__Bacilli; o__RF39; f__RF39; g__RF39; s__metagenome
1477aa58f931f1a5e13891136bd658a9	d__Bacteria; p__Firmicutes; c__Bacilli; o__RF39; f__RF39; g__RF39; s__metagenome
55da6da397c63ab4da10aa59752b0f98	d__Bacteria; p__Firmicutes; c__Bacilli; o__RF39; f__RF39; g__RF39; s__gut_metagenome
b46acaaa35c069fec07060db35731ce4	d__Bacteria; p__Firmicutes; c__Bacilli; o__RF39; f__RF39; g__RF39; s__gut_metagenome
6a5621cf7b25cd7a0cfa271589e7294d	d__Bacteria; p__Firmicutes; c__Clostridia; o__Oscillospirales; f__Ruminococcaceae
b5b0e103a6e792370ff1510f0a49518b	d__Bacteria; p__Firmicutes; c__Bacilli; o__RF39; f__RF39; g__RF39
cc40caa2bdff02720c332c770f56a408	d__Bacteria; p__Firmicutes; c__Bacilli; o__RF39; f__RF39; g__RF39
60a73a828f9bcd08c18859ffa05f189e	d__Bacteria; p__Firmicutes; c__Bacilli; o__RF39; f__RF39; g__RF39
b7f4bfa1c12a79397be4ea8dbe1e57cf	d__Bacteria; p__Firmicutes; c__Bacilli; o__RF39; f__RF39; g__RF39; s__uncultured_bacterium
38fa2fc2d7a38c14b452f830b55028ff	d__Bacteria; p__Firmicutes; c__Bacilli; o__RF39; f__RF39; g__RF39
702a66b9fa08e037aa25c80081f4012e	d__Bacteria; p__Firmicutes; c__Bacilli; o__RF39; f__RF39; g__RF39
560eacd2769b0b052adefb985000ff60	d__Bacteria; p__Firmicutes; c__Bacilli; o__RF39; f__RF39; g__RF39
c850419ceceacb3aa2bb1b2cd633f70e	d__Bacteria; p__Firmicutes; c__Bacilli; o__RF39; f__RF39; g__RF39; s__uncultured_bacterium
b6646299a1ef81b8ce670918eced8a25	d__Bacteria; p__Firmicutes; c__Bacilli; o__RF39; f__RF39; g__RF39; s__uncultured_bacterium
5bbbea8c0ada2a31e1fcb5b3f41429aa	d__Bacteria; p__Firmicutes
c0def4e54b1ca43a5c6a2c92bcabeead	d__Bacteria; p__Firmicutes; c__Bacilli; o__RF39; f__RF39; g__RF39; s__uncultured_bacterium
98e48603e8842af15ce68ae927e04c28	d__Bacteria; p__Firmicutes; c__Bacilli; o__RF39; f__RF39; g__RF39; s__uncultured_bacterium
205c8fc2a830635096fd06e21d9c64ba	d__Bacteria; p__Firmicutes; c__Bacilli; o__RF39; f__RF39; g__RF39
b8526625658018e184af098f8b86ccad	d__Bacteria; p__Firmicutes; c__Bacilli; o__RF39; f__RF39; g__RF39
89a7d09697ba9fcb6fcf1b79b17ea793	d__Bacteria; p__Firmicutes; c__Bacilli; o__RF39; f__RF39; g__RF39
28d42208fed63d54d4105535e6d1475f	d__Bacteria; p__Firmicutes; c__Bacilli; o__RF39; f__RF39; g__RF39
6fadc10b920f44c78c157c63070f2489	d__Bacteria; p__Firmicutes; c__Bacilli; o__RF39; f__RF39; g__RF39
161df8c4da5361b397263d018ac42b92	d__Bacteria; p__Firmicutes; c__Bacilli; o__RF39; f__RF39; g__RF39
bb50e02b4c77544abb5b4f2c1a05ed7d	d__Bacteria; p__Firmicutes; c__Bacilli; o__RF39; f__RF39; g__RF39; s__human_gut
16fc8e9c168a2966883ed4fcb566732b	d__Bacteria; p__Firmicutes; c__Negativicutes; o__Veillonellales-Selenomonadales; f__Veillonellaceae; g__Dialister; s__uncultured_bacterium
5930fb81a804863aa8f4b91af8e6ab77	d__Bacteria; p__Firmicutes; c__Bacilli; o__RF39; f__RF39; g__RF39; s__human_gut
c54f05036ff26eaf11cb9decfd46e997	d__Bacteria; p__Firmicutes; c__Bacilli; o__RF39; f__RF39; g__RF39; s__human_gut
fddbd0fe668f77803d0164b0ac1aa589	d__Bacteria; p__Firmicutes; c__Bacilli; o__RF39; f__RF39; g__RF39; s__human_gut
053f5d8018d9683abea0253dd5210cf6	d__Bacteria; p__Firmicutes; c__Bacilli; o__RF39; f__RF39; g__RF39; s__human_gut
059803f0bc977c6b0de6ae5a4783c0a4	d__Bacteria; p__Firmicutes; c__Bacilli; o__RF39; f__RF39; g__RF39; s__human_gut
eaf805cb5b2548e8ccd2a39cbd9ea144	d__Bacteria; p__Firmicutes; c__Bacilli; o__RF39; f__RF39; g__RF39; s__human_gut
1699c950f53aa7f5800a52536f3ea8d4	d__Bacteria; p__Firmicutes; c__Bacilli; o__RF39; f__RF39; g__RF39; s__human_gut
90cb56f0b9ad99f60c9ec7cee306aaeb	d__Bacteria; p__Firmicutes; c__Bacilli; o__RF39; f__RF39; g__RF39; s__human_gut
3aaf01b4fbaecaf0f24557cdbbe657d4	d__Bacteria; p__Firmicutes; c__Bacilli; o__RF39; f__RF39; g__RF39
9aee710f25f1991d1045a8d5d0361bbd	d__Bacteria; p__Firmicutes; c__Bacilli; o__RF39; f__RF39; g__RF39; s__human_gut
ac178a52e15107262992be6b4715dcb6	d__Bacteria; p__Firmicutes; c__Bacilli; o__RF39; f__RF39; g__RF39; s__human_gut
257d8a0c0673bff8f8ebb681ff84f0d9	d__Bacteria; p__Firmicutes; c__Bacilli; o__RF39; f__RF39; g__RF39; s__human_gut
0ff0e207cc851bca601b35decafb93ad	d__Bacteria; p__Firmicutes; c__Bacilli; o__RF39; f__RF39; g__RF39
3adfaadcfee10eb50c202cdd307fcd1e	d__Bacteria; p__Firmicutes; c__Bacilli; o__RF39; f__RF39; g__RF39
07949a92b95266943150bff1539d351b	d__Bacteria; p__Firmicutes; c__Bacilli; o__RF39; f__RF39; g__RF39
b96ab12afa7029a3d2ac722845991d97	d__Bacteria; p__Firmicutes; c__Bacilli; o__RF39; f__RF39; g__RF39
9dfc4a4846875363e2d325f78e58b5d8	d__Bacteria; p__Firmicutes; c__Bacilli; o__RF39; f__RF39; g__RF39
92f10973af9f5202d3362f8dbf5b3149	d__Bacteria; p__Firmicutes; c__Bacilli; o__RF39; f__RF39; g__RF39
0b326a88626fd86723fd22a0e45baab4	d__Bacteria; p__Firmicutes; c__Bacilli; o__RF39; f__RF39; g__RF39; s__gut_metagenome
617977e40e92f1c2f4b34148bb6a9b9a	d__Bacteria; p__Firmicutes; c__Bacilli; o__RF39; f__RF39; g__RF39
767fc93b6f55c98392733e7d9e755db3	d__Bacteria; p__Firmicutes; c__Bacilli; o__RF39; f__RF39; g__RF39; s__uncultured_bacterium
b7202b70a29008dfafb019d2ecc35a7b	d__Bacteria; p__Firmicutes; c__Bacilli; o__RF39; f__RF39; g__RF39; s__uncultured_bacterium
f58290d4d58e6103f1a59b692741e75a	d__Bacteria; p__Firmicutes; c__Bacilli; o__RF39; f__RF39; g__RF39; s__uncultured_bacterium
625cdb3d11e0c766a21c55fd55f705c1	d__Bacteria; p__Firmicutes; c__Bacilli; o__RF39; f__RF39; g__RF39
0fa572fe65a506dfaba68212b4d6dd62	d__Bacteria; p__Firmicutes; c__Bacilli; o__RF39; f__RF39; g__RF39; s__uncultured_bacterium
675f84a947f73532c59be7d1034744b2	d__Bacteria; p__Firmicutes; c__Bacilli; o__RF39; f__RF39; g__RF39; s__uncultured_bacterium
295760905fc9a6a15184d7e82733b883	d__Bacteria; p__Firmicutes; c__Bacilli; o__RF39; f__RF39; g__RF39; s__uncultured_bacterium
0dba02b9adc941995f6d8d8dc6493b28	d__Bacteria; p__Firmicutes; c__Bacilli; o__RF39; f__RF39; g__RF39; s__uncultured_bacterium
7ee1aee0ce907736bd8ffc44f394610c	d__Bacteria; p__Firmicutes; c__Bacilli; o__RF39; f__RF39; g__RF39; s__uncultured_bacterium
fd22fd3f4b72a5e1c541e043877b466c	d__Bacteria; p__Firmicutes; c__Bacilli; o__RF39; f__RF39; g__RF39; s__uncultured_bacterium
e907d82fc9dcffd8bfb581357a96badd	d__Bacteria; p__Firmicutes; c__Bacilli; o__RF39; f__RF39; g__RF39; s__uncultured_bacterium
7257893b97bcc5ae18f5543d2f6c2f73	d__Bacteria; p__Firmicutes; c__Bacilli; o__RF39; f__RF39; g__RF39
3b3d8c29295481f6439f91a244e32d3f	d__Bacteria; p__Firmicutes; c__Bacilli; o__RF39; f__RF39; g__RF39
1139a2e15b7ee01d576a7687f3c4424b	d__Bacteria; p__Firmicutes; c__Bacilli; o__RF39; f__RF39; g__RF39; s__uncultured_bacterium
a87bc26676cb5534d36ed9339291c7c2	d__Bacteria; p__Firmicutes; c__Bacilli; o__RF39; f__RF39; g__RF39
24c05400ef36e4c28ef6fe2228ee1707	d__Bacteria; p__Firmicutes; c__Clostridia; o__Clostridia_vadinBB60_group; f__Clostridia_vadinBB60_group; g__Clostridia_vadinBB60_group; s__uncultured_bacterium
39e135f2ba14b68a446f68f6d26f3c78	d__Bacteria; p__Firmicutes; c__Bacilli; o__RF39; f__RF39; g__RF39
83654da037198f198b4879138ec63023	Unassigned
377b21c399ae3a42bb450e2774f3d490	d__Bacteria; p__Firmicutes; c__Clostridia; o__Clostridia_UCG-014; f__Clostridia_UCG-014; g__Clostridia_UCG-014
2368dcee653fdfccab006e44224e51fb	d__Bacteria; p__Firmicutes; c__Clostridia; o__Clostridia_UCG-014; f__Clostridia_UCG-014; g__Clostridia_UCG-014
0e06777c4d07ccb7480dc18eceb8b90d	d__Bacteria; p__Firmicutes; c__Clostridia; o__Lachnospirales; f__Lachnospiraceae
417e897693d60c454e4741d3ca89a02d	d__Bacteria; p__Bacteroidota; c__Bacteroidia; o__Bacteroidales; f__Prevotellaceae; g__Prevotella
903f893faa57761225706358d3ca28fc	d__Bacteria; p__Firmicutes; c__Clostridia
e5be1d7df7e8e855f5a4305227ce07b6	d__Bacteria; p__Firmicutes; c__Clostridia; o__Clostridia_UCG-014; f__Clostridia_UCG-014; g__Clostridia_UCG-014
c13cd755b23380bcaea54479d9544ce3	d__Bacteria; p__Firmicutes; c__Clostridia
c89e44d3b8be8c4f53f97c1d0c32aff9	d__Bacteria; p__Firmicutes; c__Clostridia
d764af0970c7354d606089a9ac6cc522	d__Bacteria; p__Bacteroidota; c__Bacteroidia; o__Bacteroidales; f__Bacteroidaceae; g__Bacteroides
c0fd18ac1204a0e3d42f10779a37ca1c	d__Bacteria; p__Firmicutes; c__Clostridia; o__Clostridia_vadinBB60_group; f__Clostridia_vadinBB60_group; g__Clostridia_vadinBB60_group; s__uncultured_bacterium
f7e3da934b06b4d234923bcaee1ff05a	d__Bacteria; p__Firmicutes; c__Clostridia
f6e96744cc9751ee38c368d774ecfb56	d__Bacteria; p__Firmicutes; c__Clostridia; o__Clostridia_UCG-014; f__Clostridia_UCG-014; g__Clostridia_UCG-014
0a13e9ca809961b367390394f32759c7	d__Bacteria; p__Firmicutes; c__Clostridia; o__Clostridia_UCG-014; f__Clostridia_UCG-014; g__Clostridia_UCG-014; s__gut_metagenome
fad4619a42b21a22f652ef9a8539a147	d__Bacteria; p__Firmicutes; c__Clostridia; o__Clostridia_UCG-014; f__Clostridia_UCG-014; g__Clostridia_UCG-014; s__gut_metagenome
8f9acf90999e24cf974b7d368c21f5af	d__Bacteria; p__Firmicutes; c__Clostridia; o__Clostridia_UCG-014; f__Clostridia_UCG-014; g__Clostridia_UCG-014
8625e8519e2e34ba3045f2afe8da0dc3	d__Bacteria; p__Firmicutes; c__Clostridia; o__Clostridia_UCG-014; f__Clostridia_UCG-014; g__Clostridia_UCG-014
4c1a83eb23b6788c82aace682eca39ba	d__Bacteria; p__Firmicutes; c__Clostridia; o__Clostridia_UCG-014; f__Clostridia_UCG-014; g__Clostridia_UCG-014
e64884c0eda1bcdd075a6b2fa00f3cfb	d__Bacteria; p__Proteobacteria; c__Gammaproteobacteria; o__Burkholderiales
7a313b9d5a87bf3f5b0307137a906f09	d__Bacteria; p__Firmicutes; c__Clostridia; o__Oscillospirales
e65bf801c3a002a55b6b9ff680617cbe	d__Bacteria; p__Firmicutes; c__Clostridia; o__Oscillospirales; f__Ruminococcaceae; g__Subdoligranulum
69b73c904223f953f017ca59f999621c	d__Bacteria; p__Firmicutes; c__Clostridia; o__Clostridia_UCG-014; f__Clostridia_UCG-014; g__Clostridia_UCG-014
d24c13b3493acad095501ee4a4e6defc	d__Bacteria; p__Firmicutes; c__Clostridia; o__Lachnospirales; f__Lachnospiraceae
2350e72302a75c40d3a9d059fb64bf37	d__Bacteria
050c1f4bda7616737ae634344f2a0b2b	d__Bacteria; p__Verrucomicrobiota; c__Verrucomicrobiae; o__Opitutales; f__Puniceicoccaceae; g__uncultured; s__uncultured_bacterium
8a2eefb23a9230c9a218f2a46936b006	d__Bacteria; p__Firmicutes; c__Clostridia; o__Oscillospirales; f__Ruminococcaceae; g__Faecalibacterium
46bdedaa3016f2c2e15504e8f6910725	d__Bacteria; p__Verrucomicrobiota; c__Verrucomicrobiae; o__Opitutales; f__Puniceicoccaceae; g__uncultured; s__metagenome
8b70e3b8a310ec3c8aef1b0c6d884ca2	d__Bacteria; p__Verrucomicrobiota; c__Verrucomicrobiae; o__Verrucomicrobiales; f__Akkermansiaceae; g__Akkermansia
9c9907f6768b379de152a527bdb57409	d__Bacteria; p__Verrucomicrobiota; c__Verrucomicrobiae; o__Opitutales; f__Puniceicoccaceae; g__uncultured; s__metagenome
e289c2d1583c15ef8f9fb3446a5a3531	d__Bacteria; p__Verrucomicrobiota; c__Verrucomicrobiae; o__Opitutales; f__Puniceicoccaceae; g__uncultured; s__metagenome
12465f0df336f7654d7e7141731ea49f	d__Bacteria; p__Firmicutes; c__Clostridia; o__Lachnospirales; f__Lachnospiraceae
1c9e16f1e027bf02b6985d9cabad70f6	d__Bacteria; p__Verrucomicrobiota; c__Verrucomicrobiae; o__Opitutales; f__Puniceicoccaceae; g__uncultured; s__metagenome
1b286a52dec308f8641de5e78e806f72	d__Bacteria; p__Verrucomicrobiota; c__Verrucomicrobiae; o__Opitutales; f__Puniceicoccaceae; g__uncultured; s__metagenome
eb2d29453e41f35222ac2ebae3bbd49f	d__Bacteria
0043bfea4e11f7fb443f62c7a7991ed7	d__Bacteria
391db299c4c6ad3a3ce843ba27dc0c8a	d__Bacteria; p__Firmicutes; c__Clostridia; o__Oscillospirales; f__Ruminococcaceae; g__Faecalibacterium
dae2420dfb3d5772f29869a965e01711	d__Bacteria; p__Verrucomicrobiota; c__Verrucomicrobiae; o__Opitutales; f__Puniceicoccaceae
7791bb2ebe1f4174424e0583647ba720	d__Bacteria; p__Verrucomicrobiota; c__Verrucomicrobiae; o__Opitutales; f__Puniceicoccaceae
d77a320fea271d79c3a6602dcc095a04	d__Bacteria; p__Verrucomicrobiota; c__Verrucomicrobiae; o__Opitutales; f__Puniceicoccaceae; g__uncultured; s__metagenome
9ea776cfac1bef24da0ba563220b5c59	d__Bacteria; p__Firmicutes; c__Clostridia
ff09fd6b5af0a8055528fa0787903c26	d__Bacteria
