Feature ID	Taxon
4087fd91c3e54641f300800e432dad67	d__Bacteria; p__Firmicutes; c__Negativicutes; o__Veillonellales-Selenomonadales; f__Selenomonadaceae; g__Megamonas
540fc0bc274325e0a68dc7ac17a589e2	d__Bacteria; p__Firmicutes; c__Negativicutes; o__Veillonellales-Selenomonadales; f__Selenomonadaceae; g__Megamonas
2e5f90d03cebb117bb28b9fe267fd78f	d__Bacteria; p__Firmicutes; c__Negativicutes; o__Veillonellales-Selenomonadales; f__Selenomonadaceae; g__Megamonas
4ed73bfd0fe8f2b2cb6002504b8dd68f	d__Bacteria; p__Firmicutes; c__Negativicutes; o__Veillonellales-Selenomonadales; f__Selenomonadaceae; g__Megamonas
76d7bb0516615f074816a31ba0197754	d__Bacteria; p__Firmicutes; c__Negativicutes; o__Veillonellales-Selenomonadales; f__Selenomonadaceae; g__Megamonas
52e2ba6e5c3899df05c0293865e5e0e0	d__Bacteria; p__Firmicutes; c__Negativicutes; o__Acidaminococcales; f__Acidaminococcaceae; g__Phascolarctobacterium
28527b907b7a6d331b4bd6513e869f02	d__Bacteria; p__Firmicutes; c__Negativicutes; o__Acidaminococcales; f__Acidaminococcaceae; g__Phascolarctobacterium
856c322fa3ad4e8cc8f738082d32301d	d__Bacteria; p__Firmicutes; c__Negativicutes; o__Acidaminococcales; f__Acidaminococcaceae; g__Phascolarctobacterium
6eff565bcdbb45b610428b7c12916843	d__Bacteria; p__Firmicutes; c__Negativicutes; o__Acidaminococcales; f__Acidaminococcaceae; g__Phascolarctobacterium
c5a5f663d9dcf8829e5a48ada84187b0	d__Bacteria; p__Firmicutes; c__Negativicutes; o__Acidaminococcales; f__Acidaminococcaceae; g__Phascolarctobacterium; s__uncultured_Veillonellaceae
d5930173bc2433c0733bbf4d259e93cf	d__Bacteria; p__Firmicutes; c__Negativicutes; o__Acidaminococcales; f__Acidaminococcaceae; g__Phascolarctobacterium; s__uncultured_Veillonellaceae
f2383f36943f9c4bb267438a3c2da526	d__Bacteria; p__Firmicutes; c__Negativicutes; o__Veillonellales-Selenomonadales; f__Veillonellaceae; g__Veillonella
bd1824aabe5042d4fe5621fb469b7621	d__Bacteria; p__Firmicutes; c__Negativicutes; o__Veillonellales-Selenomonadales; f__Veillonellaceae; g__Megasphaera; s__Megasphaera_micronuciformis
f37a3ae2d3104d1384985f1708685608	d__Bacteria; p__Firmicutes; c__Negativicutes; o__Veillonellales-Selenomonadales; f__Veillonellaceae; g__Veillonella
11d674a17884e44addd495a3945af303	d__Bacteria; p__Firmicutes; c__Negativicutes; o__Veillonellales-Selenomonadales; f__Veillonellaceae; g__Veillonella
998bd9751fd03956cf281c2c136dad4d	d__Bacteria; p__Firmicutes; c__Negativicutes; o__Veillonellales-Selenomonadales; f__Veillonellaceae; g__Veillonella
e1e90ef5e1cf9ada9e4a7a6dfafba798	d__Bacteria; p__Firmicutes; c__Negativicutes; o__Veillonellales-Selenomonadales; f__Veillonellaceae; g__Veillonella
83eecbdfe19c0d29cbed1aa4225ba507	d__Bacteria; p__Firmicutes; c__Negativicutes; o__Veillonellales-Selenomonadales; f__Veillonellaceae; g__Veillonella
1e8a1e0cedd5fd6b332bbf9334755a16	d__Bacteria; p__Firmicutes; c__Negativicutes; o__Veillonellales-Selenomonadales; f__Veillonellaceae; g__Veillonella
7fd3c623c991cc1eee8764dbf3737959	d__Bacteria; p__Firmicutes; c__Negativicutes; o__Veillonellales-Selenomonadales; f__Veillonellaceae; g__Veillonella
7a13c9093962e82054ba56121561fcb2	d__Bacteria; p__Firmicutes; c__Negativicutes; o__Veillonellales-Selenomonadales; f__Veillonellaceae; g__Veillonella
1f838e1bd637e9bc0a6a77487ec1d753	d__Bacteria; p__Firmicutes; c__Negativicutes; o__Veillonellales-Selenomonadales; f__Veillonellaceae; g__Veillonella
13cd547cf8aa6fcc586c798b1c418356	d__Bacteria; p__Firmicutes; c__Negativicutes; o__Veillonellales-Selenomonadales; f__Veillonellaceae; g__Veillonella
331a36e2665e18ac18951c727d847de8	d__Bacteria; p__Firmicutes; c__Negativicutes; o__Veillonellales-Selenomonadales; f__Veillonellaceae; g__Veillonella
ec600c16745a77c6211a1faf831df780	d__Bacteria; p__Firmicutes; c__Negativicutes; o__Veillonellales-Selenomonadales; f__Veillonellaceae; g__Veillonella
45bba17ee5571cfe60751f910a479563	d__Bacteria; p__Firmicutes; c__Negativicutes; o__Veillonellales-Selenomonadales; f__Veillonellaceae; g__Veillonella
6edb553c47e61ad138b80320591114c7	d__Bacteria; p__Firmicutes; c__Negativicutes; o__Veillonellales-Selenomonadales; f__Veillonellaceae; g__Megasphaera; s__Megasphaera_hexanoica
860ad6da8a10c94fd250e5a7f4abe1f5	d__Bacteria; p__Firmicutes; c__Negativicutes; o__Acidaminococcales; f__Acidaminococcaceae; g__Acidaminococcus
f9d3081bd5ddd5a923d3bb6ebeabe5c9	d__Bacteria; p__Firmicutes; c__Negativicutes; o__Acidaminococcales; f__Acidaminococcaceae; g__Acidaminococcus
dbcfab0a70039a05f42d9decfa370432	d__Bacteria; p__Firmicutes; c__Negativicutes; o__Acidaminococcales; f__Acidaminococcaceae; g__Acidaminococcus
efe5578f5ec7cdeb6924e5aa1d74ac0b	d__Bacteria; p__Firmicutes; c__Negativicutes; o__Acidaminococcales; f__Acidaminococcaceae; g__Acidaminococcus
593017de5982af6fb9199890abf54196	d__Bacteria; p__Firmicutes; c__Clostridia; o__Monoglobales; f__Monoglobaceae; g__Monoglobus
5d26017047458aa659f7aade6485b2a0	d__Bacteria; p__Firmicutes; c__Negativicutes; o__Veillonellales-Selenomonadales; f__Veillonellaceae; g__Megasphaera
e4ecee908e427a7ac24847c771beae29	d__Bacteria; p__Firmicutes; c__Negativicutes; o__Veillonellales-Selenomonadales; f__Veillonellaceae; g__Megasphaera
b7bf3f4882430a1d0b401bdc74b3f92c	d__Bacteria; p__Firmicutes; c__Negativicutes; o__Veillonellales-Selenomonadales; f__Veillonellaceae; g__Megasphaera
3d684e549fb9ab268799d4e5862e40c2	d__Bacteria; p__Firmicutes; c__Negativicutes; o__Veillonellales-Selenomonadales; f__Veillonellaceae; g__Megasphaera
507bf610533d5f1a3995749f8705bda8	d__Bacteria; p__Firmicutes; c__Negativicutes; o__Veillonellales-Selenomonadales; f__Selenomonadaceae; g__Mitsuokella
901acb7403f3c220bcc528113de7c757	d__Bacteria; p__Verrucomicrobiota; c__Verrucomicrobiae; o__Verrucomicrobiales; f__Akkermansiaceae; g__Akkermansia
92ef852c7298299684c6776c20d5afa1	d__Bacteria; p__Patescibacteria; c__Saccharimonadia; o__Saccharimonadales; f__Saccharimonadales; g__Saccharimonadales; s__TM7_phylum
0cd79ed63115bc57bb48ba30dafe1c5e	d__Bacteria; p__Patescibacteria; c__Saccharimonadia; o__Saccharimonadales; f__Saccharimonadales; g__Saccharimonadales; s__TM7_phylum
2fa41d6c4c4f4920000d21712af128f4	d__Bacteria; p__Patescibacteria; c__Saccharimonadia; o__Saccharimonadales; f__Saccharimonadaceae; g__TM7x; s__uncultured_bacterium
970af442a0c156f193c733de1a06ccfa	d__Bacteria; p__Patescibacteria; c__Saccharimonadia; o__Saccharimonadales; f__Saccharimonadaceae; g__TM7x; s__uncultured_bacterium
d3cae2364fe22e553a347e14e84af373	d__Bacteria; p__Patescibacteria; c__Saccharimonadia; o__Saccharimonadales; f__Saccharimonadaceae; g__TM7x; s__uncultured_bacterium
bba35f61d91b5e93dde1979ab861e3b7	d__Bacteria; p__Patescibacteria; c__Saccharimonadia; o__Saccharimonadales; f__Saccharimonadaceae; g__Saccharimonadaceae
6ad1790ada7fa2ec83bf0495f8cc06fe	d__Bacteria; p__Patescibacteria; c__Saccharimonadia; o__Saccharimonadales; f__Saccharimonadaceae; g__Saccharimonadaceae
1e09df1f00df747197aeba7a5ac23061	d__Bacteria; p__Firmicutes; c__Bacilli; o__Erysipelotrichales; f__Erysipelatoclostridiaceae; g__Erysipelatoclostridium; s__[Clostridium]_spiroforme
b8783c8846ace3326dc49053c1b7e370	d__Bacteria; p__Firmicutes; c__Bacilli; o__Erysipelotrichales; f__Erysipelatoclostridiaceae; g__Catenibacterium; s__uncultured_bacterium
241c8ab34f774cb38b0d2e19f43c4738	d__Bacteria; p__Firmicutes; c__Bacilli; o__Erysipelotrichales; f__Erysipelatoclostridiaceae; g__Catenibacterium; s__uncultured_bacterium
1e05db640f8f88701eebb9067b1d8111	d__Bacteria; p__Firmicutes; c__Bacilli; o__Erysipelotrichales; f__Erysipelatoclostridiaceae; g__Catenibacterium; s__uncultured_bacterium
1956ce5bc5f7db2001da455f61f98882	d__Bacteria; p__Firmicutes; c__Bacilli; o__Erysipelotrichales; f__Erysipelatoclostridiaceae; g__Erysipelatoclostridium; s__Massiliomicrobiota_timonensis
92b0e85ff6242709a22b7dce3ca624dd	d__Bacteria; p__Firmicutes; c__Bacilli; o__Erysipelotrichales; f__Erysipelatoclostridiaceae; g__Erysipelotrichaceae_UCG-003
de119d32f417dd49042d5f997af62591	d__Bacteria; p__Firmicutes; c__Bacilli; o__Erysipelotrichales; f__Erysipelatoclostridiaceae; g__Erysipelotrichaceae_UCG-003
7e1e4cc10bba31a1e998323a249fb79f	d__Bacteria; p__Firmicutes; c__Bacilli; o__Erysipelotrichales; f__Erysipelatoclostridiaceae; g__Erysipelotrichaceae_UCG-003
c508e71d901c34888ce9aabdd076b8ac	d__Bacteria; p__Firmicutes; c__Bacilli; o__Erysipelotrichales; f__Erysipelatoclostridiaceae; g__Erysipelotrichaceae_UCG-003
fa5761258b8ad6cd5c0b25111b78fd35	d__Bacteria; p__Firmicutes; c__Bacilli; o__Erysipelotrichales; f__Erysipelatoclostridiaceae; g__Erysipelotrichaceae_UCG-003
3177c44b94af4749c822e1bd224142a0	d__Bacteria; p__Firmicutes; c__Bacilli; o__Erysipelotrichales; f__Erysipelatoclostridiaceae; g__Erysipelotrichaceae_UCG-003
91c21891f3fb11a89f5cf6bd33e4333f	d__Bacteria; p__Firmicutes; c__Bacilli; o__Erysipelotrichales; f__Erysipelatoclostridiaceae; g__Coprobacillus
0ba217627add8cf0eb6a0857be35a610	d__Bacteria; p__Firmicutes; c__Bacilli; o__Erysipelotrichales; f__Erysipelatoclostridiaceae; g__Erysipelatoclostridium
cc9bd39e1a43671aaca39ac46a9baec2	d__Bacteria; p__Firmicutes; c__Bacilli; o__Erysipelotrichales; f__Erysipelatoclostridiaceae; g__Erysipelatoclostridium
c28056ce0895ec681c8989091bf4f524	d__Bacteria; p__Firmicutes; c__Bacilli; o__Erysipelotrichales; f__Erysipelotrichaceae; g__Solobacterium
c45a3c50d668992c193aee448b88e70b	d__Bacteria; p__Firmicutes; c__Bacilli; o__Erysipelotrichales; f__Erysipelotrichaceae; g__Solobacterium
2416a77375163d936efe3f73578e907a	d__Bacteria; p__Firmicutes; c__Bacilli; o__Erysipelotrichales; f__Erysipelotrichaceae; g__Holdemania; s__uncultured_bacterium
3a0a0481e108809718aa657b3bcb73d6	d__Bacteria; p__Firmicutes; c__Bacilli; o__Erysipelotrichales; f__Erysipelotrichaceae; g__Holdemania
c105f6f869ccf5ea66effafb2a015563	d__Bacteria; p__Firmicutes; c__Bacilli; o__Erysipelotrichales; f__Erysipelotrichaceae; g__[Clostridium]_innocuum_group
281792d836dc03f382d1aebd3c63da8b	d__Bacteria; p__Firmicutes; c__Bacilli; o__Erysipelotrichales; f__Erysipelotrichaceae; g__Faecalitalea; s__Absiella_argi
df18bd73dfef13c9aa375ae0f08748d5	d__Bacteria; p__Firmicutes; c__Bacilli; o__Erysipelotrichales; f__Erysipelotrichaceae; g__Faecalitalea; s__Absiella_argi
fbd9ecd5cef72932e26d218710e38850	d__Bacteria; p__Firmicutes; c__Bacilli; o__Erysipelotrichales; f__Erysipelotrichaceae; g__Holdemanella
6687d76f236c4b144792db6a2d23298e	d__Bacteria; p__Firmicutes; c__Bacilli; o__Erysipelotrichales; f__Erysipelotrichaceae; g__Holdemanella
a0d1e3d8a8db8d6e1d211bd050b37d99	d__Bacteria; p__Firmicutes; c__Bacilli; o__Erysipelotrichales; f__Erysipelotrichaceae; g__Holdemanella
fc2295f65982cd79b3ada7c859c65411	d__Bacteria; p__Firmicutes; c__Bacilli; o__Erysipelotrichales; f__Erysipelotrichaceae; g__Holdemanella; s__uncultured_bacterium
68674e35b4754c784204972a4db27e5c	d__Bacteria; p__Firmicutes; c__Bacilli; o__Erysipelotrichales; f__Erysipelotrichaceae; g__Holdemanella; s__uncultured_bacterium
4eee58397359f2f1892c581b77296ff5	d__Bacteria; p__Firmicutes; c__Bacilli; o__Erysipelotrichales; f__Erysipelotrichaceae; g__Holdemanella; s__uncultured_bacterium
900c56a814a4a2267c27fa4ffbc77744	d__Bacteria; p__Bacteroidota; c__Bacteroidia; o__Bacteroidales; f__Muribaculaceae; g__Muribaculaceae; s__uncultured_bacterium
ff84357cd2800b46b954d8a56ef0a98a	d__Bacteria; p__Bacteroidota; c__Bacteroidia; o__Bacteroidales; f__Muribaculaceae; g__Muribaculaceae; s__uncultured_bacterium
9d0618160b404d24143b80b8342563aa	d__Bacteria; p__Bacteroidota; c__Bacteroidia; o__Bacteroidales; f__Muribaculaceae; g__Muribaculaceae; s__uncultured_bacterium
674bff413974e50b1dabea34920cced0	d__Bacteria; p__Bacteroidota; c__Bacteroidia; o__Bacteroidales; f__Rikenellaceae; g__Alistipes
445da4cd2e23101a2dc23ba97eef3855	d__Bacteria; p__Bacteroidota; c__Bacteroidia; o__Bacteroidales; f__Prevotellaceae; g__Prevotella
4e75f710f804d9ee1c64764a40d7524a	d__Bacteria; p__Bacteroidota; c__Bacteroidia; o__Bacteroidales; f__Prevotellaceae; g__Prevotella
91e2b90c67b77600c5a29747d19e051c	d__Bacteria; p__Bacteroidota; c__Bacteroidia; o__Bacteroidales; f__Prevotellaceae; g__Prevotella
bde50c61ac6c4631d7e62290dc906ea6	d__Bacteria; p__Bacteroidota; c__Bacteroidia; o__Bacteroidales; f__Prevotellaceae; g__Prevotella; s__Prevotella_stercorea
094e6c3b958dfd00c901498e9a5a9f8b	d__Bacteria; p__Bacteroidota; c__Bacteroidia; o__Bacteroidales; f__Prevotellaceae; g__Prevotella; s__Prevotella_stercorea
bf99d299550423aa6621698c0da9160f	d__Bacteria; p__Bacteroidota; c__Bacteroidia; o__Bacteroidales; f__Barnesiellaceae; g__Barnesiella
cf37acc387debb24cd2358a825d30410	d__Bacteria; p__Bacteroidota; c__Bacteroidia; o__Bacteroidales; f__Barnesiellaceae; g__Barnesiella
0de1f9c6d5a0c9641a3dc6e73bab99ed	d__Bacteria; p__Bacteroidota; c__Bacteroidia; o__Bacteroidales; f__Prevotellaceae; g__Prevotella
09f433aa2a6765b23f7a7cccc69e2c80	d__Bacteria; p__Bacteroidota; c__Bacteroidia; o__Bacteroidales; f__Prevotellaceae; g__Prevotella; s__Prevotella_bivia
4608d0259813d6f1e695687a4f501b63	d__Bacteria; p__Bacteroidota; c__Bacteroidia; o__Bacteroidales; f__Prevotellaceae; g__Prevotella; s__Prevotella_copri
7144668486f8ca507dafe3e868e685ef	d__Bacteria; p__Bacteroidota; c__Bacteroidia; o__Bacteroidales; f__Prevotellaceae; g__Prevotella
8a96620339c7752573ab5a0d4e07f615	d__Bacteria; p__Bacteroidota; c__Bacteroidia; o__Bacteroidales; f__Prevotellaceae; g__Prevotella
bd72f311b0fe85d73cdc3a6d0cdb5066	d__Bacteria; p__Bacteroidota; c__Bacteroidia; o__Bacteroidales; f__Prevotellaceae; g__Prevotella
37c71813c431883310663543f0dfbfed	d__Bacteria; p__Bacteroidota; c__Bacteroidia; o__Bacteroidales; f__Prevotellaceae; g__Prevotella
5ea2150b80a5ffa781a74d3bf8f1a207	d__Bacteria; p__Bacteroidota; c__Bacteroidia; o__Bacteroidales; f__Prevotellaceae; g__Prevotella
cbd0f2edb7032c66ac4cd32aea3f807c	d__Bacteria; p__Bacteroidota; c__Bacteroidia; o__Bacteroidales; f__Prevotellaceae; g__Prevotella
d13b4c13cab415164f55a684d2ef024a	d__Bacteria; p__Bacteroidota; c__Bacteroidia; o__Bacteroidales; f__Prevotellaceae; g__Prevotella
ec62d8ecb95574e61e8fe25e58d22c61	d__Bacteria; p__Bacteroidota; c__Bacteroidia; o__Bacteroidales; f__Prevotellaceae; g__Prevotella
9a9f472c16e1a0626744fe5092cfa27d	d__Bacteria; p__Bacteroidota; c__Bacteroidia; o__Bacteroidales; f__Prevotellaceae; g__Prevotella
10a20d474ba0ed40c6ba0a4d852bc719	d__Bacteria; p__Bacteroidota; c__Bacteroidia; o__Bacteroidales; f__Prevotellaceae; g__Prevotella
fe44d49d2462e8fd5ab51235fdafa8b5	d__Bacteria; p__Bacteroidota; c__Bacteroidia; o__Bacteroidales; f__Bacteroidaceae; g__Bacteroides
6113772e5e7902776f30c44faa32c495	d__Bacteria
e3cbcbd377532dd5fc2b547ad8c3d64e	d__Bacteria; p__Bacteroidota; c__Bacteroidia; o__Bacteroidales; f__Marinifilaceae
16530a7ee83888c00248581a8619cb33	d__Bacteria; p__Bacteroidota; c__Bacteroidia; o__Bacteroidales; f__Prevotellaceae
4dba10e2b431b749e107e60e3d0d6a32	d__Bacteria; p__Bacteroidota; c__Bacteroidia; o__Bacteroidales; f__Prevotellaceae; g__Prevotella
622afdfb346690b81cbe395e765ce596	d__Bacteria; p__Bacteroidota; c__Bacteroidia; o__Bacteroidales; f__Muribaculaceae; g__Muribaculaceae
4d1aad1561f5bbcd3bdb7ed37c6e20e0	d__Bacteria; p__Bacteroidota; c__Bacteroidia; o__Bacteroidales; f__Prevotellaceae; g__Prevotellaceae_NK3B31_group; s__uncultured_organism
f725c90e469fcffb7aa78bd6a08cbe93	d__Bacteria; p__Bacteroidota; c__Bacteroidia; o__Bacteroidales; f__Marinifilaceae; g__Butyricimonas
5eff10d7c844264b072763da0c221ade	d__Bacteria; p__Bacteroidota; c__Bacteroidia; o__Bacteroidales; f__Marinifilaceae; g__Odoribacter; s__Odoribacter_splanchnicus
1126ed913a0cd0612de4ab6da5ab389b	d__Bacteria; p__Bacteroidota; c__Bacteroidia; o__Bacteroidales; f__Marinifilaceae; g__Odoribacter; s__Odoribacter_splanchnicus
b4c304eff22d3dbaaee1ec0901f998d7	d__Bacteria; p__Bacteroidota; c__Bacteroidia; o__Bacteroidales; f__Marinifilaceae; g__Odoribacter; s__Odoribacter_splanchnicus
c29342e35bf6803da3a2c204da253ebf	d__Bacteria; p__Firmicutes; c__Bacilli; o__Lactobacillales; f__Lactobacillaceae; g__Lactobacillus; s__Lactobacillus_mucosae
0f83a0760f9121d8ac561a5a928ecffb	d__Bacteria; p__Firmicutes; c__Bacilli; o__Lactobacillales; f__Lactobacillaceae; g__Lactobacillus
07327c4fe1e9a09c384d3fa46c76df03	d__Bacteria; p__Firmicutes; c__Clostridia; o__Lachnospirales; f__Lachnospiraceae
5c0a883d964e8b4ce9a3588c74f6b0cd	d__Bacteria; p__Firmicutes; c__Bacilli; o__Lactobacillales; f__Streptococcaceae; g__Streptococcus
93cc02274910e35d03af9e3d914ef860	d__Bacteria; p__Firmicutes; c__Bacilli; o__Lactobacillales; f__Streptococcaceae; g__Streptococcus
68f90117cecafb2bae1f329881fb5841	d__Bacteria; p__Firmicutes; c__Bacilli; o__Lactobacillales; f__Streptococcaceae; g__Streptococcus
ad0f99fc5697a5f9eb81b1b016613d96	d__Bacteria; p__Firmicutes; c__Negativicutes; o__Veillonellales-Selenomonadales; f__Selenomonadaceae; g__Mitsuokella
37e63b8f792ed452718beb4b5c220fc1	d__Bacteria; p__Firmicutes; c__Negativicutes; o__Veillonellales-Selenomonadales; f__Selenomonadaceae; g__Mitsuokella; s__uncultured_bacterium
7ace53318e43d77c49cfb37ad5f11a38	d__Bacteria; p__Firmicutes; c__Negativicutes; o__Veillonellales-Selenomonadales; f__Selenomonadaceae; g__Mitsuokella
75ea7b49f3fc69443084ca27c02f8a34	d__Bacteria; p__Firmicutes; c__Negativicutes; o__Veillonellales-Selenomonadales; f__Selenomonadaceae; g__Mitsuokella
7410ffa002248786f4207b19ce3e7362	d__Bacteria; p__Firmicutes; c__Negativicutes; o__Veillonellales-Selenomonadales; f__Selenomonadaceae; g__Mitsuokella
408cfe949bfab2305f118471cd5c5509	d__Bacteria; p__Firmicutes; c__Negativicutes; o__Veillonellales-Selenomonadales; f__Selenomonadaceae; g__Mitsuokella
8c5be1da036db058c88b789ca89cd5fa	d__Bacteria; p__Firmicutes; c__Negativicutes; o__Veillonellales-Selenomonadales; f__Selenomonadaceae; g__Mitsuokella
3fdfb41a4d3ef363035edacc1b1f5044	d__Bacteria; p__Firmicutes; c__Negativicutes; o__Veillonellales-Selenomonadales; f__Selenomonadaceae; g__Mitsuokella
c1f8ff181b6facd5d8f3e6d6b05f4676	d__Bacteria; p__Firmicutes; c__Negativicutes; o__Veillonellales-Selenomonadales; f__Selenomonadaceae; g__Mitsuokella
e871271fd752b76395c216654a8a794a	d__Bacteria; p__Firmicutes; c__Clostridia; o__Lachnospirales; f__Lachnospiraceae; g__Lachnospiraceae_UCG-010; s__uncultured_bacterium
22009b2cacf6d939629a0c5da8278449	d__Bacteria; p__Firmicutes; c__Clostridia; o__Lachnospirales; f__Lachnospiraceae; g__Lachnospiraceae_UCG-010; s__uncultured_bacterium
343b29024e440700bbc1aad5f19e3757	d__Bacteria; p__Firmicutes; c__Clostridia; o__Lachnospirales; f__Lachnospiraceae; g__Howardella
f45897377b1dd23ee4b4119fdae067f3	d__Bacteria; p__Firmicutes; c__Clostridia; o__Oscillospirales; f__Oscillospiraceae; g__UCG-003
0f37c7a0d55f7f4c7cb63fe22b4746ac	d__Bacteria; p__Firmicutes; c__Clostridia; o__Oscillospirales; f__Oscillospiraceae; g__UCG-003
6645ce402617ef28de2abed92667c44f	d__Bacteria; p__Actinobacteriota; c__Actinobacteria; o__Actinomycetales; f__Actinomycetaceae; g__Actinomyces
ea092ccbde5595ff11f831184083eeb8	d__Bacteria; p__Actinobacteriota; c__Actinobacteria; o__Actinomycetales; f__Actinomycetaceae; g__Actinomyces
40353ba775840909ede3e6392073179d	d__Bacteria; p__Actinobacteriota; c__Actinobacteria; o__Actinomycetales; f__Actinomycetaceae; g__Actinomyces
fc0928612fb327f5420a85acc0376cb6	d__Bacteria; p__Actinobacteriota; c__Actinobacteria; o__Bifidobacteriales; f__Bifidobacteriaceae; g__Bifidobacterium
efea7be63a3cb48b8f1b718e9ef931e2	d__Bacteria; p__Actinobacteriota; c__Actinobacteria; o__Bifidobacteriales; f__Bifidobacteriaceae; g__Bifidobacterium
78abefea7635261d37a907870417e079	d__Bacteria; p__Actinobacteriota; c__Actinobacteria; o__Bifidobacteriales; f__Bifidobacteriaceae; g__Bifidobacterium
59651a74b0d922c568fe45f23cd32c9d	d__Bacteria; p__Actinobacteriota; c__Actinobacteria; o__Bifidobacteriales; f__Bifidobacteriaceae; g__Bifidobacterium
acea0c46b62584dc1f208595f85233d8	d__Bacteria; p__Actinobacteriota; c__Actinobacteria; o__Bifidobacteriales; f__Bifidobacteriaceae; g__Bifidobacterium
40711ae3b796030efe9a1f5099c6b66d	d__Bacteria; p__Actinobacteriota; c__Actinobacteria; o__Bifidobacteriales; f__Bifidobacteriaceae; g__Bifidobacterium
102edc9b2cacd4c48be9a3e97931b469	d__Bacteria; p__Actinobacteriota; c__Actinobacteria; o__Bifidobacteriales; f__Bifidobacteriaceae; g__Bifidobacterium
46f4972ae2ceec28cf9362c424620c77	d__Bacteria; p__Actinobacteriota; c__Actinobacteria; o__Bifidobacteriales; f__Bifidobacteriaceae; g__Bifidobacterium
cc35a5cf7402c051dd5f87b475c0094d	d__Bacteria; p__Actinobacteriota; c__Actinobacteria; o__Bifidobacteriales; f__Bifidobacteriaceae; g__Bifidobacterium
b5c4cc95866c96cc97e89bc9ce8ac397	d__Bacteria; p__Bacteroidota; c__Bacteroidia; o__Bacteroidales; f__Rikenellaceae; g__Alistipes; s__Alistipes_indistinctus
40019e5ce6d11c23e5874fc872f7b941	d__Bacteria; p__Bacteroidota; c__Bacteroidia; o__Bacteroidales; f__Rikenellaceae; g__Alistipes; s__Alistipes_sp.
de7899da3de9981cf2943f8140816c09	d__Bacteria; p__Firmicutes; c__Clostridia; o__Lachnospirales; f__Lachnospiraceae
60f400f3baefddd3fb04b29a273b11a5	d__Bacteria; p__Firmicutes; c__Clostridia; o__Lachnospirales; f__Lachnospiraceae
27c8f1a70f3107afef71f43ce42bcb85	d__Bacteria; p__Bacteroidota; c__Bacteroidia; o__Bacteroidales; f__Porphyromonadaceae; g__Porphyromonas; s__Porphyromonas_bennonis
1c29125d47114e51c3b364bdb7cf6823	d__Bacteria; p__Actinobacteriota; c__Actinobacteria; o__Micrococcales; f__Micrococcaceae; g__Rothia
005ef2d6dcbc83849d2a5a4cbb1d5c1a	d__Bacteria; p__Actinobacteriota; c__Actinobacteria; o__Micrococcales; f__Micrococcaceae; g__Rothia
ab70304e34e9b98fe3b8ca4b6f50c89a	d__Bacteria; p__Actinobacteriota; c__Coriobacteriia; o__Coriobacteriales; f__Eggerthellaceae; g__Slackia; s__Slackia_piriformis
55866e2a695398745aa11660faac9520	d__Bacteria; p__Actinobacteriota; c__Coriobacteriia; o__Coriobacteriales; f__Eggerthellaceae; g__Senegalimassilia; s__uncultured_bacterium
285e7edcab42e8f3c6fd2c5405eb7a7c	d__Bacteria; p__Actinobacteriota; c__Coriobacteriia; o__Coriobacteriales; f__Eggerthellaceae; g__Slackia; s__Slackia_isoflavoniconvertens
472b67782f0b2b2666a457cfa2f6f1ee	d__Bacteria; p__Actinobacteriota; c__Coriobacteriia; o__Coriobacteriales; f__Coriobacteriaceae; g__Collinsella
74624db1efce38b1b9601f1fa523fdb3	d__Bacteria; p__Actinobacteriota; c__Coriobacteriia; o__Coriobacteriales; f__Coriobacteriaceae; g__Collinsella
11c31a9da845e48322ace601cc7d7f4d	d__Bacteria; p__Actinobacteriota; c__Coriobacteriia; o__Coriobacteriales; f__Eggerthellaceae; g__Cryptobacterium
8e2ba347c9656a9efc6dc1809ec6b61f	d__Bacteria; p__Actinobacteriota; c__Coriobacteriia; o__Coriobacteriales; f__Atopobiaceae; g__Olsenella
517436af7512aa48aec4e652099c5792	d__Bacteria; p__Actinobacteriota; c__Coriobacteriia; o__Coriobacteriales; f__Atopobiaceae; g__Olsenella
ad3c295105eeb62a95eeb898538d91b0	d__Bacteria; p__Actinobacteriota; c__Coriobacteriia; o__Coriobacteriales; f__Coriobacteriales_Incertae_Sedis; g__uncultured; s__uncultured_organism
379e1d14580a442ad725931bf06c30b7	d__Bacteria; p__Actinobacteriota; c__Coriobacteriia; o__Coriobacteriales; f__Coriobacteriales_Incertae_Sedis; g__uncultured; s__uncultured_organism
7f4339d91834bdbc2f8c71c57e8a21f5	d__Bacteria; p__Bacteroidota; c__Bacteroidia; o__Bacteroidales; f__Bacteroidaceae; g__Bacteroides; s__Bacteroides_massiliensis
ec344d81304d133db275c29180426210	d__Bacteria; p__Bacteroidota; c__Bacteroidia; o__Bacteroidales; f__Bacteroidaceae; g__Bacteroides; s__Bacteroides_massiliensis
40a5aed4feacb6f96f445a5c8819a547	d__Bacteria; p__Bacteroidota; c__Bacteroidia; o__Bacteroidales; f__Bacteroidaceae; g__Bacteroides; s__Bacteroides_massiliensis
1745393524c808800994c128a5f6890c	d__Bacteria; p__Bacteroidota; c__Bacteroidia; o__Bacteroidales; f__Bacteroidaceae; g__Bacteroides; s__Bacteroides_stercoris
dd9cff32ea754437a4e9370300304f72	d__Bacteria; p__Bacteroidota; c__Bacteroidia; o__Bacteroidales; f__Bacteroidaceae; g__Bacteroides; s__Bacteroides_stercoris
ddcdfde3e27d72ae960bcdbe795325ef	d__Bacteria; p__Bacteroidota; c__Bacteroidia; o__Bacteroidales; f__Bacteroidaceae; g__Bacteroides; s__Bacteroides_stercoris
88f8db90a2ee6b67443ebdb83eb401b8	d__Bacteria; p__Bacteroidota; c__Bacteroidia; o__Bacteroidales; f__Bacteroidaceae; g__Bacteroides; s__Bacteroides_stercoris
c58d49274de2dadc101528dbf129a462	d__Bacteria; p__Bacteroidota; c__Bacteroidia; o__Bacteroidales; f__Bacteroidaceae; g__Bacteroides; s__Bacteroides_stercoris
215880bbe01a742279c8d328b2e2cafe	d__Bacteria; p__Bacteroidota; c__Bacteroidia; o__Bacteroidales; f__Bacteroidaceae; g__Bacteroides; s__Bacteroides_stercoris
64f0a626f78a648a7376cdf2d38c94c8	d__Bacteria; p__Bacteroidota; c__Bacteroidia; o__Bacteroidales; f__Bacteroidaceae; g__Bacteroides; s__Bacteroides_stercoris
2e7ac6ff6423d729beb61bc6b56aa1d3	d__Bacteria; p__Bacteroidota; c__Bacteroidia; o__Bacteroidales; f__Bacteroidaceae; g__Bacteroides
04acc7bcc7816c3288eeb99ef8212ab6	d__Bacteria; p__Bacteroidota; c__Bacteroidia; o__Bacteroidales; f__Bacteroidaceae; g__Bacteroides; s__Bacteroides_clarus
a5b1c4b107f61e79a8e6a5584310e4ce	d__Bacteria; p__Bacteroidota; c__Bacteroidia; o__Bacteroidales; f__Bacteroidaceae; g__Bacteroides
86533137c2f476394af1b278725bcd5f	d__Bacteria; p__Bacteroidota; c__Bacteroidia; o__Bacteroidales; f__Bacteroidaceae; g__Bacteroides
5d03a2d49bf210572e3facafac6e1a47	d__Bacteria; p__Bacteroidota; c__Bacteroidia; o__Bacteroidales; f__Bacteroidaceae; g__Bacteroides
deaa3e7987bd85dd9f50115c66a421bf	d__Bacteria; p__Bacteroidota; c__Bacteroidia; o__Bacteroidales; f__Bacteroidaceae; g__Bacteroides
8262768ecb5cccf647442a43cf657294	d__Bacteria; p__Bacteroidota; c__Bacteroidia; o__Bacteroidales; f__Bacteroidaceae; g__Bacteroides
346532f136f243e8312c6ae37c54e0da	d__Bacteria; p__Bacteroidota; c__Bacteroidia; o__Bacteroidales; f__Bacteroidaceae; g__Bacteroides
81b83c45365c941a4d1e55ddc184be99	d__Bacteria; p__Bacteroidota; c__Bacteroidia; o__Bacteroidales; f__Bacteroidaceae; g__Bacteroides
75fad1ae15dbb34aa31165a0434eef0b	d__Bacteria; p__Bacteroidota; c__Bacteroidia; o__Bacteroidales; f__Bacteroidaceae; g__Bacteroides
fe9eb562b84af5b30d645bc6340affa6	d__Bacteria; p__Bacteroidota; c__Bacteroidia; o__Bacteroidales; f__Bacteroidaceae; g__Bacteroides; s__Bacteroides_eggerthii
f14047f6e8572f0ead1054e3781d19c4	d__Bacteria; p__Bacteroidota; c__Bacteroidia; o__Bacteroidales; f__Bacteroidaceae; g__Bacteroides; s__Bacteroides_eggerthii
13438de5b7f4cb3dd98896539bbdc8e2	d__Bacteria; p__Bacteroidota; c__Bacteroidia; o__Bacteroidales; f__Bacteroidaceae; g__Bacteroides; s__Bacteroides_eggerthii
3bb593a4e7cfad6a3e88b2a6f1db8b3f	d__Bacteria; p__Bacteroidota; c__Bacteroidia; o__Bacteroidales; f__Bacteroidaceae; g__Bacteroides
ef42adf825a4f508ac2b95eb1b34d924	d__Bacteria; p__Bacteroidota; c__Bacteroidia; o__Bacteroidales; f__Bacteroidaceae; g__Bacteroides
55c63c72beb2542b26344e4e4f5e7c59	d__Bacteria; p__Bacteroidota; c__Bacteroidia; o__Bacteroidales; f__Bacteroidaceae; g__Bacteroides
878876599b08a32c1f7b820231333b0b	d__Bacteria; p__Bacteroidota; c__Bacteroidia; o__Bacteroidales; f__Bacteroidaceae; g__Bacteroides
98e53d4499673731b3972f3152dd78f0	d__Bacteria; p__Bacteroidota; c__Bacteroidia; o__Bacteroidales; f__Bacteroidaceae; g__Bacteroides
d123759ad095dcc1b685579f2e9a6258	d__Bacteria; p__Bacteroidota; c__Bacteroidia; o__Bacteroidales; f__Bacteroidaceae; g__Bacteroides
938ab2ef6147b9d6a1336cd9bf053199	d__Bacteria; p__Bacteroidota; c__Bacteroidia; o__Bacteroidales; f__Bacteroidaceae; g__Bacteroides
6376562b1772f3b263cd5482517fe84f	d__Bacteria; p__Bacteroidota; c__Bacteroidia; o__Bacteroidales; f__Bacteroidaceae; g__Bacteroides
8b3540350b9d733f399f5cecc4e9c717	d__Bacteria; p__Bacteroidota; c__Bacteroidia; o__Bacteroidales; f__Bacteroidaceae; g__Bacteroides
d952b7e8b1b4c9b168bdef0ccfd15406	d__Bacteria; p__Bacteroidota; c__Bacteroidia; o__Bacteroidales; f__Bacteroidaceae; g__Bacteroides
47256f1c0acb2c505120343816af410b	d__Bacteria; p__Bacteroidota; c__Bacteroidia; o__Bacteroidales; f__Bacteroidaceae; g__Bacteroides
cd37e42cbd7a52270df0db0b02bbfbb7	d__Bacteria; p__Bacteroidota; c__Bacteroidia; o__Bacteroidales; f__Bacteroidaceae; g__Bacteroides
e9f2c71ce972047a169eba64d4a8a7bf	d__Bacteria; p__Bacteroidota; c__Bacteroidia; o__Bacteroidales; f__Bacteroidaceae; g__Bacteroides
770b24e62d973b57b03933b49941a2fe	d__Bacteria; p__Bacteroidota; c__Bacteroidia; o__Bacteroidales; f__Bacteroidaceae; g__Bacteroides
bf5016777982ce0037c7ebfdf606dada	d__Bacteria; p__Bacteroidota; c__Bacteroidia; o__Bacteroidales; f__Bacteroidaceae; g__Bacteroides
f8d681aa36529b9deb685878c9fd4fff	d__Bacteria; p__Bacteroidota; c__Bacteroidia; o__Bacteroidales; f__Bacteroidaceae; g__Bacteroides
26e70f0d487d4036a85db1fc55ca53ea	d__Bacteria; p__Bacteroidota; c__Bacteroidia; o__Bacteroidales; f__Bacteroidaceae; g__Bacteroides
8d3ef3d6f01e520cb1ec7bc355c93236	d__Bacteria; p__Bacteroidota; c__Bacteroidia; o__Bacteroidales; f__Bacteroidaceae; g__Bacteroides
ee25146fd069222f4a86b0f3e667f1f6	d__Bacteria; p__Bacteroidota; c__Bacteroidia; o__Bacteroidales; f__Bacteroidaceae; g__Bacteroides
85c8430685a37b48b40ef01de3937336	d__Bacteria; p__Bacteroidota; c__Bacteroidia; o__Bacteroidales; f__Bacteroidaceae; g__Bacteroides
62e48e3c73f83ed53ba680d3e35cfc77	d__Bacteria; p__Bacteroidota; c__Bacteroidia; o__Bacteroidales; f__Bacteroidaceae; g__Bacteroides
6dc73ba557d465b79cadfbde058d2900	d__Bacteria; p__Bacteroidota; c__Bacteroidia; o__Bacteroidales; f__Bacteroidaceae; g__Bacteroides
bb929fb18e87367a726d8d10e93d090e	d__Bacteria; p__Bacteroidota; c__Bacteroidia; o__Bacteroidales; f__Bacteroidaceae; g__Bacteroides
965c3faa8ac15617bc300cbec0ecc2bc	d__Bacteria; p__Bacteroidota; c__Bacteroidia; o__Bacteroidales; f__Bacteroidaceae; g__Bacteroides
ad6de7b09c655d27b6e026af011e64c6	d__Bacteria; p__Bacteroidota; c__Bacteroidia; o__Bacteroidales; f__Bacteroidaceae; g__Bacteroides; s__Bacteroides_coprocola
3fd5b6ee3c656cdf5b479930710464e0	d__Bacteria; p__Bacteroidota; c__Bacteroidia; o__Bacteroidales; f__Bacteroidaceae; g__Bacteroides; s__Bacteroides_coprocola
27ee56e9b0d7877db143994d28d184fe	d__Bacteria; p__Bacteroidota; c__Bacteroidia; o__Bacteroidales; f__Bacteroidaceae; g__Bacteroides; s__Bacteroides_coprocola
dee31042ab6950b2c43a95a4f1559fc5	d__Bacteria; p__Bacteroidota; c__Bacteroidia; o__Bacteroidales; f__Bacteroidaceae; g__Bacteroides; s__Bacteroides_plebeius
87f231776d54f5fa9604e1d4c06430eb	d__Bacteria; p__Bacteroidota; c__Bacteroidia; o__Bacteroidales; f__Bacteroidaceae; g__Bacteroides; s__Bacteroides_plebeius
c226df0d7556799aa3c1766d61fde9ff	d__Bacteria; p__Bacteroidota; c__Bacteroidia; o__Bacteroidales; f__Bacteroidaceae; g__Bacteroides; s__Bacteroides_plebeius
c1069a5a08d3aed30f482f2842a9a542	d__Bacteria; p__Bacteroidota; c__Bacteroidia; o__Bacteroidales; f__Tannerellaceae; g__Parabacteroides
baf6d5a55c4e329897b9aee0749ceac3	d__Bacteria; p__Bacteroidota; c__Bacteroidia; o__Bacteroidales; f__Bacteroidaceae; g__Bacteroides; s__Bacteroides_plebeius
f1e627162dce6a3733809fa16cffe620	d__Bacteria; p__Bacteroidota; c__Bacteroidia; o__Bacteroidales; f__Bacteroidaceae; g__Bacteroides; s__Bacteroides_plebeius
b54ee41443e16ac30f8a13ec9bbf45ac	d__Bacteria; p__Bacteroidota; c__Bacteroidia; o__Bacteroidales; f__Bacteroidaceae; g__Bacteroides; s__Bacteroides_plebeius
d1887e1dd438935086b25ab41d097e37	d__Bacteria; p__Bacteroidota; c__Bacteroidia; o__Bacteroidales; f__Bacteroidaceae; g__Bacteroides
dff8394182bf9665f4c0e0c1069b117b	d__Bacteria; p__Bacteroidota; c__Bacteroidia; o__Bacteroidales; f__Bacteroidaceae; g__Bacteroides
e8fc435e5059069b56d8ca3fa8800043	d__Bacteria; p__Bacteroidota; c__Bacteroidia; o__Bacteroidales; f__Bacteroidaceae; g__Bacteroides
d19f134f06206effd707b424d5a5e9d4	d__Bacteria; p__Bacteroidota; c__Bacteroidia; o__Bacteroidales; f__Bacteroidaceae; g__Bacteroides
7f39cf12688ab83a574622ad0a673bd8	d__Bacteria; p__Bacteroidota; c__Bacteroidia; o__Bacteroidales; f__Bacteroidaceae; g__Bacteroides
f23fc10d448ca3edc444da516621869b	d__Bacteria; p__Bacteroidota; c__Bacteroidia; o__Bacteroidales; f__Bacteroidaceae; g__Bacteroides
1545153358c20e882f517787fd111d73	d__Bacteria; p__Bacteroidota; c__Bacteroidia; o__Bacteroidales; f__Bacteroidaceae; g__Bacteroides
8c85c2300cf1b11197a00f4baecd68ca	d__Bacteria; p__Bacteroidota; c__Bacteroidia; o__Bacteroidales; f__Bacteroidaceae; g__Bacteroides
c01a8d1cd0d4ab65abbf505009a7c3c0	d__Bacteria; p__Bacteroidota; c__Bacteroidia; o__Bacteroidales; f__Bacteroidaceae; g__Bacteroides
9a94cd196e61d869cd43c3d2af258765	d__Bacteria; p__Bacteroidota; c__Bacteroidia; o__Bacteroidales; f__Bacteroidaceae; g__Bacteroides
3877fd2b3e5a9337072deaeb142aaf0d	d__Bacteria; p__Bacteroidota; c__Bacteroidia; o__Bacteroidales; f__Bacteroidaceae; g__Bacteroides
db9559864e7d0a9d32912f6db40ac90a	d__Bacteria; p__Bacteroidota; c__Bacteroidia; o__Bacteroidales; f__Bacteroidaceae; g__Bacteroides
cb4a1482333c42eb7d1e507f49e88962	d__Bacteria; p__Bacteroidota; c__Bacteroidia; o__Bacteroidales; f__Tannerellaceae; g__Parabacteroides
a31bde74cb09a00fa5a7f14acf5544c9	d__Bacteria; p__Bacteroidota; c__Bacteroidia; o__Bacteroidales; f__Bacteroidaceae; g__Bacteroides
ce5b01d6b5d8d626a71277355e58cc50	d__Bacteria; p__Bacteroidota; c__Bacteroidia; o__Bacteroidales; f__Porphyromonadaceae; g__Porphyromonas; s__Porphyromonas_asaccharolytica
8fbe88cb3906614c95fa101b14ef3759	d__Bacteria; p__Bacteroidota; c__Bacteroidia; o__Bacteroidales; f__Porphyromonadaceae; g__Porphyromonas; s__Porphyromonas_asaccharolytica
7041ffd8283a7ba0775700a70b5eaf1f	d__Bacteria; p__Bacteroidota; c__Bacteroidia; o__Bacteroidales; f__Prevotellaceae; g__Prevotella; s__Prevotella_buccalis
c7f41c9968a2cdd5c3785c8445ba0c17	d__Bacteria; p__Bacteroidota; c__Bacteroidia; o__Bacteroidales; f__Prevotellaceae; g__Paraprevotella; s__Paraprevotella_xylaniphila
0886a045f989badde4503a856643387a	d__Bacteria; p__Bacteroidota; c__Bacteroidia; o__Bacteroidales; f__Prevotellaceae; g__Prevotella; s__Prevotella_corporis
9255d6cdda3a36316574a76d8dec70f7	d__Bacteria; p__Bacteroidota; c__Bacteroidia; o__Bacteroidales; f__Prevotellaceae; g__Prevotella; s__Prevotella_corporis
69d3bc3935398acbb2eb952a2a491b17	d__Bacteria; p__Bacteroidota; c__Bacteroidia; o__Bacteroidales; f__Prevotellaceae; g__Prevotella; s__Prevotella_timonensis
139457d277c25f97f7a9c2e471ad0ae7	d__Bacteria; p__Bacteroidota; c__Bacteroidia; o__Bacteroidales; f__Bacteroidaceae; g__Bacteroides; s__Bacteroides_coprophilus
73c27405c0475b63e5180f1426555fb1	d__Bacteria; p__Bacteroidota; c__Bacteroidia; o__Bacteroidales; f__Prevotellaceae; g__Paraprevotella
c7c82588c6f78fbe1ba283c2b1b83179	d__Bacteria; p__Bacteroidota; c__Bacteroidia; o__Bacteroidales; f__Prevotellaceae; g__Alloprevotella
5041404e20a22dcfc29ef44d591215bc	d__Bacteria; p__Bacteroidota; c__Bacteroidia; o__Bacteroidales; f__Prevotellaceae; g__Paraprevotella
3004393fa7a157b27b8afd9e61475e34	d__Bacteria; p__Bacteroidota; c__Bacteroidia; o__Bacteroidales; f__Prevotellaceae; g__Alloprevotella
d961e0fc52daffa7c1e6b082062b5b11	d__Bacteria; p__Firmicutes; c__Clostridia; o__Lachnospirales; f__Lachnospiraceae; g__Oribacterium
fa1fbe9e971492af44f467087006249a	d__Bacteria; p__Bacteroidota; c__Bacteroidia; o__Bacteroidales; f__Tannerellaceae; g__Parabacteroides
26655337887aaf6fb82c783754fc02b4	d__Bacteria; p__Bacteroidota; c__Bacteroidia; o__Bacteroidales; f__Tannerellaceae; g__Parabacteroides
70303646122c234fc08e8e1167fb3255	d__Bacteria; p__Bacteroidota; c__Bacteroidia; o__Bacteroidales; f__Tannerellaceae; g__Parabacteroides
084ba0b06e04af32512c8a36eac3ebdd	d__Bacteria; p__Bacteroidota; c__Bacteroidia; o__Bacteroidales; f__Tannerellaceae; g__Parabacteroides
cf41a56b2f7e3b1776ebc7dc2431ca85	d__Bacteria; p__Bacteroidota; c__Bacteroidia; o__Bacteroidales; f__Tannerellaceae; g__Parabacteroides
6c075b67564ac74824a3be9983c20e1a	d__Bacteria; p__Bacteroidota; c__Bacteroidia; o__Bacteroidales; f__Tannerellaceae; g__Parabacteroides
bf55c4f1fc036deff3236a21f2f4f6c1	d__Bacteria; p__Bacteroidota; c__Bacteroidia; o__Bacteroidales; f__Tannerellaceae; g__Parabacteroides
327749ee2b6323bf95e02ae2b1fb833b	d__Bacteria; p__Bacteroidota; c__Bacteroidia; o__Bacteroidales; f__Tannerellaceae; g__Parabacteroides
2151c919e7fee765452f92e421290545	d__Bacteria; p__Bacteroidota; c__Bacteroidia; o__Bacteroidales; f__Porphyromonadaceae; g__Porphyromonas
88d94b6fc2d570f5933a436343f9d314	d__Bacteria; p__Bacteroidota; c__Bacteroidia; o__Bacteroidales; f__Tannerellaceae; g__Parabacteroides; s__Parabacteroides_merdae
8e428d4b4a354e493d3fed102024f758	d__Bacteria; p__Bacteroidota; c__Bacteroidia; o__Bacteroidales; f__Tannerellaceae; g__Parabacteroides; s__Parabacteroides_merdae
f3167bf8014d13374fd5432ab61d9566	d__Bacteria; p__Bacteroidota; c__Bacteroidia; o__Bacteroidales; f__Tannerellaceae; g__Parabacteroides; s__Parabacteroides_merdae
138bf0f784c1d15c8a0e5e1dff96e0c4	d__Bacteria; p__Bacteroidota; c__Bacteroidia; o__Bacteroidales; f__Tannerellaceae; g__Parabacteroides; s__Parabacteroides_merdae
6c86ca0e02b7fd5d3cbaab08610c8397	d__Bacteria; p__Bacteroidota; c__Bacteroidia; o__Bacteroidales; f__Tannerellaceae; g__Parabacteroides; s__Parabacteroides_faecis
bde1324cc589441813acced0ee05e825	d__Bacteria; p__Proteobacteria; c__Alphaproteobacteria; o__Rhodospirillales; f__uncultured; g__uncultured; s__gut_metagenome
5cdc5de855e505f3d576223d0d009410	d__Bacteria; p__Firmicutes; c__Bacilli; o__Lactobacillales; f__Lactobacillaceae; g__Lactobacillus; s__Lactobacillus_agilis
e4dad73d03460b63f5bd02257193dca3	d__Bacteria; p__Firmicutes; c__Bacilli; o__Lactobacillales; f__Leuconostocaceae; g__Weissella
1541433f1b125448b5b6c59f5bd26936	d__Bacteria; p__Firmicutes; c__Bacilli; o__Lactobacillales; f__Leuconostocaceae; g__Weissella
00412aaeed9de058e536c386cf991789	d__Bacteria; p__Firmicutes; c__Clostridia; o__Oscillospirales; f__Ruminococcaceae; g__Faecalibacterium
c8ae7143bdaa96d1bac91e4b43cb25aa	d__Bacteria; p__Firmicutes; c__Clostridia; o__Oscillospirales; f__Ruminococcaceae; g__Faecalibacterium
8114788ee73053788f1cc9226f544845	d__Bacteria; p__Firmicutes; c__Clostridia; o__Oscillospirales; f__Ruminococcaceae; g__Faecalibacterium
3a945b8a602e91c6a2832a7e05da7124	d__Bacteria; p__Firmicutes; c__Clostridia; o__Oscillospirales; f__Ruminococcaceae; g__Faecalibacterium
729f5dbabff80216079dcf0c5bb55cd9	d__Bacteria; p__Firmicutes; c__Clostridia; o__Oscillospirales; f__Ruminococcaceae; g__Faecalibacterium
4a12cf0d29e550558d31d6ee604daaf9	d__Bacteria; p__Firmicutes; c__Clostridia; o__Oscillospirales; f__Ruminococcaceae; g__Faecalibacterium
f7987c8dd1f0d8545069fb467c0b2339	d__Bacteria; p__Firmicutes; c__Clostridia; o__Oscillospirales; f__Ruminococcaceae; g__Faecalibacterium
70db2c8d372e2297621053272eb165e7	d__Bacteria; p__Firmicutes; c__Clostridia; o__Oscillospirales; f__Ruminococcaceae; g__Faecalibacterium
7af60840c0af2e540b6a06dd4f5e50cf	d__Bacteria; p__Firmicutes; c__Clostridia; o__Oscillospirales; f__Ruminococcaceae; g__Faecalibacterium
c6ebd3d9207cb19d23eba1e650f96403	d__Bacteria; p__Firmicutes; c__Clostridia; o__Oscillospirales; f__Ruminococcaceae; g__Faecalibacterium
7c5ba3a18b5fdebcd3349175a17202ec	d__Bacteria; p__Firmicutes; c__Clostridia; o__Oscillospirales; f__Ruminococcaceae; g__Faecalibacterium
8524f7c1d97fc69d9ec778b902e6e207	d__Bacteria; p__Firmicutes; c__Clostridia; o__Oscillospirales; f__Ruminococcaceae; g__Faecalibacterium
f0e1f31a5c12cbb7e7ede1f47a6a2b90	d__Bacteria; p__Firmicutes; c__Clostridia; o__Oscillospirales; f__Ruminococcaceae; g__Faecalibacterium
eef308846ed52396c15c34948a6b972e	d__Bacteria; p__Firmicutes; c__Clostridia; o__Oscillospirales; f__Ruminococcaceae; g__Faecalibacterium
8b2342e97440498c6285a601f0198644	d__Bacteria; p__Firmicutes; c__Clostridia; o__Oscillospirales; f__Ruminococcaceae; g__Faecalibacterium
4a7ff19fe228e752e9398121dd1a5a5b	d__Bacteria; p__Firmicutes; c__Clostridia; o__Oscillospirales; f__Ruminococcaceae; g__Faecalibacterium
6daad65d211ea03f3fce8f8315b76f49	d__Bacteria; p__Firmicutes; c__Clostridia; o__Oscillospirales; f__Ruminococcaceae; g__Faecalibacterium
36374f1dc98447b83ec4f16851b9d1ea	d__Bacteria; p__Firmicutes; c__Clostridia; o__Oscillospirales; f__Ruminococcaceae; g__Incertae_Sedis
828f3c8a49daa9d7d283a61672575d2e	d__Bacteria; p__Proteobacteria; c__Gammaproteobacteria; o__Pseudomonadales; f__Moraxellaceae; g__Enhydrobacter
eed2c51bd10275462abbdd1d271a31fb	d__Bacteria; p__Firmicutes; c__Clostridia; o__Oscillospirales; f__Ruminococcaceae; g__uncultured; s__human_gut
648ff721826d463893d331d036c5adff	d__Bacteria; p__Firmicutes; c__Clostridia; o__Oscillospirales; f__Ruminococcaceae; g__uncultured; s__human_gut
5c24afad6cb93a2b5829c5d91a6fb9ad	d__Bacteria; p__Firmicutes; c__Clostridia; o__Oscillospirales; f__Ruminococcaceae; g__uncultured; s__human_gut
8d472a2a87d92d8fcd124e3dbfa6ae75	d__Bacteria; p__Firmicutes; c__Clostridia; o__Oscillospirales; f__[Clostridium]_methylpentosum_group; g__[Clostridium]_methylpentosum_group
c92dd67d8415158180a7a5d08daf9ee0	d__Bacteria; p__Firmicutes; c__Bacilli; o__Lactobacillales
d64dae0e766c5740f8e89ad14233ad67	d__Bacteria; p__Firmicutes; c__Bacilli; o__Lactobacillales
278e07b90be8569c8fd99faf404d1dfb	d__Bacteria; p__Firmicutes; c__Bacilli; o__Lactobacillales; f__Carnobacteriaceae; g__Granulicatella
391e7f33a82bbb6df0b5f7e82b0da45b	d__Bacteria; p__Firmicutes; c__Clostridia; o__Oscillospirales; f__Ruminococcaceae; g__Negativibacillus
5530e362733bd51780c9b5eeaf1b422a	d__Bacteria; p__Firmicutes; c__Clostridia; o__Oscillospirales; f__Ruminococcaceae; g__Negativibacillus
e799a76ea18266d47b466a2159ddc2df	d__Bacteria; p__Desulfobacterota; c__Desulfovibrionia; o__Desulfovibrionales; f__Desulfovibrionaceae; g__Bilophila; s__uncultured_bacterium
41c047b56a4cd7aec07e8b1fda59ad6d	d__Bacteria; p__Desulfobacterota; c__Desulfovibrionia; o__Desulfovibrionales; f__Desulfovibrionaceae; g__Bilophila
4587711f8cb25e476b84754052115b27	d__Bacteria; p__Desulfobacterota; c__Desulfovibrionia; o__Desulfovibrionales; f__Desulfovibrionaceae; g__Bilophila
909f93a2f6885eada10085444bfdc778	d__Bacteria; p__Desulfobacterota; c__Desulfovibrionia; o__Desulfovibrionales; f__Desulfovibrionaceae; g__Bilophila
ae273f84f31962442affe20e7b153e78	d__Bacteria; p__Desulfobacterota; c__Desulfovibrionia; o__Desulfovibrionales; f__Desulfovibrionaceae; g__Desulfovibrio; s__metagenome
0623b570882802f1a59942c5dfb5f33b	d__Bacteria; p__Fusobacteriota; c__Fusobacteriia; o__Fusobacteriales; f__Fusobacteriaceae; g__Fusobacterium
e0f0bb380d8fa6aa975030a6751acbdb	d__Bacteria; p__Fusobacteriota; c__Fusobacteriia; o__Fusobacteriales; f__Fusobacteriaceae; g__Fusobacterium
cd6f71edbbb59eef5246950140001f4b	d__Bacteria; p__Fusobacteriota; c__Fusobacteriia; o__Fusobacteriales; f__Fusobacteriaceae; g__Fusobacterium
0e104463515102be1b5e32413760a966	d__Bacteria; p__Fusobacteriota; c__Fusobacteriia; o__Fusobacteriales; f__Fusobacteriaceae; g__Fusobacterium; s__Fusobacterium_mortiferum
3d94f9cd3165ab80ee6a7ad6f8fc2083	d__Bacteria; p__Fusobacteriota; c__Fusobacteriia; o__Fusobacteriales; f__Fusobacteriaceae; g__Fusobacterium; s__Fusobacterium_mortiferum
ad118a9c68fc65bc3814906160c4214f	d__Bacteria; p__Fusobacteriota; c__Fusobacteriia; o__Fusobacteriales; f__Fusobacteriaceae; g__Fusobacterium; s__Fusobacterium_mortiferum
ae49887a206644b594f7da5d309c0824	d__Bacteria; p__Desulfobacterota; c__Desulfovibrionia; o__Desulfovibrionales; f__Desulfovibrionaceae; g__uncultured; s__uncultured_bacterium
33b53152d5cefa8c8ee93e0efa132fe2	d__Bacteria; p__Firmicutes; c__Clostridia; o__Peptostreptococcales-Tissierellales; f__Peptostreptococcales-Tissierellales; g__Anaerococcus; s__Anaerococcus_vaginalis
5272ebb42155560f78fdae38f61f0906	d__Bacteria; p__Firmicutes; c__Clostridia; o__Oscillospirales; f__Ruminococcaceae
5310519e60271a248bfb55c4571f93aa	d__Bacteria; p__Firmicutes; c__Clostridia; o__Oscillospirales; f__Ruminococcaceae
22e6dea2b2357455656728b6157d59a4	d__Bacteria; p__Firmicutes; c__Clostridia; o__Lachnospirales; f__Lachnospiraceae
928d96d76fc6477ff8d64be50a3f495e	d__Bacteria; p__Firmicutes; c__Clostridia; o__Oscillospirales; f__Ruminococcaceae; g__Incertae_Sedis; s__uncultured_bacterium
14abbc70f925016e1a23224809417e47	d__Bacteria; p__Firmicutes; c__Clostridia; o__Oscillospirales; f__Ruminococcaceae; g__Incertae_Sedis; s__uncultured_bacterium
d2443a41df7d34c2d57d941c1611a5c5	d__Bacteria; p__Firmicutes; c__Clostridia; o__Oscillospirales; f__Ruminococcaceae; g__Incertae_Sedis; s__uncultured_bacterium
9279ddb9a5f35d4b3bca2805b095e0b8	d__Bacteria; p__Firmicutes; c__Clostridia; o__Clostridia_UCG-014; f__Clostridia_UCG-014; g__Clostridia_UCG-014
ecebfa2f02baeec2b4b97af68be4dd29	d__Bacteria; p__Firmicutes; c__Clostridia; o__Peptostreptococcales-Tissierellales; f__Anaerovoracaceae; g__Mogibacterium
a799420448d1ff88338c0cd8abd0ce69	d__Bacteria; p__Firmicutes; c__Clostridia; o__Peptostreptococcales-Tissierellales; f__Peptostreptococcales-Tissierellales; g__Peptoniphilus
195b780a39aa10c1b693b275551c1b89	d__Bacteria; p__Firmicutes; c__Bacilli; o__Lactobacillales; f__Lactobacillaceae; g__Lactobacillus; s__Lactobacillus_sanfranciscensis
9813f09971b1beb1de2ceec0a09bbf00	d__Bacteria; p__Firmicutes; c__Bacilli; o__Lactobacillales; f__Lactobacillaceae; g__Lactobacillus; s__Lactobacillus_sanfranciscensis
f3c7378ce1c907941f10c60ca2821aa7	d__Bacteria; p__Firmicutes; c__Bacilli; o__Lactobacillales; f__Lactobacillaceae; g__Lactobacillus; s__Lactobacillus_sanfranciscensis
36555fea13ebad8b0812d3a7fad0f8ff	d__Bacteria; p__Firmicutes; c__Clostridia; o__Oscillospirales; f__Ruminococcaceae; g__Fournierella
fc00f9410bc1ee8d047254406e59c6e6	d__Bacteria; p__Firmicutes; c__Clostridia; o__Oscillospirales; f__Ruminococcaceae; g__Subdoligranulum
a6572fa8addcb8f7661babf02ead48ed	d__Bacteria; p__Firmicutes; c__Clostridia; o__Oscillospirales; f__Ruminococcaceae; g__Subdoligranulum
18319caeb04bdacc645f62a1427df6b9	d__Bacteria; p__Firmicutes; c__Clostridia; o__Oscillospirales; f__Ruminococcaceae; g__Subdoligranulum
15656dce66acc88c2f9db1da1e36afce	d__Bacteria; p__Firmicutes; c__Clostridia; o__Oscillospirales; f__Ruminococcaceae; g__Subdoligranulum
0426f6039bc23dd83c8ddc0f4ecba879	d__Bacteria; p__Firmicutes; c__Clostridia; o__Oscillospirales; f__Ruminococcaceae; g__Subdoligranulum
9324d9bbdfafa9171dc0165776cd2aa2	d__Bacteria; p__Firmicutes; c__Clostridia; o__Oscillospirales; f__Ruminococcaceae; g__Subdoligranulum
4c1436744f364368307118e5153c5abf	d__Bacteria; p__Firmicutes; c__Clostridia; o__Oscillospirales; f__Ruminococcaceae; g__Subdoligranulum
a20935877adfeb8394f02add80262773	d__Bacteria; p__Firmicutes; c__Clostridia; o__Oscillospirales; f__Ruminococcaceae; g__Subdoligranulum
bb0cb3ab17fa60dfc3e54576eb6692d3	d__Bacteria; p__Firmicutes; c__Clostridia; o__Oscillospirales; f__Ruminococcaceae; g__Subdoligranulum
712bbb78919a60cb0c83630e73185eb4	d__Bacteria; p__Firmicutes; c__Clostridia; o__Oscillospirales; f__Ruminococcaceae
61ffdf542952d71272d3f13ced8f5f9b	d__Bacteria; p__Firmicutes; c__Clostridia; o__Oscillospirales; f__Ruminococcaceae; g__Incertae_Sedis; s__uncultured_organism
1bf2bb6e63ad6e73a21aa0937a986213	d__Bacteria; p__Firmicutes; c__Clostridia; o__Oscillospirales; f__Ruminococcaceae; g__Incertae_Sedis; s__uncultured_organism
f48678c38511b29eab9c30e3313d1a81	d__Bacteria; p__Firmicutes; c__Clostridia; o__Oscillospirales; f__Ruminococcaceae; g__Incertae_Sedis; s__uncultured_organism
d657d7fe9408e37963601459bf5dacc7	d__Bacteria; p__Firmicutes; c__Clostridia; o__Oscillospirales; f__Ruminococcaceae; g__Incertae_Sedis; s__uncultured_organism
9f0ec9c1502dcebc1bfcbaaea21f5daf	d__Bacteria; p__Firmicutes; c__Clostridia; o__Oscillospirales; f__Ruminococcaceae; g__Incertae_Sedis; s__uncultured_organism
cdba816a3b2c15641c1a798bdfe64e24	d__Bacteria; p__Firmicutes; c__Clostridia; o__Oscillospirales; f__[Eubacterium]_coprostanoligenes_group; g__[Eubacterium]_coprostanoligenes_group
c3ae08b731a633e939a944e9fb3d396e	d__Bacteria; p__Firmicutes; c__Clostridia; o__Oscillospirales; f__[Eubacterium]_coprostanoligenes_group; g__[Eubacterium]_coprostanoligenes_group
cb3f0c308c362757c1a5161f4ed7a509	d__Bacteria; p__Firmicutes; c__Clostridia; o__Oscillospirales; f__[Eubacterium]_coprostanoligenes_group; g__[Eubacterium]_coprostanoligenes_group
75216fdb1c0b922e43b577e65a7af635	d__Bacteria; p__Firmicutes; c__Clostridia; o__Oscillospirales; f__[Eubacterium]_coprostanoligenes_group; g__[Eubacterium]_coprostanoligenes_group
82eef74395176c852e0b8497f63d244f	d__Bacteria; p__Firmicutes; c__Clostridia; o__Oscillospirales; f__[Eubacterium]_coprostanoligenes_group; g__[Eubacterium]_coprostanoligenes_group
e7eeb960bb3680600730a70d966944dd	d__Bacteria; p__Firmicutes; c__Clostridia; o__Oscillospirales; f__[Eubacterium]_coprostanoligenes_group; g__[Eubacterium]_coprostanoligenes_group
cb181d41d19b96ab5a70b045ebfaf49c	d__Bacteria; p__Firmicutes; c__Clostridia; o__Oscillospirales; f__Oscillospiraceae; g__UCG-002; s__uncultured_organism
9c94bce5518c098bf7f7990f19f342d1	d__Bacteria; p__Firmicutes; c__Clostridia; o__Oscillospirales; f__Oscillospiraceae; g__UCG-002; s__uncultured_rumen
1189257e1819365040c30d153b98999f	d__Bacteria; p__Firmicutes; c__Clostridia; o__Christensenellales; f__Christensenellaceae; g__Christensenellaceae_R-7_group
28e34911edfbf39c679cfff47cd88696	d__Bacteria; p__Firmicutes; c__Clostridia; o__Christensenellales; f__Christensenellaceae; g__Christensenellaceae_R-7_group; s__uncultured_Caloramator
54625a0523945001b2954fd7f4881e56	d__Bacteria; p__Firmicutes; c__Clostridia; o__Monoglobales; f__Monoglobaceae; g__Monoglobus
dcbde84b09ac5ccc5949d85188ce5e12	d__Bacteria; p__Firmicutes; c__Clostridia; o__Monoglobales; f__Monoglobaceae; g__Monoglobus
41ef52e792b1d7f15eaded787f477240	d__Bacteria; p__Firmicutes; c__Clostridia; o__Monoglobales; f__Monoglobaceae; g__Monoglobus
7a70804fde933c14138fce0ae72b57f8	d__Bacteria; p__Firmicutes; c__Clostridia; o__Monoglobales; f__Monoglobaceae; g__Monoglobus
41433999828892394561f24f085ef41e	d__Bacteria; p__Firmicutes; c__Clostridia; o__Clostridia_UCG-014; f__Clostridia_UCG-014; g__Clostridia_UCG-014; s__uncultured_bacterium
c66b381efe06bc2453cc771a9d3e0a59	d__Bacteria; p__Firmicutes; c__Clostridia; o__Lachnospirales; f__Lachnospiraceae; g__Lachnoanaerobaculum
12042825d7f4f5bd0250429d756bb695	d__Bacteria; p__Firmicutes; c__Clostridia; o__Lachnospirales; f__Lachnospiraceae; g__Stomatobaculum; s__uncultured_bacterium
6ddfefcac0b73d2b37d3151729e8fa54	d__Bacteria; p__Firmicutes; c__Clostridia; o__Lachnospirales; f__Lachnospiraceae; g__[Ruminococcus]_gnavus_group
284bd9e5f00371f7cd4339a7a50d7809	d__Bacteria; p__Firmicutes; c__Clostridia; o__Lachnospirales; f__Lachnospiraceae; g__[Ruminococcus]_gnavus_group
ec1f5a80e7e6bec164b58a7e722174fd	d__Bacteria; p__Firmicutes; c__Clostridia; o__Lachnospirales; f__Lachnospiraceae; g__[Ruminococcus]_gnavus_group
f3d33edbf1ac5ebcc499788fbe98f626	d__Bacteria; p__Firmicutes; c__Clostridia; o__Lachnospirales; f__Lachnospiraceae; g__[Ruminococcus]_gnavus_group
2a5d03b7bd587fabd2f03875dfed54e2	d__Bacteria; p__Firmicutes; c__Clostridia; o__Lachnospirales; f__Lachnospiraceae; g__[Ruminococcus]_gnavus_group
0305f32e4259c4813328da25aaf71c97	d__Bacteria; p__Firmicutes; c__Clostridia; o__Lachnospirales; f__Lachnospiraceae; g__[Ruminococcus]_gnavus_group
8448d668996e48bfe234bf7245d23d89	d__Bacteria; p__Firmicutes; c__Clostridia; o__Lachnospirales; f__Lachnospiraceae; g__[Ruminococcus]_gnavus_group
9fd22830b259dd93d7932e0aa292c325	d__Bacteria; p__Firmicutes; c__Clostridia; o__Lachnospirales; f__Lachnospiraceae; g__Dorea
4fa25779c0f9e7679fb9d50c20f50b2e	d__Bacteria; p__Firmicutes; c__Clostridia; o__Lachnospirales; f__Lachnospiraceae; g__Dorea
2e58b17482c5a0faf17ca2abe66fb43f	d__Bacteria; p__Firmicutes; c__Clostridia; o__Lachnospirales; f__Lachnospiraceae; g__Dorea
f594e6d671180e2ff4155c3dac3a31d7	d__Bacteria; p__Firmicutes; c__Clostridia; o__Lachnospirales; f__Lachnospiraceae; g__Dorea
d3782dc8d11da550797648a23aaebea5	d__Bacteria; p__Firmicutes; c__Clostridia; o__Lachnospirales; f__Lachnospiraceae; g__Dorea
8d8cdbc123d9f632fb6317e7fc372d67	d__Bacteria; p__Firmicutes; c__Clostridia; o__Lachnospirales; f__Lachnospiraceae; g__Dorea
14d593ff96883df905162fcdeef5cac3	d__Bacteria; p__Firmicutes; c__Clostridia; o__Lachnospirales; f__Lachnospiraceae
aad9ef7f8ccbd9324d6f5d924e011dc4	d__Bacteria; p__Firmicutes; c__Clostridia; o__Lachnospirales; f__Lachnospiraceae; g__uncultured; s__uncultured_Eubacterium
0d7000e97ffe8cc2020a44e5c7c3cde0	d__Bacteria; p__Firmicutes; c__Clostridia; o__Lachnospirales; f__Lachnospiraceae; g__uncultured; s__uncultured_Eubacterium
1eec78c956019675e49d947c1c508b75	d__Bacteria; p__Firmicutes; c__Clostridia; o__Lachnospirales; f__Lachnospiraceae
dab137bd7e906a7ebbeded9ac08de9b1	d__Bacteria; p__Firmicutes; c__Clostridia; o__Lachnospirales; f__Lachnospiraceae
449ac7ab01e3276c12149debe19b12d0	d__Bacteria; p__Firmicutes; c__Clostridia; o__Lachnospirales; f__Lachnospiraceae
f7bf4cf9c888da9b4ac996858b9759a3	d__Bacteria; p__Firmicutes; c__Clostridia; o__Lachnospirales; f__Lachnospiraceae
01db6dea0100e2ee5d31318d9de86d31	d__Bacteria; p__Firmicutes; c__Clostridia; o__Lachnospirales; f__Lachnospiraceae
653d58f92f9858ebe7f95d7ae9e3b652	d__Bacteria; p__Firmicutes; c__Clostridia; o__Lachnospirales; f__Lachnospiraceae
09b3a5749877a29894a1fe259831f030	d__Bacteria; p__Firmicutes; c__Clostridia; o__Lachnospirales; f__Lachnospiraceae; g__Coprococcus
51132c278e0753959e12e3626d262d18	d__Bacteria; p__Firmicutes; c__Clostridia; o__Lachnospirales; f__Lachnospiraceae; g__Coprococcus
89925ffc00b8859dd6660d82b962d72e	d__Bacteria; p__Firmicutes; c__Clostridia; o__Lachnospirales; f__Lachnospiraceae; g__Coprococcus
c069254ca5b270ffba4fcdf99c77f83d	d__Bacteria; p__Firmicutes; c__Clostridia; o__Lachnospirales; f__Lachnospiraceae; g__Coprococcus
a3720da2ae17d151c7139044a1135029	d__Bacteria; p__Firmicutes; c__Clostridia; o__Lachnospirales; f__Lachnospiraceae
e3afcdda5404c7181a7ef18b28142507	d__Bacteria; p__Firmicutes; c__Clostridia; o__Lachnospirales; f__Lachnospiraceae
ec69883d7b9a4aee1d429358b9aceb8c	d__Bacteria; p__Firmicutes; c__Clostridia; o__Lachnospirales; f__Lachnospiraceae
0892faf82ef90cb4f8358cfbe605d7de	d__Bacteria; p__Firmicutes; c__Clostridia; o__Lachnospirales; f__Lachnospiraceae
ed5b79ffb8b79727a2d497cd41ddcb93	d__Bacteria; p__Firmicutes; c__Clostridia; o__Lachnospirales; f__Lachnospiraceae; g__Dorea
08e3f7afdab0f7f55ff65a13f2257f81	d__Bacteria; p__Firmicutes; c__Clostridia; o__Lachnospirales; f__Lachnospiraceae; g__Dorea
248b4aa08bc3a33b9c0a114134a2a642	d__Bacteria; p__Firmicutes; c__Clostridia; o__Lachnospirales; f__Lachnospiraceae; g__Dorea
e086d13fe3f5b2c4bda5e48b02f590da	d__Bacteria; p__Firmicutes; c__Clostridia; o__Lachnospirales; f__Lachnospiraceae; g__Dorea
48f36d8b2ca720447a68ed2370e23caf	d__Bacteria; p__Firmicutes; c__Clostridia; o__Lachnospirales; f__Lachnospiraceae
f2e3f596ba7c20ff378b6bb5ad3ae79b	d__Bacteria; p__Firmicutes; c__Clostridia; o__Lachnospirales; f__Lachnospiraceae; g__Tyzzerella
326546273d33b810ebcd85deb23a174b	d__Bacteria; p__Firmicutes; c__Clostridia; o__Lachnospirales; f__Lachnospiraceae; g__Tyzzerella
eb00dc51d0b5d8398f4e4f73ebfbd42f	d__Bacteria; p__Firmicutes; c__Clostridia; o__Lachnospirales; f__Lachnospiraceae; g__Tyzzerella
df70c3065bb32da6398f03e575042c37	d__Bacteria; p__Firmicutes; c__Clostridia; o__Lachnospirales; f__Lachnospiraceae
b3a2fa897b6971bd3515a2414f80bfe7	d__Bacteria; p__Firmicutes; c__Clostridia; o__Lachnospirales; f__Lachnospiraceae
4142c0ec1f6a2aa29f68e66c72a475ea	d__Bacteria; p__Firmicutes; c__Clostridia; o__Lachnospirales; f__Lachnospiraceae; g__Hungatella
4fc247c5ad5b9a4b744b5b2e4ebc61e6	d__Bacteria; p__Firmicutes; c__Clostridia; o__Lachnospirales; f__Lachnospiraceae; g__Hungatella
8fdafe20285cd9b80d0d89945b7c36c4	d__Bacteria; p__Firmicutes; c__Clostridia; o__Lachnospirales; f__Lachnospiraceae
582e2b3b8461cde591ff0b170aee6036	d__Bacteria; p__Firmicutes; c__Clostridia; o__Lachnospirales; f__Lachnospiraceae
3df8895da45766c367922ccba5f78fd1	d__Bacteria; p__Firmicutes; c__Clostridia; o__Lachnospirales; f__Lachnospiraceae
b51c443f0b4370315aaa5103b573197c	d__Bacteria; p__Firmicutes; c__Clostridia; o__Lachnospirales; f__Lachnospiraceae
35684abb136e9ec9157eb0e7cdd681a5	d__Bacteria; p__Firmicutes; c__Clostridia; o__Lachnospirales; f__Lachnospiraceae
bf1c030857b0a72aa9f4f34d9cf9cf4f	d__Bacteria; p__Firmicutes; c__Clostridia; o__Lachnospirales; f__Lachnospiraceae
520637124f7fb30dc59982c0cb68bb2a	d__Bacteria; p__Firmicutes; c__Clostridia; o__Lachnospirales; f__Lachnospiraceae; g__Eisenbergiella
b782806b9071bde8438a7c3bad9124a5	d__Bacteria; p__Firmicutes; c__Clostridia; o__Lachnospirales; f__Lachnospiraceae; g__[Ruminococcus]_torques_group
3d7b8cc018e0e65edcd2721d4eccbc40	d__Bacteria; p__Firmicutes; c__Clostridia; o__Lachnospirales; f__Lachnospiraceae
efaf59b42ebe8121b7ee2fede30e99dd	d__Bacteria; p__Firmicutes; c__Clostridia
9e4617a32c9bedee72a8511a31750147	d__Bacteria; p__Firmicutes; c__Clostridia; o__Lachnospirales; f__Lachnospiraceae; g__[Ruminococcus]_gauvreauii_group
becc483ea83b0cbc28071c1817196ecd	d__Bacteria; p__Firmicutes; c__Clostridia; o__Lachnospirales; f__Lachnospiraceae; g__[Ruminococcus]_gauvreauii_group
170485e2c0e3b0ebae34b0e6c41d8513	d__Bacteria; p__Firmicutes; c__Clostridia; o__Lachnospirales; f__Lachnospiraceae; g__Blautia
877d6f0fda52d70cd198b4d20d4ede80	d__Bacteria; p__Firmicutes; c__Clostridia; o__Lachnospirales; f__Lachnospiraceae; g__Blautia
b2b940f7bedbbde92b2edb38f9f89960	d__Bacteria; p__Firmicutes; c__Clostridia; o__Lachnospirales; f__Lachnospiraceae; g__Blautia
7617e29b8d810323072de9b55b57db6b	d__Bacteria; p__Firmicutes; c__Clostridia; o__Lachnospirales; f__Lachnospiraceae; g__Blautia
b48b01ad3b213ad124ff630a7605dcb4	d__Bacteria; p__Firmicutes; c__Clostridia; o__Lachnospirales; f__Lachnospiraceae; g__Blautia
89824a0d9193b8f32112cd494a533b03	d__Bacteria; p__Firmicutes; c__Clostridia; o__Lachnospirales; f__Lachnospiraceae; g__Blautia
c2b8b9e567f540cdf1402c2513ef83ca	d__Bacteria; p__Firmicutes; c__Clostridia; o__Lachnospirales; f__Lachnospiraceae; g__Blautia
877e4ea4cd298ed916b49365c3037805	d__Bacteria; p__Firmicutes; c__Clostridia; o__Lachnospirales; f__Lachnospiraceae; g__Blautia
6ee59d01679a31a776502af4d83d9672	d__Bacteria; p__Firmicutes; c__Clostridia; o__Lachnospirales; f__Lachnospiraceae; g__Blautia
9eef0ff42476355c11b7ffb5e40eac9a	d__Bacteria; p__Firmicutes; c__Clostridia; o__Lachnospirales; f__Lachnospiraceae; g__Blautia
6c875fe8e36cc607e7dc017e2d44b4d2	d__Bacteria; p__Firmicutes; c__Clostridia; o__Lachnospirales; f__Lachnospiraceae
664a0ff8dafd7d6c57cd0b08be761952	d__Bacteria; p__Firmicutes; c__Clostridia; o__Lachnospirales; f__Lachnospiraceae
d3121614510722d9f5e2ff679df6bfd7	d__Bacteria; p__Firmicutes; c__Clostridia; o__Lachnospirales; f__Lachnospiraceae; g__Blautia
3a4a5a457f4a696c4090b9270df152d4	d__Bacteria; p__Firmicutes; c__Clostridia; o__Lachnospirales; f__Lachnospiraceae; g__Blautia
4e2863ecac3134ae49a09474c37fde56	d__Bacteria; p__Firmicutes; c__Clostridia; o__Lachnospirales; f__Lachnospiraceae; g__Blautia
624f747d074014a7cd468630cef98a7f	d__Bacteria; p__Firmicutes; c__Clostridia; o__Lachnospirales; f__Lachnospiraceae; g__Blautia
9fb07a177b5fb37e79123d85cd59d25f	d__Bacteria; p__Firmicutes; c__Clostridia; o__Lachnospirales; f__Lachnospiraceae; g__Blautia
491e4cac480d6f426f53bb7f228d2708	d__Bacteria; p__Firmicutes; c__Clostridia; o__Lachnospirales; f__Lachnospiraceae; g__Blautia
cbc4f4ccb0f90a39f03c3952cb2a7216	d__Bacteria; p__Firmicutes; c__Clostridia; o__Lachnospirales; f__Lachnospiraceae; g__Blautia
2817a7eb4db7f2b0a3e131803ff968d5	d__Bacteria; p__Firmicutes; c__Clostridia; o__Lachnospirales; f__Lachnospiraceae; g__Blautia
17bc823f05ea61676b6a37737a686ad6	d__Bacteria; p__Firmicutes; c__Clostridia; o__Lachnospirales; f__Lachnospiraceae; g__Blautia
2ae2f16c8d57afb071fd8f15a294a351	d__Bacteria; p__Firmicutes; c__Clostridia; o__Lachnospirales; f__Lachnospiraceae; g__Blautia
a4cd23bdc081a7c383040236f647a660	d__Bacteria; p__Firmicutes; c__Clostridia; o__Lachnospirales; f__Lachnospiraceae; g__Blautia
0e8f0ae7ffcfe6460c97232bae4797af	d__Bacteria; p__Firmicutes; c__Clostridia; o__Lachnospirales; f__Lachnospiraceae
38a704dc81d19f930b313a3330667d87	d__Bacteria; p__Firmicutes; c__Clostridia; o__Lachnospirales; f__Lachnospiraceae
f1bf3c7f365a324c49abe16aa7f04992	d__Bacteria; p__Firmicutes; c__Clostridia; o__Lachnospirales; f__Lachnospiraceae; g__Blautia
87259e7e4dba34585b1308633a82dc3d	d__Bacteria; p__Firmicutes; c__Clostridia; o__Lachnospirales; f__Lachnospiraceae; g__Blautia
2b3f67e9d44515240c08eb32c02cf1f6	d__Bacteria; p__Firmicutes; c__Clostridia; o__Lachnospirales; f__Lachnospiraceae; g__Blautia
2db7f31c2945c07b7350921c9586cbe4	d__Bacteria; p__Firmicutes; c__Clostridia; o__Lachnospirales; f__Lachnospiraceae; g__Blautia
204152c44464cac05b1ece341c49b97a	d__Bacteria; p__Firmicutes; c__Clostridia; o__Lachnospirales; f__Lachnospiraceae; g__Blautia
f7f3dbb3bc4499b66f62ec574b5e7765	d__Bacteria; p__Firmicutes; c__Clostridia; o__Lachnospirales; f__Lachnospiraceae
209ee34235c8e16b63db81a4dc3c6f98	d__Bacteria; p__Firmicutes; c__Clostridia; o__Lachnospirales; f__Lachnospiraceae; g__[Ruminococcus]_torques_group
c6d69dec1455d512f561657c2dc5aafe	d__Bacteria; p__Firmicutes; c__Clostridia; o__Lachnospirales; f__Lachnospiraceae; g__Marvinbryantia
216206c9ca4774383320e9461b993d14	d__Bacteria; p__Firmicutes; c__Clostridia; o__Lachnospirales; f__Lachnospiraceae; g__Blautia
fbebf615a58bef54fb51a1292d38b27a	d__Bacteria; p__Firmicutes; c__Clostridia; o__Lachnospirales; f__Lachnospiraceae; g__Blautia
e6fd00dda02f77f0a93f9e5a1d7106cd	d__Bacteria; p__Firmicutes; c__Clostridia; o__Lachnospirales; f__Lachnospiraceae; g__Blautia
8431d712282ab13aac1a0db7a5ea1bdf	d__Bacteria; p__Firmicutes; c__Clostridia; o__Lachnospirales; f__Lachnospiraceae; g__Blautia
48e9c5edfeb4969b26d5d971fedac00a	d__Bacteria; p__Firmicutes; c__Clostridia; o__Lachnospirales; f__Lachnospiraceae; g__[Ruminococcus]_torques_group
e8305f2ccc7b78bdbfdb9282037c5678	d__Bacteria; p__Firmicutes; c__Clostridia; o__Lachnospirales; f__Lachnospiraceae; g__[Ruminococcus]_torques_group
abb33893b35ec431bb7f443acaa83061	d__Bacteria; p__Firmicutes; c__Clostridia; o__Lachnospirales; f__Lachnospiraceae; g__[Ruminococcus]_torques_group
92220179bedd2f0ab2122fd1656f07d0	d__Bacteria; p__Firmicutes; c__Clostridia; o__Lachnospirales; f__Lachnospiraceae; g__[Ruminococcus]_torques_group
b697918866108e3401e7167ceae9d9ff	d__Bacteria; p__Firmicutes; c__Clostridia; o__Lachnospirales; f__Lachnospiraceae; g__[Ruminococcus]_torques_group
9a1ed5da4006cc8931e9372f93bffef4	d__Bacteria; p__Firmicutes; c__Clostridia; o__Lachnospirales; f__Lachnospiraceae; g__[Ruminococcus]_torques_group
da12218b0d42682affffab5fc32061da	d__Bacteria; p__Firmicutes; c__Clostridia; o__Lachnospirales; f__Lachnospiraceae; g__[Ruminococcus]_torques_group
b38a5dc6533923ff8703119765b06936	d__Bacteria; p__Firmicutes; c__Clostridia; o__Lachnospirales; f__Lachnospiraceae; g__[Ruminococcus]_torques_group
22a8396e18c5821a57ad93191e2c6091	d__Bacteria; p__Firmicutes; c__Clostridia; o__Lachnospirales; f__Lachnospiraceae; g__[Ruminococcus]_torques_group
a6f6083e5dc854fa1f343eb92a5baf64	d__Bacteria; p__Firmicutes; c__Clostridia; o__Lachnospirales; f__Lachnospiraceae; g__[Ruminococcus]_torques_group
56024dcfc4560ab4b3da1c4a836612fd	d__Bacteria; p__Firmicutes; c__Clostridia; o__Lachnospirales; f__Lachnospiraceae; g__[Ruminococcus]_torques_group
a8756c8d71ee722347f7d3cc026bf678	d__Bacteria; p__Firmicutes; c__Clostridia; o__Lachnospirales; f__Lachnospiraceae; g__Lachnospiraceae_NK4A136_group
d1fa7d114f6d100a7ce3e462aaed663d	d__Bacteria; p__Firmicutes; c__Clostridia; o__Lachnospirales; f__Lachnospiraceae; g__Lachnospiraceae_NK4A136_group
da9103dcc9c823db3b5b90a5759db893	d__Bacteria; p__Firmicutes; c__Clostridia; o__Lachnospirales; f__Lachnospiraceae; g__Fusicatenibacter
dab24336b4640f7fa9569a8edc4fe7ff	d__Bacteria; p__Firmicutes; c__Clostridia; o__Lachnospirales; f__Lachnospiraceae; g__Fusicatenibacter
c56a492c4f157a387518fcb2a7af72d9	d__Bacteria; p__Firmicutes; c__Clostridia; o__Lachnospirales; f__Lachnospiraceae; g__Fusicatenibacter
93af73d2f1eeeb53da791b47063ba01f	d__Bacteria; p__Firmicutes; c__Clostridia; o__Lachnospirales; f__Lachnospiraceae; g__Fusicatenibacter
4cf37c49e54d4ab96f74692b4e2b99fc	d__Bacteria; p__Firmicutes; c__Clostridia; o__Lachnospirales; f__Lachnospiraceae; g__Fusicatenibacter
09bb6fb1aa3a3adce19fd4ca03212cb7	d__Bacteria; p__Firmicutes; c__Clostridia; o__Lachnospirales; f__Lachnospiraceae
8331c4d1a9bee34e0ca89f5a969d3ccc	d__Bacteria; p__Firmicutes; c__Clostridia; o__Lachnospirales; f__Lachnospiraceae
505eb14e71f938dbece889f76e5f3f48	d__Bacteria; p__Firmicutes; c__Clostridia; o__Lachnospirales; f__Lachnospiraceae; g__[Ruminococcus]_torques_group
d536429e7c3e8a0a15ff3119cfe41414	d__Bacteria; p__Firmicutes; c__Clostridia; o__Lachnospirales; f__Lachnospiraceae; g__[Ruminococcus]_torques_group
a76473dfb8340813219ac571749f194e	d__Bacteria; p__Firmicutes; c__Clostridia; o__Lachnospirales; f__Lachnospiraceae; g__[Ruminococcus]_torques_group
627f092ee241968138672246c39355e4	d__Bacteria; p__Firmicutes; c__Clostridia; o__Lachnospirales; f__Lachnospiraceae
8a1f1a21c173397375db1c3b288d7435	d__Bacteria; p__Firmicutes; c__Clostridia; o__Lachnospirales; f__Lachnospiraceae
2789bd2c597f546ddda4792e3c02bfd9	d__Bacteria; p__Firmicutes; c__Clostridia; o__Lachnospirales; f__Lachnospiraceae
26b91c6eb265f523b487a25a5f4b0648	d__Bacteria; p__Firmicutes; c__Clostridia; o__Lachnospirales; f__Lachnospiraceae
d7f708ff53bd951b7401342ffca61aa4	d__Bacteria; p__Firmicutes; c__Clostridia; o__Lachnospirales; f__Lachnospiraceae
d5b19e38c4b4e24ec14b2fecb5d485af	d__Bacteria; p__Firmicutes; c__Clostridia; o__Lachnospirales; f__Lachnospiraceae
c333fefa99175408b5ced2093b6c28bc	d__Bacteria; p__Firmicutes; c__Clostridia; o__Lachnospirales; f__Lachnospiraceae
d9bf8f9529aaef26a3ae1e6ec3155ca5	d__Bacteria; p__Firmicutes; c__Clostridia; o__Lachnospirales; f__Lachnospiraceae
9c75bb1f722cf5fb6ecf82172292ed18	d__Bacteria; p__Firmicutes; c__Clostridia; o__Lachnospirales; f__Lachnospiraceae
21a37ba6fdb39882c2570de39b8b7666	d__Bacteria; p__Firmicutes; c__Clostridia; o__Lachnospirales; f__Lachnospiraceae
0c66909a6d06db1c96a1c32776918d2f	d__Bacteria; p__Firmicutes; c__Clostridia; o__Lachnospirales; f__Lachnospiraceae
6c744b8725a23038bc7bbc5dbba2cf6e	d__Bacteria; p__Firmicutes; c__Clostridia; o__Lachnospirales; f__Lachnospiraceae
44fb47281351e4678457187f04f7d17e	d__Bacteria; p__Firmicutes; c__Clostridia; o__Lachnospirales; f__Lachnospiraceae
6020001e02f6f326986bf3cecf98d3bd	d__Bacteria; p__Firmicutes; c__Clostridia; o__Lachnospirales; f__Lachnospiraceae
3a5e41b11ad259f7ddca73570c81abc3	d__Bacteria; p__Firmicutes; c__Clostridia; o__Lachnospirales; f__Lachnospiraceae
bb63d64ae2db8873e414caef9a98575a	d__Bacteria; p__Firmicutes; c__Clostridia; o__Lachnospirales; f__Lachnospiraceae
206e9e81550953e2a5fd2a008e74df5f	d__Bacteria; p__Firmicutes; c__Clostridia; o__Lachnospirales; f__Lachnospiraceae
4de28947ea686b5fbf03167f4a73cd59	d__Bacteria; p__Firmicutes; c__Clostridia; o__Lachnospirales; f__Lachnospiraceae
3f704292a13f3b5903e008f03a6b3102	d__Bacteria; p__Firmicutes; c__Clostridia; o__Lachnospirales; f__Lachnospiraceae
39d98a91dd04f018333eb979f0eebcdd	d__Bacteria; p__Firmicutes; c__Clostridia; o__Lachnospirales; f__Lachnospiraceae
808be8522e532049a0065f53b4df9ad1	d__Bacteria; p__Firmicutes; c__Clostridia; o__Lachnospirales; f__Lachnospiraceae
cac5f1459342522fa4c40489f59eb259	d__Bacteria; p__Firmicutes; c__Clostridia; o__Lachnospirales; f__Lachnospiraceae
bc2764dd487e2ca5cb75f437d2a40861	d__Bacteria; p__Firmicutes; c__Clostridia; o__Lachnospirales; f__Lachnospiraceae
63578cc58a4ad39777d82c48af391635	d__Bacteria; p__Firmicutes; c__Clostridia; o__Lachnospirales; f__Lachnospiraceae
7d9ec4c3c13128e931119270678b1a98	d__Bacteria; p__Firmicutes; c__Clostridia; o__Lachnospirales; f__Lachnospiraceae
1db11a43f4321f5b4f2249462d84ab65	d__Bacteria; p__Firmicutes; c__Clostridia; o__Lachnospirales; f__Lachnospiraceae
392ff7d4cf2291cf4b5c00e12d1c60ae	d__Bacteria; p__Firmicutes; c__Clostridia; o__Lachnospirales; f__Lachnospiraceae
cdf59630adf0c16fd49146a9f6f49906	d__Bacteria; p__Firmicutes; c__Clostridia; o__Lachnospirales; f__Lachnospiraceae
b1c2a8d2b04101be8bf215d7ddb78197	d__Bacteria; p__Firmicutes; c__Clostridia; o__Lachnospirales; f__Lachnospiraceae
a0364f0c7eb07f4918d2621ebcd02747	d__Bacteria; p__Firmicutes; c__Clostridia; o__Lachnospirales; f__Lachnospiraceae; g__Lachnospiraceae_UCG-004
eeec179c0763bdbe10443f00cbd197f9	d__Bacteria; p__Firmicutes; c__Clostridia; o__Lachnospirales; f__Lachnospiraceae; g__Lachnospiraceae_UCG-004
d08ca6d29cceda7563cbc600e5fbf550	d__Bacteria; p__Firmicutes; c__Clostridia; o__Lachnospirales; f__Lachnospiraceae; g__Lachnospiraceae_UCG-004
2dc164f8fc8ceff89d358628130dc3fe	d__Bacteria; p__Firmicutes; c__Clostridia; o__Lachnospirales; f__Lachnospiraceae; g__Lachnospiraceae_UCG-004
08348d00ee6a6aec10ae242de43142ac	d__Bacteria; p__Firmicutes; c__Clostridia; o__Lachnospirales; f__Lachnospiraceae; g__Lachnospiraceae_UCG-004
536cb47c8a710742b0e99331864784ed	d__Bacteria; p__Firmicutes; c__Clostridia; o__Lachnospirales; f__Lachnospiraceae; g__Lachnospiraceae_UCG-004
a755ce14061157fd23de84117a3460cb	d__Bacteria; p__Firmicutes; c__Clostridia; o__Lachnospirales; f__Lachnospiraceae; g__Lachnospiraceae_UCG-004
0c50e42bf6170c426c436d0a532a4aa3	d__Bacteria; p__Firmicutes; c__Clostridia; o__Lachnospirales; f__Lachnospiraceae; g__Lachnoclostridium; s__unidentified
0f23e02167d50457ea6484498a84b244	d__Bacteria; p__Firmicutes; c__Clostridia; o__Lachnospirales; f__Lachnospiraceae; g__[Ruminococcus]_gauvreauii_group
1f2a8443127ba00b6d38a4ca6aeb85e4	d__Bacteria; p__Firmicutes; c__Clostridia; o__Lachnospirales; f__Lachnospiraceae; g__Lachnoclostridium
d1f31d447a6b97461ecc021c860a5429	d__Bacteria; p__Firmicutes; c__Clostridia; o__Lachnospirales; f__Lachnospiraceae; g__Lachnoclostridium
79da620d1aac072bafbeebd62cbbedbd	d__Bacteria; p__Firmicutes; c__Clostridia; o__Lachnospirales; f__Lachnospiraceae; g__Lachnoclostridium
5907511a9a39e429205161672333dadf	d__Bacteria; p__Firmicutes; c__Clostridia; o__Lachnospirales; f__Lachnospiraceae; g__Lachnoclostridium
de3e4a8e2c27e93984224c3ce567850f	d__Bacteria; p__Firmicutes; c__Clostridia; o__Lachnospirales; f__Lachnospiraceae; g__Blautia
ec398835cff0e5d9cfe993c2cbb84c81	d__Bacteria; p__Firmicutes; c__Clostridia; o__Lachnospirales; f__Lachnospiraceae; g__Blautia
97b0f628a9a1b5ce0d10086e93fc7bfa	d__Bacteria; p__Firmicutes; c__Clostridia; o__Lachnospirales; f__Lachnospiraceae; g__CAG-56; s__uncultured_bacterium
c378c7609edca5bd60a4727827f43864	d__Bacteria; p__Firmicutes; c__Clostridia; o__Lachnospirales; f__Lachnospiraceae; g__CAG-56; s__uncultured_bacterium
99dde2177d334b0cc744772b3efc593d	d__Bacteria; p__Firmicutes; c__Clostridia; o__Lachnospirales; f__Lachnospiraceae; g__CAG-56; s__uncultured_bacterium
693bc4266429105f6b1527ad767964fb	d__Bacteria; p__Firmicutes; c__Clostridia; o__Lachnospirales; f__Lachnospiraceae; g__CAG-56; s__uncultured_bacterium
bcea794a416feb0f8b31c8c0a6f83c30	d__Bacteria; p__Firmicutes; c__Clostridia; o__Lachnospirales; f__Lachnospiraceae; g__Lachnospiraceae_FCS020_group; s__uncultured_Clostridium
09daea99977b9fca2f467692d1b9fa72	d__Bacteria; p__Firmicutes; c__Clostridia; o__Oscillospirales; f__Ruminococcaceae; g__Ruminococcus
3031b5ed0bb6e7d2f0deea78d99e78e4	d__Bacteria; p__Firmicutes; c__Clostridia; o__Oscillospirales; f__Ruminococcaceae; g__Ruminococcus
3b1ef67c58615580333bc80428361625	d__Bacteria; p__Firmicutes; c__Clostridia; o__Oscillospirales; f__Ruminococcaceae; g__Ruminococcus
50029a690fca7688febb30bd038376be	d__Bacteria; p__Firmicutes; c__Clostridia; o__Lachnospirales; f__Lachnospiraceae; g__[Eubacterium]_ventriosum_group; s__uncultured_Lachnospiraceae
7ea33dc522ea4ee578503c2cbf9e1efb	d__Bacteria; p__Firmicutes; c__Clostridia; o__Lachnospirales; f__Lachnospiraceae; g__[Eubacterium]_ventriosum_group
5dddce2abaa2ed19b62a46ab69d83cb9	d__Bacteria; p__Firmicutes; c__Clostridia; o__Lachnospirales; f__Lachnospiraceae; g__Roseburia
851f653b80d34d10354f756a44d0280d	d__Bacteria; p__Firmicutes; c__Clostridia; o__Lachnospirales; f__Lachnospiraceae; g__Roseburia
aa885d1928161f5842b0ec01ab50f760	d__Bacteria; p__Firmicutes; c__Clostridia; o__Lachnospirales; f__Lachnospiraceae; g__Roseburia
43d33a047e0f2b35d347832070c000c9	d__Bacteria; p__Firmicutes; c__Clostridia; o__Lachnospirales; f__Lachnospiraceae; g__Roseburia
3537e54f9260ae55be0e4e50456fdd05	d__Bacteria; p__Firmicutes; c__Clostridia; o__Lachnospirales; f__Lachnospiraceae
c43be21535f9643d654179bca967dba2	d__Bacteria; p__Firmicutes; c__Clostridia; o__Lachnospirales; f__Lachnospiraceae; g__Agathobacter; s__Eubacterium_ramulus
2a24f300ef9aaa2d69deb240535ec7c6	d__Bacteria; p__Firmicutes; c__Clostridia; o__Lachnospirales; f__Lachnospiraceae; g__Agathobacter; s__Eubacterium_ramulus
1627c0ef98eea9f55127a476290a12ab	d__Bacteria; p__Firmicutes; c__Clostridia; o__Lachnospirales; f__Lachnospiraceae; g__Agathobacter; s__Eubacterium_ramulus
36ff2dff680718277054cf15efcf1f11	d__Bacteria; p__Firmicutes; c__Clostridia; o__Lachnospirales; f__Lachnospiraceae; g__Agathobacter; s__Eubacterium_ramulus
a914d73f21632373a7468ee24c454985	d__Bacteria; p__Firmicutes; c__Clostridia; o__Lachnospirales; f__Lachnospiraceae
6c806b128c120532d989ab3d499b841a	d__Bacteria; p__Firmicutes; c__Clostridia; o__Oscillospirales; f__Ruminococcaceae; g__Ruminococcus; s__Ruminococcus_bicirculans
68294224519e43d897a3f9615ba9c8c0	d__Bacteria; p__Firmicutes; c__Bacilli; o__Lactobacillales; f__Streptococcaceae; g__Streptococcus
5d9450efc7bc872587a859dde99164c1	d__Bacteria; p__Firmicutes; c__Bacilli; o__Lactobacillales; f__Streptococcaceae; g__Streptococcus
f5be217e891b9d484788d1d374b52ed1	d__Bacteria; p__Firmicutes; c__Bacilli; o__Lactobacillales; f__Streptococcaceae; g__Streptococcus
83593c03536b981518b6a81ed1f4e605	d__Bacteria; p__Firmicutes; c__Bacilli; o__Lactobacillales; f__Streptococcaceae; g__Streptococcus
8b738d87eba670d80bda2bc997208c15	d__Bacteria; p__Firmicutes; c__Bacilli; o__Lactobacillales; f__Streptococcaceae; g__Streptococcus
5b4005636e3ec2d3b103d41960eabda5	d__Bacteria; p__Firmicutes; c__Bacilli; o__Lactobacillales; f__Streptococcaceae; g__Streptococcus
fb71ffa29ac9e9fb11a60111737ed276	d__Bacteria; p__Firmicutes; c__Bacilli; o__Lactobacillales; f__Streptococcaceae; g__Streptococcus
581363254f27729185152368d0cf8495	d__Bacteria; p__Firmicutes; c__Bacilli; o__Lactobacillales; f__Streptococcaceae; g__Streptococcus
7b4058c32c7a49d8839de311c3215923	d__Bacteria; p__Firmicutes; c__Bacilli; o__Lactobacillales; f__Streptococcaceae; g__Streptococcus
28100148d9f0dd2c2141f21033288118	d__Bacteria; p__Firmicutes; c__Clostridia; o__Clostridiales; f__Clostridiaceae; g__Clostridium_sensu_stricto_1; s__Clostridium_paraputrificum
5e31729ca820041b756271c6be3ef9ae	d__Bacteria; p__Firmicutes; c__Clostridia; o__Clostridiales; f__Clostridiaceae; g__Clostridium_sensu_stricto_1; s__Clostridium_paraputrificum
9569449c7a26ae4e3e56592be7285611	d__Bacteria; p__Firmicutes; c__Clostridia; o__Clostridiales; f__Clostridiaceae; g__Clostridium_sensu_stricto_1
92ced8739105f01bbf7c733bb5ace80b	d__Bacteria; p__Firmicutes; c__Clostridia; o__Clostridiales; f__Clostridiaceae; g__Clostridium_sensu_stricto_1
5262e69ca050fbe1d23344ae27837c84	d__Bacteria; p__Firmicutes; c__Clostridia; o__Clostridiales; f__Clostridiaceae; g__Clostridium_sensu_stricto_1
7f043a6c6664a58f548fb59ef12c079d	d__Bacteria; p__Firmicutes; c__Clostridia; o__Clostridiales; f__Clostridiaceae; g__Clostridium_sensu_stricto_1
b07cd8bc1c852c1bfd4f274184a01571	d__Bacteria; p__Firmicutes; c__Clostridia; o__Clostridiales; f__Clostridiaceae; g__Clostridium_sensu_stricto_1
e1d222f99aaa6fc2fc4672a9fc35a7ea	d__Bacteria; p__Firmicutes; c__Clostridia; o__Clostridiales; f__Clostridiaceae; g__Clostridium_sensu_stricto_1
2f3c63c87b247b121dd4857fa534df85	d__Bacteria; p__Firmicutes; c__Clostridia; o__Clostridiales; f__Clostridiaceae; g__Clostridium_sensu_stricto_1
8178f155c1c1f5b3970df8bd2f8941de	d__Bacteria; p__Firmicutes; c__Clostridia; o__Clostridiales; f__Clostridiaceae; g__Clostridium_sensu_stricto_1
1f8967301894c5328ed84f36da93196f	d__Bacteria; p__Firmicutes; c__Clostridia; o__Clostridiales; f__Clostridiaceae; g__Clostridium_sensu_stricto_1
5a0499fbf46cff793e2c2c00e3dd7281	d__Bacteria; p__Firmicutes; c__Clostridia; o__Clostridiales; f__Clostridiaceae; g__Clostridium_sensu_stricto_1
e39da8ecfd24998189da6ac3fab04541	d__Bacteria; p__Firmicutes; c__Clostridia; o__Clostridiales; f__Clostridiaceae; g__Clostridium_sensu_stricto_1
6aa443490ebc7ff218276123e4b7e5e4	d__Bacteria; p__Firmicutes; c__Clostridia; o__Clostridiales; f__Clostridiaceae; g__Clostridium_sensu_stricto_1
9d9bc05e2959137cc55e997cb15f3d2d	d__Bacteria; p__Firmicutes; c__Clostridia; o__Clostridiales; f__Clostridiaceae; g__Clostridium_sensu_stricto_1
1092f84636dff6035bbad70fc8c38931	d__Bacteria; p__Firmicutes; c__Clostridia; o__Clostridiales; f__Clostridiaceae; g__Clostridium_sensu_stricto_1
528cfd11b3a6a51a605f8e01b20f8dcc	d__Bacteria; p__Firmicutes; c__Clostridia; o__Clostridiales; f__Clostridiaceae; g__Clostridium_sensu_stricto_1
863c0c46bbcc3c820736dbe7e085d080	d__Bacteria; p__Firmicutes; c__Clostridia; o__Clostridiales; f__Clostridiaceae; g__Clostridium_sensu_stricto_1
c508489cd8b326c1be0258703aaf37ca	d__Bacteria; p__Firmicutes; c__Clostridia; o__Clostridiales; f__Clostridiaceae; g__Clostridium_sensu_stricto_1
d9068d1980e87e3be98162c5646fea67	d__Bacteria; p__Firmicutes; c__Clostridia; o__Clostridiales; f__Clostridiaceae; g__Clostridium_sensu_stricto_1
5f67b632ae7165f4b87620e489ea01ff	d__Bacteria; p__Firmicutes; c__Clostridia; o__Clostridiales; f__Clostridiaceae; g__Clostridium_sensu_stricto_1
3bed1d9507c3743bd3d51d7ee47e4f8d	d__Bacteria; p__Firmicutes; c__Clostridia; o__Lachnospirales; f__Lachnospiraceae; g__[Eubacterium]_ventriosum_group
c1796eb0bd894ab4ca261893928ebfd2	d__Bacteria; p__Firmicutes; c__Clostridia; o__Lachnospirales; f__Lachnospiraceae; g__Roseburia
2a18f967e766b1508c9732a19471645b	d__Bacteria; p__Firmicutes; c__Clostridia; o__Lachnospirales; f__Lachnospiraceae; g__Roseburia
f39b9f9346d82a946a3f851397655882	d__Bacteria; p__Firmicutes; c__Clostridia; o__Lachnospirales; f__Lachnospiraceae; g__Roseburia
a9e0a7eea3edeb2ad185aeb556576e69	d__Bacteria; p__Firmicutes; c__Clostridia; o__Lachnospirales; f__Lachnospiraceae; g__Roseburia
b8106acaf46ea0cb61be5dddbf44ea63	d__Bacteria; p__Firmicutes; c__Clostridia; o__Lachnospirales; f__Lachnospiraceae; g__Roseburia
71bb8111a055c97780c2003726571c3d	d__Bacteria; p__Firmicutes; c__Clostridia; o__Lachnospirales; f__Lachnospiraceae; g__Roseburia
2d0bfb2a8377d8f03bfae5f029303fe3	d__Bacteria; p__Firmicutes; c__Clostridia; o__Lachnospirales; f__Lachnospiraceae; g__Agathobacter
56cfad0d207a974afba111b1768d5b75	d__Bacteria; p__Firmicutes; c__Clostridia; o__Lachnospirales; f__Lachnospiraceae; g__Agathobacter
1876311294d22ec856f47bc1135d2099	d__Bacteria; p__Firmicutes; c__Clostridia; o__Lachnospirales; f__Lachnospiraceae; g__Agathobacter
405b98a1e2e413a9c335a0aae45003fa	d__Bacteria; p__Firmicutes; c__Clostridia; o__Lachnospirales; f__Lachnospiraceae; g__Agathobacter
256eafe9f8232d6da7c3ae56da0d3547	d__Bacteria; p__Firmicutes; c__Clostridia; o__Lachnospirales; f__Lachnospiraceae; g__Lachnospiraceae_UCG-010; s__uncultured_organism
09c5b0ed11dffa3d28dee041c8d89e3e	d__Bacteria; p__Firmicutes; c__Clostridia; o__Lachnospirales; f__Lachnospiraceae; g__Lachnospiraceae_UCG-010; s__uncultured_organism
f8afbada3172e6c662e93c817c8218ea	d__Bacteria; p__Firmicutes; c__Clostridia; o__Lachnospirales; f__Lachnospiraceae; g__Lachnospiraceae_UCG-010; s__uncultured_organism
6992aa3500d3c301d61ea771a95de32a	d__Bacteria; p__Firmicutes; c__Clostridia; o__Lachnospirales; f__Lachnospiraceae; g__Lachnospiraceae_UCG-010; s__uncultured_organism
61d0a10150867ee811b8ddca21e600ed	d__Bacteria; p__Firmicutes; c__Clostridia; o__Lachnospirales; f__Lachnospiraceae; g__Lachnospiraceae_UCG-010
76f747e31105b99de3d54939c22bb65f	d__Bacteria; p__Firmicutes; c__Clostridia; o__Lachnospirales; f__Lachnospiraceae; g__Lachnospiraceae_UCG-010
d01fca0bfb946a3e16580321f0ecc354	d__Bacteria; p__Firmicutes; c__Clostridia; o__Lachnospirales; f__Lachnospiraceae
fdeb01d24ee8f61a69a84ee0c1965505	d__Bacteria; p__Firmicutes; c__Clostridia; o__Lachnospirales; f__Lachnospiraceae; g__Coprococcus
90ebe5479267510b41582b618d908c7a	d__Bacteria; p__Firmicutes; c__Clostridia; o__Lachnospirales; f__Lachnospiraceae; g__Coprococcus
eb1c5bcf361adb749a0ed98592b31e7c	d__Bacteria; p__Firmicutes; c__Clostridia; o__Lachnospirales; f__Lachnospiraceae; g__Coprococcus
9354066a715bb149493819a79ba48cb0	d__Bacteria; p__Firmicutes; c__Clostridia; o__Lachnospirales; f__Lachnospiraceae; g__Coprococcus
b20e90b754a4ddc757068585779b09fe	d__Bacteria; p__Firmicutes; c__Clostridia; o__Lachnospirales; f__Lachnospiraceae; g__Coprococcus
0dfb256782e8d42e00baa3f86cd5cef6	d__Bacteria; p__Firmicutes; c__Bacilli; o__Lactobacillales; f__Streptococcaceae; g__Lactococcus
fa19d03e941a03a1ab05649becada297	d__Bacteria; p__Firmicutes; c__Bacilli; o__Lactobacillales; f__Streptococcaceae; g__Lactococcus
72728de892ba459f83173b9db259120e	d__Bacteria; p__Firmicutes; c__Clostridia; o__Clostridiales; f__Clostridiaceae; g__Clostridium_sensu_stricto_1; s__Clostridium_butyricum
7205399589530c7f78898f6ebbfd5e78	d__Bacteria; p__Firmicutes; c__Clostridia; o__Lachnospirales; f__Lachnospiraceae; g__Lachnospira
b79e0407d2a98dc9164a42464cdf0581	d__Bacteria; p__Firmicutes; c__Clostridia; o__Lachnospirales; f__Lachnospiraceae; g__Lachnospira
9c2ce4d12a429f41cf07a29f487679cd	d__Bacteria; p__Firmicutes; c__Clostridia; o__Lachnospirales; f__Lachnospiraceae; g__Lachnospira
0f3195f040d91fc376f817daea764d37	d__Bacteria; p__Firmicutes; c__Clostridia; o__Lachnospirales; f__Lachnospiraceae; g__Lachnospira
5dec12161d4bb9a66bfdb367713e2ac2	d__Bacteria; p__Firmicutes; c__Clostridia; o__Lachnospirales; f__Lachnospiraceae; g__Lachnospira
904839a1b872cea2c63233056f00a329	d__Bacteria; p__Firmicutes; c__Clostridia; o__Lachnospirales; f__Lachnospiraceae; g__Lachnospira
2eb1777be8473a228d6f6932a189fc40	d__Bacteria; p__Firmicutes; c__Clostridia; o__Lachnospirales; f__Lachnospiraceae; g__Lachnospira
0cbc349b660a25f04b3f3fc5ec45e68f	d__Bacteria; p__Firmicutes; c__Clostridia; o__Lachnospirales; f__Lachnospiraceae; g__Lachnospira
91a667a1a945eeada05e940afd617a1f	d__Bacteria; p__Firmicutes; c__Clostridia; o__Lachnospirales; f__Lachnospiraceae; g__Lachnospira
aa43a7755e0be4cc6d5ae6688f95fac3	d__Bacteria; p__Firmicutes; c__Clostridia; o__Lachnospirales; f__Lachnospiraceae; g__Lachnospira
56a14764a77cb548bb9a8dd024ba5376	d__Bacteria; p__Firmicutes; c__Clostridia; o__Lachnospirales; f__Lachnospiraceae; g__Lachnospira
085e0d50ecc28472cbcfe1fa802cb049	d__Bacteria; p__Firmicutes; c__Clostridia; o__Lachnospirales; f__Lachnospiraceae; g__Lachnospira
54febcd7d322c66d0364017f3063f59f	d__Bacteria; p__Firmicutes; c__Clostridia; o__Lachnospirales; f__Lachnospiraceae; g__[Eubacterium]_eligens_group
316f6c25b9eb1a34857bfba289f1e8f8	d__Bacteria; p__Firmicutes; c__Clostridia; o__Lachnospirales; f__Lachnospiraceae; g__[Eubacterium]_eligens_group
e20916a28cdf486b3380ec766c326960	d__Bacteria; p__Firmicutes; c__Clostridia; o__Lachnospirales; f__Lachnospiraceae; g__[Eubacterium]_eligens_group
cb85da05f1f5f2893c1441d113a54e79	d__Bacteria; p__Firmicutes; c__Clostridia; o__Lachnospirales; f__Lachnospiraceae; g__Lachnospiraceae_ND3007_group
f43113f0febd9e847fab261e90fa62cd	d__Bacteria; p__Firmicutes; c__Clostridia; o__Lachnospirales; f__Lachnospiraceae; g__Lachnospiraceae_ND3007_group
413b30d824afee1c674add780667efd4	d__Bacteria; p__Firmicutes; c__Clostridia; o__Lachnospirales; f__Lachnospiraceae; g__Lachnospiraceae_ND3007_group
12f774b6a7c6c9f2e691ef58ce59c781	d__Bacteria; p__Firmicutes; c__Clostridia; o__Lachnospirales; f__Lachnospiraceae; g__Lachnospiraceae_ND3007_group
90cfe7a63e02383a79b7e4004fd89e8c	d__Bacteria; p__Firmicutes; c__Clostridia; o__Lachnospirales; f__Lachnospiraceae; g__Lachnoclostridium
54d7ef45de6d6c3cdd1a00c806a2aa98	d__Bacteria; p__Firmicutes; c__Clostridia; o__Lachnospirales; f__Lachnospiraceae; g__Lachnoclostridium; s__human_gut
e5f5bece314638bdbf309ffed44ece8a	d__Bacteria; p__Firmicutes; c__Clostridia; o__Lachnospirales; f__Lachnospiraceae; g__Lachnoclostridium; s__human_gut
37dad974ce2d8bc44e4c6035f7ca92f5	d__Bacteria; p__Firmicutes; c__Clostridia; o__Lachnospirales; f__Lachnospiraceae; g__Lachnoclostridium
cf834e880b71079fb1da518c660b87dd	d__Bacteria; p__Firmicutes; c__Clostridia; o__Lachnospirales; f__Lachnospiraceae; g__Lachnoclostridium
0883b6f093da7015d2fa2db18dda75f9	d__Bacteria; p__Firmicutes; c__Clostridia; o__Lachnospirales; f__Lachnospiraceae; g__Lachnoclostridium
aee257c78aa3956db714fef631023c98	d__Bacteria; p__Firmicutes; c__Clostridia; o__Lachnospirales; f__Lachnospiraceae; g__Lachnoclostridium
0ee88624279798dc4261773ceb08f0a3	d__Bacteria; p__Firmicutes; c__Clostridia; o__Lachnospirales; f__Lachnospiraceae; g__Lachnoclostridium
fbfc7c270bf8de8a2b6c1f06e1ab425d	d__Bacteria; p__Firmicutes; c__Clostridia; o__Lachnospirales; f__Lachnospiraceae; g__Lachnoclostridium
f6b05f60ad77711dd15c47441524f6aa	d__Bacteria; p__Firmicutes; c__Clostridia; o__Lachnospirales; f__Lachnospiraceae; g__Lachnoclostridium
c1d48324245eb02757a23d9b5167eec1	d__Bacteria; p__Firmicutes; c__Clostridia; o__Lachnospirales; f__Lachnospiraceae; g__Lachnoclostridium
ac7099c584e2355a743528eb18e48faf	d__Bacteria; p__Firmicutes; c__Clostridia; o__Lachnospirales; f__Lachnospiraceae; g__Lachnospiraceae_UCG-004
892f8b4a974b243014a42d46ee72fb7a	d__Bacteria; p__Firmicutes; c__Clostridia; o__Lachnospirales; f__Lachnospiraceae; g__Lachnospiraceae_UCG-004
d4e0cc9ab33f31a5b19949815c7edfc1	d__Bacteria; p__Proteobacteria; c__Gammaproteobacteria; o__Pasteurellales; f__Pasteurellaceae
831fd8e5507f30c6f9b978d575ad1c42	d__Bacteria; p__Proteobacteria; c__Gammaproteobacteria; o__Pasteurellales; f__Pasteurellaceae; g__Haemophilus
f66f9cf2638acaf5fbd3b6adc6c2b437	d__Bacteria; p__Proteobacteria; c__Gammaproteobacteria; o__Pasteurellales; f__Pasteurellaceae
dbc603a1413d0592b27db99a1a9f1030	d__Bacteria; p__Proteobacteria; c__Gammaproteobacteria; o__Pasteurellales; f__Pasteurellaceae; g__Haemophilus
5978b7fea551759e5c10b269b6cc05b0	d__Bacteria; p__Firmicutes; c__Clostridia; o__Lachnospirales; f__Lachnospiraceae; g__Coprococcus
8b8cdf0cfb7abcbf8f0730e055ece85b	d__Bacteria; p__Proteobacteria; c__Gammaproteobacteria; o__Enterobacterales; f__Enterobacteriaceae; g__Escherichia-Shigella
a8113282ce394b732029c64a5f172e06	d__Bacteria; p__Proteobacteria; c__Gammaproteobacteria; o__Enterobacterales; f__Enterobacteriaceae; g__Escherichia-Shigella
c5188c12be55b2034a22f6ea704b57e9	d__Bacteria; p__Proteobacteria; c__Gammaproteobacteria; o__Enterobacterales; f__Enterobacteriaceae; g__Escherichia-Shigella
62b4750c8c9fa6b948150af775a1ba26	d__Bacteria; p__Proteobacteria; c__Gammaproteobacteria; o__Enterobacterales; f__Enterobacteriaceae; g__Escherichia-Shigella
f96b25005df65d69166bb0f66bdeea06	d__Bacteria; p__Proteobacteria; c__Gammaproteobacteria; o__Enterobacterales; f__Enterobacteriaceae; g__Escherichia-Shigella
338a5e086ce9725c7aa40f01836fab96	d__Bacteria; p__Proteobacteria; c__Gammaproteobacteria; o__Enterobacterales; f__Enterobacteriaceae; g__Escherichia-Shigella
dc357bad865d457ea27cbc317cebfe12	d__Bacteria; p__Proteobacteria; c__Gammaproteobacteria; o__Enterobacterales; f__Enterobacteriaceae; g__Escherichia-Shigella
e38c7bcac95b14193c8ea09f6d8cffb8	d__Bacteria; p__Firmicutes; c__Clostridia; o__Oscillospirales; f__Butyricicoccaceae; g__Butyricicoccus; s__Butyricicoccus_pullicaecorum
b9d2fe79f7638ab69c8bd3e21b6f9449	d__Bacteria; p__Proteobacteria; c__Gammaproteobacteria; o__Enterobacterales; f__Morganellaceae; g__Proteus
2369d0f832d0d08a3460e93f7b55ef98	d__Bacteria; p__Proteobacteria; c__Gammaproteobacteria; o__Enterobacterales
b736691cb8187823ad9960829c2b1c68	d__Bacteria; p__Proteobacteria; c__Gammaproteobacteria; o__Enterobacterales; f__Enterobacteriaceae
fbbcec7070f3b52b97c381b615d7d801	d__Bacteria; p__Proteobacteria; c__Gammaproteobacteria; o__Enterobacterales
5ad70d51fb63b50bbe296ded698c28ca	d__Bacteria; p__Proteobacteria; c__Gammaproteobacteria; o__Enterobacterales
141bf670fbacb774b7bd4366c369b6cd	d__Bacteria; p__Proteobacteria; c__Gammaproteobacteria; o__Enterobacterales
2325eb33a5b674abe3aa143942861ad9	d__Bacteria; p__Proteobacteria; c__Gammaproteobacteria; o__Enterobacterales; f__Enterobacteriaceae
d29f324a55d130f5465eaed17d68fa46	d__Bacteria; p__Proteobacteria; c__Gammaproteobacteria; o__Enterobacterales; f__Enterobacteriaceae
852bd5959a5dd6f1adacf228bd91a6bb	d__Bacteria; p__Proteobacteria; c__Gammaproteobacteria; o__Enterobacterales; f__Enterobacteriaceae
b79720fee1756b8de7050aac47e5d9e3	d__Bacteria; p__Proteobacteria; c__Gammaproteobacteria; o__Enterobacterales; f__Enterobacteriaceae
1d3b210673becf76146a31b44a262496	d__Bacteria; p__Proteobacteria; c__Gammaproteobacteria; o__Enterobacterales; f__Enterobacteriaceae
9b56f56c9563341f738406c63680c553	d__Bacteria; p__Proteobacteria; c__Gammaproteobacteria; o__Enterobacterales; f__Hafniaceae; g__Hafnia-Obesumbacterium
30993fee39bd1012eb308ea0698bab58	d__Bacteria; p__Firmicutes; c__Bacilli; o__Erysipelotrichales; f__Erysipelotrichaceae; g__Faecalitalea; s__Absiella_argi
3b29531af6b522723dfecefaac392873	d__Bacteria; p__Firmicutes; c__Clostridia; o__Oscillospirales; f__Oscillospiraceae; g__Oscillibacter
d648b2072fe31d36ed621d545447cebe	d__Bacteria; p__Firmicutes; c__Clostridia; o__Oscillospirales; f__Oscillospiraceae; g__UCG-002
c6c0171e0d778dff7b70f1f58cc35c36	d__Bacteria; p__Firmicutes; c__Clostridia; o__Oscillospirales; f__Oscillospiraceae; g__UCG-002
43996787c47c7e4278eff1298e2dee8b	d__Bacteria; p__Firmicutes; c__Clostridia; o__Oscillospirales; f__Butyricicoccaceae; g__Butyricicoccus
019e16c08f8819c99a9506b4204dc535	d__Bacteria; p__Firmicutes; c__Clostridia; o__Oscillospirales; f__Butyricicoccaceae; g__Butyricicoccus; s__Butyricicoccus_pullicaecorum
b7261691299c8229cdb6654ddfe1541a	d__Bacteria; p__Firmicutes; c__Clostridia; o__Oscillospirales; f__Butyricicoccaceae; g__UCG-009; s__uncultured_organism
75b762f79de27252a6e70930397456dc	d__Bacteria; p__Firmicutes; c__Clostridia; o__Oscillospirales; f__Oscillospiraceae
0756e27cd197824ad48ce17625355fb5	d__Bacteria; p__Firmicutes; c__Clostridia; o__Oscillospirales; f__Oscillospiraceae
c05b68d687aecc83e1efca9657d16a06	d__Bacteria; p__Firmicutes; c__Clostridia; o__Oscillospirales; f__Butyricicoccaceae; g__Butyricicoccus; s__uncultured_bacterium
2b9e5d8f68278a97bb94f912767d4b86	d__Bacteria; p__Firmicutes; c__Clostridia; o__Oscillospirales; f__Butyricicoccaceae; g__Butyricicoccus
a9d6c5e316494e30303973a95d442164	d__Bacteria; p__Firmicutes; c__Clostridia; o__Oscillospirales; f__Butyricicoccaceae; g__Butyricicoccus
f809046e64cd43de7baf0de2c6722bcb	d__Bacteria; p__Firmicutes; c__Clostridia; o__Oscillospirales; f__Butyricicoccaceae; g__Butyricicoccus
9b2a40e9d07d3d6acf7404e65598dacf	d__Bacteria; p__Firmicutes; c__Clostridia; o__Oscillospirales; f__Butyricicoccaceae; g__Butyricicoccus
9ac16fec9466d05d510d2a89453337c5	d__Bacteria; p__Firmicutes; c__Clostridia; o__Oscillospirales; f__Butyricicoccaceae; g__Butyricicoccus
206a18d8e6722843a7d5f9fb7ce33f3c	d__Bacteria; p__Firmicutes; c__Clostridia; o__Oscillospirales; f__Butyricicoccaceae; g__Butyricicoccus
edca4585b02cb828e651027fbf789d38	d__Bacteria; p__Firmicutes; c__Clostridia; o__Oscillospirales; f__Butyricicoccaceae; g__Butyricicoccus
4dbd6b2d0c7541c02828d2abb48f4a4d	d__Bacteria; p__Firmicutes; c__Clostridia; o__Oscillospirales; f__Butyricicoccaceae; g__Butyricicoccus
06ec4429c36c15648ad6cf33ec3efd5f	d__Bacteria; p__Firmicutes; c__Clostridia; o__Oscillospirales; f__Oscillospiraceae
79e0aa54c85a315f310449aea2f39f00	d__Bacteria; p__Firmicutes; c__Clostridia; o__Oscillospirales; f__Oscillospiraceae; g__Flavonifractor
2b8d85abddef389510de9657f46b9712	d__Bacteria; p__Firmicutes; c__Clostridia; o__Oscillospirales; f__Oscillospiraceae; g__Flavonifractor
6df403d245acd5bf986274155f569212	d__Bacteria; p__Firmicutes; c__Clostridia; o__Oscillospirales; f__Oscillospiraceae; g__Flavonifractor
38035819b27814aa58a0b771c0b89b7d	d__Bacteria; p__Firmicutes; c__Clostridia; o__Oscillospirales; f__Oscillospiraceae; g__NK4A214_group
67487fb4ad098b2ecea73050f14fc5e9	d__Bacteria; p__Firmicutes; c__Clostridia; o__Oscillospirales; f__Oscillospiraceae; g__NK4A214_group; s__metagenome
8e256edae5ece509365c7d802cb412dd	d__Bacteria; p__Firmicutes; c__Clostridia; o__Oscillospirales; f__Oscillospiraceae; g__Colidextribacter
2ba2354ed75018db5082bb596585e12f	d__Bacteria; p__Firmicutes; c__Clostridia; o__Oscillospirales; f__Oscillospiraceae; g__Colidextribacter
18e9d2b442e6699955a8d735a445e65c	d__Bacteria; p__Firmicutes; c__Clostridia; o__Oscillospirales; f__Oscillospiraceae; g__Colidextribacter
2520825e16d7a1bd780e1c9b70815fc0	d__Bacteria; p__Firmicutes; c__Negativicutes; o__Veillonellales-Selenomonadales; f__Veillonellaceae; g__Dialister
0744edfcf97ec12c0abdcc2acab827dd	d__Bacteria; p__Firmicutes; c__Negativicutes; o__Veillonellales-Selenomonadales; f__Veillonellaceae; g__Dialister
3fc4712cd218899804e5d4795a5b4625	d__Bacteria; p__Firmicutes; c__Negativicutes; o__Veillonellales-Selenomonadales; f__Veillonellaceae; g__Dialister
93bf1944473fd7fe8c16d3e9364df72f	d__Bacteria; p__Firmicutes; c__Clostridia; o__Oscillospirales; f__Oscillospiraceae; g__UCG-005
09fcc892897f5f475594e0187bf8407b	d__Bacteria; p__Firmicutes; c__Clostridia; o__Oscillospirales; f__Oscillospiraceae; g__UCG-005; s__uncultured_organism
18c0adda7e87f17e0a2883e1cfbdc147	d__Bacteria; p__Firmicutes; c__Clostridia; o__Oscillospirales; f__Oscillospiraceae; g__UCG-005
360facce47ab37daa93ea5486fa64ad8	d__Bacteria; p__Firmicutes; c__Negativicutes; o__Veillonellales-Selenomonadales; f__Veillonellaceae; g__Allisonella; s__uncultured_bacterium
582ee52b3d9461eab5e853f85a6fb843	d__Bacteria; p__Firmicutes; c__Negativicutes; o__Veillonellales-Selenomonadales; f__Veillonellaceae; g__Allisonella; s__uncultured_bacterium
5083075ecb5dc0f2ba596b44b97f1aa2	d__Bacteria; p__Firmicutes; c__Negativicutes; o__Veillonellales-Selenomonadales; f__Veillonellaceae; g__Allisonella; s__uncultured_bacterium
60b3faa7da0a6623a7b757e3e6e806b6	d__Bacteria; p__Firmicutes; c__Negativicutes; o__Veillonellales-Selenomonadales; f__Veillonellaceae; g__Allisonella; s__uncultured_bacterium
86d4cb95742dbc1262c7dc9b70a93d99	d__Bacteria; p__Firmicutes; c__Clostridia; o__Christensenellales; f__Christensenellaceae; g__Christensenellaceae_R-7_group; s__uncultured_prokaryote
eaf392e5078b272f8fb0a2fefadccd7b	d__Bacteria; p__Firmicutes; c__Clostridia; o__Christensenellales; f__Christensenellaceae; g__Christensenellaceae_R-7_group; s__uncultured_prokaryote
d42dfa4f8d7f6a699a4e8c816427d8ca	d__Bacteria; p__Firmicutes; c__Clostridia; o__Christensenellales; f__Christensenellaceae; g__Christensenellaceae_R-7_group; s__uncultured_prokaryote
a28bd5b4f743da530460a7bda5d6df50	d__Bacteria; p__Firmicutes; c__Negativicutes; o__Veillonellales-Selenomonadales; f__Veillonellaceae; g__Dialister
a7b7f790e4430145d59c95b29b52fdd6	d__Bacteria; p__Firmicutes; c__Bacilli; o__Erysipelotrichales; f__Erysipelotrichaceae; g__Turicibacter
37f3be789bb42a93eabe58b43a92833a	d__Bacteria; p__Firmicutes; c__Bacilli; o__Erysipelotrichales; f__Erysipelotrichaceae; g__Turicibacter
21752f2fe8adf9cdff49d39566a473c6	d__Bacteria; p__Firmicutes; c__Bacilli; o__Erysipelotrichales; f__Erysipelotrichaceae; g__Turicibacter
18282204b104cb2c54c8b2d6d5dfefa6	d__Bacteria; p__Firmicutes; c__Bacilli; o__Staphylococcales; f__Gemellaceae; g__Gemella
0a06df16986c49b082406c90ec61a4b0	d__Bacteria; p__Firmicutes; c__Bacilli; o__Staphylococcales; f__Gemellaceae; g__Gemella
f43e9c93909b6f0caaf486c20d1cd529	d__Bacteria; p__Firmicutes; c__Bacilli; o__Erysipelotrichales; f__Erysipelatoclostridiaceae; g__Erysipelatoclostridium
d53a863a9f860fd6ea3b48d230d333e3	d__Bacteria; p__Firmicutes; c__Clostridia; o__Peptostreptococcales-Tissierellales; f__Peptostreptococcales-Tissierellales; g__Finegoldia
13203e4e566e53ec29016d7c3a8e400a	d__Bacteria; p__Firmicutes; c__Clostridia; o__Peptostreptococcales-Tissierellales; f__Peptostreptococcales-Tissierellales; g__Finegoldia
66841d053e011467d9d0784583a68e41	d__Bacteria; p__Firmicutes; c__Clostridia; o__Lachnospirales; f__Lachnospiraceae; g__Tyzzerella; s__unidentified
9c7e28d8ae04551d8d50e29dc55ecd2c	d__Bacteria; p__Firmicutes; c__Clostridia; o__Lachnospirales; f__Lachnospiraceae; g__Tyzzerella; s__unidentified
ef549a0bff67a2113ca1f39850ebd43c	d__Bacteria; p__Firmicutes; c__Clostridia; o__Lachnospirales; f__Lachnospiraceae; g__Tyzzerella; s__unidentified
bbd186df4522586956916cef20b6811b	d__Bacteria; p__Firmicutes; c__Clostridia; o__Lachnospirales; f__Lachnospiraceae; g__Anaerostipes; s__Anaerostipes_caccae
de3ab6ef8b38597a9614032a5f872995	d__Bacteria; p__Campilobacterota; c__Campylobacteria; o__Campylobacterales; f__Campylobacteraceae; g__Campylobacter; s__Campylobacter_hominis
3d9c8e455474bd424fdc9d4197f0a898	d__Bacteria; p__Campilobacterota; c__Campylobacteria; o__Campylobacterales; f__Helicobacteraceae; g__Helicobacter; s__Helicobacter_typhlonius
e8d2fe3cfeb372d3a9ba2589458ce58e	d__Bacteria; p__Proteobacteria; c__Gammaproteobacteria; o__Burkholderiales; f__Comamonadaceae
516e1f726b9f9f249a4cbbba5cbcba17	d__Bacteria; p__Proteobacteria; c__Gammaproteobacteria; o__Burkholderiales; f__Sutterellaceae; g__Sutterella; s__Sutterella_wadsworthensis
292c573051c36276be3a1ad4096b18ff	d__Bacteria; p__Proteobacteria; c__Gammaproteobacteria; o__Burkholderiales; f__Sutterellaceae; g__Sutterella; s__Sutterella_wadsworthensis
3ed000caafefcbc21da7c8a859a8bec3	d__Bacteria; p__Proteobacteria; c__Gammaproteobacteria; o__Burkholderiales; f__Sutterellaceae; g__Sutterella
1b96f8505caa8b24008dfb9884736d77	d__Bacteria; p__Proteobacteria; c__Gammaproteobacteria; o__Burkholderiales; f__Sutterellaceae; g__Sutterella; s__gut_metagenome
94291fdbf2b0ab467f09bacd869b1c8e	d__Bacteria; p__Proteobacteria; c__Gammaproteobacteria; o__Burkholderiales; f__Sutterellaceae; g__Sutterella
2a2c4063e90ec66ae0155ba12a3017a6	d__Bacteria; p__Proteobacteria; c__Gammaproteobacteria; o__Burkholderiales; f__Sutterellaceae; g__Sutterella; s__Sutterella_sp.
620dbf0636362311de2f98be0c80ed6a	d__Bacteria; p__Proteobacteria; c__Gammaproteobacteria; o__Burkholderiales; f__Sutterellaceae; g__Sutterella
368a8d32593b560a83682aa32b93288b	d__Bacteria; p__Bacteroidota; c__Bacteroidia; o__Bacteroidales; f__Rikenellaceae; g__Alistipes
3d0084a10351c309b24292fdd703f353	d__Bacteria; p__Bacteroidota; c__Bacteroidia; o__Bacteroidales; f__Rikenellaceae; g__Alistipes
24d8fdf2d3a39ea7c360773a13e28a4b	d__Bacteria; p__Bacteroidota; c__Bacteroidia; o__Bacteroidales; f__Rikenellaceae; g__Alistipes
3e181336f73f561b77b638b33a19f44d	d__Bacteria; p__Bacteroidota; c__Bacteroidia; o__Bacteroidales; f__Rikenellaceae; g__Alistipes
71b4d080bf5b6e8d124496a18450e491	d__Bacteria; p__Bacteroidota; c__Bacteroidia; o__Bacteroidales; f__Rikenellaceae; g__Alistipes
cb7f001b8f063f0b4ac9ecf23df96379	d__Bacteria; p__Firmicutes; c__Clostridia; o__Peptostreptococcales-Tissierellales; f__Peptostreptococcaceae; g__Intestinibacter
686309d1b6aefc088393fb912fcc5994	d__Bacteria; p__Firmicutes; c__Clostridia; o__Peptostreptococcales-Tissierellales; f__Peptostreptococcaceae; g__Intestinibacter
3c926f1243509527a14473fad08dbd67	d__Bacteria; p__Firmicutes; c__Clostridia; o__Peptostreptococcales-Tissierellales; f__Peptostreptococcaceae; g__Intestinibacter
4026c721c83dde2eb37a65b9b38cb431	d__Bacteria; p__Firmicutes; c__Clostridia; o__Peptostreptococcales-Tissierellales; f__Peptostreptococcaceae; g__Intestinibacter
400335f87677e579b55f0b7821110397	d__Bacteria; p__Firmicutes; c__Clostridia; o__Peptostreptococcales-Tissierellales; f__Peptostreptococcaceae; g__Intestinibacter
7fa015d96bbd8f75e37be395206df7a7	d__Bacteria; p__Firmicutes; c__Clostridia; o__Lachnospirales; f__Lachnospiraceae; g__Cellulosilyticum; s__uncultured_bacterium
c0c78dff62f9ce6cfddcbfc044a03524	d__Bacteria; p__Firmicutes; c__Clostridia; o__Peptostreptococcales-Tissierellales; f__Peptostreptococcales-Tissierellales; g__Fenollaria
969691e1e8b34abff8c7b7eacfc14a1d	d__Bacteria; p__Firmicutes; c__Clostridia; o__Lachnospirales; f__Lachnospiraceae
590424fc453006016eb237642ec726af	d__Bacteria; p__Firmicutes; c__Clostridia; o__Lachnospirales; f__Lachnospiraceae; g__[Eubacterium]_hallii_group
48410bb7cf8072d94fbc2359d1b8b369	d__Bacteria; p__Firmicutes; c__Clostridia; o__Lachnospirales; f__Lachnospiraceae; g__[Eubacterium]_hallii_group
dbe8607da7d29e785c588551a0e3fc19	d__Bacteria; p__Firmicutes; c__Clostridia; o__Lachnospirales; f__Lachnospiraceae; g__[Eubacterium]_hallii_group
7090d1400023bb0094864ef3871ccb25	d__Bacteria; p__Firmicutes; c__Clostridia; o__Lachnospirales; f__Lachnospiraceae; g__[Eubacterium]_hallii_group
7362dd5d25726cc2b9582899241d86bb	d__Bacteria; p__Firmicutes; c__Clostridia; o__Lachnospirales; f__Lachnospiraceae; g__[Eubacterium]_hallii_group
fdb4472ad92105c249f92a6b0e9fae18	d__Bacteria; p__Firmicutes; c__Clostridia; o__Lachnospirales; f__Lachnospiraceae; g__[Eubacterium]_hallii_group
9b6fcbde9ac4ed80d5be3cfd7af6f4c9	d__Bacteria; p__Firmicutes; c__Clostridia; o__Lachnospirales; f__Lachnospiraceae; g__[Eubacterium]_hallii_group
aad5488c66b18465a930ba85ecdc7dbf	d__Bacteria; p__Firmicutes; c__Clostridia; o__Lachnospirales; f__Lachnospiraceae; g__[Eubacterium]_hallii_group
f0b27ad40c071e27fbb8ea10594983b5	d__Bacteria; p__Firmicutes; c__Clostridia; o__Lachnospirales; f__Lachnospiraceae; g__[Eubacterium]_hallii_group
3caca35971face34ca93d4a12fd94bd5	d__Bacteria; p__Firmicutes; c__Clostridia; o__Lachnospirales; f__Lachnospiraceae; g__[Eubacterium]_hallii_group
99eec8ed9af528c953a39ac7323b1736	d__Bacteria; p__Firmicutes; c__Clostridia; o__Lachnospirales; f__Lachnospiraceae; g__[Eubacterium]_hallii_group
e4371a008c7aa4a52a32c44eb1170a53	d__Bacteria; p__Firmicutes; c__Clostridia; o__Lachnospirales; f__Lachnospiraceae; g__Coprococcus
14ef08fd2ce7ef8802ac337d235f93b2	d__Bacteria; p__Firmicutes; c__Clostridia; o__Lachnospirales; f__Lachnospiraceae; g__Coprococcus
b0235771c5b8c9bd307c10239f352c37	d__Bacteria; p__Firmicutes; c__Clostridia; o__Lachnospirales; f__Lachnospiraceae; g__Coprococcus
fb4557d9ac19b838fd22cbc6d9f67ccc	d__Bacteria; p__Firmicutes; c__Clostridia; o__Peptostreptococcales-Tissierellales; f__Peptostreptococcaceae; g__Romboutsia
1e17c0ae3af67c3e9a860c4936b3b441	d__Bacteria; p__Firmicutes; c__Clostridia; o__Peptostreptococcales-Tissierellales; f__Peptostreptococcaceae; g__Terrisporobacter
d4a306e0cbb71bad0800c8094c02553c	d__Bacteria; p__Firmicutes; c__Clostridia; o__Peptostreptococcales-Tissierellales; f__Peptostreptococcaceae; g__Terrisporobacter
7f16652a92f84d8f042474f5b7fbc3a3	d__Bacteria; p__Firmicutes; c__Clostridia; o__Peptostreptococcales-Tissierellales; f__Peptostreptococcaceae; g__Romboutsia
b680d15625fb64b5ccc413e4967c4366	d__Bacteria; p__Firmicutes; c__Clostridia; o__Peptostreptococcales-Tissierellales; f__Peptostreptococcaceae; g__Romboutsia
660c12231516c9856be67fc4becaba07	d__Bacteria; p__Firmicutes; c__Clostridia; o__Peptostreptococcales-Tissierellales; f__Peptostreptococcaceae; g__Romboutsia
77406f57d249465e3b6f5c1366c4157f	d__Bacteria; p__Firmicutes; c__Clostridia; o__Peptostreptococcales-Tissierellales; f__Peptostreptococcaceae; g__Romboutsia
6b7458210983da794d6491e2527bcfc4	d__Bacteria; p__Firmicutes; c__Clostridia; o__Peptostreptococcales-Tissierellales; f__Peptostreptococcaceae; g__Romboutsia
87e2fe669ee338bba43b6c529f7ce7e0	d__Bacteria; p__Firmicutes; c__Clostridia; o__Peptostreptococcales-Tissierellales; f__Peptostreptococcaceae; g__Romboutsia
bff6ef47384dfb9e0cfadc05fe552f45	d__Bacteria; p__Firmicutes; c__Clostridia; o__Peptostreptococcales-Tissierellales; f__Peptostreptococcaceae; g__Romboutsia
a7a4fecdf1d415205e53115782012f88	d__Bacteria; p__Firmicutes; c__Clostridia; o__Peptostreptococcales-Tissierellales; f__Anaerovoracaceae; g__Mogibacterium; s__uncultured_Enterococcus
e8faea4e55a9e43262c7ebbb7e23e34f	d__Bacteria; p__Firmicutes; c__Clostridia; o__Lachnospirales; f__Lachnospiraceae; g__[Eubacterium]_ruminantium_group; s__uncultured_bacterium
834cd639eb88b122639d5c6defce02bf	d__Bacteria; p__Firmicutes; c__Clostridia; o__Lachnospirales; f__Lachnospiraceae; g__[Eubacterium]_ruminantium_group; s__uncultured_bacterium
f905e4731a19f82e43588e80efb89e0c	d__Bacteria; p__Firmicutes; c__Clostridia; o__Lachnospirales; f__Lachnospiraceae; g__Anaerostipes
6c28989b5b4d86d1c9ea8df2c8a1b3be	d__Bacteria; p__Firmicutes; c__Clostridia; o__Lachnospirales; f__Lachnospiraceae; g__Anaerostipes
a80c54b590550e825925e36d8a1b5b01	d__Bacteria; p__Firmicutes; c__Clostridia; o__Lachnospirales; f__Lachnospiraceae; g__Anaerostipes
41c7ab733eabbbe829cd91b60a357682	d__Bacteria; p__Firmicutes; c__Clostridia; o__Lachnospirales; f__Lachnospiraceae; g__Anaerostipes
f91e665e69020f45cc2018443a44efab	d__Bacteria; p__Firmicutes; c__Clostridia; o__Lachnospirales; f__Lachnospiraceae; g__Anaerostipes
14f76a48823ad6efdb3c6aa47d26e835	d__Bacteria; p__Firmicutes; c__Clostridia; o__Lachnospirales; f__Lachnospiraceae; g__Anaerostipes
401601389c4465c597f10cbe18e0084b	d__Bacteria; p__Proteobacteria; c__Gammaproteobacteria; o__Burkholderiales; f__Sutterellaceae; g__Parasutterella
8180327498355db064a251671b79f4b4	d__Bacteria; p__Proteobacteria; c__Gammaproteobacteria; o__Burkholderiales; f__Sutterellaceae; g__Parasutterella
7ecf2876e0ab34a7ba4da77108b227dd	d__Bacteria; p__Firmicutes; c__Negativicutes; o__Veillonellales-Selenomonadales; f__Veillonellaceae; g__Veillonella
3b8e7296a5e2ae344675d186604108cc	d__Bacteria; p__Proteobacteria; c__Gammaproteobacteria; o__Burkholderiales; f__Sutterellaceae; g__Parasutterella
c362011e563867980fd431da3f1fa73c	d__Bacteria; p__Proteobacteria; c__Gammaproteobacteria; o__Burkholderiales; f__Sutterellaceae; g__Parasutterella
21c70dc7a8213839ab4b8be2df3e440c	d__Bacteria; p__Proteobacteria; c__Gammaproteobacteria; o__Burkholderiales; f__Sutterellaceae; g__Parasutterella
c8a07b553345e821bd7fee7e669af9f4	d__Bacteria; p__Proteobacteria; c__Gammaproteobacteria; o__Burkholderiales; f__Sutterellaceae; g__Parasutterella
0cccbefc4d75e676ede41b571b915980	d__Bacteria; p__Proteobacteria; c__Gammaproteobacteria; o__Burkholderiales; f__Sutterellaceae; g__Parasutterella
cde7453d0a8f00ae96ef1c9b6bd9c5b8	d__Bacteria; p__Proteobacteria; c__Gammaproteobacteria; o__Burkholderiales; f__Sutterellaceae; g__Parasutterella
718f01ff43bb0f51c8f46206219188ae	d__Bacteria; p__Proteobacteria; c__Gammaproteobacteria; o__Burkholderiales; f__Sutterellaceae; g__Parasutterella
2e3eee787be61fe19d1cbd8c00812b93	d__Bacteria; p__Actinobacteriota; c__Coriobacteriia; o__Coriobacteriales; f__Atopobiaceae; g__Atopobium
95bdc76cd4ec86539c174430feecafcb	d__Bacteria; p__Actinobacteriota; c__Coriobacteriia; o__Coriobacteriales; f__Atopobiaceae; g__Atopobium
e94d90120f506f60ae74715e87d8e9f4	Unassigned
27791f78838dbe151549e891e87fc625	d__Eukaryota
4b00ae892d5f3069c975cd3cb119132d	Unassigned
aa3cd74684e76b4bfa7b5a5ddddfbb29	d__Eukaryota
eac74f40c1b90d85fa81d91dfd56808f	Unassigned
4f7fdca4dfc97ff07daec16103e0d5cc	Unassigned
87979f2ee05f43433b6989e35fc3d02a	Unassigned
e7c4f6983368a893708e74fbabe8fc92	Unassigned
61ffcf92e5e0c2c43f920a2127dfcc35	Unassigned
4ac9e5c8a92b2c6262e16adf699eecab	Unassigned
2a829b89b838e80f60468da27348fc4e	Unassigned
40d5fcfcd68affa0fedb7dd72256a93e	Unassigned
c06828b6cce09d75aecf3c5f3d2f9d03	Unassigned
8adb8c23b0c22f594bd46324d451b42b	d__Eukaryota
8fa89de42b88af30ce6f355541bfa6c0	Unassigned
89706aaa44b9e668202a1af35a6733f0	Unassigned
4b62be3520637ce3f5f66d17c67b40dc	d__Eukaryota
b388d748422dc9beefd8b9e5f6f7a102	Unassigned
93cfba5cd73f36fdba44f0be3587f948	d__Eukaryota
dacf8e06776b75facb19f79d22cb091f	d__Eukaryota
7674bf265b669013d6898651e524e973	d__Eukaryota
c73e30826e9cb6cf72ce27e061e9bf1b	d__Eukaryota
16a064f5d7d3a3d52ca42a044de08d21	d__Eukaryota
85ea86c6e6cba2f44a6db745a0ba0e8b	d__Eukaryota
72f95fc597d0f9d109d5bedb89364e30	d__Eukaryota
240507364078d12b83931da7a94d45d8	d__Eukaryota
b0a8eabcb63414b7475a5c9ae5bec5b8	d__Eukaryota
8b72ab7995ead7484fddce14f9ab0821	d__Eukaryota
859922b6c1660cf5953d5768bdd78b3a	d__Eukaryota
5295138bf3a57c92641d7274344b7e21	Unassigned
02c5f42608131373f04d69349de3ffb9	Unassigned
d02f934f757a21ea7c430e41a2506bab	Unassigned
8fc797b02f5d332980a3c4f1fab3a8a0	Unassigned
a8f0fb270e16a68197079fa2beee96ce	Unassigned
58230e1a10edc2ac746e5eb99fc1c8ab	d__Eukaryota
fc51a07a6d7ee9b0f5c616e8483295d1	Unassigned
72ec64c35041303b2220cb46122bae8f	Unassigned
bc6674b8b0402731ac8acc7441da4f4d	Unassigned
13eec0774e4920b4a9654e0642e36762	Unassigned
6275bd4f785095c5f882190b6b6ae9d7	d__Eukaryota
0f0a4cb1d5da752e35166ad9fda8eeef	Unassigned
3b1ff8a086d36b2123b4b4dde1c82b1a	Unassigned
d2a47e2bc42224c3eabe0a5968241bfe	Unassigned
33a38eaef09102a26ff097f601a9c316	Unassigned
b8473f3fbc4ef5363edc9a9a8369a369	d__Eukaryota
c7bbddb8996ae38f7a2ff6a7cbac4229	d__Eukaryota
81bdbe7f9e07586497820a311d618f75	Unassigned
82af1dd22dc9790f08f8f596be6d430f	d__Eukaryota
e089c5813abf06872cbc7a9ce30ef88f	Unassigned
567bb5acf05d808825b63d20ff6cf76f	Unassigned
b26bf76237e9eabe2b33a74caa1c7ab3	Unassigned
dd42964cda11fd1eca9077e31bddad2c	Unassigned
fb815757b38ff121334bb563c46297e4	Unassigned
ec4f56bdb6183aad5c660ece2d41e664	Unassigned
9c753b7470eea7eaee8709127b13bda5	d__Eukaryota
fa8048094c252b873ad6a327a5124ed9	d__Eukaryota
3812a8c76ad28a8da46b7f132c4c2bab	d__Eukaryota
eb2d548644d3b8bccddbcb77d9c1b8f4	Unassigned
f3fe972e718158bbc4c7482fe129b5b5	d__Eukaryota
4d3a0e7362becdb2fc1966c5e22f7e44	d__Eukaryota
64235a0ac842434477aff0b0e4154d32	d__Eukaryota
0e5432792f4ec0b10295ee757fd187cc	d__Eukaryota
7a3b45b4200a120481de32fe42e292c4	d__Eukaryota
4bf6a3af67a3b45ccee1dc9afa618e30	d__Eukaryota
7fd3ed8f92f28af6152cded7a68ebdf1	d__Eukaryota
da6ea8a6528a89e6ffc08b3cd266effc	d__Eukaryota
6fd6676bdea5050d0c3051d121301025	d__Eukaryota
d3b4fbe8c94d29ac546263a4fea655c9	d__Eukaryota
6dc7c5e74f4a5039cc233ea82b40d35c	d__Eukaryota
2391692f2dd012d8f83c4023922480b8	d__Eukaryota
e58a7c29c2b74adbe0f0ff5d1fd80b6f	d__Eukaryota
25743d5716f9f743ebfd29b57aef31f0	Unassigned
171197b2f766931df6ee0c5910391888	Unassigned
2defd2073df6cffa563275bc4db7be37	d__Eukaryota
2cc0973b840205eaa7c2a2c0cddbedb6	Unassigned
873197a27594049a78bf0591ad4743b9	d__Eukaryota
0d568f9a50231b225c5f9b72013a64ba	d__Eukaryota
a7b6ed80765d45c54503eb5940a0bf91	Unassigned
91091341e34ee5bf9a70754dd12b7b45	d__Eukaryota
05cbb67031ca5f6789a8c48139a9b884	d__Eukaryota
22629dd8fceccc6fa0f25fd4d0d5a127	d__Eukaryota
e26e01c66d45daf31c3a1898e8020a01	d__Eukaryota
3b26792d5ba4fec7e592b90737f40b18	d__Eukaryota
5ea49278fa26c7d0b0a78788487cceb2	d__Eukaryota
aac2f1ed592370884a22d06e5178716e	d__Eukaryota
6d794f3ea07b44b7ede5c20152174bda	d__Eukaryota
db885447c04269ebad9a28ecdcee9ba1	d__Eukaryota
fd36ebc3b787ff81fd9e1aa2303c701d	Unassigned
4efa74841e9fb4c90fead7071a43c305	Unassigned
f963e5b9ef5f70397d9cb125e20c46d7	Unassigned
aca1ddfd592099049877aebc3e09d865	Unassigned
d007950de72246e560712445974e5456	d__Eukaryota
db4dfc0befc8e63f31933ff38d45d6f2	d__Eukaryota
2a399835efe7b6323f53af869f713cfc	Unassigned
97ee6b4dda68ab8f7342311a879d6b75	Unassigned
a9284b2bc511922b2fc715b75900a841	d__Eukaryota
f30ec9917ea2b03bd0775ee14ae77249	d__Eukaryota
26df044086c97f05032eb58b1ebd74c8	d__Eukaryota
155164a4b5f5f3fd841ac0c59d95e82f	d__Eukaryota
b8f03e6e28e4bb2a327403e23d51bfd1	d__Eukaryota
767c9555dacc2cba16ca7f5428cf70ed	Unassigned
36ec794450fac95d436f8a040f1fff06	d__Eukaryota
02e10214d5c3dcfa1600e67abb976fb8	d__Eukaryota
ccf4096eca13b9591a12937f142e1484	d__Eukaryota
f48858c009ecf34deac52b925f325ed4	d__Eukaryota
9e11a16154cab9338bcc07f998290b93	d__Eukaryota
fab031ae6117ad087f2b95302e02e2ab	d__Eukaryota
e740e0a0ee0a237f3d4b109efbab4071	d__Eukaryota
7b287df4928c6917ea5ace85345f36b1	d__Eukaryota
ba525f9a56f0a64c0ae9f95b1b577f4d	d__Eukaryota
dba82ceeaa017c450d50c62429c5a249	Unassigned
46d57cf3d5960f9f3a18122fd3124397	Unassigned
cccc7a796e24ee2c9d32f0bb98f371be	Unassigned
13ad8c6579c6c80b32b7d47d326401fa	Unassigned
da9f44820b74a2de7014aa41d7dae37f	d__Eukaryota
8002a67757015a3c7ac94dc298967fe2	d__Eukaryota
3ea96761cf6be43a41d55fa6a1dcc85b	d__Eukaryota
19ecd7a76d3b8c9d675407bb9f75af87	d__Eukaryota
a8069073395d165d46c3c1959239965a	Unassigned
0c6f4232babe22bf58f8f0a4c7b9f636	Unassigned
703d8fe4fc39cc117b27c9c70dd5e784	Unassigned
d552b1ce3223b0e5b405ca7946603733	Unassigned
1e172d159596a36ab20f18ac7d70b08b	Unassigned
d8b87cd2831a1d4f561f61251da80988	Unassigned
9b2e09b33414f0ba156f6ebd21593492	Unassigned
c56364b25b20be5c325da9ba960920ad	Unassigned
6090ec0477eb6a60f09da1b23ef73e24	Unassigned
72e7ef67570ac0fe35c21d78f168a438	Unassigned
f9b526c2dc2b3361e35d5045233632b7	Unassigned
8d3befff4b4504ffcfc1025a183d5d14	Unassigned
b96d2902f70bbbc314c6d9a6455ec5aa	Unassigned
f39d75bc23c78ba7b8b14deac526325f	Unassigned
b7c8f9b5122637b079c31a6d1814d87b	Unassigned
d2324bafcc148cdcd420a39402c1dd08	Unassigned
9f6e82eb56d30db8bc56bcf6f8b4649c	Unassigned
8ec2247c9ce360776f580b978597aef3	Unassigned
d440c5afe0ff99cbe1679e4531c2e80c	Unassigned
08296a99b5b6583a6fafbb1979d20bd4	Unassigned
7f5aaddacee8e89b6217d39ab2d011e9	Unassigned
344d3140494b13c938de99e22437f8a3	Unassigned
456a7d22d382b4396a0df83042cc1a3d	Unassigned
4cd28010e18f0a347066a28bc1772c85	Unassigned
e91380b15f0573b81acac6978743e9e5	d__Eukaryota
38f26539046e43d85e303e10221bd051	d__Eukaryota
ff19836f49bce916bb8602a6472dda1b	d__Eukaryota
814ce92ff810cfe88abfd5f5906fe2cd	d__Eukaryota
fd4884341b80e7521bc6819adfd2efba	d__Eukaryota
01b2d7eb3d992ff6a60ed03460f798af	d__Eukaryota
eb6a9b29672264601842126926be2e64	Unassigned
c63456db21e90cd77687afa3bcc84ac3	Unassigned
8b021cbcc556dc4cebd2592657b31a2b	Unassigned
aa3bbd7c1a52f796dfad4fbf216e5101	Unassigned
f205d1ac74e16e4ec6d1b33a6ac46235	Unassigned
560d7d3adfa444ecc672da9fca8bb696	Unassigned
d94f3fe8169afecb626dda8865fe9984	d__Eukaryota
8800999fb82f8f5ef2ae43eddc47b325	Unassigned
a634f03abab9e7266abca72e723c58da	d__Eukaryota
8187bdb463419777cb5621681d8fff77	d__Eukaryota
8453485f10a3a12e798a51cef76268ef	d__Eukaryota
262eec4272e3531e5e5212366e07b61f	d__Eukaryota
6186a769aa1bfcfde4a1e3949221b4de	d__Eukaryota
fa1655f072925e09174d450c851a35d9	Unassigned
6076d34427e56c3fe84a7f45e88887f5	d__Eukaryota
eacea256845bfabf5df934632ac45d1b	d__Eukaryota
81e78b7b7f2364b3ee4b4d3ecda3bd0e	d__Eukaryota
3e74f0c787d811358bf66432a74b1571	d__Eukaryota
f6df6b3c325580a8f8bda7e9e78344e8	d__Eukaryota
522d3c3aa5b989b6f79c7aa0820f75d5	d__Eukaryota
12c3335727cfa2fab80452ee90b6e306	d__Eukaryota
3ed0b53e38c9fbe0833ef64d580750c8	Unassigned
f1598eb3e2276dfaff97aaaf8bb5d59c	d__Eukaryota
cce2177b9a86f4b26d6d11b75d17635b	Unassigned
eacb234b076d1022f48e1e50e21d2aaf	d__Eukaryota
453031e436fc9cdbe3c03cc2ca3fe366	d__Eukaryota
5a55b922005a7f204dcc041fb3253f58	d__Eukaryota
7e80db8dc9f08f9ac496ebfb6100bfba	d__Eukaryota
214b25d1fe717beab96e22a2aa87bae2	d__Eukaryota
f4a31f62c8f66687602e3281f0eaf95a	d__Eukaryota
a84c1047e234220bffe938172f54579b	d__Eukaryota
c6dca5ceacc9ffd48d9df258a9a011ee	d__Eukaryota
1c4a5cb8e0fc735997c9359c3d48af8d	Unassigned
52619541111e41a9822fa1361b93fa2b	Unassigned
92a6c9fcdaeb3047dbe947ea0a7aec9d	Unassigned
4aacd6fb38f89ccf1188c5a5ca3d6407	Unassigned
f05417cc153c8dc385e93bb881c7b8fd	d__Eukaryota
37b8fdd278a89856da01ada84ec01f95	d__Eukaryota
7fedb77a9e0be1ce24bc16349c1e8587	Unassigned
e4f4b7fa2f9687a896e61335363ae06f	Unassigned
c1f5ca4332292c4ce70b5a69baa22a18	Unassigned
211e599b43a663f755dc28cc0a3d984a	d__Eukaryota
96969a89faa76783c9e43f30d9c8f839	d__Eukaryota
79cd90988ab152e11231a9bd034a8f1d	Unassigned
5e2be3090b173e62ea80394145b9fe53	Unassigned
ee52fa404be47bd9c6adc6861c4ed1d3	Unassigned
99df39cb0c25152ffd5bb8655f5f5d7b	Unassigned
80bb6dff613e37e29e9c6ddd9b43dc04	Unassigned
108f2d6c285d09aea89ee496e5577995	Unassigned
f3df5d0af425de6a227a3d0fe4b14d1e	Unassigned
b6f6f672afb2c661016ca774c71d2f53	Unassigned
80b2504c9a786e8743b03f2d0c57d592	d__Eukaryota
c17ab31b0c8a69534aa7743cd87c2110	Unassigned
c02c5940bda49405de9b2f78a14b1b31	d__Eukaryota
d5b07b42f5cebfc1f85dae08748bfc29	d__Eukaryota
b4f3269511dcb6dfa677dcab6581973e	d__Eukaryota
9b9d380d2c82caedcfce063f182f38d6	d__Eukaryota
3094ffbb283bda74ade5288451730c0d	d__Eukaryota
9593860f72e6b8c6375040cc9508c1ab	d__Eukaryota
0240496db7d5eea6e0c554e9e3af1485	Unassigned
43aa607f8fd9d1e92bbd581957d5f1aa	d__Eukaryota
8d8525205d85bec10400d2ff12e9cb7a	d__Eukaryota
9ee00463b1e649b6f530114768eaa320	d__Eukaryota
75b321a3b6cc54f4d25cae38324ee89a	d__Eukaryota
df1d2bfbc70cca137644c1d38d3424ae	d__Eukaryota
65c159f63795df2ed36034e98c42d222	d__Eukaryota
94070cd424cd4cdb56b02b6eba564bc3	d__Eukaryota
d3cab0f5415b7017190d2de1d169d843	d__Eukaryota
fef55ef22fb0fe362c7c88c2af47f3aa	d__Eukaryota
71df891e17b372b40a2a2d9b5e8db7e5	d__Eukaryota
497d01304832db8756f6e4dcf9b5c06a	d__Eukaryota
718aa583bafaf253d06c4528395a1194	d__Eukaryota
6cc7a98012a752c4e0fe54e42979bb13	d__Eukaryota
e01685da15c990f12b3971f4884effe8	d__Eukaryota
d372046cb106d3219e0465e9a2b68026	d__Eukaryota
4746b12c96d3d0ee02faec31f5b843ac	d__Eukaryota
af6ce17d6dc4a0361aebff22e16947f5	Unassigned
3d8adc36ec6a21955e52a81bda5c1668	Unassigned
c1761c11111ffba521a6146868e18872	Unassigned
990bdd1cf1f65c6c698ea524e026d928	Unassigned
3c57a69238c5879b6c8412af56670743	Unassigned
0512510c536c24f1940c1ff3ec1344fd	d__Eukaryota
ca2c6eb6b8181479ef4d315203280ffe	d__Eukaryota
8ad1a663b433744012536837df42043f	Unassigned
52ebba15ad49cf58a82478216a9da3e8	d__Eukaryota
b5a92c810f0066995d6221276d95d6a4	Unassigned
26a26cef29e399df29dd9e4bb77998dc	Unassigned
42244236e3d62455c5b99ce40d06b558	Unassigned
58db0a256728936b23c462889996e57d	d__Eukaryota
5fb9ce953d63076749591db6dfec4fc1	d__Eukaryota
96af7e97503918394ec5f39a4a310703	Unassigned
85412f4549b61c167a2c930e3063860f	Unassigned
ed6bac699c6f0da1a137fd0b3dd13f81	d__Eukaryota
583d38abfcf1789a4b1eb1d98e78ef1d	d__Eukaryota
c0b409565609f2c67b49b0a19d400962	d__Eukaryota
a3ddd8b3873f3214a18abb41ba2a1ad2	d__Eukaryota
32c4ddf90cf42a1b6864c294a981bee5	d__Eukaryota
8ad568afe1e161aea67885924bb02955	d__Eukaryota
76e8888902e95af8a732c543656c74a8	d__Eukaryota
7d0a9e99f9454d0fdb5b81fab856ad62	d__Eukaryota
adeeb7e422303009d97bc661bb4ef542	d__Eukaryota
7def3f81689be549c3384a1a089048b0	d__Eukaryota
90196ab2e04369ba634b113b8c6f1c75	d__Eukaryota
c9d383ac24710ae9b140338c3dd4f0d6	d__Eukaryota
bc4700381c2b28f30ef177a8f929dcec	d__Eukaryota
6da68c7f4774da0a268147ce76c3bc35	d__Eukaryota
a2cf84a2c8bac2e06e7fa797254cb84b	Unassigned
c82dec225d0bab5e3eb58eda4d699ade	d__Eukaryota
220457be9042a714438a6f45d083e69d	d__Eukaryota
c21e4fdf8e2c5584ff5853c4c1a61848	d__Eukaryota
ca9a84f70c9de70be72b0a98f89cedde	d__Eukaryota
16e11b6b17f35f9f5150f8637bb3daea	d__Eukaryota
a5e728edc049db9e2d1d7b9dfbc95504	d__Eukaryota
22d6df453b87d08258b584091490be97	Unassigned
5f8b1398f5326dd8a229fa04cb612d48	Unassigned
454d2f23c2692b6e7b4d456e09c691d2	d__Eukaryota
ab6e8d48152826fce652184eddfef5d7	Unassigned
f3feba8a8d5a69d2743ffd7275731e72	d__Eukaryota
7a8232ba35de4f6437fb46a695c3ba2a	Unassigned
1b132af4183384a60d91fd5359f7a65c	Unassigned
754853e84bb6a4095d90a2d4013108f1	Unassigned
e0bce713bffa4cc0a0c788eeb5bdda0c	Unassigned
cd6d8fc7d8a0bc421ead1700d3436d88	Unassigned
f29b25da50df8a0da84d6492d4bd75aa	Unassigned
8096e84c5a09b636fe392e8fb6d70198	Unassigned
33ebc27ff3060d098e4dc92106a3f122	Unassigned
67613ff4da6c3947b284e857207121c3	d__Eukaryota
a8027fe9898a432690ff08637b6deb09	d__Eukaryota
a2de63472a5854138950aec8efdb262d	d__Eukaryota
968f4d73d7f5623148b17104883cd9a8	d__Eukaryota
3f52db06205e5a7afb27be8e1e37d7e9	d__Eukaryota
f4ce8a394af7d9df3224972eebf76855	Unassigned
b4e56154dca0094db661153ccc7e052f	d__Eukaryota
7291bd9e121fdea2bacb8b40c064029b	d__Eukaryota
af4a6a545e5cec29d57382a6e4412de6	Unassigned
3776322a6196038f69df51bdc7d265c5	d__Eukaryota
fec07129c63dc14e226ed87b1a94f3a3	d__Eukaryota
49e574d679a748b211145b17679a01f8	d__Eukaryota
9e01d81ca9140fb4107df1d4de80bc22	d__Eukaryota
a08213e795234feb539149deeeec4120	d__Eukaryota
d005f0181432c91dde5ff1e4d3140fdc	d__Eukaryota
294e28059aa41793b0b30d5f22886d63	d__Eukaryota
a7ef9cfbb90f906bb0745a0be3d3b58f	d__Eukaryota
d447fc9f55491fa50c31b3b39231af1c	d__Eukaryota
93570ced10c7ebfdb0e298c2b7b99e0e	d__Eukaryota
abafd0674ebc20e5745de64095f7a38d	d__Eukaryota
a3a8a8190b97f0cb3ed835cc4ce892bb	d__Eukaryota
564ec0c00863ba272244d085301f21da	d__Eukaryota
ebf11c1dd6f7142704424fd68e43b96a	d__Eukaryota
858eea269ff88efb0e21bdee868331a4	d__Eukaryota
45393cca14aa3e5374376517cc06e4aa	d__Eukaryota
48022acab60a0a3526af383720217a31	d__Eukaryota
c2b775afbd39489615fcfafa085b2a6d	Unassigned
201d07aa305d909fab2fd55cd8c98c0d	Unassigned
5deba6f734ea0778a06cf5b0045dbe0c	Unassigned
d99be9950cd72c2765968e53ab70d4bb	Unassigned
1a5bf3bc96aedfb5da8f6233bec70536	d__Eukaryota
d776fe230dfeecabc883be6d790a3f36	Unassigned
f1787abac52f4316693c553feb333849	Unassigned
9000d8f9a935eb721dbf516e3395bf64	Unassigned
10ba91f1cbb1c3765bfc3088046db850	d__Eukaryota
b8329c3263f585d24630c1276d8cce4f	Unassigned
761283402b729b2010d3609b1fd590e6	d__Eukaryota
fc293cab5cf3eb334be50de76874d41b	d__Eukaryota
46fefd30ede331b4c676411fde36e563	d__Eukaryota
50f24a2606781bbcadd901d7892164d7	d__Eukaryota
61d3a2eccedae118825ddc9e0e64c8e9	d__Eukaryota
28ecd7ac30d4b48df767ee16a75e1ee2	d__Eukaryota
cb73d1eb5df7768e5defc53f00325166	Unassigned
0afc3fe73a5f92b5b59a330f8ce561e8	Unassigned
a417ee6677146b253e728a46f55bd4bd	Unassigned
8b5ac4b574ad0a7e90782f266b8c2fa9	Unassigned
175d153acfc4d36d9ec946a3e311e65c	Unassigned
1d418b920b603064b0ea679d5e021cf6	d__Eukaryota
c64878dacebefda889d0681057d76593	Unassigned
2e70770810f91949ebacd01acbce43e5	Unassigned
ce27c741bc52bcd750358461f9930492	Unassigned
f11be8595471641d1ba20178649412b3	Unassigned
73adfb6ca794c177a58b333e53c17365	Unassigned
2ed05444acb4a9725bc51f86fd13a476	Unassigned
936353b1a1c5e7d46ee301030885ef94	Unassigned
1f6d500e1a9fc3ad0e8ab08bf14e6565	Unassigned
d5bd91baf9ad54fb5132b7a0e2199d40	Unassigned
199d20e65549dd37ad1d802d997042d5	Unassigned
cdc220baba2896d1387b55f0f96c9f15	Unassigned
6c3685b54ee1a75401b6fa6afcd1d61d	d__Eukaryota
9f443b7914c4b2f08454ae5c5cc83136	d__Eukaryota
f8b11c1f8492cb53bb5e9828cd9e4c4d	d__Eukaryota
8c5e0d5eecaa9a25bcfa561df5d095b2	d__Eukaryota
5d8da9e4ae75adac52de436a0220176e	d__Eukaryota
341d5615e5dab96b7686d58b67cd2178	d__Eukaryota
d8ed806e449a02e116494b404166157b	d__Eukaryota
9989cd4dc61e9133a0a4af1722abcb59	d__Eukaryota
3a661f1892d1159514cdf33793eb3ecf	d__Eukaryota
f69101ab842e60a889e19432b0537d26	d__Eukaryota
566f07f49d154460831ab8d1d9bf72e1	d__Eukaryota
7df3cf9f00b54be68810ca919e63a815	Unassigned
b10432469102abc560ab3ac1143fbe62	Unassigned
509d4288ed24c1a282a3d99ca0f81b07	d__Eukaryota
381b73bec409a6340e4822a6ae657369	Unassigned
b912bfa438f846844f05f4ecd47c3db9	Unassigned
6f79a8064e4af8b1452879a29432713d	d__Eukaryota
1ef33b709f29aa7cc8a24943f10d53f3	d__Eukaryota
5fe3d6cc2687633693c8ca3e522fed2c	d__Eukaryota
131ca135984097e97bec257fa0448891	d__Eukaryota
1a9c8f94c091b6adf696e6a1117cce41	Unassigned
ad4ba048e2941f6c8fc37a9e75268940	Unassigned
8fb1ee3e803415e0c84da8e36a973309	Unassigned
b498890b4e7e46f25233708bd2b44524	d__Eukaryota
3724534095bb7384c7479caed8ef56fc	Unassigned
d576719082821f77f0097a9690f3738f	Unassigned
ea36ea4a7f37d3ff194ea71a1b0352dc	Unassigned
adf95a31e126c9837998d41f119003eb	Unassigned
e7e69d9f8f4d9588ed7a32e48939afa4	Unassigned
c760ac997b32e5aad1a6a8b7d00101d3	Unassigned
45c4e926f9507ae1b2bfbb9117f5fb19	Unassigned
c523eb5fb288e7b26fbf366006461eb7	d__Eukaryota
9a08faae2c8f8aa71325d5db10a2b412	d__Eukaryota
e84983153806b22b6242e7d707ec82ea	d__Eukaryota
8a4c1e50cb086deb8cfac3916dbc7af2	d__Eukaryota
717c4eae8a1511fda62ee1b6e8a43afa	Unassigned
2f2fe974d1971fba5cd68c6df5705c8e	Unassigned
f43bd327812a1a58037739cd6981902e	Unassigned
feec7e29ba35f0df0d77afab5d3f471c	Unassigned
25e65ae5368d4e5628b71e28e8dc3259	Unassigned
0c1d46bb870c01169cfce9be020cfcf3	Unassigned
9c9fb18c215a37521fab842dd7f4d8bd	d__Eukaryota
2f607aec4036142aa17ba3590134712e	d__Eukaryota
96d2f62c2993d6f310ea05f6c55b9f79	d__Eukaryota
2a6102b9862e992acb23a934b6aeff7f	d__Eukaryota
5d0de47121d4e0371d55b62d5abdc606	d__Eukaryota
813cbc69915849a107350cf39e433dc4	d__Eukaryota
f87e4cdd8a41c94074a55cef9c8efbdc	Unassigned
2219bbebf490463788044e265f4feeeb	Unassigned
d5cdbd00145f941dde26215de07fd6ee	d__Eukaryota
4a7e48a189bcd04e592976cfed2ed1b8	Unassigned
3380a48b6ebbd2b4fbffa37e4e978455	Unassigned
21f94df6c28aceee560b565734d9a04f	d__Eukaryota
1da9ac30fc13492e68a0479737525b02	Unassigned
576b207703c8af13a54a9bdba52e6ceb	Unassigned
19f0a3866aa8b29de0ea9ed7b2160eff	Unassigned
9a0d82de4492fc3d7adfeefe6d6126fb	Unassigned
b183c2290b2d1d6ceb1f1f5145e242e1	Unassigned
3dca5003df9e32ac65c0d6ba80d7d844	d__Eukaryota
585ba55391f1c3362d7c946aab766c37	d__Eukaryota
6d7694a5811b570ea472c475f24a7530	d__Eukaryota
2804e8505a15a6f08fd9db468774f6dd	Unassigned
d93dba034cd5cb6498018c285260426a	Unassigned
c95f337dbd9b1552591de7d9a02ca615	Unassigned
4b687e477ea95f587a140821dc8d1650	d__Eukaryota
9c95b11d3a4812dc57bc85bdead1cbfc	Unassigned
d07a52ec699e0ac6832b6cd4824f99e2	Unassigned
17d7767a6a61f6cb1bcb58e295d3ec88	Unassigned
2d924ef8bf1e943d8bb63446f678e1a8	Unassigned
61e0f7812b2adce3553c01ecc2bb31e5	d__Eukaryota
b9d955af106191815129b3b5d1375dc7	Unassigned
5dc6dd532f95595e7fd5d54cf545f93f	Unassigned
723fa97a80fc897fe7a3cde6c8940804	Unassigned
e6f8e9d5ef4a1f542aa6dd5ff840a2de	Unassigned
06e957f091acc4cf7fbeef852fed1d88	Unassigned
d13b51865f5aebed9c8112279c1abeab	Unassigned
d0c3f67545d627aa2e38930ec5b900e9	Unassigned
506f3e272726f28140006f395284c231	d__Eukaryota
11e643e6a1240592b1c8aadcce2f21b8	d__Eukaryota
f8092bb5506dcde9afa57e51b533d610	d__Eukaryota
c081409908e68969d6ee54df2a9401c4	d__Eukaryota
2c0e9fa45b6481a79690977d9ee4ca3c	d__Eukaryota
71b8be76f2631c042b598d656b92db7b	d__Eukaryota
6fee9e97315df885f4ec27a5af611eca	d__Eukaryota
f57b686e0101cb3a5dab75c63cf7af85	d__Eukaryota
db8cae12e40b934b342a80f7f92bbb07	Unassigned
f62b27257de65be42b4ee3706a1288f9	d__Eukaryota
1d1654fae67353fd46934170746e2710	d__Eukaryota
31295650497e2f281491982567b0e71f	d__Eukaryota
10e26e67b6bc05eb1e8ce5f910101fd6	d__Eukaryota
13edc0f40bc195dea9201c2f7cb94c77	d__Eukaryota
b7669965c8bb999d6bc9b6ee6bde30aa	d__Eukaryota
8e96b7a963a502617b8532bbbebcbb24	Unassigned
4b45091f1f4a70ed8cc512c1c7e4ab18	Unassigned
25e4f9dcf8a6069116b2d2435f84c444	Unassigned
c99ec7058135c2275656a8276d7af01c	d__Eukaryota
caca70eb574e49c74b0582069a18801b	Unassigned
41ed6e7d6c7071e9fc795ee81fd1cf39	d__Eukaryota
6ea5e8f40e5d800b50bbecc5281f224e	Unassigned
8633fddccddb7bcbd01f9392633e9eb2	Unassigned
1e97e6eb36f6538eb3a52739f0818356	Unassigned
f390db9bab2aa122ed8c4c574832553b	Unassigned
ef9995be3f39553b2a4f575fe46d23a9	Unassigned
ccfbedfed3d2c9e0126ae5e22092e0d1	Unassigned
c440d4a5a884a46340f5c0498c3e65a2	d__Eukaryota
0cc829b16a405bfdb0786a914c5769ba	d__Eukaryota
4d8fc914fc4b2f7d0dc8fb65ded3746d	d__Eukaryota
85be7e15caf076ea01208119cfebd54e	d__Eukaryota
bc89fce62bdec73fe04ef6e0de6a8323	d__Eukaryota
4cf6b604e7aeebc46cd3684766b92723	d__Eukaryota
5ccffcca5ad6eb6b4f4f305175340f47	d__Eukaryota
6fb53127817dbf02dcba3689262deb69	d__Eukaryota
5cd511edd5d0ab46ba39652440271dfd	d__Eukaryota
da4f116d40e9cd25a4723230d65fb302	d__Eukaryota
f0a7c7f34191e39a99597ce6084bb555	Unassigned
6b62b2514df5e6f9480e20ebf2eb7903	d__Eukaryota
d9d30969a43d91de8f3992810bdb9e7c	d__Eukaryota
238f25c2b9d785fa8abfed11fe47b056	d__Eukaryota
f881a025802d5d4920e5022e8341728d	Unassigned
ef6b130392570476e37daed16704c0e7	Unassigned
4f41295d78095e5cece006dae7e46ef4	Unassigned
2da60b1efc302fb46cbad0c05747dc8b	Unassigned
e8aed5634e1f46c6462154e8922d2b05	Unassigned
ba17a2f87e0cdb7a78f37249b213a584	Unassigned
da3a18f1009927003c0d9fb96f7cd132	d__Eukaryota
66d9b703c34d1f8830b7fa8ec3c6e08e	Unassigned
29f6fcd901f6c1daabbf2e91aeb3ea28	Unassigned
945b6c1bff3d9bfa10bc8f85040ef648	d__Eukaryota
273b767eb41ae337bfc30d184dff70bd	Unassigned
5f5cc7c92a9e6932d9c791dbcc4a8086	Unassigned
a6973b2c868b59933707ee4cdc515141	Unassigned
a6e3386f75edae32f68086c642021925	Unassigned
6e4552bd3fb16d33c13e075e6f5d9a73	Unassigned
a254da6ab3efe588687f9b947cf77273	d__Eukaryota
3aeceff9bccad219d05afda4d292735c	Unassigned
ae4cac2861474c761e604997cb9fc204	Unassigned
cfe8fc3dd41e38796c582e898b01f81b	Unassigned
a8706ede9d9d0993fd6a06b8c7dc7932	Unassigned
09922ad593cbbae312a60cd06b56885f	Unassigned
a31fd585ef9f9aa38f6631feaa56246f	Unassigned
ad6af9ca49140fee22113a740b552438	Unassigned
d107ef419e007c2a6466a816f839ac49	Unassigned
c0d7f41a6bf3a58de10b7b024ebe2f83	Unassigned
02c9ee332718bd973ba807439a8c2a55	Unassigned
793995bdbccc845ba6fd15470307e9c4	Unassigned
ba1f548860831f752a8532095a0fd23e	Unassigned
69f9922940073986f37e58ecc4f2972b	Unassigned
f2b9d6b71d2351128c72b4377bf908c3	Unassigned
a97722e3ff82b9c8e837f195db93c4d6	Unassigned
77b30e7f47062f5623119d7eac6487c8	Unassigned
8fc1db8d45b1bdc8bf46c653134cb180	Unassigned
2a8098f1dcfa543b08e112ba550c168c	Unassigned
605a5fba43d0cbc9ebbca5e04c4257fe	Unassigned
259ed70b097c042361e667e2069dcc31	d__Eukaryota
d0a5da5e55dc896cd7b48025c735059f	Unassigned
8c3030f1d3298533c6aafa30229bd16a	Unassigned
2687e0a5ed94466fb168bab96ad9ed45	Unassigned
a4345a9b2d5d9fcd1626334f7fbc5708	Unassigned
931d40338a2e074be7363f6bd7cfd37f	d__Eukaryota
2eef2efd882150b1c29dc1d754af1688	d__Eukaryota
8ab293d3e130c261b2bf49353ca6b7cc	d__Eukaryota
e1a6daa36520da2e18873773c40faef2	Unassigned
fdd17720465fb127d0ea9948a261b3bb	d__Eukaryota
150a30c8cdfc93bcdfb3dc222f9b0ffc	d__Eukaryota
c4cfd5e9ff304d2b2375540949d2369d	d__Eukaryota
5c5638f71bc81a7339f0dbababfc8965	d__Eukaryota
c02fb8e4b8058adaef6703cd61745bd4	d__Eukaryota
18f983710f6e7ddceedfab0e1c552194	d__Eukaryota
d6c2fddb91139427d642fd55e074f4b6	Unassigned
0588a02ea8455bab0397058c6cb8db0c	d__Eukaryota
ee087e59beb092db8e55a37d97d5b45b	Unassigned
ff51cdba7526c60d9e18aabc697ac330	Unassigned
4ef4ab0f3b3f23de3624195338684900	Unassigned
21609e28a108eb6e4724db2758a507c2	d__Eukaryota
b71881008e50ce7868bb2866324de774	d__Eukaryota
000c01cd2281cf08cbd25d099852437e	Unassigned
1eaec1442279d3abe37d7de472ae9c74	Unassigned
eceea046329f0930a99d4748ef72481b	Unassigned
b94240f41afda15bd3e02e00758894f8	Unassigned
698941aeb96e6397ae84a372ba98cf51	Unassigned
cbb665d6e89da92de7804eb30a724aca	Unassigned
b5dc8687c87bed9f17706bb032681edf	Unassigned
c0438387a18c83259ee17ccc5cc0283c	Unassigned
c2b2b7f0284e4d4e3d90f4537650acba	Unassigned
17e75f084f23d64335d85d75c9165a34	Unassigned
187028a3f043b5fb2c8c2f8642ed14ca	Unassigned
b6f96355cefef4558aad9c1dcf8c83fa	d__Eukaryota
f6f965966797f7490b161ad1b230a785	Unassigned
8084627823fbf147b65f4a1e8a344c1d	d__Eukaryota
6c6a3cdb25cda850a6d67a5bc80a88ab	Unassigned
a658cc8730cfed3e5020ba811e20269e	Unassigned
b68932faf759b569c9ed57eba5d6a4d0	d__Eukaryota
e996b7e82cb9114fa723155ec9b97ff9	d__Eukaryota
6e200e63cd3d2bc105773de8ca737b2e	d__Eukaryota
af59c5c4c9e210080282e83f0b55dc03	d__Eukaryota
07226ef53474057d0c119d1e559419ef	d__Eukaryota
8e8fe839c8977f1ee7b7ca5f4f02d614	d__Eukaryota
cf252b9f55a4d8db1b3aa122e83d57eb	d__Eukaryota
339ec9ec4df45a8121f455fb73bb91b1	d__Eukaryota
e66e8df713044738911af4909bb53941	d__Eukaryota
068d089693f25afee13eda4466885fb5	d__Eukaryota
e75aacd08a147f39a194eea97bb1a5d5	Unassigned
7f7a1ee4ee8a4fddc641abdbb66b47be	d__Eukaryota
0181de42eda08b8fab73640c27d2cfcb	d__Eukaryota
0bb39997c51ffaec80846993a7cce701	Unassigned
1e8661704749edf4bfd98a4fce5eb95f	Unassigned
30acf4f9cf6657aebb2aaa953a661581	d__Eukaryota
f95350b24852ee094e75c947857338a6	d__Eukaryota
6a1f1259d758a9b3ef051e014785650d	Unassigned
2deabef559f54f482ce197074184e3c7	Unassigned
976867574d39503fbe6da46640451b70	Unassigned
dea46ccf1f00591d540f6b956d43d413	Unassigned
441f5750d50edc210632c68699a27d81	d__Eukaryota
6d10e7e6eb57f30ce5b5053ff26bb54b	Unassigned
f4b98777cf6de2a190c78764668b9186	d__Eukaryota
c018324a66da7d06396c3d233dc824b6	Unassigned
3c91e4105e7466eadeaf422731993875	Unassigned
d12573916c55083cbd4c9ca48f0299d5	Unassigned
3ad327757e845e473c8faa3cc4a429af	Unassigned
69edf360d78e48fce62bf1c288e2c2ac	Unassigned
b62f0b41835c05da68ad7ebb4a8e4393	Unassigned
099dee4b11d8463065d13f6301b12e1b	Unassigned
7a374c174d439e3c879fa9cb16b6cfc8	Unassigned
bb0f6c598f9d82954f43beaa69c206aa	Unassigned
95c9344888fefd9ef7d0ce318c3a5d6c	Unassigned
5f3d936dde38c59c4087ec83e0732225	Unassigned
3554d55956c7c3d5e82c7591a035c974	Unassigned
a6b1374cf8e2cf511452297d9b57720f	Unassigned
6d26ab910689d4f9b17daa7870eb8093	Unassigned
4ef40a4e95bb374c4f0d9abab6141c57	d__Eukaryota
1bb301f2e1a80977cfcd12cb79ad3e04	d__Eukaryota
4a6fa2b96ce09018341d69ce576878a2	Unassigned
9da480e81d41e63241e948d8ddd59c53	d__Eukaryota
e987246536002ede2c95ab023bb900c0	d__Eukaryota
1f9f1da8423eb84f114501d6aaf738fe	Unassigned
106b71701ca9f0f01f517d807ea5292e	Unassigned
717342693ba22375b961105e85914c40	Unassigned
9786a65c9c11972199ed604d7adebeae	Unassigned
8eb859b2931ab128068a506f61182a3f	d__Eukaryota
dc684994f4c41d17e1759d94b28ac090	d__Eukaryota
501350cae22412a72bf6e6867b7cfa11	d__Eukaryota
4088c60ac5f09ed88b9321a6f4a52d9b	d__Eukaryota
0005c25c7e1a9cb03bc161ff2f74511e	d__Eukaryota
4b5724755a24e258f19c167bf9248269	Unassigned
94b63dd7196814ab664963c6c78bd37f	Unassigned
9b87e737230b47574d72c213b2e30955	Unassigned
73710b9dae01f1bad4740bf1e5e7f09d	Unassigned
697f65ef57604ef5aa9f4ba07fa6b26e	Unassigned
66cec4fe6e510d56b709890639dc42e7	Unassigned
d2ed8fc38f228a6a170c61f5e4dc8d0a	Unassigned
05ac3e122d5a9ec6b11c500a3f784ea5	Unassigned
b4daa1e16deb69a8c3f4cebd4f0e1c4e	d__Eukaryota
94665c9a078195191276265177a7cf62	Unassigned
34d5910b790d77f5c263a298724752e9	Unassigned
d6eb5225e64f816ca688fc9142a83a4d	Unassigned
d9f95dfe7b18eb0fa06140be9c25816e	d__Eukaryota
2c59fe61c7a3bef82d4f31fd5e54c102	d__Eukaryota
101a8335f1a2a1b2e14f521872d9a862	Unassigned
daa2ab8eb2efd0cd26cf63dc267c3000	Unassigned
7f6b0d7d3f4a60361e1f8edca69aa836	Unassigned
07aa14c1b30c3549af1cf196b35888bf	Unassigned
4c2550a509da350fbb9c4f1bbc4520e7	Unassigned
5e7461e96638a25835b80297a059b431	d__Eukaryota
ed1be3810e208647754377600c82962b	Unassigned
d7a126c8114ae532ab0c32b3c6096262	Unassigned
4892c8d3707ec666bbbd08c477c2a944	Unassigned
4998dfd7b16901104c8b67ba22318e69	Unassigned
307fcfa40b3b9e5ad9526fd47b7cbfbe	d__Eukaryota
f4da2e7d86299c643b5f356741276c22	d__Eukaryota
91003c07446c2ec0f251d8c3bbdca567	d__Eukaryota
0fd8c53e1e3703837839bfeabfe5af7a	d__Eukaryota
970ad056d16d2de942b8650061ab5db2	d__Eukaryota
93dc3cd0f11d1c432b27524ec98ad5a0	d__Eukaryota
18b694f93ce40dd1cb46e7cd048240df	d__Eukaryota
32e91e05d1841cde5c985a87205aa9f7	d__Eukaryota
85f4e2a403be44c129c98d661f744321	Unassigned
e878f514c392b5d75720666b39f89b38	Unassigned
27e92497bfb064e8331b502fb74a5130	d__Eukaryota
4137e02af29d9cf148a4deb1bbb4fc9b	d__Eukaryota
42b3a2deabd1598364d1684ef53bf874	d__Eukaryota
34c7271a330ec3055e06bc8303d61eca	d__Eukaryota
ed82d15d769daebbb6042703668c82c9	d__Eukaryota
51424b9f0d778f2bfa5dcaa24b4c8e16	d__Eukaryota
16d700a1225bfcac60b1549b3d940533	d__Eukaryota
f132b73292a925cb8d9392dd8d6e6560	d__Eukaryota
6789efdf1e9f2dd253580a09ef46a7b0	d__Eukaryota
d0a8e2f7bd26d527e9143961837068bc	d__Eukaryota
5e544b82557f70ec7d02f6883c13b775	d__Eukaryota
526b6c358c3f3e406fec8c04d82bf21f	d__Eukaryota
fa82f87ce56245960eac6014f8cc0b54	d__Eukaryota
dccde7be0ef1b886da501419d7a140d0	d__Eukaryota
2ba408cc635a5b3c56e540a29765d2a9	d__Eukaryota
789ee503ccea902527b27067857d82b8	Unassigned
e043c4c2281aff03764a3378c7317429	Unassigned
fc2b09e129f84c24c6dbb575ad37b36c	Unassigned
666ed8297a8bfe4af074d3ab6b044933	d__Eukaryota
dcd69c1ffa4a35ab73118e8500207dd4	Unassigned
e7c236cfc271171dc4c7c75891bd7556	Unassigned
c3afc6be143c0df5f5e6b48eb75f4753	Unassigned
9e23b0399308e8b37ee97752a431276d	Unassigned
e6b1fa39a9a7477335396c1541ba813d	Unassigned
37eec31a3e44f952705c0ec4a73bd1e8	Unassigned
24390349b0c73d7d9a613c93a297a12b	Unassigned
2619cb8d5fc84d72026636a9914dd516	Unassigned
a78b5e8f52054fc775ccd8519dd53fe2	Unassigned
bc5a944097b8be5097fd04f2bccc812e	Unassigned
f26460b8d6ae345c633345f245395d99	Unassigned
d021190fe453c36a0403776bfd429053	Unassigned
cd93254538eece311dcc9ee41a0ba908	Unassigned
3e252f8c6d2ef269d813df84996ff115	Unassigned
0a4873096b44656739312d62cc2e79c0	d__Eukaryota
2c95a2169b1fbcd84523a268507afb2a	d__Eukaryota
0d398360ece3c88017a90278ae41b2f6	Unassigned
3fbb03c575a9894267f771d3a2b2f0cf	Unassigned
f75b3fa94e7384d44e32d9c74ce7269d	Unassigned
fa3115e7949dd600d2b91d51da998e1b	Unassigned
63195705ab25e608cd63d6b317dc131c	d__Eukaryota
76ea8e4229eb47e93ffc7d7208219224	d__Eukaryota
aa802b77e943d32014b94745c42d8ff7	Unassigned
bbf836d77b8cea84b4718c33a79109c8	Unassigned
367259a9b77defd57e261883b302a4b0	d__Eukaryota
262ad18496d1b89f4eed8b739ad03a91	Unassigned
59508dd76e2497efa734c33e025544fc	Unassigned
69b298217b21be8bd98b55766a1373a0	Unassigned
39be5c22365940b137faa5b32a07a8e3	Unassigned
145afae780d9e577f499d4687c696f83	Unassigned
bfe026b84c5115c8973c9a73ce0d6af8	d__Eukaryota
db7e2dfbff88f23682c8aca794ad68c6	d__Eukaryota
5481de10d8cb1b78fed7f678db064989	d__Eukaryota
b5e922d65b181a862c8f34514232c72c	d__Eukaryota
d2bbcfdb87ee9d8b2a5be204e82cec60	d__Eukaryota
29a942592dc5475e424af0229f1fb2aa	Unassigned
18696f704ef7d18ec26b98197a340c2e	Unassigned
0bc6de718697c1151ab71afc1fdc7b13	Unassigned
9a7cc778cd5d2b98cd66f4add29b5322	Unassigned
f3cafd61f69c94cfd0bbe2675829f0cf	Unassigned
dc424d164270ea5a81c790505171d9be	Unassigned
a46e408a8621167d90c8fb379581dbbb	d__Eukaryota
fa6fec8499339ad3f571b44bd116eed7	Unassigned
9507dda6d0e70c4820054ac4cfb8a510	Unassigned
e711ababbedde537fae733bc823f2a30	Unassigned
fd3a7c070d9b1428879df48e99d25e4c	d__Eukaryota
028417925872a6908066f60f1c174425	Unassigned
366f1b20275a610549f0d4d8fa4962d8	Unassigned
5aca1985cba3a363369445218a4b23ec	Unassigned
1a57ae25e391aef05af2dcb1e1871a26	Unassigned
0b2faa011ea1b90a03700bedeabb2a47	Unassigned
03f346df42b01f9de1c0005124f12997	d__Eukaryota
049d12994476927fb15f493746d55d7c	d__Eukaryota
f6af3758d03bfe8dfd71bf79684079cc	d__Eukaryota
32b8f26070c12a4e40b25bbe6ce0913c	d__Eukaryota
502ba1888894de540494706603e21446	d__Eukaryota
8f9597485b5d6b5e6633911c955fe59c	d__Eukaryota
529f9a93774995dafdb745db96e1edfc	Unassigned
f770df5b5872ffc083ba3f976e3a86f9	Unassigned
0ee1922f2bace8eb0390368f945e3041	d__Eukaryota
4ca8530fade7bb01482afa1b5b73397c	d__Eukaryota
33f930e17f18630bfd27eb6f6d1efa2b	d__Eukaryota
29747f2593157bb9d851978ea4217166	d__Eukaryota
4e591ffcc4eb221170f03ccfeb22fab5	Unassigned
ea67149ca92de234faf7136e4a344938	d__Eukaryota
fc28f888ea1bf50953b32d34ce5a3faa	Unassigned
33792efdec33eee0214579e1354334ca	Unassigned
f1c8a03658894f64aa4416406f793aa5	Unassigned
765d7c68344af8659d23e423da3f8c25	Unassigned
22af405aaece6fe1589e2b4db39c8433	Unassigned
c06874d1e62a63b4ff9b866c3fc4b253	Unassigned
7322b25b2971ddbe51a6034fdc4f549e	Unassigned
2a013ef990fae129575f03ffedcb74ee	Unassigned
f18af80adbab3122f9f064fa49df7c18	Unassigned
9c0ecd208db30cbf33eeae6eea176a3e	Unassigned
4d05f132727f9e6fbe7cf9136b1bc52a	Unassigned
557aa6809afb2559bbbe414cf26abd97	d__Eukaryota
f074a65f3822401f4ece7eb39b862470	Unassigned
31a81a7c9015c8e3677d1c20b5f94575	Unassigned
80f4b416b6eaff4ed4eaff6e803b6fa5	d__Eukaryota
53cbdf643c8317566c85d7ea1bcc88db	d__Eukaryota
e794d6355aed501bad593252eeb4c2c2	d__Eukaryota
690723b4f8d819cdad66ee1249831cbb	d__Eukaryota
37857eff34fec4d307881afb3b9d0cad	d__Eukaryota
489a9c4c6dba4b3f368da6a5516ac336	d__Eukaryota
49ce99a22bf62c5f65f03cad1b3d7d0a	d__Eukaryota
b9c9b2c69f5404eddff03fa7edd0db06	Unassigned
74a19fb985e881c157aa7c17a7396b03	Unassigned
a399f68dcc30a9914a98316ea4220c85	Unassigned
8b3c91994d99418e669690c50578b103	Unassigned
9fbd16ffc20f2928a32fb62ff6461a0c	Unassigned
bc7e33195659f46336a24b0f13fe11c7	d__Eukaryota
313b7480e9cdd3f7a013d6caed89fb6f	d__Eukaryota
54179bf71f18d4198f74d6d3ec34a531	Unassigned
2fb7509d470a88178116cefce640bbb7	Unassigned
e1a072182880ee3eabfa6c80aa89262c	Unassigned
5140f1376654666ce589fdec26c25e34	d__Eukaryota
732cf71209efc107b36e3f4a6f77fb42	Unassigned
ee3fc935054ff9c3f6a5b65578d55544	Unassigned
f99b789a06a2b63f1249101a44b6338d	Unassigned
24f91b4908cd300339a31dd3d3cd4d63	Unassigned
9f0adc16bbe89004662318a6ae9c8040	Unassigned
59fbd1bed8b8185e8a098ae7e86fbcc7	Unassigned
0cfaece478690824bd72db53c6fb97db	Unassigned
6ab33aa53492acbcde5ce30f7d7c622f	Unassigned
344d1922e454accc2df16f96690a65f8	Unassigned
5ae0ee8ca3997b9ae0d8f0bc8da3b77f	Unassigned
a220e445ef5588a3a4b3cd30ae01f30a	Unassigned
cf571740398387a68c61ad5a762490d2	Unassigned
473ad5bdc60b043d3db48aa0d667c2b8	Unassigned
ec4e2b1765742f5226524ecd2dc9bc89	Unassigned
f6bb23c66b4b7355cf5b2258fd842545	Unassigned
aca7e3a0a03289f053f97993a1932947	Unassigned
cab68fac286f93578e145810f67b0717	Unassigned
153c86c9974f590842776ec62bbfb545	Unassigned
00a33a3e1b46acbc96fd903c9e9dbc28	Unassigned
52817d96413f3b9448d928da13499b7a	Unassigned
08b3e2c429bb06b24058413f0f112e88	Unassigned
bb5062dd47a0c8caa79f2fd0ee68ae22	Unassigned
bab7a0bd242f1f296215b951c38db17b	Unassigned
1d060a74dfaf1453ec665d7e6d8320dc	Unassigned
2d1b0368b89f3e03178c32c3099a8475	Unassigned
60ab6241cd76cc5b197a9b875b127399	Unassigned
59bef23cfcb6cb2dde9de4e884298286	Unassigned
e3e512a4c436b0a84d06062bd11a88b3	Unassigned
a66e93b4792d559d67992e95c44d23e8	Unassigned
14e0fde8aaf4dcff7961d65930c74637	d__Eukaryota
296b475371ce3c29444b4e9fee948351	Unassigned
d05184e8e3bdd1825ef764f5bfc2ad45	Unassigned
7b9426e4023bf6359e86e29c25985f59	Unassigned
2f35ded03eae1fc1dac8e66b9f4ab85f	Unassigned
1a937609fc0826a4d63bf5c05b3b6618	d__Eukaryota
02b0efc7e71106b4c439ef9f13b73387	d__Eukaryota
b3be569711092471a87d172309539326	Unassigned
ef58ae6651c4a2e43769da991e30398b	Unassigned
dd98e3802ce212541b8a67b300dacb5e	Unassigned
636a9ec70be3ed00d4b8bcc50ce92989	Unassigned
6f9e7e5daf063f30c6785fa8f79c56ba	Unassigned
901aa127ab4b123d2f29e03ade4c9fc4	Unassigned
0df9e07b4b8eee3eb5ef399aa45c90ca	Unassigned
6ea2f036d2d6afafb01fdcac499303cc	Unassigned
406864df32ca6b3c751aa341f516b018	Unassigned
fce47a9cef516621d7fa9493bb2d5b35	Unassigned
75b081b46a5ecdc99273d0a6ecadf040	Unassigned
cabf81a6b576095213f5e728e721bc59	Unassigned
f2c4106d12e742fcf2ebce3e9fa78088	Unassigned
2d726941c9643c6b4a8806889d00a5af	Unassigned
304c96b59032e85ed8a0a8fbefe8c774	Unassigned
d3e093a32e1b36635a7d80ba101ee0cf	Unassigned
b1533c5b3d127d095bc2607ec183e076	Unassigned
5f3129b2393127f517799979d0ea984c	Unassigned
630912a95a7f090e3b3b47d681414993	Unassigned
8249547c3ac0c5934e197db28bed189e	Unassigned
ee934d7820a2aba6cf9d8f46f52ceb29	Unassigned
dca604f9cc7e8f31fcc8b85298af7286	Unassigned
c6fd3d4ce0a99fb5ed3755cd0480972e	Unassigned
e9346ce56b16cd518d91c793b2b69eb4	Unassigned
23eb024fb21f1bc67671af7e63385049	Unassigned
27ffc0a04ef76aca300e6717e95c5e14	Unassigned
864b0aa30f065ce08b50ea1df726e36e	Unassigned
ca3813aa0284bc4057803621c0c60b0a	Unassigned
0627f7504030fcbe5a4800803cb6d151	Unassigned
d7e8f334fecd0b1b32d28297a1d9fcfe	Unassigned
8078e1e106f0b0019b8385c48c771ddc	Unassigned
66b74091a9014c05e8d4bc9259699c64	Unassigned
0f7bba10314284a13231185f3e65ebf9	Unassigned
c1076093d74a578519910fb7377e93c3	Unassigned
142e6cbebcb61307806dcb94eb3adfb5	Unassigned
124ec7647a44fa01d5abaa654e587732	Unassigned
cbc983fa97a53b54dbd94ac5f4a82a89	Unassigned
fa1a423cd49a35a738a1a016f47c87d6	Unassigned
bf3b754410c50d5c488323850d2e6f3a	d__Eukaryota
91465f6eeba88bd2cdbe4858314177f0	d__Eukaryota
69d3968b035c8cd6614658dd76774605	d__Eukaryota
7e6359d9bf36bae87c9a4d5335fae366	d__Eukaryota
e441c7ab4acdaa143cdde47741720bdf	d__Eukaryota
f7b0ea4ec7f5d6b499203f58a1f16ccc	Unassigned
cceffefacf40d7ab534060362429d571	Unassigned
270cbee64bc4ad8301258fb9e4a386be	Unassigned
a4bdb70926a138a600a6fc79c6cebe04	Unassigned
3a0a6480a7335922599b7f284e289953	Unassigned
eeee6f715ac4c2d6763ddffb5723da73	Unassigned
cd72f4df9a45e2a63e2abf2fce66324d	Unassigned
98db1086f5b035fa56e45791bdc43bbe	Unassigned
25e1523fae215e4913c732e5ca5aadc5	Unassigned
d5f3650c6e4e4352b59487acb80aecbc	d__Eukaryota
e61b5569e6466c74ade6df7512740df7	Unassigned
63daa725a31a78c63ac5a94b9b951f18	Unassigned
086f36f201a69454e672556bfaf5e450	Unassigned
21578803d93c46a4a2213f79135fe6f5	Unassigned
30c05070003aa43213779feadcab8aa5	Unassigned
9f264c012aeebb7ee2e7a5cd30a7c279	Unassigned
78769c567f87ee1c2a0d1d0b54264ea3	d__Eukaryota
fefd3f9fc16421cb48afd6222eb1a578	Unassigned
3d3d7be931dea5720f68f635c2447d43	Unassigned
83afab82d1defb0a08687eb3c2132356	Unassigned
828fe99f3f0d5fd3e272a8e0642e38b9	Unassigned
8aaca210fa1b0407e77ea3a959f1a1f0	Unassigned
c57a4d69009c604bd493800efdf2f11b	Unassigned
ef4d8b637897dea9e3942d6883e7a00b	Unassigned
ee0fd1c4ae925f701f49d84a2fb17c24	Unassigned
27c5ff964b4363e232ad75f409c3a137	d__Eukaryota
22fd2fe6cec848ab9b287be5b7ae4fe1	Unassigned
a1eb77860699b14f9f3e33af8d19f4c1	Unassigned
2dcacbcad3764ad163a266c9e97dcd71	Unassigned
9d58eaa5b1357ffff7153713434a4833	Unassigned
801e70d514fb8b2988365caf883b9404	Unassigned
040ddf33fb31148b632e3ce156162763	Unassigned
d913dfec0ad21e13f09307127d8b240a	Unassigned
28e429942927fe9050f48a97f54341f3	d__Eukaryota
cdfe4929009c35900ab8823fc2c8851d	d__Eukaryota
1192424e2a8f211406054b1060cf6c82	d__Eukaryota
41aa5b654919a4564dc9fd707a287354	Unassigned
1c8761a38b7a822ec92218e1338c1bc2	Unassigned
1e6ae6812eb05710bd0d2df1db031096	Unassigned
5dd2da64589cb27c59c5087ed4e2b00d	Unassigned
dd9d2a7e37cae3c6ca357e351af23d5a	Unassigned
4bfb2f8ec5b59b1af657727c9fb864a3	Unassigned
c083baf4a95d56063cb020cce1fb1230	Unassigned
3e38ee74baa55b9392183ba13a94b10b	Unassigned
233794eb32e192bed8b2271991232a77	d__Eukaryota
1a95694f3b2096894091751736fc1f50	d__Eukaryota
dc3bd75233e9241d898883c466e22fcb	Unassigned
a5d22fb518953b885ab412e0adf63c85	Unassigned
8db56dd7afe26422e2e11448a9ab30e1	Unassigned
786a71d1b200c01730ed1d2835484efb	Unassigned
507dabf728e7439cfea8509a2b165252	Unassigned
34bec96440f40818a9d59355f7ec7a12	Unassigned
2967a6a153a6c8e4204651e0eea427d1	Unassigned
2a76dc320998912afd8f9f8a2d9af4d8	Unassigned
fd2c5e4fa251f74fac9856971aef5499	Unassigned
d24574ee49ae501418845eedda592282	d__Eukaryota
64a20b80b9e24629cd973af81623c46e	Unassigned
db7023d704cc9bb8348df133cf3a51e4	Unassigned
b7e9011828a8643b4271f72391d2f00a	Unassigned
4e2d587e9245004454e293030b527f88	Unassigned
dde5d118670373e2392bcd83d445b2a2	d__Eukaryota
f13edf78b07cdb5b34f7c68665967a4d	d__Eukaryota
40ad87dbae9b72e0f483eda741ba13e6	d__Eukaryota
411f12d6af27bd38c45124ee133528f4	d__Eukaryota
d4f3435d40044844e96a877bbf0ed941	d__Eukaryota
7ba8cc7c4306a1d7e9223b5f6267ec4e	d__Eukaryota
c87dd1ba4d8fad06fc335836c8c42d6a	d__Eukaryota
e227b7e618ca3bafc03be9a0a37c4c33	d__Eukaryota
9d4b8f4b427e148824aaf69b60841208	Unassigned
57c807ba99280a9c5715d7e63ab68163	Unassigned
788051344c8d0d0f2962594e18688fe2	d__Eukaryota
953171e8ed13ccfa130527ecb137cd08	d__Eukaryota
297bdf49d4d48c365c87f99652954e51	Unassigned
c2760453b3cb4d0f90b396277ef54424	Unassigned
fabd883e00073d77373e0c39a034cf95	d__Eukaryota
834879b6fb4ced84d7e28d9be5753fe5	Unassigned
b6683cd2a2e3c793a174e86e734c2786	Unassigned
db35e35c75bf4201dbe74c156944072b	Unassigned
8807eee50a28f076dc2d1976dec798bf	Unassigned
d977b0ae79fa8e1420a556d260bd270e	Unassigned
2c231cac68ae4ba891bf1d0516d38152	Unassigned
c94ebee5d9e0ec3b113f3b3ff68af649	Unassigned
caae990dfad12425368e822465862497	d__Eukaryota
287a7671e3ad1f7888815173b7d663bb	d__Eukaryota
6e6f99c091336785364edbddb30925b9	Unassigned
0291a49bdbfdad11d715a3c21ca653c0	Unassigned
1badd06923279716b70cf8a32bec8d94	d__Eukaryota
146164872985b84ed0076248023552a1	d__Eukaryota
b7fa08a4bc921ed560c90a29ac22805d	d__Eukaryota
357ae7dad44fe4ae71b1a2091eaa74df	Unassigned
8f1d0e60791661429d75e95587e6c5bd	Unassigned
03bd5543f7e5dc7ae01de6fd76a08afa	Unassigned
30bf6d05297b8b58a1121fbb51750fd6	Unassigned
b26dc752807861cac695423b9cad7a1b	Unassigned
0d0569a21c16302e19c31f3a3780d69a	Unassigned
26eb21619d8556d7d1045fad58e6a3da	Unassigned
546940e987e852a6e102ab8b0d801e5a	Unassigned
e77881ab73954a3caf307dc893dbd52c	Unassigned
e8c26e3707ea8228366d5a11971a17e2	Unassigned
d4549ddd3e2975154c9745f5d0fdb684	Unassigned
89ee4bed54f76f3345d311397b6f8653	Unassigned
0383d24e4dd05feab8d063a85e40273a	Unassigned
8257d54d72e42a92b858c871948004f6	Unassigned
a2d41de2d1988746a2ebad3f72b07318	Unassigned
2928390c6c2eb7739d684934539cd94c	Unassigned
ddde25f00e263f105289bfcdb0d14a42	Unassigned
24acc365abc750affb46542c5617a94f	Unassigned
c2f73de1ea38c02665b001ea58575b8f	Unassigned
60b517444dc645d512e28f495cd7f8d5	Unassigned
216d643f82f1254c2f806101edbbc497	Unassigned
1b9fdfc2cd51c55de2fd4984318676b7	Unassigned
af300e948531fa51fc2a324b4c9e2fe0	Unassigned
10a2031aaef081cdeaee09939255f229	Unassigned
a91d9a368213b5458ff3b3050bb72b49	d__Eukaryota
4a1dbfb35edbd51df1e68d439baf8411	Unassigned
732298edbe4bca11a70f1aea2ce75855	Unassigned
381ff6fb322da20d93f23f888b4ca697	d__Eukaryota
ad71837592d2aa5611928bf44515d582	d__Eukaryota
86d0d4cf4d22cf6d1c4207de8c46c85f	Unassigned
ba86ee1cfaa46491115b87eaf6368122	d__Eukaryota
cf4fc88c4b97221519a1fb99ce5d00bc	Unassigned
92fe127023217fd460a9c2ed45773ae0	Unassigned
81bb97b29ba0e68b9f33cd230f265d08	Unassigned
94f0e26f86a2976ad4184602644739bd	Unassigned
ccd14340eadd5c7ca75d135f04c60685	Unassigned
c466f52e721baca7531abda652e3d11e	Unassigned
69232c32b36fb4bbd50e1ae98ae354c5	Unassigned
b7840796d56b6ac8767130b9fa6e38d3	Unassigned
c30c158a92bce27fb59576f5d8de4bcf	Unassigned
38415a0cd03b5a45981851724d07bf57	Unassigned
d317b6ce222ee54707667a897ca1c403	Unassigned
0963917b7fc5f51ab7db3899156091ed	Unassigned
a69ffd0510c9f10aa2057c36e13a8c5c	Unassigned
8efae87d666bba9fb868ad33af17440d	Unassigned
3ac06f0404bd6c423ed92f2e955ce681	Unassigned
2ab378f3f097294de853b091b0925e86	Unassigned
f4c9233e6cde0d471dd54aa7793a4940	Unassigned
61c7c6a0f8fdf8155780dd2b5b905155	Unassigned
b426b2e596e6c84fc00fcac0573f5b9e	Unassigned
27f31ed8a0b9fe8a9b796a715dc575bd	Unassigned
a6ef0a5794d518e81f6535fdd52e0ead	Unassigned
1b91322893335ccdb160eefd12ec3dd5	Unassigned
c31bd297e87e73550aef4564899976e9	Unassigned
0896196ba4897db5bb323b6f75a6a1fd	Unassigned
2920423fe32c5be897459fc1cd5348ad	Unassigned
8570c898376354df4f468c50806934e3	Unassigned
175af7d6c277705912f4c05ae598f17e	Unassigned
8687aea2811d97874a055d7dbfe8f00a	Unassigned
6bf9068e8abfc3e72d1e4b8085ecc072	Unassigned
9b645390a4bea4e9de687e97821856c4	Unassigned
3ec731f6c7c489dc6a1741e70df228da	d__Eukaryota
6a8c48ee2c59d1ffc69fa644a64fba1c	Unassigned
f897a83ea13286c0f7a217b4be34bc72	Unassigned
e239a8c86ef7a62c19daee7194ba7473	Unassigned
eda10f14a5a596e80e730161f93e25d3	Unassigned
a5d98b1e31d1b93a05603e1f45d26db2	Unassigned
fba691683baf66a81abdf274c9a92cc2	Unassigned
cbd97c65987c0491271eb8755593e584	Unassigned
da2b61c068d5ed1d33db5465f39a2c86	Unassigned
8037038ed38098246bd26cf333de8ee1	Unassigned
72beb00f373262e7c41531f66c67b22c	Unassigned
147074c92c41a7990377564176d4776d	Unassigned
51123a11ec0ef980ba51dd4a30d6c271	d__Eukaryota
19cf9b66b519096e71c2f9bec7ca04bb	Unassigned
9891a6c3d208cf82bf4fdcea468e3985	Unassigned
30e2138349a8c218b3354dccce8a89e0	Unassigned
5ed10f293fa89a658c15e054d56cdeca	Unassigned
a60b2fa797d3e87a333282daedd90df6	Unassigned
bcc842580767506311b23dccc4bdde9f	Unassigned
5c751daca849fa1ab90968a820bc9a2c	Unassigned
87254e0e707e6ff6d133dde08875e296	Unassigned
a10fc5003efbc68b8216e92a5b76fda9	Unassigned
20ba247ac1917abe5e96cc3b66755417	Unassigned
0ea528399271a895f35093db4b6bf984	Unassigned
b891c969f3583d14447ca5866b8c26b0	Unassigned
385421ec643da19628004497cc37bd56	Unassigned
e5be2a7c0a12d6ef14a1dc986a16f8f4	Unassigned
ce68f732dde72f0e1d078cf672d2072b	Unassigned
b413105014a7c90f09dbed16f405a6fb	Unassigned
7a7e71a13edb30c52ca4960c4c6dc302	Unassigned
e47dfc91d2f7a3f31c246b8fa180bfcb	Unassigned
941faa6bc454d29afa07612eaf5359db	Unassigned
7edc3da122440f0cb7a7414ccde40996	Unassigned
57710932297bfd96fd9af1fc4ecad314	Unassigned
e0efdf01881fa7986daf13abd3ceebaf	Unassigned
34868f6b9bbe596f93c4993bd74502c0	Unassigned
907b461ce938916f6ef919f7a5690ab9	Unassigned
12a0b19d402716110863c732d1553af0	Unassigned
6c6714ec12ee37321f7ba902de89bea4	Unassigned
cd12ab5ca934a659609d908d3af30ada	Unassigned
18a77c20dd7f4203f5ad40d9e3b68131	Unassigned
81e9ac16d3444510f46cbe2dd0efc5ba	Unassigned
afd8fe7ba311bfa2f35d43b3d78ca7e6	Unassigned
10bfe1cce9a718eb2b9d78b23de2b2c2	Unassigned
013a9f94cfb7543690f04493fb266b5a	Unassigned
d4e8c0c1fc4f6c192affa4bbc606a467	Unassigned
a049600db1e9f22501ff9acad111317e	Unassigned
f9698d18fc13f8eb2bca4775ae1b5aa0	Unassigned
e951979373ed0801fea4ac0c1cfb1d5f	Unassigned
e97dc26122b33fd6761cecf54931d77f	Unassigned
3940645fcfe556ea3594afd8a153c4d8	Unassigned
6bcea0f9a35497c2a235dd8618b4e4a0	Unassigned
c96430ef6b127ad7400e5252695db96f	Unassigned
fcb0e32c90f9e9651fcd6159e26135f3	Unassigned
f85734e85c3690b505d7baef4ff36c50	Unassigned
ba44c7fb3d5fc2f2453cc8b7e598363a	Unassigned
515c2598f0469adcacdbebf93a0b9479	d__Eukaryota
7942cf3775ed4a8f4b0da7ff58200497	Unassigned
e1325492a737e22f00f521ba371fe6a0	Unassigned
7c2255419c4478d33a09a860342baae4	d__Eukaryota; p__Arthropoda
d43fa2952a5b0e49d6b4309961348b61	d__Eukaryota; p__Arthropoda
b8c12338a3ae988159365e2788323487	Unassigned
02780b0c21f7d3fda366b6439ff34dbb	Unassigned
218f4f84a0a4f39719c242568da12a05	Unassigned
33b6014064056e211ea851dbdf998a62	Unassigned
a3146b5d7e138b8549bcb04468c8fb87	Unassigned
9e13d0f0590173df354a084b0415bcd0	Unassigned
424a4538564d1ca38c0db77cebdae07b	Unassigned
b17f30b68750e58ab83469c194b887ab	Unassigned
15f4c8a8ebbd91ad1892a9edd6dee449	Unassigned
cd3af5e01d3ad7324b5ba35e5753aa88	Unassigned
39342e8cdcd59ef67f26d2cf6840b49d	Unassigned
de2a601eaf98da1d5794870ef868aa99	Unassigned
a6629817b5b0646dc89f6ad49d526a80	Unassigned
b6d81ea0e18d0cec8c309340c5eaf227	Unassigned
d8a57a1b95fbe67cae916fa7cc7a3a99	Unassigned
201f7d28321cedf882bac8b8b53022ee	Unassigned
35147d403f6c549522a9d5136fc95b71	Unassigned
3140733ac00874b4e6845bdbda5794bc	Unassigned
155d87263dffb7aa98c6bb43b391ab0c	Unassigned
de1f8b80b1a432d5c73d7b7c9026372a	d__Eukaryota
fd042fc3eb143e1fb23786fa1bb00f5c	Unassigned
8f520c9bfc261104917fa5a15b47acb4	Unassigned
afbeb7fc8f9bfaf59f1a548488cd61e6	Unassigned
63eb1e567d0d5ddd80de32084a11acac	Unassigned
c537d2cf6412424d350e530f1da47d1d	Unassigned
06513c07182a68d19c75ca8ca5fccab3	Unassigned
1ce5d4142370f6a24cd8af9d6377fabf	Unassigned
24216edb8e94f2754728a9414f0fe9d9	d__Eukaryota
1bdc71603cad3a260dfff5d7b57aa06f	d__Eukaryota
009aaad9d5db7112e7bea6e19ee79e67	Unassigned
b466cacd218c17cd81a25be447376e92	Unassigned
0cc7817ab85add6f157172e91241b0ba	Unassigned
04d40206067309251848fa8092dcaa1c	Unassigned
1ef0baa67be49ecc5231b41846cc286a	Unassigned
3439c59aeb4be113d616041cf3ed2da4	Unassigned
84351cc2f927e386408deb957301b310	Unassigned
c8ca25c0f109dd9961f088a86018808e	Unassigned
398b36ea99c379b8cb2fe143218ad63a	Unassigned
e4294cc0fa527378e2cf5fe8d7a20065	Unassigned
d5463f967ba973dfa5359371f541a668	Unassigned
85dc1149b1062a4b4d9404d227d83338	Unassigned
fbb996765ac7ab47184d233fed3da4ab	Unassigned
54cad8a2e011c19a159fa519a7ddd17b	Unassigned
567e0770953fe9a60783f4f2bb8ccacf	Unassigned
3f0bfe71432472d73cb4dc40aa4f7db5	Unassigned
28b55dd35499a3ea977c2869ff87cfa2	d__Eukaryota
fa5bd380e6cce5777953b17503d79f27	Unassigned
6cefbf95c1c436d7199edc35b0377c30	Unassigned
6eff0ce3efe3bf65d8e36d2bd0766750	Unassigned
64e003eeeb65266a0a9752cee61f3596	Unassigned
8f6747af2a420387e9af34336902e9a4	Unassigned
6f4cebbed5e9489c1fa02bea31a1fc75	Unassigned
f93f4c317c34366383c00146d34cc889	d__Eukaryota
5c40a7dcc92d7217448cc7942a92f367	d__Eukaryota
8a81b9ff7ec441dba9900d10cdd93d1a	d__Eukaryota
2cd62f648c3a17b164f32970ab0fb50a	d__Eukaryota
fccf03c2f9f22a4759b7d940c381f757	Unassigned
91331dcd33796012e466fddf919851f7	Unassigned
69e900a55d1f6ae5bd7be0ab1f2f1dca	Unassigned
3223ff05d96b117dc9cae161948bf58a	Unassigned
0b40e49288243e5d8cc561977cad6134	Unassigned
8f18f29cac83e282fdcbef24b893319f	Unassigned
05c50a9f989e21d9b8fce22d600bd6c6	Unassigned
3c26f6f4bcb56d14501dfe97bfb2e9d0	Unassigned
f6a5124a8f5cbf76a427ecd013bff400	Unassigned
ee203b31e8cc753adff29b1b3600ee25	Unassigned
bc90b3ac532f66e95bbef2cfbb07593a	Unassigned
d90d91e730446bd42848eb84a9ed2023	Unassigned
ba5264cc5560d6c576d7628457c280c1	Unassigned
2eedcc7b16268a4b534649083d1c1d45	Unassigned
b79af5faf6d81846a91a5b9c92f429fd	Unassigned
e275c6b38c7006d4c4830a8ab32c02e2	Unassigned
7f5835da82630b4771bda0b0dd3de75a	Unassigned
071b4d1cece3ae5ab970d4c21a9656ce	Unassigned
b8364fd7c12e5d38ba6d4f99734644f1	Unassigned
93c768fbaec54fa5920f0ec197c26cd3	Unassigned
32b7fed972dcb81fb70e1dd4d9aa8161	Unassigned
441c878ff7c06e58a9cb3a9c20ed274e	Unassigned
231958f0862ab7c1ec7ab1fc398cebfd	Unassigned
f7c347b5bd3fcc99b49517a812054fec	Unassigned
b8484a05d1c7a4049128923bbc0d57f0	Unassigned
112d56514db514ffbb042b83abecadeb	Unassigned
28de876153699dd9ab5057e75e833fcc	Unassigned
8974ee4cfa37df450bffcc57223b0310	Unassigned
f2a1e6f706e944620e2efcf68698ea42	Unassigned
eae6beeae1a90770d5f7a1ea8ca62944	Unassigned
3adda56def564454a13e7922663ecef1	Unassigned
2374c2aa9b73dd231c18f195f56f708f	Unassigned
79dd0e21e5bd3feaf3d744bc2a4d7e20	Unassigned
7935552e9c6a2e8b04ac48cfafc18f04	Unassigned
0b18f2782f04043f575ecb4ef7d73b7a	Unassigned
3062239939af70391f285fc1b15237a9	Unassigned
7a524a4626c2535224b697ebbd624e56	Unassigned
2ea51281907b4e05a2392d397292f254	Unassigned
847726f225f7835be8617454e18e8bda	Unassigned
589508f0c49a9ee5bce23f1cdf9ade84	Unassigned
0ae9d3288c8970f1643ccb1373c521fc	Unassigned
07694518720af53fec2e03113503d97e	Unassigned
31df3341addd480c024ef1643010b624	Unassigned
7d63f7c4f290cdb8f8ebc99690987f93	Unassigned
c74d1e75ea598f4726d0abf027657c23	Unassigned
921fb3f5496bc4b81478ed65478bed39	Unassigned
bfc62aa9e1698d3bf10fab3591c678f8	Unassigned
fc76d9ccab2aba744667e40c44344a0a	Unassigned
705b07c6b25368c7cf6c5a0ae2ed208e	Unassigned
0c3d33c35b42731710af450c0556ec2e	Unassigned
4773fb8faee9dfafecd0edde335f3722	Unassigned
86c5695263ce35c984edd53b6b9f2cfa	Unassigned
553bb88cf2aa9850e963d408e69c809e	Unassigned
593e0202f9fece3ae99232d800137a93	Unassigned
0ac910a7b79a3a2171f5a6065918eb4a	Unassigned
56c44af94a61507faa9f7360ead9f97f	Unassigned
4f5e59b7baf5875b5bc087ba85e5c1e4	Unassigned
a4e309f4bdde0ac8fd180a4246d8b8ed	Unassigned
82872e2969362cfcdcb736d7155dc812	Unassigned
1b456010ae4ba2f5bac0353df5ec30ae	Unassigned
4426e6dc225820211da684aca4374cf8	Unassigned
76a0a6147f5f8131f5e23f82635cb345	Unassigned
138266593df0aad663820284fa57e025	Unassigned
f005f409a781f3078357fbac8a0a7efd	Unassigned
99bd18b596484c3677ead095e3a08e20	Unassigned
4077a60c06178bf77bbbceb2f0f0c094	Unassigned
c6cbd8a64384289267b92d794a4a5a8d	Unassigned
e98024841034e8902a4764e494f18233	Unassigned
c01a0da8d2550291cacda59410e4c2e7	Unassigned
30f0066c3f50fe22e3d56a6ba3c4b0c2	Unassigned
da8a02654c39899d58a391ba0451a653	Unassigned
28a14d8e2ba58f06d3ef56efbecdcbc9	Unassigned
14656028b8de0a813674a209b18fbdc6	Unassigned
a55d29538aacb352ec061aaad031ce68	Unassigned
b6bc731d1ea515ba7e7fa89d1ef5ee2d	Unassigned
eba64566bb92b667c81a769c5c7aecc4	Unassigned
608b49fa919c60ef5f5b1be28826df70	Unassigned
cea052fda14c04cfdf1882234d3699ed	Unassigned
72ce050943776c7ef818e444a0c25a2a	Unassigned
343b27e010dd522c1fcd8054fc4f27d0	Unassigned
ed7441b74cb26828e79acb1cb439c376	Unassigned
1c2659045e9be319143d08235b109cd5	d__Eukaryota
4cd941ccdaf82d556658f03aa50b5d96	d__Eukaryota
589d435a0a58214f98576ecb9598713c	d__Eukaryota
9ea15f581026de4fdd43f7c474878fcc	Unassigned
6945ff901a0284ae7e2c9b093b2e5acc	Unassigned
8b3eed44ae6b68552ee3b58dd808f0a8	Unassigned
a035a96c3756bbadc94e31b271505b71	d__Eukaryota
f1fc9c95b85db674f320ff24ba221533	d__Eukaryota
453d86065c489cb0b4abac6128b7694c	Unassigned
a75fac2519ea5aa03baee9307e2a07a1	Unassigned
b969a629174f3d407450ba3d3bd875fd	Unassigned
e3fc74dbe23be7a129feb72b42116c23	Unassigned
2852f2328eafebd8742324f274d310c3	Unassigned
9329bc57248353d83294986fe6eed82c	Unassigned
4a80fb91a79aaad8d53fc9fafa34d930	Unassigned
77c1c74f7070ba859cc4ba4e34effbde	Unassigned
6e7bbd659f3e9e8e4a96084ae7a77338	Unassigned
51336cf0bf1ab7eff7051d5cf97648b4	Unassigned
8c2efe933b4174b1aadce4bb2a78a948	Unassigned
ada460e6c6c3a2642aad202c94ca981b	Unassigned
408c64cc07a1afb798fa06542b415a0d	Unassigned
cdb4e79e7022a3cdc5d62f782b20d3d1	Unassigned
47155398405cb07398935b40a44bd0a0	Unassigned
84c20f5a9108b95f734e28ff3c2f4e36	Unassigned
5b96b81661bf585c1a9f15488d12d614	Unassigned
1b00e49a0154c44f4a7c643e0b4ac1f0	Unassigned
37ae2792eae0aeea53d33fdebb0092ac	Unassigned
571a617f51e1b752ac1348a0cbe60cd9	Unassigned
fc62e9827172d001e40649d5852ea459	Unassigned
b025f1815021484c8a215a2151b56ce1	Unassigned
a5ee2422bd1d267f2fab2b3db570803f	Unassigned
352982f005c9c091c2bba331a4ef4d9a	Unassigned
4c4fa163751c7f933bebc9d66616565c	Unassigned
af14319f4943ba81002b217bff934443	Unassigned
67e34cf0cfc7e87ab41c2ee251dbd303	Unassigned
1de046b2860cf21d94d325d3cba904c3	Unassigned
1e3519310645f526d0dab8d83c8cb747	Unassigned
0affba8b17b3660e332c05357e7afe46	Unassigned
a38315028234a09aaa4fae7adb051471	Unassigned
bf913f482d679ce9da8dbee1e2942873	Unassigned
d20b11cfe8398e510cdad4a3c187e8ae	Unassigned
a53bbabc34e1752bbc88024553e806d2	Unassigned
b781dded4ef1e64535b869e05204babd	d__Eukaryota
c2c9de893643a5918a60d3c617017a79	d__Eukaryota
64e97fe444f0c818c8ee1196698776c6	d__Eukaryota
5df3066418b69b6461e8931446e139b0	Unassigned
5f93de35760be22ad339bc5990500a5e	d__Eukaryota
800bb0597099ead491b2dcfbe0d2f7c6	Unassigned
843ea969fa31d0972505f9fd28a183a0	Unassigned
8909806c7501559e8793a5b5d89f0d22	Unassigned
31f2f3c76c05529629277e15c4ff8c65	Unassigned
96c590efaa3008c1b87c812a81e734dd	Unassigned
35e05c46efb3d9025b3e579a441abd3d	Unassigned
efd5501c6eff3244db1d8b696aa1dc77	Unassigned
4d2e575d82818540a8a4c65041f5c39b	Unassigned
9477566576839fd578eb76bc54c18958	Unassigned
f0b63d85d470b88982e9cbd262a29b68	Unassigned
5a1465457a7a060139368911b0482cbd	Unassigned
9710536ef524eb0b6bb2268a59d1b6e3	Unassigned
d86ea497a92543e98fba2ec0b8ac0ff7	Unassigned
e2a4354b7c20767e1ca4867415108ee7	Unassigned
a7d5097ae3533bc5451fe3460f79ac72	Unassigned
788ebac0f7353256f2a107b90ecd1775	Unassigned
6c0a518bd117a4eb8601e6d2274d6fff	Unassigned
359284d625358793790d118e79c50626	Unassigned
45a420ac9a87fce3170bdb0c01b12278	Unassigned
152c40ac6a890b1c856ba46df6f19e7c	Unassigned
52103ba3c3a58130cd56cdf511a41259	Unassigned
7deea88f0e1ff1dc01b57f2f6d0e45db	Unassigned
546e47b05f36adced6fbef3375b721e2	Unassigned
5ee428e4cab7788111d71dbb59995231	Unassigned
ce5535a854c7d30fe5448b047e0c4a0b	Unassigned
94b15a0c9c233925e230273dab339bf4	Unassigned
68f9b256059406c88a952c9d494af438	Unassigned
c5c72de0371aa9c4bf4b5c945f0bbd4c	Unassigned
2d9689208866527f8fbb94adc78388f4	Unassigned
9735f96c221d60d26cf56bb3880766bb	Unassigned
c46fb8cb2a8ccdd9555cc2048ae83b89	d__Eukaryota
a12781d6ddb2708f0413bacc0005126b	d__Eukaryota
5e1b3ac6a6c8f4d0f8d2bad0a09460e2	Unassigned
696850609dfa58a309d6a1219bd256e4	Unassigned
f19d05c969205510de7b319a5430e3fa	Unassigned
f90325a02d1d76dcb16a753506eee061	Unassigned
579b88bd8931b0c0da9e5ee9b970b1ff	Unassigned
3bdc5617743667168bd8cb2a600789b3	Unassigned
b4e91f35f8b8390cf169037c2c6c43ac	Unassigned
3b8e3d2bf21074ffe9b28a14fc592f49	Unassigned
13bd31fe3048abf48067ad6d6001f2c2	Unassigned
67df15471f9595dd92ae4fe6f7fbc8ce	Unassigned
3fbbe6d4359e0315a665cb7f2f764744	Unassigned
acba4fecd102638ee90abe85544d02fa	Unassigned
65abef0d1ea7af40528207451a39241d	Unassigned
c943d50a43217255fe4ff33e4c029f22	Unassigned
bf4aee1bd9bb066fb585546c6df34474	d__Eukaryota
8e0a622092da82599f2dd36769b9beb1	Unassigned
70f36f71e8cd9d88b4ba7ee6fc6e4ce2	Unassigned
149947d8b345b50c34e396e24d851b8e	Unassigned
7ef14a25fca89474bad86ed8a318f70e	Unassigned
ea813a87c04c6e30c3e83e6f0033641a	Unassigned
cb9c7c9e822364f6d3c7a31fb15e1c87	Unassigned
6bdae45416e32833842e48c879244281	Unassigned
b0a7681e85452235156552fc2ada0d38	Unassigned
0af0ab7d82f1a23727d609d5db125da9	Unassigned
0a2b2ef58a57e74e7b279bce8bf74713	Unassigned
03f2b9b11a603a4a748179c63eb90191	Unassigned
5b3a473cd3dc5540ff7e008d62b017c8	Unassigned
21f8b995f7333f073bbaddf3b81246eb	Unassigned
442ada7a7bc3c657899b7ad8ca08080b	Unassigned
fc606073e14cc365a0e664b14023847e	d__Eukaryota
47f00a4356350de57efa217e4a704c58	d__Eukaryota
3e7757c0e3a3ebc307594cbb01aecfa2	d__Eukaryota
007e79770956b9e2287ae8b1e2045881	d__Eukaryota
015edbe6915daaeccaaf4c51796f1d47	d__Eukaryota
b1e90b3a5847dfa31de632a468cab689	d__Eukaryota
16807d9dbdd2f0ba917bc8eb519efc48	d__Eukaryota
66061a793f1de583edb5654dfcbd7f5e	d__Eukaryota
1a3dbefc0cf3a375bee3b5f16efe984e	Unassigned
88712ba09baf7f8621b60194b6746695	Unassigned
104b30356d729a60b94d6dce42ba4c69	Unassigned
ebaf5703fd0c6eb6403a1933544ff961	Unassigned
38268da4eda1bfc01c0a9a70f7f238f9	Unassigned
042c4d0dc1e39fd5f6b342c45f64bf3c	Unassigned
0298b6961c2bbc3aad53d16a164fe40f	Unassigned
d6655f70ec5255b2924a67ffbb7bb1b1	Unassigned
c9016c6485b27ad1897bab9bb2814ded	Unassigned
a4fe30605b3da3f38156b72188839b67	d__Eukaryota
798cfafa5ed148141392683e4629133d	d__Eukaryota
6f451bf4413b34a90841be05a182dd81	d__Eukaryota
08410a65e2314514e28054b0ee1be916	d__Eukaryota
072405d82f4adaeb0f7d00fddb3f2115	Unassigned
33fcb736459d4f2d1b803a588e26f813	Unassigned
4daedbf5846cc25a85a32a91dbd01696	Unassigned
cc65e96006c1230d16f330c1dcd29f1e	Unassigned
3fcdf428f5212e76fd1a1a650449fa89	Unassigned
0120c86f243d00ccf1b34f22ddd437f6	d__Eukaryota
8771dec5dcbf4f672eba01c2faac7866	Unassigned
8fc1eb129e35032377c11d53a80aa023	Unassigned
fd911117c35a75ba41f4eee294c03139	Unassigned
a75fca20f394b47e9a65b086e6f7033a	Unassigned
f6128e486dff2bd7d34b541f418e65d4	Unassigned
770d9422535a4e6f400f938d5cbeecde	Unassigned
8c106567333aae0985be8b6548351f2b	Unassigned
d9606609735aac505eb17aee240e0fe5	Unassigned
bf651b8f8c21864d3b71d24e388be8dc	Unassigned
05c3b89c3ee52f37608caa162eb1d498	Unassigned
972a801b25306d7859dcf998957f8931	Unassigned
c20931394c02a0ddaed798245e708142	Unassigned
dfc4b2d604a48fbef3d7145e93d39a1a	Unassigned
a4f4b7436805c3aa5d659f6dd8b83483	Unassigned
1f2591ef83d8eb93c4ed81338a7ea8a3	Unassigned
07af90129672fb1bb5258abeae1e3530	Unassigned
d4d6d82872d467ee32ea7605203b0248	Unassigned
8a411c9830c269532dd577e2d623b75b	d__Eukaryota
cb78b82803fa32ee665dffdffe686746	d__Eukaryota
9597930459b09e1f3cb100d7aba7647e	d__Eukaryota
8e4c17a05d7178464e56aa45078c8ecf	Unassigned
dc336fb7b43a384e2b706827aff0cf3f	d__Eukaryota
72506b0898c10b2ed429ac2d6b031036	Unassigned
ee2697836f15d2ed6b05370f7fa2e02a	Unassigned
05306af70d6fee10e512ad9547910d66	Unassigned
35cbd131b1b9c5d94c3e375725b0889d	Unassigned
8e7d8e43ff977d226177a8aacd88a891	Unassigned
96a0f0866d70dc41ac06d408656d8c53	Unassigned
c3541545b902549e65570645da2273c1	d__Eukaryota
f89d681e8c37daa4b2e0d2a4f177912c	d__Eukaryota
b1ee6ed9fb748ace634525b12db83bfb	Unassigned
04aa78f6a3bceb14d6f23e122555c9b1	Unassigned
c8e8670614357384d98c6667887aa3a7	Unassigned
3e1f3eb163da509724507339a75c595b	d__Eukaryota
efa67a35d4c16db99e25457d2878c3bd	Unassigned
fde03c333e325b977be06068c149a809	Unassigned
950a70271a382089e63e954504487bed	Unassigned
273fa5d788d4167dd39944196aa2ca64	d__Eukaryota
d7530db8fc67c8ddfca05a96c8a5f5b7	Unassigned
4f026b801bb93b575c66bbb05e192dde	d__Eukaryota
9cbd45808db9c18b85ba18f889bd7a7a	d__Eukaryota
597ec1203e4668a5abbad1c2946156fe	Unassigned
6d6055e0d4fdef0c28fc5cedb53a07cc	Unassigned
efbb52f0f6c54f35baed3cdc51dfdecb	Unassigned
859de51f05537ceb1bc31ca14783d671	Unassigned
4a7441128bf56e711629a7952b5f6230	Unassigned
4e55f7b8ba289476bd5d1c7bafb2bce1	Unassigned
a8119e70cef1c20b0d347e0fbd425b08	Unassigned
b165abed2d85bbcf76656774be768e6d	Unassigned
3312c313fcd5fbd7f7c9ae9dc8f8e695	Unassigned
13edcb4db653b07bedd5ffa22b3a0747	Unassigned
c462e0b36594f582c114524158737693	d__Eukaryota
705504abaed8702246aaf90572daf3fa	d__Eukaryota
bb877d87bc64d9bd2c836b1ae3c495ec	d__Eukaryota
709e15b37c349a408afaa2368ca45e24	d__Eukaryota
61e9426d7945abbc460623fc8fa8cbe7	d__Eukaryota
436198dadc9b44bd97169ff7e6c2507b	d__Eukaryota
2c613ef1b6437a7dfcdf8f8e8e6023e1	d__Eukaryota
8826630b3e432a743b4ae39a40dddb77	d__Eukaryota
0fdf427b7f493778ced9d51fa589456b	Unassigned
d7a2c85e0084e4f9504ba42c612b631e	d__Eukaryota
9a9c0e701aa2a8e9ae6243e4b7c2104d	Unassigned
b82ea2215b74a4d4817424c171b160d2	d__Eukaryota
d43f813e23ca4ca2eecb99057e86c72d	d__Eukaryota
0b0aa768e2ab1bf0be7b5d3db37572c4	d__Eukaryota
93b822fcb1e5f6c542e4ca186518f868	d__Eukaryota
086e77fc111540601fa978b36a87e500	d__Eukaryota
ce3d6c15be3d7b385d72c4c648d3624e	d__Eukaryota
1eb7b1aaf2076cf724c8a98ecdef4aea	d__Eukaryota
96feaa591e7259281461b60e02397dc7	d__Eukaryota
91036b271ac4193dc53413eccfcd794d	d__Eukaryota
7394349ae5117a84d9b4d3890d43e2cd	d__Eukaryota
b98fcf35d8bba5fc794d0716d59fe3f0	d__Eukaryota
3ef9609642fbbd0fbf84b51c7ca853c8	Unassigned
5765fcfe843b82e9e567291439ac1d27	d__Eukaryota
88b5b20899c7ff177409439cbdb73576	Unassigned
038bd14bc1c0749337503b9eba78d9d4	Unassigned
cb1f3a44aa4e22a683633a4acdb331c1	Unassigned
9934dbd94bcce9db1f91b3d9a2b3eabf	Unassigned
828217bd6f89bc55669fba5361d66fca	Unassigned
ccbf0520b68b8115739203ff85fa733e	Unassigned
7ecea8d17b6a4f57e7d689087a71c6b8	Unassigned
d03161bc03ba84dc420c915be854853c	Unassigned
9394b820a91d2bc540a280ce32985288	Unassigned
24d90e53adfe5f479c455f7b8c1b5ebf	Unassigned
04ea7420685f0d50a0bdbfa9ead75485	d__Eukaryota
fc98dea545492eccb3696ca600b592fa	Unassigned
92a74a9f4eb3c0200a50446be56aa292	d__Eukaryota
67bb7397306a2ec59256dd9b3e4d5be9	Unassigned
c5db68775f1b809a357717962c31edcb	Unassigned
4747c89731979959df2330f193771c5f	d__Eukaryota
0118aec6cf8f17e84110dca7e3cbbc30	Unassigned
fdb08c8e5cf798ddba222931f857a4b2	d__Eukaryota
16294933e9789638f90329b7028da7f6	d__Eukaryota
6c4f6219f77e4a0f20a87dccda4de4a0	d__Eukaryota
57115efecc4602eada07bf996c94d383	Unassigned
39b870da19cca58bb063f4c389888282	Unassigned
80707d0530b663ab75c57faac966d91d	d__Eukaryota
6a7888b004af776203232eb04bbd753b	d__Eukaryota
5e7c4e66208bd1d36613eaf053ed7975	Unassigned
11e7d6c8f8e70b6e08caf269b18a3237	Unassigned
e4525fe5a1035e7ea6714f16f718068d	Unassigned
7ea8af91aec46f209c6d383c3a6c15ac	Unassigned
b8b93b7d08d7f820da3286ff0dbfb1cd	Unassigned
050d557cfdb115649effca7032c4293f	d__Eukaryota
f88e904e45edeea5a5c54c3ceff599ad	Unassigned
356b1d30be97b627f273722e0471c5f5	Unassigned
ca605c2e427e0e7cb2d31e8fabc78d1f	Unassigned
78771e7d1543c242241c31951d5cf408	Unassigned
bb8d1881a9e1da23edd89a0e5f67ecfd	Unassigned
8a0205982b2b5ec6825a4163c2345222	Unassigned
b61097cec3c169ce594be091a4fb3029	Unassigned
737c72cb3a9bb821315efe2b48ff1b73	d__Eukaryota
55f53442abc571f6b05a7da4f6bd9f55	d__Eukaryota
626cb1398ec19e50e9755f0a9431200c	Unassigned
1f93341ed48ccabb520d25f21d85c718	Unassigned
af508b2ca34f85adce2f50f7aef66628	Unassigned
0c90c206827ca72bfba81d929f9e22aa	Unassigned
6ee648e1dad5b0ffe7e383dfad83ac60	Unassigned
276c3a4158ae9f328be13c7e6792ce72	Unassigned
dbd18e63e87322126ee3433346f5303a	Unassigned
d525e9085664a1ad37a28fbcef3ca57a	Unassigned
b441ac044b6c98cdb408906e000f64a1	Unassigned
75a9d4f77271d2082702bf9184034c48	Unassigned
f03e15da37f7da6d2a7eac9de7c0f13f	Unassigned
3bd3337c83bd9e7ea6f580cbaf60d98f	Unassigned
733e1f899cf2c9b619fc8261d2ce0306	Unassigned
a7f1fba1bfab7e7e237f8ed480e70c24	Unassigned
2a43b8f87ca934ab4a685ddc65ea9d44	Unassigned
4e5a18a2b39461fab75bb5899d42521d	Unassigned
a7d6f8bc18b9d9273beea93d6ba22c63	Unassigned
f8f14fde9672c7817211035621e2974d	Unassigned
01cf1dd117fa5902c357104391b3d711	Unassigned
17d3395dc60ab34a875b89d6b8cf8f11	d__Eukaryota
d072ffdb124a6a2f3e03fa2dba15b156	Unassigned
9377bf03de68fb8762a15b446000712e	Unassigned
12740622de5317b1fa2571f025fa2614	Unassigned
6eb837bae687f018f06a710775294870	Unassigned
ad1d1df7f292f3439e948c293e360dc3	d__Eukaryota
7307bf79f665b457924a422e8bb169bf	Unassigned
ad17fd2644749b36e0f022b328939d14	Unassigned
b96559788e32720285cc96660589c41c	Unassigned
da3ee0ed5661201bc074b0f12cd93c1c	Unassigned
89133ffe480ebd6a44657603100588c2	Unassigned
3f0954b3f5cf48fd7750963d46b3ccd7	Unassigned
c9af978f073160ce5d9b5efe0e5ddf5f	Unassigned
231ef2a00034c50861d0f59b2c00b4c3	Unassigned
1d2e2f9e3444c64cd5c9d747932f4180	Unassigned
51cd79a34b2ff788baeba85c820e248b	Unassigned
bf9d3516422662684172ed12abefd8cb	Unassigned
ee3f99742648e18f77a3451427c57977	Unassigned
1d0ccfe38c74fc9f018076d9b7e553ad	Unassigned
d87e2e502e44bf29610064136be3ee2c	Unassigned
65078c3ea9ee7cc23122a71174caa552	Unassigned
a25e5666d210e56e5ac4cae2db05e6c0	d__Eukaryota
a6b9b570533dc4b8af7fcebc7e0043f6	Unassigned
95a750ee7c4c48132d22f2fd18215f01	Unassigned
f8503b1ca916cca75c8833788bb029d7	Unassigned
15f02ef7504433caf93f20c942224ab2	Unassigned
925677df0d5f3a667df8a3290fe12484	Unassigned
40cce5883c585e2b25efc07a8df16b75	Unassigned
9be0c3aabce28c288e2486859c44e551	Unassigned
76c46f05b6996ad27e48d7e330c0f2ff	Unassigned
533deb9c53f8610568fbbc2691698c60	Unassigned
03747dd40f25d2617f41243ba7de666f	Unassigned
97d699053e1d1445024d3a31a16579e0	Unassigned
c5406e53f5bb1844e4b8cc8660cdf044	Unassigned
24c65529355838289da8100be6850d57	d__Eukaryota
658b041a2982acdb616369baae81b1c0	d__Eukaryota
ebc1d1a21fbe216ac04625ebce8d2377	Unassigned
a0a332c567e69667a7165205e9c4c662	d__Eukaryota
7176d11fefdfba4e369f2f5fc33ca5c8	Unassigned
adcb5a8d6300ce8b726eb252355f7756	Unassigned
933add0a6e967a601ac78b525253164d	Unassigned
72c8971c90a22cd8b5c6e7b0a5a9bc00	Unassigned
1fc95d9dd516a76a672c4431be584c21	Unassigned
e36b0c371e19e8a28ac9bc12aec6c644	Unassigned
39f95df78742494dc902aedd8bc5ea02	Unassigned
82d67943446967c35f0b3d859ba63901	Unassigned
e0185d50a331526b024ea48792670c95	Unassigned
af90b7c4692313e7eba3a20cc4c2fa0b	Unassigned
0c2bff641d91849338456c30e8eadf88	Unassigned
81721746d871134878767bada7ffd841	Unassigned
1e31b166cd04343328f35896a07dae69	d__Eukaryota
eedb1caa0886ea2f6c8954b7d17ba4b1	Unassigned
f4f73687b7490d5a79747b4319b925d2	d__Eukaryota
f45d2fcde1ae79c79d890ad9bf0865f3	d__Eukaryota
09ecfb3bf204e5b98512bca0c41c59b6	Unassigned
4c475ad74ac9983f8d9431dfb3f13655	Unassigned
97488e90d54ca3b69ff46367edba84cd	Unassigned
be42ac1e52e8a3f068f425148eaafb8d	d__Eukaryota
0f72fb528e83bafad9068ba50b2fd721	Unassigned
30fb4d3efc1f156f1ce3d4e0c278b5da	Unassigned
580b08b3714e09739118cf6ad6d27396	Unassigned
c157c3d4d25269413befb1ac2dae3389	Unassigned
265e1639cf01af2b4d96140055928c21	Unassigned
e71b5c549fe869995c35e4a60c060cfb	Unassigned
3b88fffd006198a737f87cdd6baecd01	Unassigned
07f13b70b0ae2cb018038ffa20500185	Unassigned
434b0cfee813a972f6f74606981d1621	Unassigned
c493b749e86417d01cf8203b8c1812e9	Unassigned
a98181947bf3a38b82c0d4e9cd7de139	Unassigned
2192d10d32ff2eb495e9c11433ceaf4a	Unassigned
201440a54c7266320cc6e4142f90f7be	Unassigned
73e59e5960731d445b8b6ea85d756ec0	Unassigned
6ecf91aec364465bb912ebde770f0fcf	Unassigned
3c6a8e23d3fe66e4f729bbba9d68c836	d__Eukaryota
7b5c9d078087819085e4804fe0319e5b	Unassigned
64d7e2e9992ba993cce016c82a0088b1	Unassigned
620d64323d8bb758de80c876b30941ac	Unassigned
01a79f92ffd010d74a720403ef8513e8	Unassigned
05e6e1c7595eba2a7a3e49e87dd3bd37	Unassigned
fc52e069d1146e32acbcdd2cb2f8b151	Unassigned
213639941db23d2893e9d7e2e376e168	Unassigned
dee56fdd7337431a572bff7865da271a	Unassigned
16c38af2bd139ebf7efda3f4b4408970	Unassigned
3a79c7b74dad0d26515d0ca33de6243f	d__Eukaryota
470a4cff65798c972966203affafd804	Unassigned
a7326788b90defee1d3823039bbc5315	Unassigned
0f519f35cb9ef2389814af53bde7df8d	Unassigned
588ad9062b5778e8f72021c08f52369d	Unassigned
71296c359538deaf0da1a778b8054695	Unassigned
315daae0a3ce48cc7b65d54bdec3041d	Unassigned
79c374fe3f39948f4a26f00e363861a7	d__Eukaryota
8687496b4983e20a8cdc923680e7ff3f	Unassigned
f5743d124de0d19173a959d85935e38b	Unassigned
5caa885d48ddd58070933f4060126a9a	Unassigned
c4e6a8d68e724dd14e9c8b135312c39d	d__Eukaryota
eb38de804fd06cafa703ae01f46370f8	Unassigned
07f30e479b62a9a07c5969601efe18ae	d__Eukaryota
6b11d0c317209e9724ec531b95b60bbc	d__Eukaryota
770ee16127596cccc7291cabd0880d67	Unassigned
ddd310ca77fd2905f60de793f6050933	Unassigned
a8ac5182ef303e6b90d79fc634ccdc55	Unassigned
e5a3ef13111d70b02a1281eb861c435b	d__Eukaryota
a8820b7962a146650edecbe221a58e0e	d__Eukaryota
1b64e86a365b6c50bc55097c0da8341b	Unassigned
5966e190cd273dcdaf56bf1f3aadec56	d__Eukaryota
953a16f399ab8f733bc25e259f89389e	Unassigned
c5ea7a8f4e93deb478a8daa00f74a76b	d__Eukaryota
e064cdb9bc696d89ca6152f107eb1187	Unassigned
df3f956dca4aa84b4aa1cfe887d409f4	Unassigned
5999e2c253117386dfec56a4cd106f00	d__Eukaryota
d183bed30adcf96040ae96c56133da67	d__Eukaryota
8e151d6218c38127154e1ffc7990cdc7	d__Eukaryota
397fd63938db482dcc41961facd7fe14	d__Eukaryota
13f6f119607fc42051deb614c6a02f20	d__Eukaryota
0a51fd90a95ef211520edf249f708dd2	d__Eukaryota
7eaa1aa5d370cba68d95e1b71b83ccf5	d__Eukaryota
fe022449304f5ab29e837c1794c5ab75	Unassigned
d9762cad57c022d7a08a489cc3f1b489	Unassigned
67f3c74878cf2ddbd9764f2e4cc4ace6	Unassigned
e7718de962a20bfe35d60690a8c96761	Unassigned
726ab0756065910619f2c55fb9b289e0	Unassigned
a803c0b8851ea3a70d7e31bba2e4786b	Unassigned
35547b025826f40bf538d14b505b642d	Unassigned
02d38821f80d5a6e9ada23d123c10496	Unassigned
c9855ae7a1cb2c7366a2dca1b5089997	Unassigned
114957f0d3fbbef9d12cd05ce98a3701	Unassigned
49629f489ef9fc3cf552c0ade06b0814	Unassigned
659188161f8335870b2d1a2e3529d023	Unassigned
c6ea92602d0c0fec01bbfa0f0bcf19bd	Unassigned
9b742ab40b087a7e2d326c3f012d893f	d__Eukaryota
5226bfb52072e3ba7a6fbd79ad69f998	d__Eukaryota
dab9db8d5b80816045c80a995d254a3e	d__Eukaryota
5ab3a5d90ccfc72b45bb720f94d1e520	d__Eukaryota
75334987ec8dff7ada9d22401aa2c3c8	d__Eukaryota
defc39074039af797bcc72a56359a2cd	d__Eukaryota
58f3b5c8ffc2cd291d591593ab846f55	d__Eukaryota
ff20277af85cd7a854a5e8dab28fa457	d__Eukaryota
f09699c6be2642c105ef96fd47c89496	d__Eukaryota
4dafbec7bc7aa8e8e2abcd556e6ce006	d__Eukaryota
b8dd36588d041f56e192ad86f86b8ce0	d__Eukaryota
fcfbf32020d09569a8a49a82bed42632	d__Eukaryota
afcaa14da408f3c5c03145c29f64e8a9	d__Eukaryota
2b96e0a7f2633810e4b4334236381e2e	d__Eukaryota
a7458ad6e0c3b1490bc5d4a6c9b0fc2f	d__Eukaryota
5e46cebcefa1e6a65fe5155d8bd51362	d__Eukaryota
af203c415e8d420359da77516713a3bb	d__Eukaryota
f8ea0e64c9c87ae9437e340ceca65257	d__Eukaryota
b49b5e6e10ba4ab860f217d61f70a8ee	d__Eukaryota
60994cdef709cbcfe28ad4c17f4c23b5	d__Eukaryota
60b9bdf856d6194c9a460fcd9194e552	d__Eukaryota
b901b104855b56d5a1f279d773ec58b9	d__Eukaryota
411ceaff842466555d3777b5a018a0c4	d__Eukaryota
d382bf9fd682dec81072bdae85563b4d	d__Eukaryota
90597935534a6c6b81b56d42b85c2c03	d__Eukaryota
3ca540c4a02d747f39b9350d183fdd81	d__Eukaryota
1d3c6c638fdbd901ad9ba9a3a47ae87d	d__Eukaryota
9625c806e06d5dccfe52c86484e7443b	d__Eukaryota
b2db54ee2d2ed2f0dc6251c8509a2f6d	d__Eukaryota
722bc8331393ee742d31bd3f60b4a63b	d__Eukaryota
9b8d5625854f16f44b1a42ecea2c82ba	d__Eukaryota
88b8dcb08c855a0ee9ed86f45f757d95	d__Eukaryota
201f084c84da0cce735968316a629925	d__Eukaryota
e3feb5bdb0eb929bea4bf2ca71ccbe38	d__Eukaryota
7b483140dc0ba258412e627371bd7ba1	d__Eukaryota
27952f5ac7832780accd10c9a21134b0	d__Eukaryota
a0feae31b40fda73a3b4c3d77e0bca0d	d__Eukaryota
b054ce034f49fc399c37ca15fdbdf497	d__Eukaryota
d64f98038e88698985808b9b8d0bce1e	d__Eukaryota
4c19277eec79564809aaa1c1f5433e06	d__Eukaryota
7b74651d644567b3c48e561f2efa1147	d__Eukaryota
c865330309406c695a64797692bf38ac	d__Eukaryota
1951425d72215d5228e5594503a761d5	d__Eukaryota
78350886280ae69cd3f98c3970c03a1c	d__Eukaryota
fe0b873a748db77bab5aa4c8725e47e5	d__Eukaryota
11acf0ea8e3b22d98925b59494e79fae	d__Eukaryota
5b7f08bacd75e74ec7d96811fd1dbf93	d__Eukaryota
0a1f32e8085d2c19af322164403b08e4	d__Eukaryota
5f8daf48267c4156b0ab6be1b2179206	d__Eukaryota
b67b32ba2892c7b51a9b6b69e5938c1a	d__Eukaryota
313c0d0f23fb55da05de57efed338493	Unassigned
a8c8f5d002cc0621a6bb400984f0c66a	d__Eukaryota
7237461f8b6c57896d4a6aee8e177d7d	d__Eukaryota
32ba71cc05b19fd55fe56653dc3ca072	d__Eukaryota
53152458c6e98d8de585f853d313bc50	d__Eukaryota
7fbcef7c77ac094fc88bbbbcb67a0cc3	d__Eukaryota
ac437c48498bc02da80a5e7feb37cce4	d__Eukaryota
20bd071f853cff32c8e13805d1299173	Unassigned
f679e0c13dcae5a1a6c0c41c076a4482	Unassigned
d90a63d08bdf349f0cd9751760dd8982	Unassigned
9c31eff47c985caa5c89f5ee440c8406	d__Eukaryota
642a23dd501284e85afdbdbb2fec6928	d__Eukaryota
260ae9acb91bb34a7800391aea6c3aa5	d__Eukaryota
0cd2db8b34f21dffdab4380275148639	d__Eukaryota
28b762eee97830ec260fb69b1a7915d6	d__Eukaryota
38a7fc8beefde2a95c7ab63d88434fc1	d__Eukaryota
ba36b8e5ab916d4c622e63b81011482d	d__Eukaryota
3283e1279af59a4971756040526969d8	d__Eukaryota
3928ae3dd69fd31d448fd3938c015752	d__Eukaryota
3518dc3e2b04b4051b162b1fa550a645	d__Eukaryota
e9e20dd073206ee13c59654e12bfc2bf	d__Eukaryota
8de2600ddfbb813c0274f361443a8568	d__Eukaryota
04aaf0af57ced1708d1b228fc9270c29	Unassigned
afefd3e670a4f4d24b0d3b241e84bdb4	Unassigned
b85b1c969b63e82a40e1cd29d58eadb5	Unassigned
40a5004dbc8323d66f2a6301ce0c24f7	d__Eukaryota
d0580c32ed1ac8f6d444fb549536a81f	d__Eukaryota
0ac72d04cd073e30e789849e7cef6ed1	Unassigned
a978efc9ca91d516839910345935181a	Unassigned
f3697ccc085eed94cb96ac905ca2f47c	d__Eukaryota
d19c1393d0b5c6a7c9b4369c1b6e517a	Unassigned
79164348915026faf61a179aec60bb0e	d__Eukaryota
5da930dce7e3a5cf440ffcd7beaf9b29	d__Eukaryota
541b0524af83b36ba71e625a830b345c	d__Eukaryota
ed5d7fa3ae3d2a120074916f64c08891	d__Eukaryota
7409a088f550c1522eda724f526147d7	d__Eukaryota
f0ee079b5af8b80cb8b17233baaa6f77	d__Eukaryota
1503e5f635dc7961438026f6c16e76f9	d__Eukaryota
b0e3e6a9a0f585399d96a61e2bc165d8	Unassigned
2b8a4480ec7ec96c0c50a42c9c5b38b1	Unassigned
be3bffd53fecfcadf45f267d994e3e0f	d__Eukaryota
7562dab578b002d1196c88d34317fb8c	Unassigned
3e7c025a55d60e36c4826a26351758ae	Unassigned
4d40f8b3f3c4be1f2654082bbc5f2641	d__Eukaryota
94fe9de3a094defdc4893cf5d003dc31	d__Eukaryota
798de2b2e8966af442e753eeebb1cece	d__Eukaryota
4f815fb2b751741eeca7c60ed457bdd6	d__Eukaryota
bfb30d5c346034caecc01a5090a00357	d__Eukaryota
87f3b9bbfc9a4c1f62d4105f0bb04948	d__Eukaryota
aba28820bab88a83387ee71f26ef525d	d__Eukaryota
24c78699ca43c436eea87979d0919859	Unassigned
60ca4e32614d56e953ce3017e7f1dba1	Unassigned
b6d88516616cda3e60d6acb5b4c4a6d8	Unassigned
ac52c10accf0a45c0d9c88bc2887a728	Unassigned
7982977578ac14ce91010a2784e9f39d	Unassigned
eaf2208aec86030f286fcbbb20017169	Unassigned
c536f245d1bcd8cab4dac79c2c2105b6	Unassigned
2f1377b7873f58fbff196d8d2786de9c	Unassigned
40ab0b87057b85799118dac59ef8bc64	Unassigned
4a7b78670dc29f39d1aecca889adca3d	Unassigned
6209917a3c43f0950ee39a32dda39433	Unassigned
d6a0615e0c2161099ca952b00e0b9512	d__Eukaryota
594943c6b641df7da93648b4ecc685bf	d__Eukaryota
d879fbaa7ad8fad273a291abdc60ae62	Unassigned
7c00f7fb4fe48fd1e6a61baf77c997e6	Unassigned
2405dbf03b08bee57c994e09a09e3246	Unassigned
619d35d188ed80d0bf550eee8b19e93b	Unassigned
201e8250f9184ece075f78781a8cdb6f	Unassigned
70143f3a71f5be76a60053b1a6e7ceec	Unassigned
ddc2a4f979f76ff5a01d0eabafab6290	d__Eukaryota
b4be6855e40882e7b10c6d3cd5d6e347	d__Eukaryota
8e02ac8ed4acdf709319878b997df6fa	Unassigned
255acfc2f9ee1800df7ff05267ad98cf	Unassigned
04f4efd1d33343bf78766a19064af6f2	Unassigned
6cb2de10b570f1b690ca49af68f94b7d	Unassigned
178a0a433d07612f08ed31c4e5d335b1	Unassigned
5be281092ccb197ca0e7256641891b49	Unassigned
6e909c289a76f4c9a333eca300a55637	Unassigned
8e600e91bcee3b274d5e0c792b9b9cda	Unassigned
cae15d685f1f2c6170aa14178c86a40e	Unassigned
82c1749c51193d5eb1fc1f132c03747d	Unassigned
7979096174bdb501fd9ce92a25c8d0b7	Unassigned
473ad5e6007a58ffb68f93a1ac0c59e9	Unassigned
6c007d6625274ddbdf593b5aebd5b940	Unassigned
7d2496f37b548fb0ae45db3d13e01f1f	Unassigned
f1ed42268eef5d298e94cf53aaa50aa9	Unassigned
6dc3a7c10a33433f39eaa3904a2de22d	Unassigned
dd8a55c193c7375a47eecd27769145f4	Unassigned
39828fab2622ee1a08c34e3fe3088636	Unassigned
e124889301348bb691e675d7256c667f	Unassigned
fc995240f86f6dc1ba9f62778172f9dc	Unassigned
fc688707c08f922468f06052d133244e	Unassigned
df020d06987acc09ecabaa5e9ce2bb19	Unassigned
6323a08aed51b37c21ca1c9f0b4aadb1	Unassigned
24241660da677d9a90a398f0d47e1932	Unassigned
d30c40305740a55fe1f27af2ab0d01c2	Unassigned
098b06a3ad202061dc2bd8194c90103b	Unassigned
670da5406902a34d5b51dd6198184ec6	Unassigned
18afb9e7886ca5d1f9bfb83aa0c598f3	Unassigned
3c2b0851cdf3bfdda86e61693c6318c1	Unassigned
0862b04c115aacb2bcf566afc80da311	Unassigned
73a014884bab25e7877835b53de11eec	Unassigned
2e441a84ac9dec99233963e442b21a2e	Unassigned
a839bfa380568a4198df62b5e014f48a	Unassigned
edb39e75aec8dc1bc2e29721c9bd8ca8	Unassigned
7e5280d389d5bbd3bdb0a9bd8a37e87f	Unassigned
4462510ab3151a64abd858903cc6baa1	Unassigned
bb86acb3af88645486e043ae656715ea	Unassigned
135b743617a3a42d24c6eb2fad4a97ee	Unassigned
7f5ff4785e571fd02ccea7c48566cb54	Unassigned
dd52eeb70766cf721fc328781a4c5492	Unassigned
4c52e0b5cb84f83e85ebf17809ff523b	Unassigned
7c64763895b054081159784e3e7ffae7	Unassigned
d0cdb03046b8023f9e9f92f8bf4d19ca	Unassigned
3ef3ba9bf11708473637a1e4c158c54c	Unassigned
e418ff090b4f450d1fc2fe765c720e4a	Unassigned
0a82e843779c1c97b26dce8f607bf647	Unassigned
895ca5024e0fc39da582e4861d407f83	Unassigned
7e6518411c26bf3b91a916bd39f90215	Unassigned
342b7afc6af3660f1b831b91b9a6fef9	d__Eukaryota
a7dcc6724b0c7e062772a676b8a4dc52	d__Eukaryota
fc95485a96bd5e1caadb104186c4d576	d__Eukaryota
b3600afd3c0c6021820f0f0ef9d9c3cf	d__Eukaryota
7afb70e6b7182d6fd4c73b53259d96db	d__Eukaryota
1ed27730b2760dbe59545c0fb970b89b	d__Eukaryota
15ebbc14393ec7e5cd75c5df817f9614	d__Eukaryota
c8ac1585a1af7a16e4d4d506af989c59	d__Eukaryota
25748e60d8daa866fecd0db11c5cf891	d__Eukaryota
966a54988e6e78003c753aee118c36af	d__Eukaryota
9503b7e782094e08c110089575680c57	d__Eukaryota
bf13188ec7ee99c4c1747aa8f4428182	d__Eukaryota
5d163a335ad048f3148662c4084143d1	d__Eukaryota
09df0dd6261fbbbf18948945eeaf0004	d__Eukaryota
ccad02a98dc20d95ede93606668e3ca1	d__Eukaryota
e10c4c72040b65576a0832fe87902518	d__Eukaryota
54eb1e58a18bc0be6fe241fede912207	Unassigned
45812a611eaefad2381b89434de82eb5	d__Eukaryota
58cacb19074667a2519a1629ab1b3449	d__Eukaryota
b7cb902eba9b9abfb93a03120d81eb52	d__Eukaryota
14d6798b7872a08d1e1cacad9e7b5bd2	d__Eukaryota
13034b521637ecd233f7debb861c4f13	d__Eukaryota
7d477ff9f3cd02c9ff184c1a17a6f48e	d__Eukaryota
5b7d4d48c3ab7fc2b8dd44988b6149e7	d__Eukaryota
1d276ea0ca8a7fd4dff64afb29f5dd3a	d__Eukaryota
ab0672ea58589da66507d0c54f37aa82	d__Eukaryota
7a5580514e82543d2b79f70be50e8d3f	d__Eukaryota
8b6fd67faf5a9065191cc3dfd892c700	d__Eukaryota
52f56cfcc2a128503581965654ebc1e2	d__Eukaryota
0a7ce9d1b8de95efa6ffbc8b9c0b2f01	d__Eukaryota
0a6bd586e5695394cd0326d2581ebcb9	d__Eukaryota
1487c631f89a383029e3c8a3a73e5c7c	d__Eukaryota
594a6be4ca59834045ba0d509b9db644	d__Eukaryota
a986a7fb833c4d7dd426b1b70033c9bb	d__Eukaryota
fa2584d98c52b07c2f735e5e80ce47a4	d__Eukaryota
8f183c0ad1461c460cc25c7a9318434a	d__Eukaryota
905069d66d76323fed80b24a6914b5c3	d__Eukaryota
5665589f6233ad089f1531912a7606bf	d__Eukaryota
c53fe3df69d0068630a1a62065df763b	Unassigned
3c70f4b285e7ed898b0836dfee11e446	Unassigned
907d6fabd24917428c56b5049cf9e789	Unassigned
eb080fec753e176e3dd5fc92b85bf83d	Unassigned
98c12d617366671079e05d3173b12ec1	Unassigned
fcbef69218c7e9f30f1061b82da7a739	Unassigned
18e2ce61a5e917a3fd960ff53109e022	Unassigned
cda95737ae4f00d428ae5c17413790b1	Unassigned
a0ff61c2c82ec348ef4a7776471cfb04	Unassigned
5a64385c7925a2137090b57dfcc20f7d	Unassigned
47db77d66e27087615be73c4706263b0	Unassigned
e036c6d734c2d2b57fe7f35f58886126	Unassigned
46b4ee6ab77f05e73973f7c7d450f0a1	Unassigned
459a9f613ec08b504fac75a5e7e7cde9	Unassigned
1fa30f98e0ece3ad51d29ec615d2969a	d__Eukaryota
30f9fa0c761fc27517601b14c1e16b63	d__Eukaryota
8b3014450c806a93debbe4dd26cdaddd	d__Eukaryota
e673d0fd832d06dad29f8963346bea07	d__Eukaryota
772cc0f0ab6a0c3a9cfe510b330422bf	d__Eukaryota
6d504585d0cff8748138b64795569885	d__Eukaryota
5e3278e4b420194f7561a7fe60a46b41	d__Eukaryota
4d9be7017a5058aa68a835c39e1cac81	d__Eukaryota
3866a032096cef89e606ce968b6e6d86	Unassigned
8f7ce4e0fb1784781d90a6e5ca30cb22	d__Eukaryota
0f1526cbddc4da8d0370724071b38524	d__Eukaryota
6fd8e29b6ea75c2b7dcd4c10cb7af473	d__Eukaryota
b1ea6bfc1460724941112446bdae2936	Unassigned
5db9fd7266b7ae90d7fda34910f4ce52	Unassigned
00452935c67ac4363d79164e220a0fcf	Unassigned
ecb73c952dfb988181c8d9787645c627	d__Eukaryota
948a7b3b4dbc9582746044d453ae9e6d	d__Eukaryota
f3568740deddc22a94584b695df75349	d__Eukaryota
321c8176ba73fe99cab755619611c99f	Unassigned
3d25e1b691c0556cf8872a36daebc77e	Unassigned
829bc4b5424a91bc951151ad2cf2ce02	Unassigned
830dee8dc99fb216d07455618e2fba13	Unassigned
fe0f7f82a13a99a566a6978c40c51ccc	d__Eukaryota
714d203fa532c60de148ec7c7a886279	d__Eukaryota
82afbd98fbdeca3aea5db88ca684d6f9	Unassigned
7359724b6ba2ca675b125a805f5abb12	Unassigned
c42b93077e8013aa4afe8e02d87eba47	Unassigned
956ae1d59995f8d84006a393fd51d3a1	Unassigned
9eeadc0c9328785c243c5e2f0536aea3	Unassigned
526e83717b5f473f77f1f47933889a38	Unassigned
264d743b5798ff7c408073f019f6d88a	Unassigned
139a8d4981f72b030bb6eb07bac3f49e	Unassigned
4f4cde7e12e711bb69287dcf977080b0	Unassigned
961ad112bd657ed1dff48daa104067dd	Unassigned
329c820a92c55e6bea974f640a9d0377	Unassigned
5cbf4cc15ec69188a9cf9ff9a92ce217	Unassigned
9437377ad307fb84fe23bb02eb716f82	Unassigned
99d6794428b829450f4d06155061b0c7	d__Eukaryota
a6bd1de53bea9d583eab658eb62be88a	Unassigned
7f79d32359cfa65489c5020bd95edfe0	Unassigned
c525fa58e813e65c7e2b9a12f20e5def	Unassigned
0ac7f45b026c902efd8197f14bdb3c2c	Unassigned
13c1ceb3f66314ac10a57de3cccab578	Unassigned
113739f04c7d97251f1c445adeb47b73	d__Eukaryota
a1e9ac1f07980d0b3bcca38f45a5de59	d__Eukaryota
6308318f8d35854e76a5f5f7c7d907c0	d__Eukaryota
dde084d9b43063437d3b4cd9729e7bd7	d__Eukaryota
dfc940ba78cc825f3d19f8175a6bb0c0	Unassigned
ae91ff9a4edba67624d27391b70d2f65	Unassigned
03053ed1f46b7b89be48bc1c5e3ee7e5	Unassigned
b648279d974fac119a37f288d92ed368	Unassigned
2c7d8f8eeca2a02e620dbd7e2ba00797	Unassigned
97a577a0c70127366eefe58b7edccb78	Unassigned
0c32aa03050dfc3a5c8872faf8d6b96d	Unassigned
13a38435da11a501829b4f645ecc4dd0	Unassigned
c29002a0e92f2d26d2a3de2e9d259a22	Unassigned
621032fb810aecd2c7eb500e2619efb8	Unassigned
0ed7e8116bd8f39641638ce47f54e947	Unassigned
2c808c7943f6d6d67dc3c77c9951f8fc	Unassigned
0966706c01313226b802a7ebe229c8eb	Unassigned
eac288e879bae881a85c82d4fda7bc1c	Unassigned
11a9acd3bfd3e23903340cbaad4d62c0	Unassigned
d9526923da72140d11faffce38728083	Unassigned
b3ccbce8fa2d3bf8feba67455a7ba7d7	Unassigned
19d413dbbf51819dcc457741773f9d99	Unassigned
501b097481f7996f626ce05e682b534f	Unassigned
56c501e7fdbfdfd9e73dcddcfade15ab	Unassigned
70b71e07bf12c63feca1c6fe38cff49b	Unassigned
4cf1107d05aadad299da239ea1790cab	Unassigned
1d2e5da19242d900b4515298f7436105	Unassigned
a217a81dce4dca38f900076264dcd09e	Unassigned
eff6a5787c9dd9f4c02e7172563fe423	Unassigned
25f10205fb3b7ef5f08c628e6e9ad52a	Unassigned
3077a5a3e1968dc09d257b6f03dc2b0a	d__Eukaryota
793ee093df84e9b10765b10a2974a5a2	Unassigned
bb17d6d4363065d1ce2ced3f46739293	Unassigned
b4b1bfc8d26a2deab7f9195acd2a0594	Unassigned
26555e6b8e18760137be4eaa9b451c0d	Unassigned
2f78910da720936708b5070812d7e320	Unassigned
23ed01e8bcaaeb3dbf9dd91525f1b66c	Unassigned
a5286ea200bec6e75e4dcaa5facbee82	d__Eukaryota
d554e570049a446715af1a11b88c7c13	d__Eukaryota
ba02a57f552daf4b7115677a0d534d28	d__Eukaryota
74df9ad3b0bf995fa1018e4ae5e6ca4f	d__Eukaryota
8ee15c775027d9ea98a4de4c63c91848	Unassigned
05fc0d126e19601ec8c8d1d8c44fd7af	Unassigned
1db56307d85d787202a085ddf18b3844	Unassigned
4a2570180eff9a48a1c6bca5df6e34ac	Unassigned
ed09d40225f98629f40285e8777d77ca	d__Eukaryota
1e0cadf2db2e7ccbe02f75861118936f	Unassigned
cb55ec3b2df430e89d735eec0d869b54	d__Eukaryota
ef9dc8390258934b3cf4baf082b9d3ad	Unassigned
e6aaf355268e6fddb298a3a6211cf6c2	Unassigned
222efec27f515fd0a36079a5ac5e942e	Unassigned
427c583c22f06e4fd989d98bbf1b7bc1	Unassigned
a6d9e53ba340f2df923182db1f9f8c82	Unassigned
10602fbeb4b6f273889b1a5587b4bc41	d__Eukaryota
1ee4f06ee29e98880f9e3e301f4c8ee8	d__Eukaryota
1a770a76207d39ab76a9ca6056ff6a1e	d__Eukaryota
c430b20d221eec072e0978dac4759084	Unassigned
89b37c1e9ddb7c666c2aedbc483c4b68	Unassigned
42b4964192f869127b134045cc804d7b	Unassigned
af83f328ea4aad0f2f562f59a1ddcd61	Unassigned
63c98b99c181d44fcae7d2ffd74e4e61	Unassigned
4769e47b43293186eef361aacb7fae0f	d__Eukaryota
4bae538f5fc81ae5a4caa162ad9241af	Unassigned
33a3af8adb934a4d407562922aa26ab1	Unassigned
f57a0ad0b8cb3d25db5159ec9e50490f	Unassigned
bfdd55962599331ec8e8fba87ff1c29d	Unassigned
82fba5cfea2532acb9b0fd58990929a1	Unassigned
020abd88d9fbd0395342917ec10d34c7	Unassigned
462769b8be093daf19f290fa56373403	Unassigned
f0021399896235f7d43d3298cdaf0366	Unassigned
82592dcca98c65472943ea60e6085a5c	Unassigned
2852d06c2db78aa4aab7e27227aaed43	d__Eukaryota
1f4402994e6aad0c996425b55b82e2a1	d__Eukaryota
8c6100237caf26376a5f671738036b5c	Unassigned
7bcad7b3cadb66da070d8ce176520bfb	Unassigned
9987ea9935cc9705d1606f6150ef17a0	d__Eukaryota
50e79db4ca9e9bb777554733d653f71e	Unassigned
970d188fc733728bfe39f262b5a47afe	Unassigned
d2c4ef0cde2de2e426b3700f8ddc259f	Unassigned
8847a033650f7a84471a329712b74d4d	d__Eukaryota
6a60cca71d99d65126122358f042b252	d__Eukaryota
65076914359c88672c568315dc578f2b	d__Eukaryota
c4a23aa29913b429b0740bbae83bc29c	d__Eukaryota
69a00c476184eb158df01d731654dcd2	d__Eukaryota
05a91c4c5f22e440bec7e03d19642578	d__Eukaryota
7f6ace3bad53715da7d9c0da076e5401	d__Eukaryota
e8f6dd536c6a2f78909b1b4003ab164a	d__Eukaryota
c2b4714a8195badad6c5a45949840783	Unassigned
c34ea4f5055d0efd6b094f9aba5089a4	d__Eukaryota
679c1d9403674f5dd2a70cd35b388ec4	d__Eukaryota
ba132384092ff2fe5578a2a74e4be141	d__Eukaryota
5bc78ea1259ba61eafb9bbd2337246b6	d__Eukaryota
653c19dba2dfc23cae32dd8829242206	Unassigned
72a0f9127a6c412c43a96e44ad1bc6ce	d__Eukaryota
d19ee779a92578ad4aacc57a8486046b	d__Eukaryota
eb1fcc7c51b53e2350546d72223ffe6a	d__Eukaryota
77c6de282a71f2981995db140f587113	d__Eukaryota
d28da80ac57e8bf229fcfc77acb7d9fe	d__Eukaryota
b63afc19751d722a674842690c8886ef	Unassigned
b5f943bb4dc824cd56a11863fb67d6f2	Unassigned
d2a5878359db7729b7f15e5883291910	Unassigned
dd15067a7fbf46a7dc2af399d3ccca6a	d__Eukaryota
07ce6d5f00818d13be3c2fe977666d8d	d__Eukaryota
4c8820a192c73dea5a5d503650181273	d__Eukaryota
de6f04e57e789ac4e423e28099a228e2	Unassigned
a20af29ebba89011c8b1636d0dd98843	d__Eukaryota
cf02cd71b68caf98bb8c51a9f8820aa5	d__Eukaryota
6404af8b17b4f178158001f3b39bafbf	d__Eukaryota
f00614cd3672527b894c86c6ccd68043	Unassigned
a8c43592760b17f3e97b12ff01e03bc6	d__Eukaryota
598c410a05b98712da72333b73602451	Unassigned
caf811370d1cdca340b96daacab06922	Unassigned
130ab93d9b52e64eb3155bd1a00a294b	d__Eukaryota
1e76e75aa318ce5eafc21cbbf263d21d	Unassigned
4791c4a842d3c942d60e9ac3cb9b0f65	d__Eukaryota
f5b49a56eca5f72faf261ad47ba2c4d1	Unassigned
10867d2477f82c053938632c915bcaf7	d__Eukaryota
f67014acfa50eec870d023cb176c9335	Unassigned
ebd8ca3ab1da16739504c5f39969ff9b	d__Eukaryota
6f98d22e7b4cbb9522d24d8df3cb2ad1	d__Eukaryota
eb9ed0189ebff90d84477dc6ca96f0e5	d__Eukaryota
2b9f77ad88210437bb4300f3285a9061	d__Eukaryota
028437806e4ee97be83d2b4cd72a650a	d__Eukaryota
85f17c75460418cfd7e63e2ac709496d	Unassigned
2d3da3edbaa5324e43375b5cb8a057f0	Unassigned
303f77efe4c2bbedcb68fa1a2c399bcd	Unassigned
f1cc5485cfabfac7c9c39afa93ff0925	Unassigned
4a64db50be5d6bf6d7e7316227c5f942	Unassigned
5faf02b4456f0555b640c2b022f82f29	d__Eukaryota
0b29c23ad72c10d95be7b2936b6adb67	d__Eukaryota
0fc00cca58ed0c6a72ab471ad4602fd8	d__Eukaryota
5efa2fccb3dbb7adf1e2d394f782714d	Unassigned
a9ee8331256df9407a19837aaa90a53c	d__Eukaryota
53ff79b4c424e20c3cce8edd22f637e7	Unassigned
d1a5598d817fdf71639c21670dcec944	Unassigned
b1bcec1a10c64cd33dd39b569002a883	Unassigned
c38e5ebae7d95fbd1846d5624fff8b88	Unassigned
2267c959416f005563bc6bef779d2d87	Unassigned
542f5c7182b7374ce5d452af8abc05ac	Unassigned
a4b09ea92094128d6ac620d3c440d621	Unassigned
9d33199f63e988ffbccaddc3298ef972	Unassigned
ecc57633d1aa2900d1bf4de13dd9ed77	Unassigned
b2cb87358489afef1a7e81ce4e525860	Unassigned
769cb177c7eba9ab1b6c2d1356c475fe	Unassigned
b1c852ccf0d319efc7f2cec5d942a0c0	Unassigned
0c0d1b91b8240ddac84c15185a59a6f1	Unassigned
ebd21d7b5dd7e394f91ca64a57a60262	Unassigned
932f9703eeacb8581d34124d69654e3f	Unassigned
8726462bf571e964022a7b039f7e03a0	Unassigned
c5f4d8ed49c868ec98a307d04ca6c25d	d__Eukaryota
c2e22a72d0acbcfa95ca1e433584d0b9	Unassigned
34018b00541e48dfd0d04ba2d88316d6	Unassigned
f2ec0681d14d3978e95ba5dad05b31cd	Unassigned
f2944f6603e9751381721d4ab6122bf3	Unassigned
e3ec09132f10d9065f7877f6132bf7ff	d__Eukaryota
5ebe5808213671232b6a51180861a155	d__Eukaryota
a39582dd5ae3bd78f13d7e73c4520cfb	Unassigned
c5e4bc70a8dff85d1d160010a7170e44	Unassigned
08fe8797539130cf4571176c054347bd	Unassigned
5e0b163386d043242946eac465702077	Unassigned
fcedc0416b15421b8e7961c6b62cba5a	Unassigned
dc5d26f8c1944fdea8a70a3b93e59c33	d__Eukaryota
5b47228acb40fdd450494145672128c9	Unassigned
0eafed3fbac04ea71894aa08a0744d4c	Unassigned
4761560cf3047ffa46eba86ea8c60853	Unassigned
0f1e6f8ae498cddcc8d43bb1a3dbb426	Unassigned
03f8f7992549194903b10cb32e6ce82a	Unassigned
a7b621f974205ab9359e1b9212a857fa	d__Eukaryota
61ec09aca92861bb3203181959a1d1ab	d__Eukaryota
52bf73f7e238451041dcf19905b3f8da	Unassigned
ad8d5ad0ab28262c21bff310334ff54c	d__Eukaryota
6753f39b374bc525aada6018cd5b594a	Unassigned
1b0d042eebce2c3b6b60cfca5fdb8fb0	d__Eukaryota
ee61866f94e3538aaa875a0afcada5b4	d__Eukaryota
9abcc9304736c8ddec281f7ff4107a17	Unassigned
e186e0ffd7d1aa79751a05c7bca0982d	Unassigned
b4eefc92b49b2538c5fac7101f8703d0	Unassigned
bb9c8cf3ec0ec1f4535a4fc7912a6b99	Unassigned
9bc09b1b66aa9aabb363fc27bf78ec84	Unassigned
869a086d039b468e2a7666f744a8d36e	Unassigned
5a9136179db656dfa765480bb6ac434e	Unassigned
85a4e2f0a7af55b6ea6d27bf5bc64fd5	d__Eukaryota
b57c617e3e72e1174348101448e26b13	d__Eukaryota
bda329fc42ae81649d2c6c2252593fec	d__Eukaryota
349e89483b219d96c9735f34fac3258c	Unassigned
2fca7ec3043cde7e4d12c9ff4173e7c6	Unassigned
7ff48e87094c40049f2f39d7261b7eea	d__Eukaryota
a83600bcefd955cf7e091f224984757f	Unassigned
b248704ab4f4407ac964b37a26842af7	Unassigned
e4b34de89bed01a7168070c98df78263	d__Eukaryota
3d1aa6227d3665e604d0ace23ab3fb77	Unassigned
9bee19f7ebebaee0d928065352f794f5	d__Eukaryota
5b26b82588a10550c3b3c052b7704480	d__Eukaryota
3cf38023316eb1229bb0f070d932b89e	d__Eukaryota
de22184fd558e3fd766f5496d09d14c9	d__Eukaryota
1fe696d8c0d55ae1ae0f0556c7fbfa2c	Unassigned
b638ce9d38be6e3a9cf0565a1449d28d	Unassigned
9011fe695c90740a5d85d880140d429a	d__Eukaryota
969a57812a4ce009f2acd491ca4012ad	d__Eukaryota
7437da7711c818e92386e7decc07f63a	Unassigned
80258e4ea68e91b408e52d62e2bf29bd	d__Eukaryota
2f08608e2d219480e2083a83d8df2681	d__Eukaryota
171cd6ea0317e5959d8f85aafecbf080	d__Eukaryota
67f6256eefbb45fef2100d95d3434808	d__Eukaryota
ccc6f80b352bcdf3e072656909b20daa	Unassigned
e655cde06c42f9ab625afb687263a273	Unassigned
5cf61b2a806914d43514cc7d38605dc9	d__Eukaryota
2f5232012eb5973fc6a70390e108f0b8	d__Eukaryota
af330c77b366768abc5a570142f9ee37	d__Eukaryota
5b0b1c2281b1aa9a7134175570128c8e	d__Eukaryota
957601612caf32894a6d34e873f8b8fb	d__Eukaryota
a0bb018f432f41c95f82c457b9d6286d	d__Eukaryota
8d44be25649232b69631c8d4687d714a	d__Eukaryota
642b4abcf84c6abab0c15f1d6e63c325	d__Eukaryota
fc8e0fcee4efc06797e9897bd95fca1d	d__Eukaryota
cef06f9cd23d5109c0cf391b67185920	d__Eukaryota
2272d4e29aa06334a88c1b627468ef61	d__Eukaryota
253c6d3aeb06f5b75c2f0e43c01f4090	d__Eukaryota
65d90148b2e8158fbbbaeb3b83ae9d40	d__Eukaryota
a339fd30e44b13b7a2817bb3118791ed	d__Eukaryota
299c0349e4e827c02663f524873c8a20	d__Eukaryota
c42120dea17355fcb40c6532c79eff53	d__Eukaryota
26701c8ed1e7d4610546587a02818406	Unassigned
cbc73496e963835f130833fca73ddd6f	Unassigned
362e73391f74b31b48df70ca51b0b2be	Unassigned
9393b9b8b9fb16895006edc769caf624	Unassigned
e3602cdf6bab0cc8b1d124a1c2c74f75	d__Eukaryota
e2335d03c316ada3521f320a1187de17	Unassigned
ba02c7cf4903f9bcf44deb24b66f8c51	Unassigned
738ebf411329da460bfb7cdc65f28cae	Unassigned
7f873e0d3b2c713eb65ca9804cb717b0	d__Eukaryota
21684d52c95737c9a7e5267bfd51ea24	Unassigned
fe7af25a0502bd94eed9e51aeb575ee4	Unassigned
1a3d4a80a81eaca5f6b844a142af0a6d	Unassigned
31edd35bcd3324df73cdfde55aca7235	Unassigned
2952abb8818a0b1b213b2e07efb13a46	Unassigned
0655471ded66ecce4e9b7d189b68ca9c	Unassigned
e307f7b8c7e482bbadea93f91357fed8	Unassigned
30b891a94eb452d840afc9495bbaee57	Unassigned
d448bcb6ea3957adfb3d79720c9607d3	Unassigned
618d3f8b75383bc4056a6289b46a8b62	d__Eukaryota
0d38e46b6e61d16e7b228260bdcf8bee	Unassigned
d49172ca7d1f963db3fd79366b9712eb	Unassigned
78192d204a45a143ecf72c6dbf452838	Unassigned
bba0a3960cbbbbefa6e91043e86d6d2a	Unassigned
8fcebf3873190fbebf31306b324063a3	Unassigned
e6f04fe7fac3b912c3ce1a3d75120f84	Unassigned
b3cb20aa4957d998e8236702c0725dca	Unassigned
fa93856fc2a46579d19a0753be0b4cdd	d__Eukaryota
c3436b881d9e42bef80d08a51c31c261	d__Eukaryota
f1a18665a016f2e8ba2d50c4187a01b2	Unassigned
f9eae95e86523898c93e2f1fd1a02021	Unassigned
61fb07b8ad1a33e2ae453e6e2afef98b	Unassigned
40117aae4f7020002cc1817890c1c2bc	Unassigned
41ee067fcb0f39940b1bd5cb6dad1dfa	Unassigned
92370bba54b5f625f9bc19202a0d3069	Unassigned
95d94d3e8b619f0f070b603a901b0a63	d__Eukaryota
f16caa5bdd69933178f267af25c294ea	d__Eukaryota
a10dea6667b1b9052fa36dac648232bc	d__Eukaryota
b2625353500e9728107c714b1f81a5c6	d__Eukaryota
4bb7b65efb44c71d1e6f3d0c81d7d73a	d__Eukaryota
b90952e7ce9a79dab4fa8b7b68a10d02	Unassigned
6570dcc7b10118819687348a89ec52fa	d__Eukaryota
96ea0a64c906d1108e51dd9196f0275f	Unassigned
e4437206aedb74a7ac864e2e9ceb471b	Unassigned
d6f12bcfb5537d112810406507c25350	Unassigned
3af25c90534e6925399c033bf74a57c6	d__Eukaryota
421cb1b3968ada6c25c3d6126d65428d	Unassigned
2e8a5ce6072bc34cdd98ce3ceb6f1866	Unassigned
97202f8bca5887db849da7dbb4ade2c8	Unassigned
ccd4dc04e8db6ba968a687a14963d375	Unassigned
19dad7fcf6d5e01f7e19abd3d568fe49	Unassigned
eea86286352f6a57b90c7cdcbde6e7fe	Unassigned
3ebf50b806db11d9b3973b4539090918	Unassigned
8e0c7e7334922d140def0ee7dddce3e0	Unassigned
6c7f28450dcfa5dffa370934f585a78e	Unassigned
8471dee56950bffc113db1e296c9d6ea	Unassigned
634ca352a687559762ef11b29d74494c	Unassigned
c556c37319c8b097020a9e148bf363ff	Unassigned
0a1150bce2804b2f9cd9a9bdcccb8762	d__Eukaryota
34c2d12593c02867e6c8b94de58402de	Unassigned
a77590f1b6801dcca06c8bb2961b512f	d__Eukaryota
01da49da277689851ae80139f0184931	Unassigned
c05b8fb6a96c7d62f769e61c1dcff162	Unassigned
81abd893f8c48ed58863bec85c5ffc03	d__Eukaryota
40ffe2da784f3ca1c3656c31cd839fa9	d__Eukaryota
d0f0c126b28e774308a08215b26071f9	d__Eukaryota
a68191c2b11123c8852a505f1b1e1345	Unassigned
1270fd198eb411e75997e9ef0717b0eb	Unassigned
44359b5015a7819eca5faaa84b99ade4	d__Eukaryota
7c57f668a359422315263e7e6c4ba106	d__Eukaryota
83fc53f989bff9ae9d573834a8e22236	d__Eukaryota
39c4b21ae02a613cf18e8fbda462e3a5	d__Eukaryota
3f2fc21d559de67f428f225814600e54	d__Eukaryota
118586f0e6a765501b301ecd68abe204	Unassigned
8c85b637241b08ab09c47af87513b313	Unassigned
7a43ede0ed6b2eb5ea3034a865bfa0d5	Unassigned
2d0f49f801a80e2cb85e0b96ec3ce5b8	Unassigned
119c1382be6fdd7a0cdaf671fc85bd5f	Unassigned
47b956e16f6bdad21673929c18c3bfa1	Unassigned
f48010afcafcc8a550edf7dc543f2dc3	Unassigned
471777cee921e0008103c96ef3379a0e	Unassigned
c536f858af3cb73bbb969147b84c8431	Unassigned
358b68b42679db8d0f39cf0ab9aebb80	Unassigned
66a874b2d9d5dfca9edb4500fd235078	d__Eukaryota
c956525bc8e62d96a19761a2ffa5ee81	d__Eukaryota
46f6011b3e59f45dd195429a93244e74	d__Eukaryota
3b582915b35905457c147f02bacbbfbe	Unassigned
72d7879df19153ef710e5ad0a33c7ebe	d__Eukaryota
9c5f4739b36864d2144b111628342265	d__Eukaryota
86e68c7ab3bac1da4e758c7a7b25f1ec	d__Eukaryota
df00b174f29ec9ed9d2d0f6d34a09801	d__Eukaryota
26a0c52fa7ead20892bd12657c9d4c56	d__Eukaryota
90e7f88ea6aa77613f8cd7cfc69bc91e	d__Eukaryota
2439459e7051a63fa45d171f636d3bdc	d__Eukaryota
5a77e40b86d8df67f4a7322b1f15de78	d__Eukaryota
e4cf2c5d7a1c5d239c232c099d4902b8	d__Eukaryota
aad382eba26dd4bc192908790b871d14	d__Eukaryota
6ffc833d236f0e9a9861716d89ee3361	d__Eukaryota
ff373396905b8700fe3937d5dabefbd0	d__Eukaryota
0438b5afe993e9631626f6b5783bee24	Unassigned
1107f3ed1742d6daea73dfc409b714d4	Unassigned
86a26fd956fc171f85e84edcf96e2508	Unassigned
b67f70a6c1782126ea1e5e5babe83715	Unassigned
e3c2bf332158cec99196d4a2b99fbfe2	Unassigned
6f66f3a1a626a45a7535a14879d97b2e	d__Eukaryota
ec8e7206cd39493d5dc873b05dd8341b	Unassigned
9c205e48a7fdf222480001076c86d4cc	Unassigned
a8b93313bf43f49a21c7d5e372b08550	Unassigned
21a0a7a6696057f159a38b0a616c91ef	d__Eukaryota
0b5d169a774d47df5aa86188eabc1548	d__Eukaryota
3dbdb3f8660a3d04cd799a37bea6bfb3	d__Eukaryota
74aa9a09131aade93be6068e2672339e	d__Eukaryota
207e33a71449d1447b7bf74381ca24c7	Unassigned
46212f87020f10ee918cecc8cc7f56f2	d__Eukaryota
b89faa4f8c0594c19aabebd216374153	Unassigned
7a48000002d7aa7afb75a0b789a0d93f	Unassigned
5a608e01c631922e05d0c76fed75be58	Unassigned
dce637ac3de6cd6468a853592ae1f469	Unassigned
cf18987e1db565059f891faa66b6385a	d__Eukaryota
4808c52502d40a0d057c1919e99a7710	d__Eukaryota
7eb51c4fadff4db8ba027e9d55d90fce	Unassigned
f972c64d43026c1934b4aae7fd5dc0d7	Unassigned
6bfd5267cf8150f2554b9841cb7b9b54	Unassigned
f8fc2547861423000ad9499bb7041c2b	Unassigned
0df34708cffee4dfeec8eae01f8c84ec	Unassigned
a61a5575f2e496956bfa853b5c63ede3	Unassigned
73f7ed8552ae5832f75228933f284825	d__Eukaryota
05ff64cf5c621c7c052c409734a7c540	Unassigned
3e74305ed5cff99329dcab0dda014ef5	Unassigned
cb07000cc47b52445d68e5c8242e4290	Unassigned
2bd7ac0b7ef69887dc1bc4538ad6d1c7	Unassigned
05c378419106610fba4a8ae60a1172ce	Unassigned
43f42076843804fa7f8569c2809fc99f	Unassigned
e9a9bbc69e4276de0bd1812f9ff8c493	Unassigned
45ca95f970680b5161f2e0ee04f20413	Unassigned
7c7f0a55ef89d1ec0fc29024b447a4a0	Unassigned
bcf5490da2c1058e8c194baeb8c2e13f	Unassigned
a387c3741b60053ef5cebcc70d326659	Unassigned
f2c4dcfe3d2aaaf9dc4b929a79005515	Unassigned
499fc43cbd837ad060d5bb4e60ea9053	Unassigned
72e10f68e1b95578a70f284391fb29d0	Unassigned
3c18294c1ff48efcc1a42b6d82a29d23	Unassigned
8938306c0c539e4d15ad2f80e93f9d06	Unassigned
bb633300f177d44e5d18225dd7d5d1e1	Unassigned
5ab48b880ec9d65e01743d7db1666f9e	Unassigned
576672fbab47e907a9a712cfb7861452	Unassigned
e3545954403a5446b11904cc46355329	Unassigned
4301863d7bffd7010d3adf1c1e49fbf1	Unassigned
18a912d0f1f2817caf140878111e6e84	Unassigned
d0f53a2eb975497e4dadd8905671f1a8	Unassigned
aa94c4813794556b5152910f3e15cf27	Unassigned
a3cc43b2347f3b93681bbe479abac3fb	Unassigned
74afd9aa52ec9733b0aeb36242af6d37	Unassigned
406438c47c81edcc50e5c1302f4de56d	Unassigned
f7e4b8b14773ccc4b4f6da3256d8b8f3	Unassigned
41319417748adab0aa604a9f006dd707	Unassigned
5fdb909e725c74bb7f26b27617fdb48f	Unassigned
3573341ffeb9354aa216a7469ca2386a	Unassigned
6fad2a1c52879c32f05827fbbfcee34c	Unassigned
400b505f4c8d3e532a6e1a747392f523	Unassigned
63688ff3c3a9a37de9929ae78bbc810b	Unassigned
68a0cc6eab9bf62f8b357d1f1e65167f	Unassigned
17cd5106afe2aaf0bf989e76c107cc87	Unassigned
342a32d7a0f25b87754c25755ed9642c	Unassigned
39a2a10fb252522c121ca0433752e842	Unassigned
9612e51263ea109e2e732609dec3a64e	Unassigned
99ccad5a0c97210fc9a3495997cb4763	Unassigned
9ed786f6bb22e46b5ce8a14238462e74	Unassigned
8722dee593de2c73ff276006f50d6d5f	Unassigned
ec87167b4b947da940b35ecf50a418a1	Unassigned
66e372ef830728e1f971051655a94a49	Unassigned
4078981a18ef6337b26a9ec695e47d95	Unassigned
318613639df1d420bedacb9f8c5282d9	Unassigned
d735ec1ac65582283bb3610fc2333251	Unassigned
63478f048cf774054bb050c36263aba7	Unassigned
ca180cac1677657d7e3e6fc14f69b398	Unassigned
4379b7f194f8edc3d7fd79b1f349384a	Unassigned
223b71da549b3524319a5fa0d3bab985	Unassigned
d011b9631e7863298fe91aa47c55c537	Unassigned
7e8facb6b318621229b3ecdb3c24dfc2	Unassigned
99fad1f85799113552393fbddf8dbd0f	Unassigned
75936afee23f3dfa9ba45903450ea6b5	Unassigned
b336be7feacad264a3b7537c95f8346a	Unassigned
e4cb60c7464eb91a5872d9310cd4c7cb	d__Eukaryota
7c7de31a973fbfcacc098281d1986352	d__Eukaryota
b85c37d10aa4f55d236a09c5e5ce6f51	Unassigned
ed6d7f6b8677d7b885352b404a36740e	Unassigned
c03f7078582ab342d9c040d28c0b1a6a	d__Eukaryota
3592bcb60f276042173d0adf3498556c	d__Eukaryota
c07b8bb88b161eeacdd5b3e1def5e42f	Unassigned
f671207c08665d4cf4e8716471adf374	Unassigned
5e6d01a8c114356801471769d0a6fe33	Unassigned
31aaef765ccbcd1afcb9c8c52c5f8792	Unassigned
c8aa561ad66202185667d460aa505a63	Unassigned
0e27cc2f79360f123b81605f1d1816ed	Unassigned
8331c833500a627ccb297ecd4357a24a	Unassigned
d6babf155702c9abb66cc94fbfa537e9	Unassigned
0eb1fedd46851d2320c87b38100f350d	Unassigned
0ef2424776abc1fc2f311a5c4c705623	Unassigned
24af5570fd790b9b6de04222a7044fce	Unassigned
87f577e426953888572ed61fa1b81cdc	Unassigned
a65affc9ed6a311fb80760271f98c25e	Unassigned
da1c710f313d1aec59d9eb53bf6dc321	Unassigned
764a011f7558d035d9c15d9b05d4e87c	Unassigned
26a98bbde2dd84d7531331750db1f9e3	d__Eukaryota
4aded5fe7548c0229d336efe8735d25a	Unassigned
52bc27e005d41c6fa4ffc41b1620ec8d	Unassigned
21c11b80174a11ba99f321ca0d6a9606	Unassigned
8012814fb9041c3f1bdb660e215c5167	Unassigned
11de7add9515508d0dbc0343ecfbb176	Unassigned
7a48f6100701265fe76cbcff68d3f6af	d__Eukaryota
4e8aabf31e410f4236a4e47057ec55ec	d__Eukaryota
7f83ce4b5e23724ac080065d929a0b79	d__Eukaryota
8bb44f689ff95e64892611707b608d9b	d__Eukaryota
11ddef60830dfee0729e968c81ac3172	d__Eukaryota
bd031c40443d995690327e7986adccb7	d__Eukaryota
5f18f8a31e03842aac901cbdbc69eecb	d__Eukaryota
5171123b0f8606ab76491e30d4cc9584	d__Eukaryota
53dcad0c8461568e5f2076c3b189390c	d__Eukaryota
ff35273f4e2544b2046fb86dd8899ff9	Unassigned
9b423e98a35ad6dbaf2fcdf8aba17688	Unassigned
476884c3464730de844fc0b7283ad106	Unassigned
c84b68707c5acd889cc52fe6bf7d23b9	d__Eukaryota
70ca1ebe926f1cba673f20f95d7e4ff9	d__Eukaryota
b60c00abd673b51dfe9323f298c6e656	d__Eukaryota
50146e4dbed042288ee92d58bce2965b	Unassigned
51d2eacfb286daaa8e5396aadab39278	Unassigned
3a5029c522de7ed338b8e384c6f01a0c	d__Eukaryota
5db1b328216b505eb39ed6b6584f4a02	Unassigned
3b78c0b7485f37a796a82bd64e8a17f0	d__Eukaryota
80e02f3c4db45abb88579414e0ed2d49	Unassigned
544ca0c49b4d181c6fa50f437acec32f	Unassigned
b4f6e3cfd3c4604f7083f67c13814cac	Unassigned
dc4da80c46ea927ff5f2c08b00948303	Unassigned
64d9381f16b8e6cc487cb644ed4ca007	Unassigned
1b74d0a97ade27df1e9f54bdd074d063	Unassigned
b0ed7f33b7677832f10a99e51c1fa0b7	Unassigned
64e87917781612c2f30c1e2493b5a7d2	d__Eukaryota
ff0ab3b4e8b15a8be77f02f8308f40c2	d__Eukaryota
1da618427f628b796a09dcd8909a263e	d__Eukaryota
7416f1a3e2ee26a633efa6003fb53cfa	d__Eukaryota
afeff152a4e17e668368c307025777a2	d__Eukaryota
ad6ef3b03bda1b75208ff09abfdd537b	d__Eukaryota
187864d4619b6d12e785ea808fcc0912	d__Eukaryota
5a898e524c997ad99f32e75ec65964dd	d__Eukaryota
7e2eeee8b2ce1880d24047c8e6ecbbc4	d__Eukaryota
b5f1dea15c758bf5aa7b480db4332dfa	d__Eukaryota
6772b8c1a2babfc06a792a972aad7c19	d__Eukaryota
00ca5247c65bb9873cc53e24848e84db	d__Eukaryota
fd31f9127b4436a6ac898a1e4bfe151b	d__Eukaryota
fccb28a1e3ebb7600cd47d037a26aaec	d__Eukaryota
680de27f0db0ff86a4ac4e6b26204c93	d__Eukaryota
08f80b97d440645b88c8c235a571762c	d__Eukaryota
e0880a89902ce503e933139668500685	d__Eukaryota
e6dae4ea94dcd85605dd4bd9840f3113	d__Eukaryota
ff81482b423e7596a8f7be2c9d655f5f	d__Eukaryota
dcd4c3f9135d2261e5db9de1e0f96501	d__Eukaryota
767f9a06d3418a92d4b65b60f305f1f2	d__Eukaryota
f905d84ae905c5e5562bbdf897b5a5e8	d__Eukaryota
55da698e8960e53e5c7530099a01ad72	d__Eukaryota
82043cd4d30ca003c61a2848d4ddb06f	d__Eukaryota
b717cb560f15da712f73f28feca0ca48	d__Eukaryota
8b6a891090361c7b872d21aa8d270691	d__Eukaryota
dbb8d85a0963e96b8fc0acebf2d772cc	d__Eukaryota
225c679b09d504b63660df2b207de192	d__Eukaryota
e7967c2c81e29bc82242e0d214b74fbd	d__Eukaryota
744ceb620bf16812b811b948004db87e	d__Eukaryota
6ab0306096ccd1070dac35ba751680a1	d__Eukaryota
948e740f53900e5f11fce74277877cca	d__Eukaryota
ee8efe774d8a2fa050fcf66255e5ca66	d__Eukaryota
ce5439ce556a2a951235d9616c807925	d__Eukaryota
9922460e08f3ba3f38757cd8f942cdad	d__Eukaryota
c44ef1fbaeaf14d86deb0289ee5bfd4d	d__Eukaryota
aac31f4af68cfcd8cc9074349d2da34f	d__Eukaryota
06bb6b6e5b43c7d915f5a7e252d72879	d__Eukaryota
eae157aa3ba3bc5fd9e75bb6eacc64a2	Unassigned
d7b0aa017d2e790b3b0c75cad89952d2	Unassigned
35b1872f9888419a496c5f93ab35705a	d__Eukaryota
4c61620ba87738b266a9b9ae35433fa8	d__Eukaryota
eecd0d2f1bd513f0838e908fa5727789	d__Eukaryota
203d4b4250e57510fa513881188f62b9	Unassigned
48f3b1fed11f722627211b4eece0320d	Unassigned
6b81a085186cb640392f454f8df51215	d__Eukaryota
eb736bb44876e1e816b73ecca4342243	d__Eukaryota
b62b0b29e17bd1673f28ec6ea33e38f9	d__Eukaryota
67b9bbd454762800f6ea895e6540fe6e	d__Eukaryota
4dff43680fd8c6690b27b7784eb08430	d__Eukaryota
09b6e0b70de0027ae51a84c4a04e41ee	Unassigned
2e2652ee188fee3bdca47f5c62da8d25	Unassigned
29ee55a01a8cd4ba5f8721261b0cb25f	d__Eukaryota
7ed12d68b9393fb7e8cee0379a6e6685	Unassigned
abe7ab15863c6c5576dab26d4fd5a303	Unassigned
1d47f932193d892da7aa23a7f15d4603	Unassigned
4a4ae74a58590cd49089f8a9cf310850	Unassigned
31a73e4b5357609a48817e3cb43c2f77	Unassigned
55679a929f097528450705bdd9333550	Unassigned
efda308a8be5c9d5ebfb79a592a4a9a8	Unassigned
4e6aca72ed40bcd0b9c254bf49f9825f	Unassigned
2da2c41f0b9e020cac40e1c64423431b	Unassigned
9caae5605734d8cdb9e6b8001600dc33	Unassigned
a7cb0c7cacd0069d8c2973c4a22eec5e	d__Eukaryota
