Feature ID	Taxon
013610617ff6b80cd77c2d54a2fdeb9b	d__Bacteria; p__Firmicutes; c__Clostridia; o__Clostridia_UCG-014; f__Clostridia_UCG-014; g__Clostridia_UCG-014
c2e4c76bb09df7eaf066c2e92e98715c	d__Bacteria; p__Firmicutes; c__Negativicutes; o__Veillonellales-Selenomonadales; f__Veillonellaceae; g__Dialister
1f0f88526ab6bb8a6492db66d263c3fa	d__Bacteria; p__Proteobacteria; c__Gammaproteobacteria; o__Enterobacterales; f__Enterobacteriaceae
26713577b23b55ffe260ad1175ddd12b	d__Bacteria; p__Firmicutes; c__Clostridia; o__Oscillospirales; f__[Eubacterium]_coprostanoligenes_group; g__[Eubacterium]_coprostanoligenes_group
53a185635c67f00a4fcfa07ca91c3988	d__Archaea; p__Euryarchaeota; c__Methanobacteria; o__Methanobacteriales; f__Methanobacteriaceae; g__Methanobrevibacter
23b205ee7fa2cf6cecacd746ba9fee78	d__Bacteria; p__Firmicutes; c__Clostridia
1a626c2a6f7e7f0ce37e2ad0314b7c39	d__Bacteria; p__Firmicutes; c__Clostridia; o__Lachnospirales; f__Lachnospiraceae; g__[Eubacterium]_ventriosum_group
8a1a7330c4b9eed2ef85cccb60834378	d__Bacteria; p__Firmicutes; c__Clostridia; o__Christensenellales; f__Christensenellaceae; g__Christensenellaceae_R-7_group; s__human_gut
66872c7adee0ae4b3a86c296be36be2a	d__Bacteria; p__Firmicutes; c__Bacilli; o__Lactobacillales; f__Lactobacillaceae; g__Lactobacillus
d051ccf05650645ee25a62da1cafe60f	d__Bacteria; p__Firmicutes; c__Bacilli; o__Lactobacillales; f__Streptococcaceae; g__Streptococcus
bdda8b47c3a8d977d927ef756fd15405	d__Bacteria; p__Firmicutes; c__Bacilli; o__Erysipelotrichales; f__Erysipelotrichaceae; g__Holdemania
98ce81acd058ba6b2a43ced59f4762c6	d__Bacteria; p__Firmicutes; c__Bacilli; o__Erysipelotrichales; f__Erysipelatoclostridiaceae; g__Erysipelatoclostridium
7856ee21b7de06f6772a8643676d1d4e	d__Bacteria; p__Firmicutes; c__Bacilli; o__Erysipelotrichales; f__Erysipelatoclostridiaceae; g__Erysipelotrichaceae_UCG-003
deba4eee38860025fc19e31f93b6e2b3	d__Bacteria; p__Firmicutes; c__Bacilli; o__Erysipelotrichales; f__Erysipelatoclostridiaceae; g__Coprobacillus
86a136e2412e70c8e9e9601f0c563a83	d__Bacteria; p__Firmicutes; c__Bacilli; o__Erysipelotrichales; f__Erysipelotrichaceae; g__Solobacterium
8034bd984c47af0bbe4e2228e915ffc1	d__Bacteria; p__Firmicutes; c__Bacilli; o__Erysipelotrichales; f__Erysipelotrichaceae; g__Solobacterium; s__uncultured_bacterium
3ec92b13562b29bad5aa3b8294efb29a	d__Bacteria; p__Firmicutes; c__Bacilli; o__Erysipelotrichales; f__Erysipelatoclostridiaceae; g__Erysipelatoclostridium
0a07a4c0c1d4058a56933c553f8e0966	d__Bacteria; p__Firmicutes; c__Bacilli; o__Erysipelotrichales; f__Erysipelotrichaceae; g__Holdemanella; s__uncultured_bacterium
6691be6fb1cc7e61a29393e4536642d2	d__Bacteria; p__Firmicutes; c__Bacilli; o__Erysipelotrichales; f__Erysipelotrichaceae; g__Holdemanella
3f2e1eef1487f44e08f1788fe4f67b2f	d__Bacteria; p__Verrucomicrobiota; c__Verrucomicrobiae; o__Verrucomicrobiales; f__Akkermansiaceae; g__Akkermansia
37341d896730e86ba9019998505b574a	d__Bacteria; p__Firmicutes; c__Clostridia; o__Clostridia_UCG-014; f__Clostridia_UCG-014; g__Clostridia_UCG-014
956ed912748b746069a06ae6e7017930	d__Bacteria; p__Firmicutes; c__Clostridia; o__Clostridia_UCG-014; f__Clostridia_UCG-014; g__Clostridia_UCG-014
980a382803839f0db9abe18c8034b0e4	d__Bacteria; p__Firmicutes; c__Clostridia; o__Clostridia_UCG-014; f__Clostridia_UCG-014; g__Clostridia_UCG-014
3f0803f6c3a23347337ab6abb5b484b4	d__Bacteria; p__Firmicutes; c__Clostridia; o__Clostridia_UCG-014; f__Clostridia_UCG-014; g__Clostridia_UCG-014
f83eaf6b9be58b0547cf8cb6f9e3b575	d__Bacteria; p__Firmicutes; c__Clostridia; o__Clostridia_UCG-014; f__Clostridia_UCG-014; g__Clostridia_UCG-014
1c94629510aa20524e89bfb6bfa4a652	d__Bacteria; p__Firmicutes; c__Clostridia; o__Clostridia_UCG-014; f__Clostridia_UCG-014; g__Clostridia_UCG-014
f8429397d4cc353030150433c5f2ae5a	d__Bacteria; p__Firmicutes; c__Clostridia; o__Clostridia_UCG-014; f__Clostridia_UCG-014; g__Clostridia_UCG-014
a48f9696fd3e30336f0430f6e2927464	d__Bacteria; p__Firmicutes; c__Clostridia; o__Clostridia_UCG-014; f__Clostridia_UCG-014; g__Clostridia_UCG-014
d11917a99f8e391fe93dc53ccfc2b2b3	d__Bacteria; p__Firmicutes; c__Clostridia; o__Clostridia_UCG-014; f__Clostridia_UCG-014; g__Clostridia_UCG-014
2d5c4a89bfb0317d8704d93f6d50bc6f	d__Bacteria; p__Firmicutes; c__Clostridia; o__Clostridia_UCG-014; f__Clostridia_UCG-014; g__Clostridia_UCG-014
9623f7295412f3b9e81c7b98b5538f2a	d__Bacteria; p__Bacteroidota; c__Bacteroidia; o__Flavobacteriales; f__Flavobacteriaceae; g__uncultured; s__gut_metagenome
8d93dc4013f75b2fea3b707ecde8ffea	d__Bacteria; p__Bacteroidota; c__Bacteroidia; o__Bacteroidales; f__Prevotellaceae; g__Alloprevotella; s__uncultured_bacterium
2c343f374608f40c609f3d0c58bbad71	d__Bacteria; p__Bacteroidota; c__Bacteroidia; o__Bacteroidales; f__Bacteroidaceae; g__Bacteroides; s__Bacteroides_plebeius
111cebc39d3a2ad7f62864502d65dd5f	d__Bacteria; p__Bacteroidota; c__Bacteroidia; o__Bacteroidales; f__Bacteroidaceae; g__Bacteroides; s__Bacteroides_massiliensis
8d9d064e7fc379c0c8b8deb4a821da7f	d__Bacteria; p__Bacteroidota; c__Bacteroidia; o__Bacteroidales; f__Bacteroidaceae; g__Bacteroides
4cb5c166b48e349f4b37fd9a5d7907ca	d__Bacteria; p__Bacteroidota; c__Bacteroidia; o__Bacteroidales; f__Prevotellaceae; g__Prevotella
0fa32743ba8f8efd63fe3a548c5dc87a	d__Bacteria; p__Bacteroidota; c__Bacteroidia; o__Bacteroidales; f__Prevotellaceae; g__Prevotella; s__Prevotella_bivia
7f41f70732a0617d62f025258dc019cb	d__Bacteria; p__Bacteroidota; c__Bacteroidia; o__Bacteroidales; f__Rikenellaceae; g__Alistipes
76b7548dfb02e8baaf6e0230bdb8cfa4	d__Bacteria; p__Bacteroidota; c__Bacteroidia; o__Bacteroidales; f__Rikenellaceae; g__Alistipes; s__Alistipes_shahii
92a569f8bd211d0e45eff1ed063b7296	d__Bacteria; p__Bacteroidota; c__Bacteroidia; o__Bacteroidales; f__Rikenellaceae; g__Alistipes; s__Alistipes_finegoldii
4498f7ac63e37dc4fb52dfc4956dd906	d__Bacteria; p__Bacteroidota; c__Bacteroidia; o__Bacteroidales; f__Rikenellaceae; g__Alistipes
8f265bbcfc35e53a03bf54ff4a696c25	d__Bacteria; p__Bacteroidota; c__Bacteroidia; o__Bacteroidales; f__Rikenellaceae; g__Alistipes
75127ecb8b651d53f850202175c934a3	d__Bacteria; p__Bacteroidota; c__Bacteroidia; o__Bacteroidales; f__Rikenellaceae; g__Alistipes
e12dd00de6cd7a17d7290d95cba4f901	d__Bacteria; p__Bacteroidota; c__Bacteroidia; o__Bacteroidales; f__Bacteroidaceae; g__Bacteroides
20c01e714a8aa732346a2b6c79a258fa	d__Bacteria; p__Bacteroidota; c__Bacteroidia; o__Bacteroidales; f__Rikenellaceae; g__Alistipes; s__Alistipes_sp.
a0477e8f40658be2f4141090a8ffb404	d__Bacteria; p__Bacteroidota; c__Bacteroidia; o__Bacteroidales; f__Rikenellaceae; g__Alistipes; s__Alistipes_sp.
7f66c7d304949c0bc0759bbaba166169	d__Bacteria; p__Bacteroidota; c__Bacteroidia; o__Bacteroidales; f__Tannerellaceae; g__Parabacteroides; s__Parabacteroides_merdae
8c93cf889aa4d9fbd8bcb029fc5f3583	d__Bacteria; p__Bacteroidota; c__Bacteroidia; o__Bacteroidales; f__Tannerellaceae; g__Parabacteroides
183cbefa6c1fd51f50e50a3d1e7129c6	d__Bacteria; p__Bacteroidota; c__Bacteroidia; o__Bacteroidales; f__Bacteroidaceae; g__Bacteroides; s__Bacteroides_coprocola
1b098562422fc68773ef552d389ef3f8	d__Bacteria; p__Bacteroidota; c__Bacteroidia; o__Bacteroidales; f__Bacteroidaceae; g__Bacteroides
9df69a8e7ed44c4c51b26f839e99f508	d__Bacteria; p__Bacteroidota; c__Bacteroidia; o__Bacteroidales; f__Prevotellaceae; g__Prevotella
c12b8dca8a85dbc7f8d04914d38983b7	d__Bacteria; p__Bacteroidota; c__Bacteroidia; o__Bacteroidales
8cf413a703e9cbc0c4d288c825a8f8bb	d__Bacteria; p__Bacteroidota; c__Bacteroidia; o__Bacteroidales; f__Marinifilaceae; g__Butyricimonas
a7f1cbd46a88eb0d41a42f6bf6f514ef	d__Bacteria; p__Bacteroidota; c__Bacteroidia; o__Bacteroidales; f__Bacteroidaceae; g__Bacteroides
e3379d21683f6455a780d094a306a4dc	d__Bacteria; p__Bacteroidota; c__Bacteroidia; o__Bacteroidales; f__Prevotellaceae; g__Prevotellaceae_NK3B31_group; s__metagenome
d9ff4f920329dfe3ca5d8811b9bc0373	d__Bacteria; p__Bacteroidota; c__Bacteroidia; o__Bacteroidales; f__Prevotellaceae
73215b693cf4bf926c455c03ace814b9	d__Bacteria; p__Bacteroidota; c__Bacteroidia; o__Bacteroidales; f__Prevotellaceae; g__Prevotella
4ec67d4111f20d45393eda3d6ddd79d4	d__Bacteria; p__Bacteroidota; c__Bacteroidia; o__Bacteroidales; f__Muribaculaceae; g__Muribaculaceae
76e9a3e6a44ebb9e9e139f1c7e5f995b	d__Bacteria; p__Bacteroidota; c__Bacteroidia; o__Bacteroidales; f__Rikenellaceae; g__Rikenellaceae_RC9_gut_group
34287b553f611497f377f4fe93870220	d__Bacteria; p__Bacteroidota; c__Bacteroidia; o__Bacteroidales; f__Rikenellaceae; g__Alistipes; s__Alistipes_inops
49301c48664d020cb374d5f1b8a2c7de	d__Bacteria; p__Bacteroidota; c__Bacteroidia; o__Bacteroidales; f__Prevotellaceae; g__Paraprevotella; s__uncultured_bacterium
a36ac50a0a8bd92e51e6cc35c04ec68e	d__Bacteria; p__Bacteroidota; c__Bacteroidia; o__Bacteroidales; f__Bacteroidaceae; g__Bacteroides
0a54ccbc19c8b88dd5742f447fabf5b5	d__Bacteria; p__Firmicutes; c__Clostridia; o__Oscillospirales; f__Ruminococcaceae
ed0c3a86acbbe0e6dbd38515c789158d	d__Bacteria; p__Firmicutes; c__Clostridia; o__Oscillospirales; f__Ruminococcaceae; g__Incertae_Sedis
c0d0fc8aab117c66c4ac7c5b6b52f55e	d__Bacteria; p__Firmicutes; c__Clostridia; o__Oscillospirales; f__Ruminococcaceae
b93b4263ad7090bccea349ee4368f203	d__Bacteria; p__Firmicutes; c__Clostridia; o__Oscillospirales; f__Ruminococcaceae; g__Incertae_Sedis; s__uncultured_bacterium
d791db21763305a11d019cda1a2fef1e	d__Bacteria; p__Firmicutes; c__Clostridia; o__Lachnospirales; f__Lachnospiraceae; g__Dorea
2b268538f0095cc4f9356091e281f7e1	d__Bacteria; p__Firmicutes; c__Clostridia; o__Oscillospirales; f__Ruminococcaceae; g__Fournierella; s__uncultured_organism
ddb6bffb01bd41f6d5acdfe503868288	d__Bacteria; p__Firmicutes; c__Clostridia; o__Oscillospirales
64ed92df86876e5dafdb1089628340fa	d__Bacteria; p__Firmicutes; c__Clostridia; o__Lachnospirales; f__Lachnospiraceae
68fb2638a1e27530aeda485f8a965c1e	d__Bacteria; p__Firmicutes; c__Clostridia; o__Lachnospirales; f__Lachnospiraceae; g__[Eubacterium]_eligens_group
09b52514ac2aac138241dbf93f47eb1d	d__Bacteria; p__Firmicutes; c__Clostridia; o__Lachnospirales; f__Lachnospiraceae; g__Lachnospiraceae_ND3007_group; s__uncultured_bacterium
da560c5a3294074d0cb4dd1632b1fc8c	d__Bacteria; p__Firmicutes; c__Clostridia; o__Oscillospirales; f__Ruminococcaceae; g__Ruminococcus; s__Ruminococcus_bicirculans
dd093d570ce85eecac527b0ba0e0184f	d__Bacteria; p__Firmicutes; c__Clostridia; o__Peptostreptococcales-Tissierellales; f__Peptostreptococcales-Tissierellales; g__Ezakiella
5d5872c217eea9f4dfde90b682ba6ede	d__Bacteria; p__Firmicutes; c__Clostridia; o__Oscillospirales; f__Ruminococcaceae; g__Ruminococcus
55484ed8bc85168475e9fb4c6a826a06	d__Bacteria; p__Firmicutes; c__Clostridia; o__Lachnospirales; f__Lachnospiraceae
6a04bf8b2bffcde43786e54220ea6837	d__Bacteria; p__Firmicutes; c__Clostridia; o__Lachnospirales; f__Lachnospiraceae; g__Tyzzerella
e931b6b26dd094e3f5eaec39676044e8	d__Bacteria; p__Firmicutes; c__Clostridia; o__Peptostreptococcales-Tissierellales; f__Anaerovoracaceae; g__Family_XIII_AD3011_group
ffb492037ea4b023482253c0a553aabe	d__Bacteria; p__Firmicutes; c__Clostridia; o__Peptostreptococcales-Tissierellales; f__Peptostreptococcaceae; g__Romboutsia
bebce4cb90e42eb022458209a6204cf7	d__Bacteria; p__Firmicutes; c__Clostridia; o__Peptostreptococcales-Tissierellales; f__Peptostreptococcaceae; g__Intestinibacter
79277cb711d65b6a822b90747d36ef24	d__Bacteria; p__Firmicutes; c__Clostridia; o__Oscillospirales; f__[Eubacterium]_coprostanoligenes_group; g__[Eubacterium]_coprostanoligenes_group; s__human_gut
adea5369f5d9eea2beb8e69eb12757df	d__Bacteria; p__Firmicutes; c__Clostridia; o__Oscillospirales; f__[Eubacterium]_coprostanoligenes_group; g__[Eubacterium]_coprostanoligenes_group
705273ab929f17535e4889359d8bebc6	d__Bacteria; p__Firmicutes; c__Clostridia; o__Lachnospirales; f__Lachnospiraceae
12e094b6ce290dc407bea165c7a26a96	d__Bacteria; p__Firmicutes; c__Clostridia; o__Lachnospirales; f__Lachnospiraceae
4a2780e3fb1855a74b2468049ad3fb72	d__Bacteria; p__Firmicutes; c__Clostridia; o__Lachnospirales; f__Lachnospiraceae
71c7dd1d78c2fc748beb9a4b039bca22	d__Bacteria; p__Firmicutes; c__Clostridia; o__Lachnospirales; f__Lachnospiraceae
84868256f999e5d81cff7b91761c940b	d__Bacteria
56ea04f15a456be0469b05ceff680774	d__Bacteria; p__Firmicutes; c__Clostridia; o__Lachnospirales; f__Lachnospiraceae
2c7fd815f9f19626fe7a82b64ffc3227	d__Bacteria; p__Firmicutes; c__Clostridia; o__Lachnospirales; f__Lachnospiraceae
a56e95d82d3070a130235376612c9afa	d__Bacteria; p__Firmicutes; c__Clostridia; o__Oscillospirales; f__[Eubacterium]_coprostanoligenes_group; g__[Eubacterium]_coprostanoligenes_group
1c3062d2e3184bd2ca48bfc8dff4d031	d__Bacteria; p__Proteobacteria; c__Gammaproteobacteria; o__Enterobacterales; f__Enterobacteriaceae; g__Escherichia-Shigella
4859e6a820f36adf34b056182bbc51b8	d__Bacteria; p__Proteobacteria; c__Gammaproteobacteria; o__Enterobacterales; f__Enterobacteriaceae
36f45dde16edfc17c6cfcaf99b8e4de3	d__Bacteria; p__Proteobacteria; c__Gammaproteobacteria; o__Enterobacterales; f__Enterobacteriaceae
a70037e443601504927dc61b90f492bf	d__Bacteria; p__Proteobacteria; c__Gammaproteobacteria; o__Enterobacterales; f__Enterobacteriaceae
991ee573b45476f458b38e084d3fa85a	d__Bacteria; p__Proteobacteria; c__Gammaproteobacteria; o__Enterobacterales; f__Enterobacteriaceae
9579f62df14460f6e4a1b50e27d48645	d__Bacteria; p__Firmicutes; c__Clostridia; o__Lachnospirales; f__Lachnospiraceae; g__Epulopiscium
75003c164bcef48e032bd53be5753848	d__Bacteria; p__Actinobacteriota; c__Actinobacteria; o__Bifidobacteriales; f__Bifidobacteriaceae; g__Bifidobacterium
33596249e758afb883caf88fc40ab91e	d__Bacteria; p__Actinobacteriota; c__Actinobacteria; o__Bifidobacteriales; f__Bifidobacteriaceae; g__Bifidobacterium; s__Bifidobacterium_breve
8f52ed596cf45a9008e6ab0cb9c22c7c	d__Bacteria; p__Actinobacteriota; c__Actinobacteria; o__Bifidobacteriales; f__Bifidobacteriaceae; g__Bifidobacterium; s__Bifidobacterium_bifidum
afd2ae8967fa7da7fc137a8371bd95d4	d__Bacteria; p__Actinobacteriota; c__Actinobacteria; o__Bifidobacteriales; f__Bifidobacteriaceae; g__Bifidobacterium
597b5672580cc6973313415aa1da6ae9	d__Bacteria; p__Actinobacteriota; c__Actinobacteria; o__Bifidobacteriales; f__Bifidobacteriaceae; g__Bifidobacterium
88560376191ac4a0ca2214e9dcf0aa97	d__Bacteria; p__Firmicutes; c__Clostridia; o__Lachnospirales; f__Lachnospiraceae
dc08aba124583d2837cc6c5d953d853d	d__Bacteria; p__Firmicutes; c__Clostridia; o__Peptostreptococcales-Tissierellales; f__Anaerovoracaceae; g__Family_XIII_UCG-001; s__uncultured_bacterium
510f2e50a1ec7ac6832f6ede59e18290	d__Bacteria; p__Firmicutes; c__Clostridia; o__Peptostreptococcales-Tissierellales; f__Anaerovoracaceae; g__Family_XIII_UCG-001; s__uncultured_bacterium
8e2a7289c129a6065b12ab5e738ca60d	d__Bacteria; p__Firmicutes; c__Clostridia; o__Lachnospirales; f__Lachnospiraceae; g__Lachnospiraceae_UCG-010; s__uncultured_organism
29e5335a7f269e489f0d114ba167cd08	d__Bacteria; p__Firmicutes; c__Clostridia; o__Lachnospirales; f__Lachnospiraceae; g__Tyzzerella
becdb275cc6cc0fbdcad99563f811024	d__Bacteria; p__Firmicutes; c__Clostridia; o__Oscillospirales; f__[Eubacterium]_coprostanoligenes_group; g__[Eubacterium]_coprostanoligenes_group
972f677ca874fc51f9fdf75f29dc85ac	d__Bacteria; p__Firmicutes; c__Clostridia; o__Oscillospirales; f__[Eubacterium]_coprostanoligenes_group; g__[Eubacterium]_coprostanoligenes_group
fffa5af514ab03eb0b72aa391d5cab63	d__Bacteria; p__Firmicutes; c__Clostridia; o__Oscillospirales; f__[Eubacterium]_coprostanoligenes_group; g__[Eubacterium]_coprostanoligenes_group
7f82bd70f4150c765878fecce58aa0b2	d__Bacteria; p__Firmicutes; c__Clostridia; o__Peptostreptococcales-Tissierellales
4f357241cffb906ed9545cb463da7838	d__Bacteria; p__Firmicutes; c__Clostridia; o__Oscillospirales; f__[Eubacterium]_coprostanoligenes_group; g__[Eubacterium]_coprostanoligenes_group
f644fb7ff57bb3225d262f07bf8af27c	d__Bacteria; p__Firmicutes; c__Clostridia; o__Lachnospirales; f__Lachnospiraceae
5a94215108161d6f05e731d10342c6eb	d__Bacteria; p__Firmicutes; c__Clostridia; o__Lachnospirales; f__Lachnospiraceae
49ed30e38ff3dab1f7138e809ae3092e	d__Bacteria; p__Firmicutes; c__Clostridia; o__Lachnospirales; f__Lachnospiraceae; g__[Eubacterium]_hallii_group
41930e0fb8cb4862960c72ed157c2765	d__Bacteria; p__Firmicutes; c__Clostridia; o__Clostridiales; f__Clostridiaceae; g__Clostridium_sensu_stricto_1
707c26203b1723a40c9f351e514fae58	d__Bacteria; p__Firmicutes; c__Clostridia; o__Clostridiales; f__Clostridiaceae; g__Clostridium_sensu_stricto_1
7f9ad7f32702fa199b42b7ffb4dd4d2b	d__Bacteria; p__Proteobacteria; c__Gammaproteobacteria; o__Alteromonadales; f__Alteromonadaceae; g__Alteromonas
c51e790e73f25c68b2c55de4c0626c9a	d__Bacteria; p__Firmicutes; c__Clostridia; o__Lachnospirales; f__Lachnospiraceae
a1c9aacfb60b38d79adc4ea6b63243de	d__Bacteria; p__Firmicutes; c__Clostridia; o__Lachnospirales; f__Lachnospiraceae; g__Blautia
3d5db5a5717dd0983d02b621a11585f7	d__Bacteria; p__Firmicutes; c__Clostridia; o__Lachnospirales; f__Lachnospiraceae; g__Blautia
9c7bfd434c858dc33341aff046d40531	d__Bacteria; p__Firmicutes; c__Clostridia; o__Lachnospirales; f__Lachnospiraceae; g__Coprococcus
effa23680fdda1d5a84e96dd329b2526	d__Bacteria; p__Firmicutes; c__Clostridia; o__Lachnospirales; f__Lachnospiraceae; g__Blautia
1488f7eabfd69192119fa17a5949105c	d__Bacteria; p__Firmicutes; c__Clostridia; o__Lachnospirales; f__Lachnospiraceae; g__Blautia
3a9604b636b5b8998f56b7776a11031d	d__Bacteria; p__Firmicutes; c__Clostridia; o__Lachnospirales; f__Lachnospiraceae
afdacd1ce8df14bd797075bb7f5a0e23	d__Bacteria; p__Firmicutes; c__Clostridia; o__Lachnospirales; f__Lachnospiraceae
63a37cc4426ab760267e885210a160a2	d__Bacteria; p__Firmicutes; c__Clostridia; o__Lachnospirales; f__Lachnospiraceae
e5f93d84ba094206ce3d0580091e77bd	d__Bacteria; p__Firmicutes; c__Clostridia; o__Lachnospirales; f__Lachnospiraceae
ae9a93ca4bf221c58056c73fa18a6c69	d__Bacteria; p__Firmicutes; c__Clostridia; o__Lachnospirales; f__Lachnospiraceae
4f80f8b55b9c7ef2563979ccf550e2e5	d__Bacteria; p__Firmicutes; c__Clostridia; o__Lachnospirales; f__Lachnospiraceae
36a8baa2c547d364a3703ef918c568ff	d__Bacteria; p__Firmicutes; c__Clostridia; o__Lachnospirales; f__Lachnospiraceae
cd8927138678720346290c8e4a8582a1	d__Bacteria; p__Firmicutes; c__Clostridia; o__Lachnospirales; f__Lachnospiraceae
139ece1a03093dfc910cc9635bec57cb	d__Bacteria; p__Firmicutes; c__Clostridia; o__Lachnospirales; f__Lachnospiraceae; g__Roseburia
03fb5ac7b619efc56cb6cb77c23f4a73	d__Bacteria; p__Firmicutes; c__Clostridia; o__Lachnospirales; f__Lachnospiraceae; g__Roseburia
c51c4a6b751988cc7da560b72bb60e10	d__Bacteria; p__Firmicutes; c__Clostridia; o__Lachnospirales; f__Lachnospiraceae; g__Roseburia
d24804c9fc2fb7c366eb3ad0489fd3f4	d__Bacteria; p__Firmicutes; c__Clostridia; o__Lachnospirales; f__Lachnospiraceae
39c6edfada42fede49f4602572af6956	d__Bacteria; p__Firmicutes; c__Clostridia; o__Peptostreptococcales-Tissierellales; f__Peptostreptococcales-Tissierellales; g__Fenollaria
d190aa2da6ed0cb31e6e0b6b1f711085	d__Bacteria; p__Firmicutes; c__Clostridia; o__Lachnospirales; f__Lachnospiraceae
7bbcfcce8db393a2aecc0f04d17ec197	d__Bacteria; p__Firmicutes; c__Clostridia; o__Lachnospirales; f__Lachnospiraceae
d05b380ed3fd6130c282df1f16c5535e	d__Bacteria; p__Firmicutes; c__Clostridia; o__Lachnospirales; f__Lachnospiraceae
06ca9d0cf915e3a3862baff2a08feaca	d__Bacteria; p__Firmicutes; c__Clostridia; o__Oscillospirales
81ecbbadbd53b0a2d262d8f9d73029bc	d__Bacteria; p__Firmicutes; c__Clostridia; o__Lachnospirales; f__Lachnospiraceae
9f15585edcecf9d6d0fa9d5cd21c08ea	d__Bacteria; p__Firmicutes; c__Clostridia; o__Lachnospirales; f__Lachnospiraceae
58a337bf943057d5734126765bef5e70	d__Bacteria; p__Firmicutes; c__Clostridia; o__Lachnospirales; f__Lachnospiraceae
962077a4bcbd7d9e3f4123af9a4b7286	d__Bacteria; p__Firmicutes; c__Clostridia; o__Lachnospirales; f__Lachnospiraceae
ea32247608d9699503688e48e39bf37d	d__Bacteria; p__Firmicutes; c__Clostridia; o__Lachnospirales; f__Lachnospiraceae
0289c34d092b9e9d39d825db6c524605	d__Bacteria; p__Firmicutes; c__Clostridia; o__Lachnospirales; f__Lachnospiraceae
b2b627fd2eb8228b0335ef5f45defddb	d__Bacteria; p__Firmicutes; c__Clostridia; o__Lachnospirales; f__Lachnospiraceae
269cf63142de85478c9eb86fdcb98877	d__Bacteria; p__Firmicutes; c__Clostridia; o__Lachnospirales; f__Lachnospiraceae
f1f92a6bdab4b93a5d5d0dcbafbae6d9	d__Bacteria; p__Firmicutes; c__Clostridia; o__Lachnospirales; f__Lachnospiraceae; g__[Eubacterium]_ruminantium_group
b8975ec5b0497d105e879a5eba93f5ce	d__Bacteria; p__Firmicutes; c__Clostridia; o__Lachnospirales; f__Lachnospiraceae
ebd7a7ed90255857ca3109d1a23ae3b5	d__Bacteria; p__Firmicutes; c__Clostridia; o__Lachnospirales; f__Lachnospiraceae
4bbd7c74cea20d9e885d9bc876d769e3	d__Bacteria; p__Firmicutes; c__Clostridia; o__Lachnospirales; f__Lachnospiraceae; g__Moryella; s__human_gut
042ac20ab52348025fd6b0db4b2c1141	d__Bacteria; p__Firmicutes; c__Clostridia; o__Oscillospirales; f__Ruminococcaceae; g__UBA1819
cdc052c83859df097e677ceef0baf986	d__Bacteria; p__Firmicutes; c__Clostridia; o__Oscillospirales; f__Ruminococcaceae; g__Fournierella; s__uncultured_bacterium
96774a091374e05134b4db449cdf28fb	d__Bacteria; p__Firmicutes; c__Clostridia; o__Oscillospirales; f__Ruminococcaceae; g__Faecalibacterium
ac88275d10fc5d38fee077d159389ed2	d__Bacteria; p__Firmicutes; c__Clostridia; o__Oscillospirales; f__Ruminococcaceae; g__Faecalibacterium
5929a0ee3d7970d6b9ca2dcf34b3d0df	d__Bacteria; p__Firmicutes; c__Clostridia; o__Oscillospirales; f__Ruminococcaceae; g__Ruminococcus; s__Ruminococcus_callidus
f32210cc10b6c90f4a8065acb91266f0	d__Bacteria; p__Firmicutes; c__Clostridia; o__Peptostreptococcales-Tissierellales; f__Peptostreptococcales-Tissierellales; g__Parvimonas
3d3dde7240427186076a4c0e23340152	d__Bacteria; p__Firmicutes; c__Clostridia; o__Lachnospirales; f__Lachnospiraceae; g__Anaerostipes
a68675e79fde82a52c85a55544eb5831	d__Bacteria; p__Firmicutes; c__Clostridia; o__Lachnospirales; f__Lachnospiraceae
4b1c573e27608cb8fcf259fc7e115751	d__Bacteria; p__Desulfobacterota; c__Desulfovibrionia; o__Desulfovibrionales; f__Desulfovibrionaceae; g__Desulfovibrio; s__metagenome
2bd012f3cd7731a0ddd4426cf4819025	d__Bacteria; p__Desulfobacterota; c__Desulfovibrionia; o__Desulfovibrionales; f__Desulfovibrionaceae; g__Desulfovibrio; s__bacterium
cbb22d6ad7698685ac7c443ff0ecd2aa	d__Bacteria; p__Desulfobacterota; c__Desulfovibrionia; o__Desulfovibrionales; f__Desulfovibrionaceae; g__Bilophila
3ccfeda7db1af2d868f4dd36874edf2e	d__Bacteria; p__Firmicutes; c__Clostridia; o__Oscillospirales; f__Butyricicoccaceae; g__Butyricicoccus
3050f54102442bf1bd38e570a2d50bfe	d__Bacteria; p__Firmicutes; c__Clostridia
728336ed867bf27b971abb6f73ed58aa	d__Bacteria; p__Firmicutes; c__Clostridia; o__Monoglobales; f__Monoglobaceae; g__Monoglobus
57995de89542a40d19fa0df745ae8729	d__Bacteria; p__Firmicutes; c__Clostridia; o__Oscillospirales; f__Butyricicoccaceae; g__Butyricicoccus
675ac362f4f3a5438bfc4e13b5c1b190	d__Bacteria; p__Firmicutes; c__Clostridia; o__Monoglobales; f__Monoglobaceae; g__Monoglobus
b535e633dd626a45d050b23d49e90776	d__Bacteria; p__Firmicutes; c__Clostridia; o__Monoglobales; f__Monoglobaceae; g__Monoglobus; s__uncultured_bacterium
196e24aba5a23742be1e109bc41b6d73	d__Bacteria; p__Firmicutes; c__Clostridia; o__Lachnospirales; f__Lachnospiraceae; g__Butyrivibrio
297773b4eea7a1242ff7f263f0a7f395	d__Bacteria; p__Firmicutes; c__Clostridia; o__Lachnospirales; f__Lachnospiraceae; g__Hungatella
189d570a4c957f0fb07dc67908294d98	d__Bacteria; p__Firmicutes; c__Clostridia; o__Lachnospirales; f__Lachnospiraceae; g__Hungatella
83f0a38334f3c6b811c41031b2ab153c	d__Bacteria; p__Firmicutes; c__Clostridia; o__Oscillospirales; f__Oscillospiraceae; g__Oscillibacter
4b6c37f9dc3257cf479acfeea032f76e	d__Bacteria; p__Firmicutes; c__Clostridia; o__Christensenellales; f__Christensenellaceae; g__Christensenellaceae_R-7_group
13dad93b549d04c085afce7fe02a24c7	d__Bacteria; p__Firmicutes; c__Clostridia; o__Christensenellales; f__Christensenellaceae; g__Christensenellaceae_R-7_group
4e3aca4399ef6ffcbc591f5056af69f1	d__Bacteria; p__Firmicutes; c__Clostridia; o__Clostridia_vadinBB60_group; f__Clostridia_vadinBB60_group; g__Clostridia_vadinBB60_group; s__uncultured_organism
c970286e0b17c61db3e9a6dc3c7be53e	d__Bacteria; p__Firmicutes; c__Clostridia; o__Clostridia_vadinBB60_group; f__Clostridia_vadinBB60_group; g__Clostridia_vadinBB60_group; s__uncultured_organism
4c3e4c91bb678305f84634f21c072de6	d__Bacteria; p__Firmicutes; c__Clostridia; o__Clostridia_vadinBB60_group; f__Clostridia_vadinBB60_group; g__Clostridia_vadinBB60_group; s__gut_metagenome
87c931569b062f6779fe5b834226e283	d__Bacteria; p__Firmicutes; c__Clostridia; o__Oscillospirales; f__Oscillospiraceae; g__NK4A214_group
5ac7a5d57822494063181e8c3a903d72	d__Bacteria; p__Firmicutes; c__Clostridia; o__Oscillospirales; f__Oscillospiraceae; g__NK4A214_group
cc14c6806f31868accacdbce4e772118	d__Bacteria; p__Firmicutes; c__Clostridia; o__Oscillospirales; f__Oscillospiraceae; g__NK4A214_group
0d1b4daf213375a7d35f2293a1dd944e	d__Bacteria; p__Firmicutes; c__Clostridia; o__Oscillospirales; f__Oscillospiraceae; g__NK4A214_group; s__gut_metagenome
6b50648b3062cb928a511485b19bfe55	d__Bacteria; p__Firmicutes; c__Clostridia; o__Oscillospirales; f__Oscillospiraceae; g__NK4A214_group
7c68252437735d79d68f459e835dc3bd	d__Bacteria; p__Firmicutes; c__Clostridia; o__Oscillospirales; f__Oscillospiraceae; g__NK4A214_group
413ea2df5648edd90e5ba72926e78332	d__Bacteria; p__Firmicutes; c__Clostridia; o__Oscillospirales; f__UCG-010; g__UCG-010; s__unidentified
aa0c5ca7b6d9e2120adfbc7fc102d133	d__Bacteria; p__Firmicutes; c__Clostridia; o__Oscillospirales; f__UCG-010; g__UCG-010; s__unidentified
6366115b5a2443a3f7e73df16c5699a3	d__Bacteria; p__Firmicutes; c__Clostridia
4f2d38b5b4cdb8cb3ce181218d5f67dd	d__Bacteria; p__Firmicutes; c__Clostridia
56a8b8a77a2aba363271cd56e70e08b7	d__Bacteria; p__Firmicutes; c__Clostridia; o__Christensenellales; f__Christensenellaceae; g__Christensenellaceae_R-7_group; s__uncultured_prokaryote
3f46c3e78134e783b3d4b47e17c32b54	d__Bacteria; p__Firmicutes; c__Clostridia; o__Christensenellales; f__Christensenellaceae; g__Christensenellaceae_R-7_group
47ada234ceb2cbeab07f0ae275df6a93	d__Bacteria; p__Firmicutes; c__Clostridia; o__Christensenellales; f__Christensenellaceae; g__Christensenellaceae_R-7_group
9a493eebe1cb154b5acefa34121ac074	d__Bacteria; p__Firmicutes; c__Clostridia; o__Christensenellales; f__Christensenellaceae; g__Christensenellaceae_R-7_group
8868a7b70272f73a1764143a8d207c57	d__Bacteria; p__Firmicutes; c__Clostridia; o__Christensenellales; f__Christensenellaceae; g__Christensenellaceae_R-7_group
dd5180df110836f209e742e3daa5485b	d__Bacteria; p__Firmicutes; c__Clostridia; o__Christensenellales; f__Christensenellaceae; g__Christensenellaceae_R-7_group
3013346ed94e52fffa1591209f1e1408	d__Bacteria; p__Firmicutes; c__Clostridia; o__Christensenellales; f__Christensenellaceae; g__Christensenellaceae_R-7_group
8292571cc09edf6caf6094c86f00d708	d__Bacteria; p__Firmicutes; c__Clostridia; o__Christensenellales; f__Christensenellaceae; g__Christensenellaceae_R-7_group
40c29801f1200c13cd1997ffc4218e8d	d__Bacteria; p__Firmicutes; c__Clostridia; o__Oscillospirales; f__UCG-010; g__UCG-010
653b5500fdb69e495976fc323056d13b	d__Bacteria; p__Firmicutes; c__Clostridia; o__Oscillospirales; f__UCG-010; g__UCG-010
1e2c8efb9299c46ee9d7bbb6f29f97f4	d__Bacteria; p__Firmicutes; c__Clostridia; o__Oscillospirales; f__UCG-010; g__UCG-010; s__metagenome
d11e2fe385f4f8fa5472490cb2645784	d__Bacteria; p__Firmicutes; c__Clostridia; o__Christensenellales; f__Christensenellaceae; g__Christensenellaceae_R-7_group; s__bacterium_YE57
f015ce518cdcbd1a14358765f891f0aa	d__Bacteria; p__Firmicutes; c__Clostridia; o__Oscillospirales; f__Oscillospiraceae; g__Intestinimonas
fae548361c892aa77d7bfc646471412c	d__Bacteria; p__Firmicutes; c__Clostridia; o__Oscillospirales; f__Oscillospiraceae
d9c585c907812dec6c1681630bcfb443	d__Bacteria; p__Firmicutes; c__Clostridia; o__Oscillospirales; f__Oscillospiraceae; g__UCG-002
2a3e5a0662f70e216fd9d73c89bb1b6c	d__Bacteria; p__Firmicutes; c__Clostridia; o__Oscillospirales; f__Oscillospiraceae
12a3d8b2bc6abcc8533ac45f0a2713bb	d__Bacteria; p__Firmicutes; c__Clostridia; o__Oscillospirales; f__Oscillospiraceae; g__UCG-003
393b3244c8f2873b2488593c5a173294	d__Bacteria; p__Firmicutes; c__Clostridia; o__Oscillospirales; f__Oscillospiraceae
fce0c90cc7b065dcf014abacee3038b7	d__Bacteria; p__Firmicutes; c__Clostridia; o__Oscillospirales; f__Oscillospiraceae
871ab66d8b10fd6dc468b71c7db45f65	d__Bacteria; p__Firmicutes; c__Clostridia; o__Oscillospirales; f__Oscillospiraceae; g__Colidextribacter
00435683c675682af027d6f54479aed3	d__Bacteria; p__Firmicutes; c__Clostridia; o__Oscillospirales; f__Oscillospiraceae
a7df193dc09a27c5ad7f9675c90604f7	d__Bacteria; p__Firmicutes; c__Clostridia; o__Oscillospirales; f__Oscillospiraceae; g__Colidextribacter
79e0ab1588003fb52ab74341529f39ac	d__Bacteria; p__Firmicutes; c__Clostridia; o__Oscillospirales; f__Oscillospiraceae; g__uncultured
c4512b76f167b718ca346e7d8f48adc4	d__Bacteria; p__Firmicutes; c__Clostridia; o__Oscillospirales; f__Oscillospiraceae
034d1716c18e8b7fbb7277c687adb274	d__Bacteria; p__Firmicutes; c__Clostridia; o__Oscillospirales; f__Oscillospiraceae; g__UCG-002
e8b26182cb04c361dd4173d8e8ae0f5e	d__Bacteria; p__Firmicutes; c__Clostridia; o__Oscillospirales; f__Oscillospiraceae; g__UCG-002
f18c404bc0bd720b00f828ec1a9fd948	d__Bacteria; p__Firmicutes; c__Clostridia; o__Oscillospirales; f__Oscillospiraceae; g__UCG-002
9ee68344ded37048ba523c5942bb4d05	d__Bacteria; p__Firmicutes; c__Clostridia; o__Oscillospirales; f__Oscillospiraceae; g__Flavonifractor
a0d7e1df385f806feb774dade1d3af52	d__Bacteria; p__Firmicutes; c__Clostridia; o__Oscillospirales; f__Oscillospiraceae; g__UCG-002
6978cd7e4565fac1dd22b29f01adb9b5	d__Bacteria; p__Firmicutes; c__Clostridia
8b9f6c3ba3275fc9fc603e0674120842	d__Bacteria; p__Firmicutes; c__Clostridia; o__Christensenellales; f__Christensenellaceae; g__Christensenellaceae_R-7_group
b4885b5695e1bd92fbfc567d92cf066f	d__Bacteria; p__Firmicutes; c__Clostridia; o__Christensenellales; f__Christensenellaceae; g__Christensenellaceae_R-7_group
69594ae0411774bb42255ea23f1e74e1	d__Bacteria; p__Firmicutes; c__Clostridia; o__Oscillospirales; f__UCG-010; g__UCG-010; s__uncultured_organism
526768e5d5f4819274e98bf0b864aecd	d__Bacteria; p__Firmicutes; c__Clostridia; o__Oscillospirales; f__Oscillospiraceae
1c51a19bb1482cb692c8babc570e778c	d__Bacteria; p__Firmicutes; c__Clostridia; o__Oscillospirales; f__Oscillospiraceae; g__UCG-005
abd5a9b4a06e2c99e3efb8adfcd3a467	d__Bacteria; p__Firmicutes; c__Clostridia; o__Oscillospirales; f__Oscillospiraceae
3b820c9ba3cf0a138c272bf4a4678e13	d__Bacteria; p__Firmicutes; c__Clostridia; o__Oscillospirales; f__Oscillospiraceae; g__UCG-005
eac9c0caf1c4eac4194fb0770d3886fe	d__Bacteria; p__Firmicutes; c__Clostridia; o__Oscillospirales; f__Oscillospiraceae; g__UCG-005
8f4c003c886bf6813a841ae77c4b1945	d__Bacteria; p__Firmicutes; c__Clostridia; o__Christensenellales; f__Christensenellaceae; g__Christensenellaceae_R-7_group
f33e72a8349a07caad75d6f3a62cfdda	d__Bacteria; p__Firmicutes; c__Clostridia; o__Christensenellales; f__Christensenellaceae; g__Christensenellaceae_R-7_group
457c462cfad99ff7df8e192983e5f736	d__Bacteria; p__Firmicutes; c__Clostridia
9f07a10c25b4187b8d11eebdd868bad8	d__Bacteria; p__Firmicutes; c__Clostridia; o__Christensenellales; f__Christensenellaceae; g__uncultured
21d0810c175e6200db2f86b652c57b35	d__Bacteria; p__Firmicutes; c__Clostridia; o__Christensenellales; f__Christensenellaceae; g__Christensenellaceae_R-7_group
05905eba2036fd99d58549572808d303	d__Bacteria; p__Firmicutes; c__Clostridia; o__Christensenellales; f__Christensenellaceae; g__Christensenellaceae_R-7_group; s__uncultured_marine
4f697934c522ec9f822da3479d37fc52	d__Bacteria; p__Firmicutes; c__Clostridia
00051b39d85c6715cca5be2085d2bd23	d__Bacteria; p__Firmicutes; c__Negativicutes; o__Veillonellales-Selenomonadales; f__Veillonellaceae; g__Allisonella; s__uncultured_bacterium
dccd7b4bbece13e204a3f0b8dc7d18cf	d__Bacteria; p__Firmicutes; c__Negativicutes; o__Veillonellales-Selenomonadales; f__Veillonellaceae; g__Megasphaera
e72840983708e541286250a79887e35d	d__Bacteria; p__Firmicutes; c__Negativicutes; o__Veillonellales-Selenomonadales; f__Veillonellaceae; g__Dialister; s__Dialister_propionicifaciens
a280c585eb96f394a52a53383390805f	d__Bacteria; p__Firmicutes; c__Negativicutes; o__Veillonellales-Selenomonadales; f__Veillonellaceae; g__Dialister; s__Dialister_propionicifaciens
217f225d06f1a6b3a649f0d5d6aa80a6	d__Bacteria; p__Firmicutes; c__Negativicutes; o__Acidaminococcales; f__Acidaminococcaceae; g__Phascolarctobacterium; s__Ruminococcus_sp.
d683c04183bb8de18e1dc45eed9b2f10	d__Bacteria; p__Firmicutes; c__Negativicutes; o__Acidaminococcales; f__Acidaminococcaceae; g__Acidaminococcus
f1d359f70389bbce9831f2be4c6f6aa9	d__Bacteria; p__Firmicutes; c__Negativicutes; o__Veillonellales-Selenomonadales; f__Veillonellaceae; g__Veillonella
d233e9311f93fc54bf87f6d4b8f0ef90	d__Bacteria; p__Firmicutes; c__Negativicutes; o__Veillonellales-Selenomonadales; f__Veillonellaceae; g__Veillonella
263e1b7196f270a30a809f275b3743ac	d__Bacteria; p__Firmicutes; c__Negativicutes; o__Acidaminococcales; f__Acidaminococcaceae; g__Succiniclasticum
bdbeeccff5a96bc99faf7c1d78504a80	d__Bacteria; p__Firmicutes; c__Negativicutes; o__Veillonellales-Selenomonadales; f__Veillonellaceae; g__Dialister
5cfb5b62d9cf120fb48cd025107a6a23	d__Bacteria; p__Firmicutes; c__Negativicutes; o__Veillonellales-Selenomonadales; f__Veillonellaceae; g__Dialister
ab74b3f5848d6bee3a2bb40f2e80c6a9	d__Bacteria; p__Firmicutes; c__Negativicutes; o__Veillonellales-Selenomonadales; f__Selenomonadaceae; g__uncultured; s__Veillonellaceae_bacterium
c8adfea564d71ea06526df1b448dd700	d__Bacteria; p__Firmicutes; c__Clostridia; o__Peptococcales; f__Peptococcaceae; g__uncultured; s__uncultured_bacterium
4c12b250afbe754306523548057f82ae	d__Bacteria; p__Actinobacteriota; c__Coriobacteriia; o__Coriobacteriales; f__Coriobacteriaceae; g__Collinsella
cc5d48fdb70fa686533f858671a79283	d__Bacteria; p__Firmicutes; c__Clostridia; o__Peptostreptococcales-Tissierellales; f__Peptostreptococcales-Tissierellales; g__Anaerococcus
963bc13d0c57eb634ecf3f862e62e9c1	d__Bacteria; p__Actinobacteriota; c__Coriobacteriia; o__Coriobacteriales; f__Eggerthellaceae; g__uncultured; s__uncultured_bacterium
327474c93f247ff46b2ea3f000591c23	d__Bacteria; p__Actinobacteriota; c__Coriobacteriia; o__Coriobacteriales; f__Eggerthellaceae; g__Eggerthella
d9743104eb3414303dfbf33ff39e847a	d__Bacteria; p__Actinobacteriota; c__Coriobacteriia; o__Coriobacteriales; f__Eggerthellaceae; g__Senegalimassilia; s__uncultured_bacterium
11d7ae631c144bdbb1b2c6ac9534740b	d__Bacteria; p__Actinobacteriota; c__Coriobacteriia; o__Coriobacteriales; f__Eggerthellaceae; g__Slackia; s__Slackia_isoflavoniconvertens
22b5580311b4babf2c01c09d9d4beef0	d__Bacteria; p__Proteobacteria; c__Gammaproteobacteria; o__Burkholderiales; f__Sutterellaceae; g__Sutterella
59f2394a2dacacf3935a06f222c9be6b	d__Bacteria; p__Proteobacteria; c__Gammaproteobacteria; o__Burkholderiales; f__Sutterellaceae; g__Sutterella
0f85cbaf4bdcb820250825843efb93f4	d__Bacteria; p__Firmicutes; c__Clostridia; o__Oscillospirales; f__[Eubacterium]_coprostanoligenes_group; g__[Eubacterium]_coprostanoligenes_group
0ca08b122fd4d5124f0d92c341e1c9f3	d__Bacteria; p__Firmicutes; c__Clostridia; o__Lachnospirales; f__Lachnospiraceae
b34b041f9e6bca690f54c6a2b68a2822	d__Bacteria; p__Firmicutes; c__Clostridia; o__Lachnospirales; f__Lachnospiraceae
66a899e124a91cc4f4815960734e51b1	d__Bacteria; p__Firmicutes; c__Clostridia
3562cc5f2db2432447354ff7b4ea5857	d__Bacteria; p__Firmicutes; c__Clostridia; o__Oscillospirales; f__Ruminococcaceae
3bba76c7d668a44676ade88acf63ab3f	d__Bacteria; p__Firmicutes; c__Clostridia; o__Oscillospirales; f__[Eubacterium]_coprostanoligenes_group; g__[Eubacterium]_coprostanoligenes_group; s__uncultured_Clostridiales
5a212c77ac1e00301117aa01b52e8f18	d__Bacteria; p__Firmicutes; c__Clostridia; o__Oscillospirales; f__Ruminococcaceae; g__uncultured; s__human_gut
87c9c8d05469f7782fabfd87c608a099	d__Bacteria; p__Firmicutes; c__Clostridia; o__Oscillospirales; f__Ruminococcaceae; g__DTU089
75e9a7d98aa1752d3c34c72bb5666b8b	d__Bacteria; p__Firmicutes; c__Clostridia
5b7b4eb84afb9ca01111edde5333019f	d__Bacteria; p__Firmicutes; c__Clostridia; o__Oscillospirales; f__Ruminococcaceae; g__DTU089
40b7c501e865b2eb8173c9e69746e73a	d__Bacteria; p__Firmicutes; c__Clostridia; o__Oscillospirales; f__Ruminococcaceae
e5f83b00cfdc4468f147719c997c484c	d__Bacteria; p__Firmicutes; c__Clostridia; o__Oscillospirales; f__Ruminococcaceae; g__Incertae_Sedis; s__[Clostridium]_leptum
73b5de7b7948dd026614aca5a13aace2	d__Bacteria; p__Firmicutes; c__Clostridia; o__Oscillospirales; f__Ruminococcaceae; g__Incertae_Sedis; s__uncultured_organism
fa0ef7dfac0fa7dd1c51bef0053e0c2f	d__Bacteria; p__Firmicutes; c__Clostridia
4db205e1e46ec21a9f5dae0ae90c2366	d__Bacteria; p__Firmicutes; c__Clostridia; o__Oscillospirales; f__Ruminococcaceae; g__uncultured; s__gut_metagenome
f6bc5e312f6e7a11dac4f3a9b16d4474	d__Bacteria; p__Firmicutes; c__Clostridia; o__Lachnospirales; f__Lachnospiraceae
73c8e87d600ea60eb24098ab2e093b66	d__Bacteria; p__Firmicutes; c__Clostridia; o__Oscillospirales; f__Ruminococcaceae; g__Subdoligranulum
77254f0ac9ba73fe4331f15470d54d19	d__Bacteria; p__Firmicutes; c__Clostridia; o__Oscillospirales; f__Ruminococcaceae; g__Angelakisella; s__Ruminococcus_sp.
597d62fab430ac114f9ac66b9564695f	d__Bacteria; p__Firmicutes; c__Clostridia; o__Oscillospirales; f__Ruminococcaceae; g__Ruminococcus
c64f47d212321bdbf6a8310b60c6cf77	d__Bacteria; p__Firmicutes; c__Clostridia; o__Monoglobales; f__Monoglobaceae; g__Monoglobus
85b7d441a97ed75e91eb1a3d394498f4	d__Bacteria; p__Firmicutes; c__Clostridia; o__Oscillospirales; f__Ruminococcaceae; g__CAG-352; s__uncultured_bacterium
849fb319b454980ded1cf76d48d41dd0	d__Bacteria; p__Firmicutes; c__Clostridia
1b143a8c01e3ed8efa02782032cc330f	d__Bacteria; p__Firmicutes; c__Clostridia; o__Oscillospirales; f__Ruminococcaceae
8bbbf7f40fed3ff38f284c8acbd52983	d__Bacteria; p__Firmicutes; c__Clostridia; o__Oscillospirales; f__Ruminococcaceae; g__Ruminococcus
305da1aecd7e88cb2b64e09bf869d5f4	d__Bacteria; p__Firmicutes; c__Clostridia; o__Oscillospirales; f__Ruminococcaceae; g__[Eubacterium]_siraeum_group
153e7d1aeee14baecf75860dba485ec4	d__Bacteria; p__Firmicutes; c__Bacilli; o__RF39; f__RF39; g__RF39; s__uncultured_bacterium
efe5acb6204d555cc6180b815e253d0d	d__Bacteria; p__Firmicutes; c__Bacilli; o__RF39; f__RF39; g__RF39
c7fc2479d6b34faee6f45c0b098a3fe4	d__Bacteria; p__Firmicutes; c__Bacilli; o__RF39; f__RF39; g__RF39
91d53d64a6f4293f43bdb2628fa22599	d__Bacteria; p__Firmicutes; c__Clostridia
a6dbd3dac195db74b6fbfdc5498e53ad	d__Bacteria; p__Firmicutes; c__Clostridia; o__Clostridia_vadinBB60_group; f__Clostridia_vadinBB60_group; g__Clostridia_vadinBB60_group; s__uncultured_Thermoanaerobacterales
9e56ccad89e8d3a960e8ac24afa6aa08	d__Bacteria; p__Firmicutes; c__Bacilli; o__Erysipelotrichales; f__Erysipelotrichaceae; g__Holdemanella; s__uncultured_bacterium
0ed72712026f5449006201db090c592d	d__Bacteria; p__Firmicutes; c__Bacilli; o__Erysipelotrichales; f__Erysipelotrichaceae; g__[Clostridium]_innocuum_group
7083513b6e159cf2155088b09f2257b6	d__Bacteria; p__Bacteroidota; c__Bacteroidia; o__Bacteroidales; f__Prevotellaceae; g__Alloprevotella
ffc92df5d7eda5ae3533ffea0e872fbd	d__Bacteria; p__Bacteroidota; c__Bacteroidia; o__Bacteroidales; f__Bacteroidaceae; g__Bacteroides
eb91417ac91c8635f4a1da07a52a464d	d__Bacteria; p__Bacteroidota; c__Bacteroidia; o__Bacteroidales; f__Prevotellaceae; g__Prevotellaceae_NK3B31_group
2267fbc3fde1cafb9deabaecfb520552	d__Bacteria; p__Bacteroidota; c__Bacteroidia; o__Bacteroidales; f__Barnesiellaceae; g__Barnesiella
6d72c9e36680b98b88f8e54502fa4948	d__Bacteria; p__Actinobacteriota; c__Actinobacteria; o__Micrococcales; f__Micrococcaceae; g__Rothia
b5926e7340360afe4a19c9b7ea4319e4	d__Bacteria; p__Firmicutes; c__Clostridia; o__Clostridiales; f__Clostridiaceae; g__Clostridium_sensu_stricto_1
8a044f50257aceb35ece03951866fba6	d__Bacteria; p__Firmicutes; c__Clostridia; o__Peptostreptococcales-Tissierellales; f__Peptostreptococcales-Tissierellales; g__Fenollaria
d3840b9ca2990c2ac42bad58a7c849f6	d__Bacteria; p__Firmicutes; c__Clostridia
3c62c38b89dff89d130589fa93a5272a	d__Bacteria; p__Firmicutes; c__Clostridia; o__Clostridia_vadinBB60_group; f__Clostridia_vadinBB60_group; g__Clostridia_vadinBB60_group; s__gut_metagenome
f7030576ec90e1638083c9a04e2484c5	d__Bacteria; p__Firmicutes; c__Clostridia; o__Oscillospirales; f__Oscillospiraceae
a638c17e475a824932e7290a6f79c774	d__Bacteria; p__Firmicutes; c__Clostridia; o__Oscillospirales; f__Oscillospiraceae; g__Colidextribacter
d644427af25b6bc746059ccc561adb32	d__Bacteria; p__Firmicutes; c__Clostridia; o__Oscillospirales; f__Oscillospiraceae; g__UCG-005
a166ead09a655926243a11b0a72e566e	d__Bacteria; p__Firmicutes; c__Clostridia; o__Oscillospirales; f__Ruminococcaceae
6207f55df45698bd7dd688321e3f934a	d__Bacteria; p__Firmicutes; c__Negativicutes; o__Veillonellales-Selenomonadales; f__Veillonellaceae; g__Anaeroglobus; s__Anaeroglobus_geminatus
3e3ae358667b02d34259af1990df5f12	d__Bacteria; p__Firmicutes; c__Clostridia; o__Peptococcales; f__Peptococcaceae; g__uncultured
1d2767e663a276c0356a007dbcf17bad	d__Bacteria; p__Actinobacteriota; c__Coriobacteriia; o__Coriobacteriales; f__Eggerthellaceae; g__Slackia; s__Slackia_isoflavoniconvertens
dc33d968c92288554bf41fefc615d0f9	d__Bacteria; p__Proteobacteria; c__Gammaproteobacteria; o__Burkholderiales; f__Oxalobacteraceae
8f8675b210fbfa04e2718b5213400883	d__Bacteria; p__Firmicutes; c__Clostridia; o__Oscillospirales; f__Ruminococcaceae; g__Anaerotruncus
72f563a0bdc3b00cfa75ef3678559109	d__Bacteria; p__Firmicutes; c__Clostridia; o__Oscillospirales; f__Ruminococcaceae; g__DTU089
2278f9ce5719a2e97cc0fd89a262c689	d__Bacteria; p__Firmicutes; c__Clostridia; o__Oscillospirales; f__Ruminococcaceae
8c2233a34a96a19abde1fe4c8ca26869	d__Bacteria; p__Firmicutes; c__Clostridia; o__Oscillospirales; f__Ruminococcaceae; g__uncultured; s__gut_metagenome
91404afd6e1e21395629641e01b83799	d__Bacteria; p__Firmicutes; c__Bacilli; o__Erysipelotrichales; f__Erysipelatoclostridiaceae; g__Catenibacterium
719a4c41c2ddd02f3ef6283ba062c10e	d__Bacteria; p__Proteobacteria; c__Gammaproteobacteria; o__Enterobacterales; f__Enterobacteriaceae; g__Escherichia-Shigella
34fcdba821fed381643cacb83d16f02b	d__Bacteria; p__Firmicutes; c__Clostridia; o__Oscillospirales; f__[Eubacterium]_coprostanoligenes_group; g__[Eubacterium]_coprostanoligenes_group
6dcb1183ea75c48d162a0e877d612667	d__Bacteria; p__Firmicutes; c__Clostridia; o__Lachnospirales; f__Defluviitaleaceae; g__Defluviitaleaceae_UCG-011; s__uncultured_bacterium
32310d532b62d904008b367587a3099d	d__Bacteria; p__Firmicutes; c__Clostridia; o__Peptococcales; f__Peptococcaceae; g__uncultured
f3ad5db617c91a8b37574a2a1a60a04d	d__Bacteria; p__Firmicutes; c__Clostridia; o__Oscillospirales; f__[Eubacterium]_coprostanoligenes_group; g__[Eubacterium]_coprostanoligenes_group
b7cc2ee3475b6b40940df1e0eecb703c	d__Eukaryota
cf0322e8d5e5276903592e1e78d2bc68	d__Bacteria; p__Chloroflexi; c__Dehalococcoidia; o__SAR202_clade; f__SAR202_clade; g__SAR202_clade
60dc4e0c48123dd1a6e44bf2552043a9	d__Archaea; p__Euryarchaeota; c__Methanobacteria; o__Methanobacteriales; f__Methanobacteriaceae; g__Methanobrevibacter
6322b2ae71111080ca3478493082f76b	d__Bacteria; p__Firmicutes; c__Bacilli; o__Lactobacillales; f__Carnobacteriaceae; g__Granulicatella
86b1d5f48e69196c1899d33bc50588ea	d__Bacteria; p__Firmicutes; c__Bacilli; o__Lactobacillales; f__Streptococcaceae; g__Streptococcus
6d0fae53d424673d16b69b538ce82e52	d__Bacteria; p__Firmicutes; c__Clostridia; o__Clostridia_UCG-014; f__Clostridia_UCG-014; g__Clostridia_UCG-014
0b5d817c6770a83cc8827634ce763d26	d__Bacteria; p__Bacteroidota; c__Bacteroidia; o__Bacteroidales; f__Bacteroidaceae; g__Bacteroides
a52ec0dfe53df40eaca2e3dbfe321531	Unassigned
92479ca8c05a87cbadde04689d569a6c	d__Bacteria; p__Firmicutes; c__Clostridia; o__Peptostreptococcales-Tissierellales; f__Anaerovoracaceae; g__Family_XIII_AD3011_group; s__metagenome
005bd48969006a960ca82abb38b33dfe	d__Bacteria; p__Actinobacteriota; c__Actinobacteria; o__Bifidobacteriales; f__Bifidobacteriaceae; g__Bifidobacterium
ff0203976a82d5c40f9195dc83a9bc0c	d__Bacteria; p__Firmicutes; c__Clostridia; o__Oscillospirales; f__Ruminococcaceae
77e6baa77c404c10c5252a09bd65dee6	d__Bacteria; p__Desulfobacterota; c__Desulfovibrionia; o__Desulfovibrionales; f__Desulfovibrionaceae; g__uncultured
6d6b3e90fa4eb2f6e961b82599fac999	d__Bacteria; p__Firmicutes; c__Clostridia; o__Oscillospirales; f__Oscillospiraceae; g__UCG-005
14daa4f0a27c972b1e1586959829054f	d__Bacteria; p__Firmicutes; c__Negativicutes; o__Veillonellales-Selenomonadales; f__Veillonellaceae; g__Dialister
7a967f89123d4b91812a255628ccb4b5	d__Bacteria; p__Actinobacteriota; c__Coriobacteriia; o__Coriobacteriales; f__Eggerthellaceae; g__Slackia; s__Slackia_isoflavoniconvertens
6129f408ff80033192d1d860a76afdbc	d__Bacteria; p__Firmicutes; c__Clostridia; o__Oscillospirales; f__[Eubacterium]_coprostanoligenes_group; g__[Eubacterium]_coprostanoligenes_group
93e1be77467b2b03389ddb12aede742b	d__Bacteria; p__Firmicutes; c__Clostridia; o__Oscillospirales; f__Ruminococcaceae
9c50640727c281d1157d2db020003963	d__Bacteria; p__Firmicutes; c__Clostridia; o__Oscillospirales
feb8273763f690c62bf2ddab1e695913	d__Bacteria; p__Firmicutes; c__Clostridia; o__Oscillospirales; f__Ruminococcaceae
e429033514a0f460eea916edf692c2f4	d__Bacteria; p__Firmicutes; c__Clostridia; o__Monoglobales; f__Monoglobaceae; g__Monoglobus
c1cb96a00126c0d939ba08829274ba30	Unassigned
87cea9d2c9d3a34a85b2f532b1e1a2a1	d__Bacteria; p__Chloroflexi; c__Dehalococcoidia; o__SAR202_clade; f__SAR202_clade; g__SAR202_clade; s__uncultured_marine
22d816c8417733b96c562861668837ea	d__Archaea; p__Crenarchaeota; c__Nitrososphaeria; o__Nitrosopumilales; f__Nitrosopumilaceae; g__Nitrosopumilaceae; s__uncultured_euryarchaeote
627536fe71148fa87af2078a3c72b137	d__Archaea; p__Euryarchaeota; c__Methanobacteria; o__Methanobacteriales; f__Methanobacteriaceae; g__Methanobrevibacter
ad01347b952489d685d30b21b9e722c2	d__Bacteria; p__Actinobacteriota; c__Acidimicrobiia; o__Actinomarinales; f__Actinomarinaceae; g__Candidatus_Actinomarina
b09f9870f470c23e1d12f7cbcb4783d7	d__Bacteria; p__Firmicutes; c__Clostridia
dd5f37f052a73bd096dc571cec3a0c6d	d__Bacteria; p__Firmicutes; c__Clostridia; o__Lachnospirales; f__Lachnospiraceae
95562418885c87638f99a10e5a1e26b6	d__Bacteria; p__Firmicutes; c__Clostridia; o__Lachnospirales; f__Lachnospiraceae; g__[Eubacterium]_ventriosum_group
35bb47ce00ddfab820f8a1a0c875572a	d__Bacteria; p__Proteobacteria; c__Gammaproteobacteria; o__Aeromonadales; f__Succinivibrionaceae; g__Succinivibrio
af2ef4c079df5e9e9681c95f05bf5431	d__Bacteria; p__Actinobacteriota; c__Actinobacteria; o__KIST-JJY010; f__KIST-JJY010; g__KIST-JJY010; s__uncultured_actinobacterium
52eb6f7ee2a3981c039dd6ce6071fc64	d__Bacteria; p__Proteobacteria; c__Alphaproteobacteria; o__Parvibaculales; f__OCS116_clade; g__OCS116_clade
92a4651397ed7eb400a85296bbeedf98	d__Bacteria; p__Proteobacteria; c__Gammaproteobacteria; o__SAR86_clade; f__SAR86_clade; g__SAR86_clade
140ea39d38a1077da4538693c10756b4	d__Bacteria; p__Firmicutes; c__Clostridia; o__Christensenellales; f__Christensenellaceae
047c5433dd890cabf2eed391ea8cf74d	d__Bacteria; p__Firmicutes; c__Bacilli; o__Lactobacillales; f__Lactobacillaceae; g__Lactobacillus; s__Lactobacillus_ruminis
97b87635a50a2265949fa835771cb331	d__Bacteria; p__Firmicutes; c__Bacilli; o__Lactobacillales; f__Lactobacillaceae; g__Lactobacillus
234907a7c02827430d707ae476322b47	d__Bacteria; p__Firmicutes; c__Bacilli; o__Lactobacillales; f__Streptococcaceae; g__Streptococcus
76e1df4dddaa14997c37433d02706b7b	d__Bacteria; p__Firmicutes; c__Bacilli; o__Erysipelotrichales; f__Erysipelotrichaceae; g__Turicibacter
59687fa987f1fb38a5434c682d3edd78	d__Bacteria; p__Firmicutes; c__Bacilli; o__Bacillales; f__Bacillaceae; g__Fictibacillus
67d4191580250336c07655d1dbb216e1	d__Bacteria; p__Firmicutes; c__Bacilli; o__Lactobacillales; f__Streptococcaceae; g__Streptococcus
b9d985b2f77f3ad9c7132b6371e1035b	d__Bacteria; p__Actinobacteriota; c__Acidimicrobiia; o__Microtrichales; f__Microtrichaceae; g__Sva0996_marine_group
dbb1b7eb45482edc78b89d4ac57c11ac	d__Bacteria; p__Actinobacteriota; c__Acidimicrobiia; o__Microtrichales; f__Microtrichaceae
535d66f886a449eedfcc74b2d578046c	d__Bacteria; p__Firmicutes; c__Bacilli; o__Erysipelotrichales; f__Erysipelatoclostridiaceae; g__Erysipelatoclostridium
c67a7fcdb532568e3c949abe21a552bd	d__Bacteria; p__Firmicutes; c__Bacilli; o__Erysipelotrichales; f__Erysipelatoclostridiaceae; g__Erysipelatoclostridium; s__Massiliomicrobiota_timonensis
f3798e79eeca74828946d55d407bd564	d__Bacteria; p__Firmicutes; c__Bacilli; o__Erysipelotrichales; f__Erysipelotrichaceae; g__Holdemania
dbc7756453d2d496995c18a38e674d36	d__Bacteria; p__Firmicutes; c__Bacilli; o__Erysipelotrichales; f__Erysipelatoclostridiaceae; g__Erysipelatoclostridium
9142d864f2e183a5b16d20dc9ad7ff2b	d__Bacteria; p__Firmicutes; c__Bacilli; o__Erysipelotrichales; f__Erysipelatoclostridiaceae; g__Erysipelotrichaceae_UCG-003
7a523602903b4cce45beff0e9363a4d3	d__Bacteria; p__Firmicutes; c__Bacilli; o__Erysipelotrichales; f__Erysipelatoclostridiaceae; g__Erysipelotrichaceae_UCG-003
c1c2847af204358fea276c99a6af3ce1	d__Bacteria; p__Firmicutes; c__Bacilli; o__Erysipelotrichales; f__Erysipelatoclostridiaceae; g__Erysipelotrichaceae_UCG-003
dfc2a2a25fab7de6f63fdb12bf0e62dc	d__Bacteria; p__Firmicutes; c__Bacilli; o__Erysipelotrichales; f__Erysipelatoclostridiaceae; g__Catenibacterium; s__uncultured_bacterium
a5b8622c92b50ed292f7358313427ab1	d__Bacteria; p__Firmicutes; c__Bacilli; o__Erysipelotrichales; f__Erysipelatoclostridiaceae; g__Coprobacillus
274129b04df8d89f99df5ac900b6c02e	d__Bacteria; p__Firmicutes; c__Bacilli; o__Erysipelotrichales; f__Erysipelotrichaceae; g__Solobacterium; s__uncultured_bacterium
70caad903f677d7e189b6bb33289da59	d__Bacteria; p__Firmicutes; c__Bacilli; o__Erysipelotrichales; f__Erysipelatoclostridiaceae; g__Erysipelatoclostridium
460cae0347f6a96a925a85324d400e3b	d__Bacteria; p__Firmicutes; c__Bacilli; o__Erysipelotrichales; f__Erysipelatoclostridiaceae; g__Erysipelatoclostridium; s__[Clostridium]_saccharogumia
863afd3ee96ffab0301b23d7349efbb0	d__Bacteria; p__Firmicutes; c__Bacilli; o__Erysipelotrichales; f__Erysipelotrichaceae; g__Dielma; s__Dielma_sp.
c6c9d4946ff27f500f6943087cf87007	d__Bacteria; p__Firmicutes; c__Bacilli; o__Erysipelotrichales; f__Erysipelotrichaceae; g__Holdemanella
cb42d3d2badb78954abcd002023ab646	d__Bacteria; p__Firmicutes; c__Bacilli; o__Erysipelotrichales; f__Erysipelotrichaceae
a1b7f5b1fcc0adf603c8401f6eef43a8	d__Bacteria; p__Firmicutes; c__Bacilli; o__Erysipelotrichales; f__Erysipelotrichaceae; g__Merdibacter
7f93a8b8999078d512efd893f19f803b	d__Bacteria; p__Firmicutes; c__Bacilli; o__Erysipelotrichales; f__Erysipelotrichaceae; g__[Clostridium]_innocuum_group
90289a204f680aed6151b47771a65fe8	d__Bacteria; p__Firmicutes; c__Bacilli; o__Erysipelotrichales; f__Erysipelotrichaceae; g__Holdemanella
fc78db497186b25d367c8693a4024dd5	d__Bacteria; p__Firmicutes; c__Bacilli; o__Erysipelotrichales; f__Erysipelotrichaceae; g__Holdemanella
fa6078499f010235de1d250f440d633f	d__Bacteria; p__Firmicutes; c__Bacilli; o__Erysipelotrichales; f__Erysipelotrichaceae; g__Faecalitalea
1f8694b36780138e681db17be91bbbd1	d__Bacteria; p__Firmicutes; c__Bacilli; o__Erysipelotrichales; f__Erysipelotrichaceae; g__Erysipelotrichaceae; s__Faecalitalea_sp.
03153b3313ac991ac3f9eb50c84e1199	Unassigned
9e632271bbee4305f93b6f9a9bec7c6b	d__Bacteria; p__Verrucomicrobiota; c__Verrucomicrobiae; o__Verrucomicrobiales; f__Akkermansiaceae; g__Akkermansia
b6e1f6a458be46066f9290d464ec8c5e	d__Bacteria; p__Verrucomicrobiota; c__Chlamydiae; o__Chlamydiales; f__Simkaniaceae; g__Candidatus_Fritschea
b25bc583d64614501d1f2f87d74f0973	d__Bacteria; p__Firmicutes; c__Clostridia; o__Clostridia_UCG-014; f__Clostridia_UCG-014; g__Clostridia_UCG-014
ad92ebcb6d0860f24e479a4eee7bf825	d__Bacteria; p__Firmicutes; c__Clostridia; o__Clostridia_UCG-014; f__Clostridia_UCG-014; g__Clostridia_UCG-014
995efbe8ceed6f5e6d90c331d5a69c2b	d__Bacteria; p__Firmicutes; c__Clostridia; o__Clostridia_UCG-014; f__Clostridia_UCG-014; g__Clostridia_UCG-014
cd7513b82911f27aa558e071e1eb5e1c	d__Bacteria; p__Firmicutes; c__Clostridia; o__Clostridia_UCG-014; f__Clostridia_UCG-014; g__Clostridia_UCG-014
d6b59a4f21ccf1960d5090bcd8ef8049	d__Bacteria; p__Firmicutes; c__Clostridia; o__Clostridia_UCG-014; f__Clostridia_UCG-014; g__Clostridia_UCG-014
7a921fc35aaeec32696fb17a5b2efca7	d__Bacteria; p__Firmicutes; c__Clostridia; o__Clostridia_UCG-014; f__Clostridia_UCG-014; g__Clostridia_UCG-014
cf0a3da487f8f19c01acc0b45b34d5bc	d__Bacteria; p__Firmicutes; c__Clostridia; o__Clostridia_UCG-014; f__Clostridia_UCG-014; g__Clostridia_UCG-014
d6457a22ad33ba981eae4b473afb675b	d__Bacteria; p__Firmicutes; c__Clostridia; o__Clostridia_UCG-014; f__Clostridia_UCG-014; g__Clostridia_UCG-014
aa5d8549062385cb5e292864492e860b	d__Bacteria; p__Firmicutes; c__Clostridia; o__Clostridia_UCG-014; f__Clostridia_UCG-014; g__Clostridia_UCG-014
d4a1c007ea6da08aefbd61bfb4af094c	d__Bacteria; p__Firmicutes; c__Clostridia; o__Clostridia_UCG-014; f__Clostridia_UCG-014; g__Clostridia_UCG-014
b61e971de3a3a891306cef01f714bbd5	d__Bacteria; p__Firmicutes; c__Clostridia; o__Clostridia_UCG-014; f__Clostridia_UCG-014; g__Clostridia_UCG-014
d7e6fdc9b0d39c7c7a7eb3267e168741	d__Bacteria; p__Firmicutes; c__Clostridia; o__Clostridia_UCG-014; f__Clostridia_UCG-014; g__Clostridia_UCG-014
d3ad938765fad2230a778f839b4d39e0	d__Bacteria; p__Firmicutes; c__Clostridia; o__Clostridia_UCG-014; f__Clostridia_UCG-014; g__Clostridia_UCG-014
31f6badd3fc4d5472321ad92127c993f	d__Bacteria; p__Firmicutes; c__Clostridia; o__Clostridia_UCG-014; f__Clostridia_UCG-014; g__Clostridia_UCG-014
886a755fd9889d578ce2cf6b40a0595a	d__Bacteria; p__Firmicutes; c__Clostridia; o__Clostridia_UCG-014; f__Clostridia_UCG-014; g__Clostridia_UCG-014
7f6a8ff2af9fc558507980a404ca27b2	d__Bacteria; p__Firmicutes; c__Clostridia; o__Clostridia_UCG-014; f__Clostridia_UCG-014; g__Clostridia_UCG-014
034d379a6b65aaa8ba51e5c6559032ee	d__Bacteria; p__Proteobacteria; c__Alphaproteobacteria; o__Puniceispirillales; f__SAR116_clade; g__SAR116_clade; s__marine_metagenome
afbc97c440dea98165746a260a0a7d35	d__Bacteria; p__Proteobacteria; c__Gammaproteobacteria; o__KI89A_clade; f__KI89A_clade; g__KI89A_clade
09dc43a78f6232ff0a41b9ad1e384d46	d__Bacteria; p__Proteobacteria; c__Alphaproteobacteria; o__Rickettsiales; f__Rickettsiales; g__Rickettsiales; s__uncultured_bacterium
eaacae526016f24cda42fef2d874cec3	d__Bacteria; p__Proteobacteria; c__Alphaproteobacteria; o__Rhodospirillales; f__uncultured; g__uncultured; s__gut_metagenome
b0e26441c7693b2b5b55f11725dcca28	d__Bacteria; p__Proteobacteria; c__Alphaproteobacteria; o__Rhodospirillales; f__uncultured; g__uncultured; s__gut_metagenome
4847bec8dd75b3e38f0ee146d28feb9b	d__Bacteria; p__Proteobacteria; c__Alphaproteobacteria; o__Rhodospirillales; f__uncultured; g__uncultured
fbd5730c28db827c3d7fbac0e750150f	d__Bacteria; p__Bacteroidota; c__Bacteroidia; o__Bacteroidales; f__Bacteroidaceae; g__Bacteroides; s__Bacteroides_plebeius
83c8360975733e26bb4462f3b61173b1	d__Bacteria; p__Bacteroidota; c__Bacteroidia; o__Bacteroidales; f__Bacteroidaceae; g__Bacteroides; s__Bacteroides_plebeius
2fbb009564422a6e7d3ed0f3d7d8c4e7	d__Bacteria; p__Bacteroidota; c__Bacteroidia; o__Bacteroidales; f__Bacteroidaceae; g__Bacteroides; s__Bacteroides_massiliensis
7f446db26ea97e9490e4d298a55efddb	d__Bacteria; p__Bacteroidota; c__Bacteroidia; o__Bacteroidales; f__Bacteroidaceae; g__Bacteroides
1a629895f676a383ffb9afae249c1404	d__Bacteria; p__Bacteroidota; c__Bacteroidia; o__Bacteroidales; f__Bacteroidaceae; g__Bacteroides
185608487136bca2848fecb264fa660d	d__Bacteria; p__Bacteroidota; c__Bacteroidia; o__Bacteroidales; f__Bacteroidaceae; g__Bacteroides
a1877f4eedc70e96f90d5e9cce0f9ffb	d__Bacteria; p__Bacteroidota; c__Bacteroidia; o__Bacteroidales; f__Bacteroidaceae; g__Bacteroides
489fd5dc7cc70c0efba05131abf5cbf3	d__Bacteria; p__Bacteroidota; c__Bacteroidia; o__Bacteroidales; f__Bacteroidaceae; g__Bacteroides
bdfab16dce0c8391813d106374475f43	d__Bacteria; p__Bacteroidota; c__Bacteroidia; o__Bacteroidales; f__Prevotellaceae; g__Prevotella
009ae86807bdd97017db04f8f5a323b3	d__Bacteria; p__Bacteroidota; c__Bacteroidia; o__Bacteroidales; f__Prevotellaceae; g__Prevotella
152588cefb16c4ca3de3288d0022b813	d__Bacteria; p__Bacteroidota; c__Bacteroidia; o__Bacteroidales; f__Prevotellaceae; g__Prevotella
f283ccecf08ffb91db72fd26e81c6281	d__Bacteria; p__Bacteroidota; c__Bacteroidia; o__Bacteroidales; f__Rikenellaceae; g__Alistipes; s__Alistipes_shahii
5c254c56088ab2a5cb7e30bbb2158f83	d__Bacteria; p__Bacteroidota; c__Bacteroidia; o__Bacteroidales; f__Rikenellaceae; g__Alistipes; s__Alistipes_shahii
3e23bc973a414a8da08577c22fd2bdb4	d__Bacteria; p__Bacteroidota; c__Bacteroidia; o__Bacteroidales; f__Rikenellaceae; g__Alistipes
e3a28b895216f86bb8a659ddaf11f377	d__Bacteria; p__Bacteroidota; c__Bacteroidia; o__Bacteroidales; f__Rikenellaceae; g__Alistipes; s__Alistipes_finegoldii
dcdbfee7ee7677e3fcba56f21d93ae57	d__Bacteria; p__Bacteroidota; c__Bacteroidia; o__Bacteroidales; f__Rikenellaceae; g__Alistipes; s__Alistipes_indistinctus
1824f6283e92ae198a1329a47bf2f96c	d__Bacteria; p__Bacteroidota; c__Bacteroidia; o__Bacteroidales; f__Rikenellaceae; g__Alistipes
3d69c01820c02ebe0c950d1efd4eeb34	d__Bacteria; p__Bacteroidota; c__Bacteroidia; o__Bacteroidales; f__Bacteroidaceae; g__Bacteroides; s__Bacteroides_caccae
b40aafd7c1c964204a836b1f71ad8f0e	d__Bacteria; p__Bacteroidota; c__Bacteroidia; o__Bacteroidales; f__Bacteroidaceae; g__Bacteroides
181946a1b3f8376d8ba84cf41cd66b11	d__Bacteria; p__Bacteroidota; c__Bacteroidia; o__Bacteroidales; f__Rikenellaceae; g__Alistipes; s__Alistipes_sp.
3ebc91ebc03afada25b0af61c1b5f039	d__Bacteria; p__Bacteroidota; c__Bacteroidia; o__Bacteroidales; f__Rikenellaceae; g__Alistipes
a019d89122535414c431073e8691b361	d__Bacteria; p__Bacteroidota; c__Bacteroidia; o__Bacteroidales; f__Bacteroidaceae; g__Bacteroides
aecc92d1852c69d073d81cd700537136	d__Bacteria; p__Bacteroidota; c__Bacteroidia; o__Bacteroidales; f__Tannerellaceae; g__Parabacteroides; s__Parabacteroides_merdae
b5ac18214822a79a12fe930cbedea4af	d__Bacteria; p__Bacteroidota; c__Bacteroidia; o__Bacteroidales; f__Tannerellaceae; g__Parabacteroides; s__Parabacteroides_johnsonii
d6d1c3278c75da773f7640b470ae240f	d__Bacteria; p__Bacteroidota; c__Bacteroidia; o__Bacteroidales; f__Tannerellaceae; g__Parabacteroides
aa2ae8a81b3ee6a0c513c772c38711bc	d__Bacteria; p__Bacteroidota; c__Bacteroidia; o__Bacteroidales; f__Bacteroidaceae; g__Bacteroides
91f0b23a4d0b8061ee88b7d90cf62d07	d__Bacteria; p__Bacteroidota; c__Bacteroidia; o__Bacteroidales; f__Bacteroidaceae; g__Bacteroides
b5fa7cd631cea3687ebf9a5353a4ceb4	d__Bacteria; p__Bacteroidota; c__Bacteroidia; o__Bacteroidales; f__Prevotellaceae; g__Prevotellaceae_NK3B31_group
756d9346057a14492e8b00b4a2080ef1	d__Bacteria; p__Bacteroidota; c__Bacteroidia; o__Bacteroidales; f__Prevotellaceae; g__Prevotella
7117d37f075a1dceb3aed6ee50de3062	d__Bacteria; p__Bacteroidota; c__Bacteroidia; o__Bacteroidales; f__Prevotellaceae; g__Prevotella
9df8ce617465ba58dfb1352d1da730c4	d__Bacteria; p__Bacteroidota; c__Bacteroidia; o__Bacteroidales; f__Bacteroidaceae; g__Bacteroides
637b2cda396801836fd3cb69c00062c6	d__Bacteria; p__Bacteroidota; c__Bacteroidia; o__Bacteroidales; f__Bacteroidaceae; g__Bacteroides
8d0d14271f5825c7ea15bbcd21107c31	d__Bacteria; p__Bacteroidota; c__Bacteroidia; o__Bacteroidales; f__Muribaculaceae; g__Muribaculaceae; s__uncultured_Porphyromonadaceae
bb6538ee79fde26b6cccf57900c0bb6e	d__Bacteria; p__Bacteroidota; c__Bacteroidia; o__Bacteroidales; f__Muribaculaceae; g__Muribaculaceae; s__uncultured_Porphyromonadaceae
d892c5479de75f6c6d92b6e79dd95912	d__Bacteria; p__Bacteroidota; c__Bacteroidia; o__Bacteroidales; f__Bacteroidaceae; g__Bacteroides
008923d6e588efa3968f7c7e8416902b	d__Bacteria; p__Bacteroidota; c__Bacteroidia; o__Bacteroidales; f__Rikenellaceae; g__Alistipes; s__Alistipes_inops
c3143cff4999f81746542d5dc3053bed	d__Bacteria; p__Bacteroidota; c__Bacteroidia; o__Bacteroidales; f__Prevotellaceae; g__Paraprevotella; s__uncultured_bacterium
64942b30ad127f4acaff24b228fc562d	d__Bacteria; p__Bacteroidota; c__Bacteroidia; o__Bacteroidales; f__Prevotellaceae; g__Paraprevotella
43698bb270c45a6ca64d1dd40216f2cf	d__Bacteria; p__Bacteroidota; c__Bacteroidia; o__Bacteroidales; f__Tannerellaceae; g__Parabacteroides
afd1e92eeab90f7979fac75226809902	d__Bacteria; p__Bacteroidota; c__Bacteroidia; o__Bacteroidales; f__Barnesiellaceae; g__Barnesiella
a0a5b479afe0e586cf39f9303d1311eb	d__Bacteria; p__Bacteroidota; c__Bacteroidia; o__Bacteroidales; f__Barnesiellaceae; g__Barnesiella
2dea3d76e93a0b67a1cbc303e6bb48c7	d__Bacteria; p__Patescibacteria; c__Saccharimonadia; o__Saccharimonadales; f__Saccharimonadaceae
4d14943b6c218003276f24e11fd33948	d__Bacteria; p__Marinimicrobia_(SAR406_clade); c__Marinimicrobia_(SAR406_clade); o__Marinimicrobia_(SAR406_clade); f__Marinimicrobia_(SAR406_clade); g__Marinimicrobia_(SAR406_clade); s__Alteromonas_macleodii
7fd6a84ec901a567ecac34c70458b465	d__Bacteria; p__Marinimicrobia_(SAR406_clade); c__Marinimicrobia_(SAR406_clade); o__Marinimicrobia_(SAR406_clade); f__Marinimicrobia_(SAR406_clade); g__Marinimicrobia_(SAR406_clade)
f8f6b532c87c60c9e63237599ea07e71	d__Bacteria; p__Firmicutes; c__Clostridia; o__Oscillospirales; f__Ruminococcaceae; g__Incertae_Sedis
5d95c415a48f5d221eebd616151a2f71	d__Bacteria; p__Firmicutes; c__Clostridia; o__Oscillospirales; f__Ruminococcaceae
bb947d942e2e1eda64655be8f062d64f	d__Bacteria; p__Firmicutes; c__Clostridia; o__Oscillospirales; f__Ruminococcaceae; g__Incertae_Sedis
6e6dac1b79b9a3b9d8be526aa4c5bccd	d__Bacteria; p__Firmicutes; c__Clostridia; o__Oscillospirales; f__Ruminococcaceae
394ad6567dc627c7d6a1edaf4c5b9cf0	d__Bacteria; p__Firmicutes; c__Clostridia; o__Oscillospirales; f__Ruminococcaceae
f521102559cd53305177bb68f8def7f0	d__Bacteria; p__Firmicutes; c__Clostridia; o__Oscillospirales; f__Ruminococcaceae; g__Incertae_Sedis
a2c04c528a61042041d9b93b7c182940	d__Bacteria; p__Firmicutes; c__Clostridia; o__Oscillospirales; f__Ruminococcaceae; g__Incertae_Sedis
2a1a7e3df71ef62cd6de62deda9cdbb6	d__Bacteria; p__Firmicutes; c__Clostridia; o__Oscillospirales; f__Ruminococcaceae; g__Incertae_Sedis
7121868201431e72fb10f66bd8e4c524	d__Bacteria; p__Firmicutes; c__Clostridia; o__Oscillospirales; f__Ruminococcaceae; g__Incertae_Sedis
fe0400575193d0291b162f6052495bf1	d__Bacteria; p__Firmicutes; c__Clostridia; o__Oscillospirales; f__Ruminococcaceae; g__Incertae_Sedis
a88ce33793b8a38cba1256959c2d2167	d__Bacteria; p__SAR324_clade(Marine_group_B); c__SAR324_clade(Marine_group_B); o__SAR324_clade(Marine_group_B); f__SAR324_clade(Marine_group_B); g__SAR324_clade(Marine_group_B)
2e94b41fc721e0ab0ac4607bc7b27a4b	d__Bacteria; p__Firmicutes; c__Clostridia; o__Lachnospirales; f__Lachnospiraceae
ad334b3ba23f14a4f12e89fc49c77117	d__Bacteria; p__Firmicutes; c__Clostridia; o__Lachnospirales; f__Lachnospiraceae; g__Dorea
8dc457493bf07a0e779f871cf3ffda4a	d__Bacteria; p__Firmicutes; c__Clostridia; o__Oscillospirales; f__Ruminococcaceae; g__Fournierella; s__uncultured_organism
ab0c723a0907d90cb39d8e7a35d7b88e	d__Bacteria; p__Firmicutes; c__Clostridia; o__Oscillospirales; f__Ruminococcaceae
d4f1274c9b4c0027776b436e5f85869f	d__Bacteria; p__Firmicutes; c__Clostridia; o__Oscillospirales; f__Ruminococcaceae
06021a7733cb19eb85a4922ac86db598	d__Bacteria; p__Firmicutes; c__Clostridia; o__Lachnospirales; f__Lachnospiraceae
dccc0329eb77ab7ac01da5e6619358e8	d__Bacteria; p__Firmicutes; c__Clostridia; o__Lachnospirales; f__Lachnospiraceae; g__[Eubacterium]_eligens_group
0f22f7b412ee562d5caa12600de2a5aa	d__Bacteria; p__Firmicutes; c__Clostridia; o__Lachnospirales; f__Lachnospiraceae; g__Lachnospira
cac81183b2c4a1c58d0d4b3ed9227e08	d__Bacteria; p__Firmicutes; c__Clostridia; o__Lachnospirales; f__Lachnospiraceae; g__Lachnospiraceae_ND3007_group
34daf728ede6a4858d4664ec13146e4f	d__Bacteria; p__Firmicutes; c__Clostridia; o__Lachnospirales; f__Lachnospiraceae
77dee284630e2421486dc2c490f8a6cc	d__Bacteria; p__Firmicutes; c__Clostridia; o__Oscillospirales; f__Ruminococcaceae; g__Ruminococcus; s__Ruminococcus_bicirculans
6bbc0e391b3f7e5e96736cb928cacf3d	d__Bacteria; p__Firmicutes; c__Clostridia; o__Oscillospirales; f__Ruminococcaceae; g__Ruminococcus; s__Ruminococcus_bicirculans
e1cb0035a902c88922b199da5dacad1c	d__Bacteria; p__Firmicutes; c__Clostridia; o__Oscillospirales; f__Ruminococcaceae; g__Ruminococcus; s__gut_metagenome
80ac56f280c09a27f573bdf50644be59	d__Bacteria; p__SAR324_clade(Marine_group_B); c__SAR324_clade(Marine_group_B); o__SAR324_clade(Marine_group_B); f__SAR324_clade(Marine_group_B); g__SAR324_clade(Marine_group_B); s__marine_metagenome
910335d5ab9c8785d15d44982129ee24	d__Bacteria; p__SAR324_clade(Marine_group_B); c__SAR324_clade(Marine_group_B); o__SAR324_clade(Marine_group_B); f__SAR324_clade(Marine_group_B); g__SAR324_clade(Marine_group_B); s__hydrothermal_vent
71e22cfa988afe87efcebbf5ba429dae	d__Bacteria; p__Firmicutes; c__Clostridia; o__Oscillospirales; f__Ruminococcaceae; g__Ruminococcus
9454cc356b3ba4e1918cf32df019e15e	d__Bacteria; p__Firmicutes; c__Clostridia; o__Peptostreptococcales-Tissierellales; f__Anaerovoracaceae
f97565615066d1011a6718576b2fa6f6	d__Bacteria; p__Firmicutes; c__Clostridia; o__Peptostreptococcales-Tissierellales; f__Anaerovoracaceae
749eb4899afe2178bb655b87818d9f16	d__Bacteria; p__Firmicutes; c__Clostridia; o__Peptostreptococcales-Tissierellales; f__Anaerovoracaceae; g__[Eubacterium]_nodatum_group; s__Ihubacter_massiliensis
7a7e99f205e4ea0376603e1293914b70	d__Bacteria; p__Firmicutes; c__Clostridia; o__Lachnospirales; f__Lachnospiraceae; g__Tyzzerella; s__Anaerotignum_lactatifermentans
62217743b408725eb2295c92502f516e	d__Bacteria; p__Firmicutes; c__Clostridia; o__Lachnospirales; f__Lachnospiraceae
f6048d1b14448c9e24472f37035cce85	d__Bacteria; p__Firmicutes; c__Clostridia; o__Peptostreptococcales-Tissierellales; f__Peptostreptococcaceae
29f9bb034a7ad83e5d4abaae23b032d7	d__Bacteria; p__Firmicutes; c__Clostridia; o__Peptostreptococcales-Tissierellales; f__Peptostreptococcaceae
d9e0763b54b35644c4c4568f3bc3204c	d__Bacteria; p__Firmicutes; c__Clostridia; o__Oscillospirales; f__[Eubacterium]_coprostanoligenes_group; g__[Eubacterium]_coprostanoligenes_group; s__human_gut
ed928c933b25d12eec7b459fee57e717	d__Bacteria; p__Firmicutes; c__Clostridia; o__Oscillospirales; f__[Eubacterium]_coprostanoligenes_group; g__[Eubacterium]_coprostanoligenes_group
984465393d2495418e6b8a7c52f2106d	d__Bacteria; p__Firmicutes; c__Clostridia; o__Lachnospirales; f__Lachnospiraceae
3fdacf5becef85acf7079425c603539e	d__Bacteria; p__Proteobacteria; c__Gammaproteobacteria
af46f9c45c5933d7d69d2de4336d6eee	d__Bacteria; p__Proteobacteria; c__Gammaproteobacteria
6946e97c538064280ea1e27a0e12b22e	d__Bacteria; p__Proteobacteria; c__Gammaproteobacteria
a42d1ea04a8a2694bab617925a62992a	d__Bacteria; p__Proteobacteria; c__Gammaproteobacteria; o__UBA10353_marine_group; f__UBA10353_marine_group; g__UBA10353_marine_group; s__hydrothermal_vent
20b14cbe870325b46a03344d2506d0aa	d__Bacteria; p__Proteobacteria; c__Gammaproteobacteria; o__UBA10353_marine_group; f__UBA10353_marine_group; g__UBA10353_marine_group
67dcc577ab6cebc751d9df10af3d5ab1	d__Bacteria; p__Proteobacteria; c__Gammaproteobacteria; o__UBA10353_marine_group; f__UBA10353_marine_group; g__UBA10353_marine_group
cd9b9fa0e1844e4d8e483a0c23a1c32b	d__Bacteria; p__Firmicutes; c__Clostridia; o__Lachnospirales; f__Lachnospiraceae
850719b4949b0ff332e97c7dedb3ec05	d__Bacteria; p__Firmicutes; c__Clostridia; o__Lachnospirales; f__Lachnospiraceae
97d5916efca0e8728a317d43857b26f4	d__Bacteria; p__Firmicutes; c__Clostridia; o__Lachnospirales; f__Lachnospiraceae; g__Agathobacter
2aa2d47351303cb5155bc5fc84a86e00	d__Bacteria; p__Firmicutes; c__Clostridia; o__Oscillospirales; f__Ruminococcaceae; g__Candidatus_Soleaferrea; s__Candidatus_Soleaferrea
a6359465efa5a0420a9981009d053678	d__Bacteria; p__Firmicutes; c__Clostridia; o__Lachnospirales; f__Lachnospiraceae; g__Lachnoclostridium
62fa3be57eedc9cd6c865f4399342ee1	d__Bacteria; p__Firmicutes; c__Clostridia; o__Lachnospirales; f__Lachnospiraceae
ec17d50518747c7295c68f3f0cf7c830	d__Bacteria; p__Firmicutes; c__Clostridia; o__Lachnospirales; f__Lachnospiraceae
32692bb6b2d971f307f2f92f1952a334	d__Bacteria; p__Firmicutes; c__Clostridia; o__Lachnospirales; f__Lachnospiraceae
208612bd05b850a26116331e62f591cf	d__Bacteria; p__Firmicutes; c__Clostridia; o__Lachnospirales; f__Lachnospiraceae
a983b09e2f9ded59da8f3c83462b9d46	d__Bacteria; p__Firmicutes; c__Clostridia; o__Lachnospirales; f__Lachnospiraceae
0fede466042e6aafd61416f1f711bdcd	d__Bacteria; p__Firmicutes; c__Clostridia; o__Lachnospirales; f__Lachnospiraceae
727b415bccc0c57492519cc0bf20b10e	d__Bacteria; p__Firmicutes; c__Clostridia; o__Oscillospirales; f__[Eubacterium]_coprostanoligenes_group; g__[Eubacterium]_coprostanoligenes_group
550fb287e6bca05fff0b4f14a16ee179	d__Bacteria; p__Proteobacteria; c__Gammaproteobacteria
bf3265655379d724d9d08ed36253144a	d__Bacteria; p__Proteobacteria; c__Gammaproteobacteria
00d0eeae21cb4590a3e8a91bd224c2c1	d__Bacteria; p__Proteobacteria; c__Gammaproteobacteria; o__Enterobacterales; f__Enterobacteriaceae; g__Escherichia-Shigella
ca0a2fee52c265ba1443f39b423383ae	d__Bacteria; p__Proteobacteria; c__Gammaproteobacteria; o__Enterobacterales; f__Enterobacteriaceae; g__Escherichia-Shigella
0fe24a965abbe1c3f3246af411a2213e	d__Bacteria; p__Proteobacteria; c__Gammaproteobacteria; o__Enterobacterales; f__Enterobacteriaceae
cbabfeda8fda8b49dd96d2956062327d	d__Bacteria; p__Proteobacteria; c__Gammaproteobacteria; o__Vibrionales; f__Vibrionaceae; g__Vibrio
7a7845a7b1fb183efe4e67b8cb4dbac4	d__Bacteria; p__Proteobacteria; c__Gammaproteobacteria; o__Enterobacterales; f__Enterobacteriaceae
f6f1fbed93f7923d0cae6203874006f4	d__Bacteria; p__Proteobacteria; c__Gammaproteobacteria; o__Enterobacterales; f__Enterobacteriaceae
c34bd2e17d2ff9972cd841c15c090fd8	d__Bacteria; p__Proteobacteria; c__Gammaproteobacteria; o__Enterobacterales; f__Enterobacteriaceae
944eef9c0c74d2db34af32c8ef98fc5f	d__Bacteria; p__Proteobacteria; c__Gammaproteobacteria; o__Alteromonadales; f__Pseudoalteromonadaceae; g__Pseudoalteromonas
4ab43504be772e1174f82cca06aaedcf	d__Bacteria; p__Proteobacteria; c__Gammaproteobacteria; o__Vibrionales; f__Vibrionaceae; g__Vibrio
f59f7e4f3f7f3000f2e18364052ad208	d__Bacteria; p__Firmicutes; c__Clostridia; o__Lachnospirales; f__Lachnospiraceae; g__Epulopiscium
1d89d463badfd889299200461a234395	d__Bacteria; p__Actinobacteriota; c__Actinobacteria; o__Micrococcales; f__Micrococcaceae; g__Rothia
dad8f2cd57a019830e30a6372280faa8	d__Bacteria; p__Actinobacteriota; c__Actinobacteria; o__Bifidobacteriales; f__Bifidobacteriaceae; g__Bifidobacterium
f13eca1ade262752bfd075f9f6e4c947	d__Bacteria; p__Actinobacteriota; c__Actinobacteria; o__Bifidobacteriales; f__Bifidobacteriaceae; g__Bifidobacterium; s__Bifidobacterium_bifidum
18748e9994fbf813ca1a3be1e517e001	d__Bacteria; p__Actinobacteriota; c__Actinobacteria; o__Bifidobacteriales; f__Bifidobacteriaceae; g__Bifidobacterium
2a382f8398b2fb5641cf09619906df49	d__Bacteria; p__Firmicutes; c__Clostridia; o__Peptostreptococcales-Tissierellales; f__Anaerovoracaceae; g__Family_XIII_UCG-001; s__uncultured_bacterium
379ee06ba78d3a22757a6ca7e340db80	d__Bacteria; p__Firmicutes; c__Clostridia; o__Peptostreptococcales-Tissierellales; f__Anaerovoracaceae
e8e9cc0f00d5df4aa5f833b5db8963d3	d__Bacteria; p__Firmicutes; c__Clostridia; o__Peptostreptococcales-Tissierellales; f__Anaerovoracaceae; g__Family_XIII_UCG-001; s__uncultured_bacterium
007ac24c91275e788d11e4fafb12030f	d__Bacteria; p__Firmicutes; c__Clostridia; o__Lachnospirales; f__Lachnospiraceae; g__Lachnospiraceae_UCG-010; s__uncultured_organism
dd52ca4c19c04dc0f3183c8608297bda	d__Bacteria; p__Firmicutes; c__Clostridia; o__Lachnospirales; f__Lachnospiraceae; g__Lachnospiraceae_UCG-010; s__uncultured_bacterium
ae12971b6fb1ec3aba3a2a5248e9148e	d__Bacteria; p__Firmicutes; c__Clostridia; o__Lachnospirales; f__Lachnospiraceae; g__GCA-900066755
a8f4c9c1c91d4aec1bb67f3c10d40601	d__Bacteria; p__Firmicutes; c__Clostridia; o__Lachnospirales; f__Lachnospiraceae
3376435298596b9fab064ae0481e8cb9	d__Bacteria; p__Firmicutes; c__Clostridia; o__Lachnospirales; f__Lachnospiraceae; g__Tyzzerella
3eb82c75fcc8b174905eb840c0c85bd1	d__Bacteria; p__Firmicutes; c__Clostridia; o__Lachnospirales; f__Lachnospiraceae
058f23e956284fbc03a579a23d4ed7e8	d__Bacteria; p__Firmicutes; c__Clostridia; o__Oscillospirales; f__[Eubacterium]_coprostanoligenes_group; g__[Eubacterium]_coprostanoligenes_group
78306b3bae21801d162b8877a894bbb4	d__Bacteria; p__Firmicutes; c__Clostridia; o__Oscillospirales; f__[Eubacterium]_coprostanoligenes_group; g__[Eubacterium]_coprostanoligenes_group
55ca2471cf5c8a87283518de460fd03f	d__Bacteria; p__Firmicutes; c__Clostridia; o__Peptostreptococcales-Tissierellales; f__Anaerovoracaceae; g__Family_XIII_AD3011_group
df58b3bb7586e10002c8cd3a0271fe78	d__Bacteria; p__Firmicutes; c__Clostridia; o__Peptostreptococcales-Tissierellales; f__Anaerovoracaceae; g__Family_XIII_AD3011_group
edec46f6e713e2c356271c77c64b3b3a	d__Bacteria; p__Firmicutes; c__Clostridia; o__Oscillospirales; f__Butyricicoccaceae; g__UCG-009
43590eb58556bec8b633cbcc5ec6a80e	d__Bacteria; p__Firmicutes; c__Clostridia; o__Oscillospirales; f__[Eubacterium]_coprostanoligenes_group; g__[Eubacterium]_coprostanoligenes_group
41ea7184229e2b10a2a6758221e1e705	d__Bacteria; p__Firmicutes; c__Clostridia; o__Lachnospirales; f__Lachnospiraceae
0a39544f42c418f63596d51c73aae624	d__Bacteria; p__Firmicutes; c__Clostridia; o__Lachnospirales; f__Lachnospiraceae
1eabbac7d3bc79a2c34afd0f70d64736	d__Bacteria; p__Firmicutes; c__Clostridia; o__Lachnospirales; f__Lachnospiraceae
e0c871e272573770781effe0db56ebb8	d__Bacteria; p__Firmicutes; c__Clostridia; o__Lachnospirales; f__Lachnospiraceae
349c89c8fc592c168cd8c8f03b8475d8	d__Bacteria; p__Firmicutes; c__Clostridia; o__Lachnospirales; f__Lachnospiraceae
72e9ae20761831159ff39f0c9ffdc919	d__Bacteria; p__Firmicutes; c__Clostridia; o__Lachnospirales; f__Lachnospiraceae
d7d4700043190fb6be3961854b99de23	d__Bacteria; p__Firmicutes; c__Clostridia; o__Lachnospirales; f__Lachnospiraceae; g__[Eubacterium]_hallii_group
c01b299d3ee1c51dd85c298edc5652be	d__Bacteria; p__Firmicutes; c__Clostridia; o__Clostridiales; f__Clostridiaceae; g__Clostridium_sensu_stricto_1
3a298f4f45377661d9854ffeda8f056f	d__Bacteria; p__Proteobacteria; c__Gammaproteobacteria; o__HOC36; f__HOC36; g__HOC36; s__Candidatus_Thioglobus
c1a1123c817025848fb0771c1232e66d	d__Bacteria; p__Proteobacteria; c__Gammaproteobacteria; o__Vibrionales; f__Vibrionaceae; g__Photobacterium
8c75544b95405ce9a4b6c959957bbc9e	d__Bacteria; p__Proteobacteria; c__Gammaproteobacteria; o__Alteromonadales; f__Alteromonadaceae; g__Alteromonas
ac75c3b29f26f566bdc7db1b08ef1379	d__Bacteria; p__Firmicutes; c__Clostridia; o__Oscillospirales; f__Ruminococcaceae; g__Paludicola
17432ee37f6e6f71d902b2a63a19d98c	d__Bacteria; p__Firmicutes; c__Clostridia; o__Lachnospirales; f__Lachnospiraceae; g__Blautia
ee19e514acd1f8dbcd2e19a10b589bf3	d__Bacteria; p__Firmicutes; c__Clostridia; o__Lachnospirales; f__Lachnospiraceae; g__Blautia
b434ccf92bff55614ba0617e83cbc488	d__Bacteria; p__Firmicutes; c__Clostridia; o__Lachnospirales; f__Lachnospiraceae; g__Blautia
83939d2ebb7216001605b083bfcfa207	d__Bacteria; p__Firmicutes; c__Clostridia; o__Lachnospirales; f__Lachnospiraceae; g__Blautia
6cdc091abe6d0e0f92cad76a7124fbf1	d__Bacteria; p__Firmicutes; c__Clostridia; o__Lachnospirales; f__Lachnospiraceae; g__Blautia
0374b1583fe8b6c70bdde22430d32b33	d__Bacteria; p__Firmicutes; c__Clostridia; o__Lachnospirales; f__Lachnospiraceae; g__Coprococcus
a83af427962cd078f1ca5604d34a56c7	d__Bacteria; p__Firmicutes; c__Clostridia; o__Lachnospirales; f__Lachnospiraceae; g__Blautia
67d87ef765fc14b104d8d3ee8eb3760a	d__Bacteria; p__Firmicutes; c__Clostridia; o__Lachnospirales; f__Lachnospiraceae
50685901b86a6baddd196cbc1a7c334c	d__Bacteria; p__Firmicutes; c__Clostridia; o__Lachnospirales; f__Lachnospiraceae
f6fe8068e9d679cd927b3d6311184401	d__Bacteria; p__Firmicutes; c__Clostridia; o__Lachnospirales; f__Lachnospiraceae
c815fcc1ab765016ba23ca1606f87c13	d__Bacteria; p__Firmicutes; c__Clostridia; o__Lachnospirales; f__Lachnospiraceae; g__Sellimonas
f8281e5769c812004bd8052dfeb3d65d	d__Bacteria; p__Firmicutes; c__Clostridia; o__Lachnospirales; f__Lachnospiraceae; g__Frisingicoccus
8bb61c217c63e18974ce67fa8d1c911c	d__Bacteria; p__Firmicutes; c__Clostridia; o__Lachnospirales; f__Lachnospiraceae
270bcf9bed0d389e90cc8d890a20da76	d__Bacteria; p__Firmicutes; c__Clostridia; o__Lachnospirales; f__Lachnospiraceae
0b720d1c36b1b09e97c149215501cf59	d__Bacteria; p__Firmicutes; c__Clostridia; o__Lachnospirales; f__Lachnospiraceae
5ee03ad16122aa09c34a7483366b931f	d__Bacteria; p__Firmicutes; c__Clostridia; o__Lachnospirales; f__Lachnospiraceae
341afe6cb7ab19c46570e379f70fa04d	d__Bacteria; p__Firmicutes; c__Clostridia; o__Lachnospirales; f__Lachnospiraceae
2d16eff71cd689cb3bb86f7d9ddf08e4	d__Bacteria; p__Firmicutes; c__Clostridia; o__Lachnospirales; f__Lachnospiraceae; g__Lachnospiraceae; s__Cuneatibacter_caecimuris
888fd2e5e000fefbf06373e3c347c61a	d__Bacteria; p__Firmicutes; c__Clostridia; o__Lachnospirales; f__Lachnospiraceae
745f035d2dbee978e601b6f6b5a806f1	d__Bacteria; p__Firmicutes; c__Clostridia; o__Lachnospirales; f__Lachnospiraceae
b0e9643fa122f974ab171f045732e498	d__Bacteria; p__Firmicutes; c__Clostridia; o__Lachnospirales; f__Lachnospiraceae
81a71768b8d4e1553afef3dda0d9490a	d__Bacteria; p__Firmicutes; c__Clostridia; o__Lachnospirales; f__Lachnospiraceae
71f01d34ac8a50e0d0b6feadc7bff21d	d__Bacteria; p__Firmicutes; c__Clostridia; o__Lachnospirales; f__Lachnospiraceae
b35d268cf14a91c4a99ecdff8aba0876	d__Bacteria; p__Firmicutes; c__Clostridia; o__Lachnospirales; f__Lachnospiraceae
edcfba7f95faeb0798edce9aa6ea111f	d__Bacteria; p__Firmicutes; c__Clostridia; o__Lachnospirales; f__Lachnospiraceae
7696396d18e932d32c5d4c03f3bb5f99	d__Bacteria; p__Firmicutes; c__Clostridia; o__Lachnospirales; f__Lachnospiraceae
84e0dacfae43a429892e335e35501bad	d__Bacteria; p__Firmicutes; c__Clostridia; o__Lachnospirales; f__Lachnospiraceae
f55e3fc16b845eb78340132de057dacb	d__Bacteria; p__Firmicutes; c__Clostridia; o__Lachnospirales; f__Lachnospiraceae; g__Roseburia
84cb422f4f1c25e233bcfb23cb82d086	d__Bacteria; p__Firmicutes; c__Clostridia; o__Lachnospirales; f__Lachnospiraceae; g__Roseburia
08ebaccd23e025e4b8a9e5fe2aab585b	d__Bacteria; p__Firmicutes; c__Clostridia; o__Lachnospirales; f__Lachnospiraceae; g__Roseburia
56389a18177a3cdc16eafb09a088448d	d__Bacteria; p__Firmicutes; c__Clostridia; o__Lachnospirales; f__Lachnospiraceae
7d8e1dedf8cb33f82333c92e496fb24f	d__Bacteria; p__Firmicutes; c__Clostridia; o__Lachnospirales; f__Lachnospiraceae; g__[Ruminococcus]_torques_group
9b9ff5d994c65dcca9a74bcfabbb5c9e	d__Bacteria; p__Firmicutes; c__Clostridia; o__Lachnospirales; f__Lachnospiraceae
edadef81fdc4f95df93a785029b0a4d1	d__Bacteria; p__Firmicutes; c__Clostridia; o__Lachnospirales; f__Lachnospiraceae
1bf01f7480da1f416b0d91d34dbcc515	d__Bacteria; p__Firmicutes; c__Clostridia; o__Lachnospirales; f__Lachnospiraceae
653b913949521a7a00af417af3ed6421	d__Bacteria; p__Firmicutes; c__Clostridia; o__Oscillospirales; f__Ruminococcaceae
ccc285f86aa64158ffabf36020786fd1	d__Bacteria; p__Firmicutes; c__Clostridia; o__Oscillospirales; f__[Clostridium]_methylpentosum_group; g__[Clostridium]_methylpentosum_group; s__Ruminococcus_sp.
fca5d1f637fa491ad760a09925bf5849	d__Bacteria; p__Firmicutes; c__Clostridia; o__Oscillospirales; f__Ruminococcaceae; g__Paludicola; s__uncultured_bacterium
d0aa051185a135ad46d5778d55cab1c0	d__Bacteria; p__Firmicutes; c__Clostridia; o__Lachnospirales; f__Lachnospiraceae; g__Anaerostipes
695a290d778e24490ada9f16e9b9e6f5	d__Bacteria; p__Firmicutes; c__Clostridia; o__Lachnospirales; f__Lachnospiraceae
a2a7c8cf3a89cedc05728244488c5323	d__Bacteria; p__Firmicutes; c__Clostridia; o__Lachnospirales; f__Lachnospiraceae
0a5312183df7f32c3add420fc6fc1cbf	d__Bacteria; p__Firmicutes; c__Clostridia; o__Lachnospirales; f__Lachnospiraceae; g__Anaerostipes
778dd68b58a83d86a7a9a0de7f35a31f	d__Bacteria; p__Firmicutes; c__Clostridia; o__Lachnospirales; f__Lachnospiraceae
31bdc42252b3a3372a9b6ddb8d5f9a3a	d__Bacteria; p__Firmicutes; c__Clostridia; o__Lachnospirales; f__Lachnospiraceae
618433e5a62eec7a0b63a5b4b2a0fc80	d__Bacteria; p__Firmicutes; c__Clostridia; o__Lachnospirales; f__Lachnospiraceae
cc34c1a904fd1cfe725ffa5345054928	d__Bacteria; p__Firmicutes; c__Clostridia; o__Lachnospirales; f__Lachnospiraceae
f8c055331bc68018753e1236cefbc5a1	d__Bacteria; p__Firmicutes; c__Clostridia; o__Lachnospirales; f__Lachnospiraceae
607e474802448aa5780fa31496dcab7c	d__Bacteria; p__Firmicutes; c__Clostridia; o__Lachnospirales; f__Lachnospiraceae
4ec9bbde4e817681b81a71ac771119a8	d__Bacteria; p__Firmicutes; c__Clostridia; o__Lachnospirales; f__Lachnospiraceae
9dfde29e1f4cef9b617a159a5ab52b2c	d__Bacteria; p__Firmicutes; c__Clostridia; o__Lachnospirales; f__Lachnospiraceae
0170bf8f06d02ced3a7352e44e339ef2	d__Bacteria; p__Firmicutes; c__Clostridia; o__Lachnospirales; f__Lachnospiraceae
ce082b7a69121c3b04b2213a0133241d	d__Bacteria; p__Firmicutes; c__Clostridia; o__Lachnospirales; f__Lachnospiraceae
36ce4105479aa56ece662945571cd91a	d__Bacteria; p__Firmicutes; c__Clostridia; o__Lachnospirales; f__Lachnospiraceae
0d12b65e16f8b4d801a59ef9f4cdd910	d__Bacteria; p__Firmicutes; c__Clostridia; o__Lachnospirales; f__Lachnospiraceae; g__Coprococcus
0424949960a4fa331206eb0ac0913ef4	d__Bacteria; p__Firmicutes; c__Clostridia; o__Lachnospirales; f__Lachnospiraceae
d1b83dabef51195d036a59a1314c8230	d__Bacteria; p__Firmicutes; c__Clostridia; o__Lachnospirales; f__Lachnospiraceae
55c286ad1c73a73f7ae31d1c181fd9ab	d__Bacteria; p__Firmicutes; c__Clostridia; o__Lachnospirales; f__Lachnospiraceae
af6425d5c999be7b9d4714720fb80bef	d__Bacteria; p__Firmicutes; c__Clostridia; o__Lachnospirales; f__Lachnospiraceae; g__[Eubacterium]_ruminantium_group
a95d326e8745bd4250a28d5be42d5999	d__Bacteria; p__Firmicutes; c__Clostridia; o__Lachnospirales; f__Lachnospiraceae
25c5bac845310387d8585dbc0bf4b54b	d__Bacteria; p__Firmicutes; c__Clostridia; o__Lachnospirales; f__Lachnospiraceae
ec0d271135afbf76fe0210e82cd3945d	d__Bacteria; p__Firmicutes; c__Clostridia; o__Lachnospirales; f__Lachnospiraceae
03917ae1bd55b32ad6e4c8a20970a279	d__Bacteria; p__Firmicutes; c__Clostridia; o__Lachnospirales; f__Lachnospiraceae; g__Moryella; s__human_gut
c8a848f623e51c0a6553babe5da1985c	d__Bacteria; p__Firmicutes; c__Clostridia; o__Lachnospirales; f__Lachnospiraceae; g__Moryella; s__human_gut
b1c416cb9c876d616b8cd8c0651fdab9	d__Bacteria; p__Firmicutes; c__Clostridia; o__Oscillospirales; f__Ruminococcaceae; g__Faecalibacterium
3834935908e93476ebc4497ef7cd0212	d__Bacteria; p__Firmicutes; c__Clostridia; o__Oscillospirales; f__Ruminococcaceae; g__Fournierella
6198b5365fdca94c27c67711da1d06f1	d__Bacteria; p__Firmicutes; c__Clostridia; o__Oscillospirales; f__Ruminococcaceae; g__UBA1819
f637e4242ba739fcc10404d3122a6b9a	d__Bacteria; p__Firmicutes; c__Clostridia; o__Oscillospirales; f__Ruminococcaceae; g__Fournierella; s__uncultured_bacterium
d506e1a53a27bac5124a13001cff953f	d__Bacteria; p__Firmicutes; c__Clostridia; o__Oscillospirales; f__Ruminococcaceae; g__Faecalibacterium
7599d797070c3150db57a72714274a3b	d__Bacteria; p__Firmicutes; c__Clostridia; o__Oscillospirales; f__Ruminococcaceae; g__Faecalibacterium
532520732aeca982ede9b700d66b4640	d__Bacteria; p__Firmicutes; c__Clostridia; o__Oscillospirales; f__Ruminococcaceae; g__Faecalibacterium
09cc201d28bee892a0d1f5114fc8c717	d__Bacteria; p__Firmicutes; c__Clostridia; o__Oscillospirales; f__Ruminococcaceae; g__Faecalibacterium
5430a3d6622158116fb59c490efa8771	d__Bacteria; p__Firmicutes; c__Clostridia; o__Oscillospirales; f__Ruminococcaceae; g__Fournierella; s__uncultured_Firmicutes
e1c916eccf407816455dfbd94f688f3d	d__Bacteria; p__Firmicutes; c__Clostridia; o__Lachnospirales; f__Defluviitaleaceae; g__Defluviitaleaceae_UCG-011; s__uncultured_bacterium
44f192870c3304811479a5a7ff8c2c68	d__Bacteria; p__Firmicutes; c__Clostridia; o__Peptostreptococcales-Tissierellales; f__Peptostreptococcales-Tissierellales; g__Clostridiisalibacter; s__uncultured_bacterium
7b2b8c7e0b49e8c03626fd66df8d453c	d__Bacteria; p__Firmicutes; c__Clostridia; o__Oscillospirales; f__Ruminococcaceae; g__Ruminococcus; s__Ruminococcus_callidus
26b8756f5920a510f6c6b0ae8042732b	d__Bacteria; p__Firmicutes; c__Clostridia; o__Lachnospirales; f__Lachnospiraceae
905e597262b621aa3b7aa36d75883251	d__Bacteria; p__Firmicutes; c__Clostridia; o__Peptostreptococcales-Tissierellales; f__Peptostreptococcales-Tissierellales; g__Fenollaria
cdc4358b86384ecb6e14f218304f7e7e	d__Bacteria; p__Firmicutes; c__Clostridia; o__Oscillospirales; f__Ruminococcaceae
2f4f4ec8218dd30f226068be868d3c0c	d__Bacteria; p__Firmicutes; c__Clostridia; o__Oscillospirales; f__Ruminococcaceae; g__Candidatus_Soleaferrea; s__Ruminococcaceae_bacterium
66efd216b863d92a2091c95711ddd5f4	d__Bacteria; p__Firmicutes; c__Clostridia; o__Clostridiales; f__Clostridiaceae; g__uncultured; s__Clostridium_sp.
1782d1f9dda526c4c36966cd71495f38	d__Bacteria; p__Marinimicrobia_(SAR406_clade); c__Marinimicrobia_(SAR406_clade); o__Marinimicrobia_(SAR406_clade); f__Marinimicrobia_(SAR406_clade); g__Marinimicrobia_(SAR406_clade)
03d98647f172fb5f6e13eaea03acdc76	d__Bacteria; p__Myxococcota; c__Polyangia; o__Nannocystales; f__Nannocystaceae
845f5c340141903a3000b548819b8377	d__Bacteria; p__Proteobacteria; c__Gammaproteobacteria; o__Cellvibrionales; f__Halieaceae
8e63c704299d829fbc18a03a93828b97	d__Bacteria; p__Desulfobacterota; c__Desulfovibrionia; o__Desulfovibrionales; f__Desulfovibrionaceae; g__Desulfovibrio; s__metagenome
52ab36feb00dca867a85533ca1658464	d__Bacteria; p__Desulfobacterota; c__Desulfovibrionia; o__Desulfovibrionales; f__Desulfovibrionaceae; g__Desulfovibrio; s__bacterium
9c02031e3069cd24c4fa8913fc9860ee	d__Bacteria; p__Desulfobacterota; c__Desulfovibrionia; o__Desulfovibrionales; f__Desulfovibrionaceae; g__Bilophila
b5b75bdee8b5250dc6c7ad5e5add0f4a	d__Bacteria; p__Actinobacteriota; c__Actinobacteria; o__Bifidobacteriales; f__Bifidobacteriaceae; g__Bifidobacterium; s__Bifidobacterium_pullorum
063d2eb94642a3addf5eeee6d34a2665	d__Bacteria; p__Firmicutes; c__Clostridia; o__Oscillospirales; f__Butyricicoccaceae; g__Butyricicoccus
4adb163edcf31e9e1198760fc557312f	d__Bacteria; p__Firmicutes; c__Clostridia; o__Oscillospirales; f__Butyricicoccaceae; g__Butyricicoccus
50856f907136e751ad1ef84852eb9a16	d__Bacteria; p__Firmicutes; c__Clostridia; o__Monoglobales; f__Monoglobaceae; g__Monoglobus
464bc7a619e092d25b26be7e82296dd1	d__Bacteria; p__RCP2-54; c__RCP2-54; o__RCP2-54; f__RCP2-54; g__RCP2-54; s__hydrothermal_vent
d7d291e81c1a0c3f619d330bdc30594b	d__Bacteria; p__Firmicutes; c__Clostridia; o__Oscillospirales; f__Butyricicoccaceae; g__Butyricicoccus
e0df5860d924338d7340a2a84633b7d2	d__Bacteria; p__Firmicutes; c__Clostridia; o__Monoglobales; f__Monoglobaceae; g__Monoglobus
ef69b438ce80c8c273f7a8998e25784b	d__Bacteria; p__Proteobacteria; c__Gammaproteobacteria; o__Pasteurellales; f__Pasteurellaceae; g__Haemophilus
0f1eeefa91666db6c82b9a9d89ccd2f9	d__Bacteria; p__Actinobacteriota; c__Coriobacteriia; o__Coriobacteriales
99d99efd72604d3155f4885c73f276ed	d__Bacteria; p__Firmicutes; c__Clostridia; o__Oscillospirales; f__Butyricicoccaceae; g__Butyricicoccus
9d321bda6c8d93dd860fba0d387adc4b	d__Bacteria; p__Proteobacteria; c__Alphaproteobacteria; o__Sphingomonadales; f__Sphingomonadaceae
6338ea55a728de7024080068de324cde	d__Bacteria; p__Proteobacteria; c__Alphaproteobacteria; o__Rhizobiales; f__Rhizobiaceae
32782ee891389cb17ba1d4cfef41c0aa	d__Bacteria; p__Proteobacteria; c__Gammaproteobacteria; o__Salinisphaerales; f__Salinisphaeraceae; g__Salinisphaera; s__uncultured_bacterium
bd2bc1231639ee172890319654e5c4fd	d__Bacteria; p__Proteobacteria; c__Gammaproteobacteria; o__Pseudomonadales; f__Pseudomonadaceae; g__Pseudomonas
f8be39641ea1f10d5e59167a44d10e65	d__Bacteria; p__Firmicutes; c__Clostridia; o__Lachnospirales; f__Lachnospiraceae; g__Butyrivibrio
e7078a5cac426b253744decd8ac67463	d__Bacteria; p__Firmicutes; c__Clostridia; o__Lachnospirales; f__Lachnospiraceae; g__Hungatella
efcdc6bac765624a3e05c52d1b7fd713	d__Bacteria; p__Firmicutes; c__Clostridia; o__Lachnospirales; f__Lachnospiraceae; g__Hungatella
b6baa25c5746803ee94f065bf7b34b08	d__Bacteria; p__Acidobacteriota; c__Thermoanaerobaculia; o__Thermoanaerobaculales; f__Thermoanaerobaculaceae; g__Subgroup_10
9c99cc66b8a8818cfed38a234827e6e6	d__Bacteria; p__Proteobacteria; c__Gammaproteobacteria; o__SAR86_clade; f__SAR86_clade; g__SAR86_clade; s__uncultured_bacterium
1377a5f6eedcf78120c60b1b36ccd5ae	d__Bacteria; p__Proteobacteria; c__Alphaproteobacteria; o__Reyranellales; f__Reyranellaceae; g__uncultured
e298c612c2ac08fb9ab0d73e88347cad	d__Bacteria; p__Proteobacteria; c__Gammaproteobacteria
981f97024a29e7a3aab43be31e065394	d__Bacteria; p__Proteobacteria; c__Alphaproteobacteria; o__Rhodospirillales; f__Magnetospiraceae; g__uncultured
068cce1851d83cd7706a7e02b84c2765	d__Bacteria; p__Proteobacteria; c__Alphaproteobacteria; o__Rhodospirillales; f__AEGEAN-169_marine_group; g__AEGEAN-169_marine_group
dee7fe0616e38f33f763d2b7a7aa7d33	d__Bacteria; p__Proteobacteria; c__Gammaproteobacteria; o__Oceanospirillales; f__Halomonadaceae; g__Halomonas
9dd67dada78f1ad402927a72e3377b6d	d__Bacteria; p__Proteobacteria; c__Gammaproteobacteria; o__Thiomicrospirales; f__Thioglobaceae; g__SUP05_cluster
c57c214624a535b98e187d2f6bbcfbb9	d__Bacteria; p__Proteobacteria; c__Gammaproteobacteria; o__Thiomicrospirales; f__Thioglobaceae; g__SUP05_cluster
8e1167ccb97fb77d384427cd6fbc896c	d__Bacteria; p__Proteobacteria; c__Gammaproteobacteria; o__Ectothiorhodospirales; f__Ectothiorhodospiraceae; g__uncultured; s__marine_metagenome
2baeae4fd189f748b592ebe4372e056f	d__Bacteria; p__Proteobacteria; c__Alphaproteobacteria; o__Kiloniellales; f__Kiloniellaceae; g__uncultured
602cc2e411cc31a6b19a086766958b2e	d__Bacteria; p__Proteobacteria; c__Gammaproteobacteria; o__Pseudomonadales; f__Moraxellaceae; g__Psychrobacter
437700aa8b8fdbd92026a77f2074df97	d__Bacteria; p__Proteobacteria; c__Gammaproteobacteria; o__Pseudomonadales; f__Moraxellaceae; g__Psychrobacter
280ff43e82246c5525b9dd8ce5017e9e	d__Bacteria; p__Firmicutes; c__Clostridia; o__Oscillospirales; f__Oscillospiraceae; g__Oscillibacter
fb140cdf0e71108015e0318e31030830	d__Bacteria; p__Firmicutes; c__Clostridia; o__Oscillospirales; f__Oscillospiraceae
25372705f4634c1548757f10de8f4e3e	d__Bacteria; p__Firmicutes; c__Clostridia; o__Oscillospirales; f__Oscillospiraceae; g__Oscillibacter
39ec4b55b1896e5cffc612494fb7f3d3	d__Bacteria; p__Firmicutes; c__Clostridia; o__Christensenellales; f__Christensenellaceae; g__Christensenellaceae_R-7_group
71c2958cfc2f0a54a337e287129cba20	d__Bacteria; p__Firmicutes; c__Clostridia; o__Clostridia_vadinBB60_group; f__Clostridia_vadinBB60_group; g__Clostridia_vadinBB60_group
390659f7e5f3b64da1e94ed806c3271c	d__Bacteria; p__Firmicutes; c__Clostridia; o__Christensenellales; f__Christensenellaceae; g__Christensenellaceae_R-7_group
c63902e1507a3373c5aff564f6859992	d__Bacteria; p__Firmicutes; c__Clostridia; o__Oscillospirales; f__Oscillospiraceae; g__Intestinimonas; s__Intestinimonas_butyriciproducens
5d53c123cad2ba648dce674066c820f7	d__Bacteria; p__Firmicutes; c__Clostridia; o__Oscillospirales; f__Oscillospiraceae; g__NK4A214_group
6bbfe29869ebb6f3495a25990ddbb481	d__Bacteria; p__Firmicutes; c__Clostridia; o__Oscillospirales; f__Oscillospiraceae
ec2ac4184f5165dbdcbe65ba997ac016	d__Bacteria; p__Firmicutes; c__Clostridia; o__Oscillospirales; f__Oscillospiraceae; g__NK4A214_group
b4ad94f1dfb0f0b083162764200e1643	d__Bacteria; p__Firmicutes; c__Clostridia; o__Oscillospirales; f__Oscillospiraceae; g__NK4A214_group; s__gut_metagenome
1b78c822717467117b487404946b7498	d__Bacteria; p__Firmicutes; c__Clostridia; o__Oscillospirales; f__Oscillospiraceae; g__NK4A214_group
5c2c1feaa18720ab436f6d055ae1e439	d__Bacteria; p__Firmicutes; c__Clostridia; o__Oscillospirales; f__UCG-010; g__UCG-010; s__unidentified
f93f5763d48e58b92c2f24ae32b80e92	d__Bacteria; p__Firmicutes; c__Clostridia; o__Christensenellales; f__Christensenellaceae; g__Christensenellaceae_R-7_group; s__uncultured_Clostridium
01a0ec595592e45c19937a079bb92831	d__Bacteria; p__Firmicutes; c__Clostridia; o__Christensenellales; f__Christensenellaceae; g__Christensenellaceae_R-7_group
054335d221f7cb6d9b9b981343c1de31	d__Bacteria; p__Firmicutes; c__Clostridia; o__Christensenellales; f__Christensenellaceae; g__Christensenellaceae_R-7_group; s__uncultured_prokaryote
7006af0b2259d888412775fe4dae9578	d__Bacteria; p__Firmicutes; c__Clostridia; o__Christensenellales; f__Christensenellaceae; g__Christensenellaceae_R-7_group; s__uncultured_prokaryote
83d7e516c62785dce8748226b97e2c52	d__Bacteria; p__Firmicutes; c__Clostridia; o__Christensenellales; f__Christensenellaceae; g__Christensenellaceae_R-7_group
89e1430d9cadb7dd211b3b0cfe0e066c	d__Bacteria; p__Firmicutes; c__Clostridia; o__Oscillospirales; f__UCG-010; g__UCG-010
41861c3d0a5a0e6a9d7af78805ff79b0	d__Bacteria; p__Firmicutes; c__Clostridia; o__Christensenellales; f__Christensenellaceae; g__Christensenellaceae_R-7_group; s__bacterium_YE57
8de25e87963194bcd46c2bbe53831eb3	d__Bacteria; p__Firmicutes; c__Clostridia; o__Oscillospirales; f__Oscillospiraceae
12ccd6b78a12f5f0df2c9c45a79cc434	d__Bacteria; p__Firmicutes; c__Clostridia; o__Oscillospirales; f__Oscillospiraceae
0b3a8916bb425a9b571d16661a3259c0	d__Bacteria; p__Firmicutes; c__Clostridia; o__Oscillospirales; f__Oscillospiraceae
b5ad7fb24afa4ca8557db78b59598d8f	d__Bacteria; p__Firmicutes; c__Clostridia; o__Oscillospirales; f__Oscillospiraceae; g__UCG-002
8abf63608eb7b0a6b91ca38fbfe19f65	d__Bacteria; p__Firmicutes; c__Clostridia; o__Oscillospirales; f__Oscillospiraceae; g__UCG-002
6bbd3395e3bfddb81940147aea325fe4	d__Bacteria; p__Firmicutes; c__Clostridia; o__Oscillospirales; f__Oscillospiraceae; g__Colidextribacter
c7edd7bb0168edee08ffe61055fcd662	d__Bacteria; p__Firmicutes; c__Clostridia; o__Oscillospirales; f__Oscillospiraceae
f3d88c7483a99185dcc8f3509cd4621c	d__Bacteria; p__Firmicutes; c__Clostridia; o__Oscillospirales; f__Oscillospiraceae; g__Colidextribacter
ecd1c08b5bca5b5c903b990137fd5fa4	d__Bacteria; p__Firmicutes; c__Clostridia; o__Oscillospirales; f__Oscillospiraceae
1ee5ea9cbbd513871876740b5242ef48	d__Bacteria; p__Firmicutes; c__Clostridia; o__Oscillospirales; f__Oscillospiraceae; g__Colidextribacter
24304308b688cdd4eead1a80dff252a4	d__Bacteria; p__Firmicutes; c__Clostridia; o__Oscillospirales; f__Oscillospiraceae
d17e44e7cd5c756fcfc0d30a4f7ac5e8	d__Bacteria; p__Firmicutes; c__Clostridia; o__Oscillospirales; f__Oscillospiraceae
de1ccc35bd4e487581935dd0695c25ca	d__Bacteria; p__Firmicutes; c__Clostridia; o__Oscillospirales; f__Oscillospiraceae
c1f72fa57831ac4fa3086725c9ce356c	d__Bacteria; p__Firmicutes; c__Clostridia; o__Oscillospirales; f__Oscillospiraceae; g__UCG-002
98e0d0c971dcd866f1fe009f8bebddf3	d__Bacteria; p__Firmicutes; c__Clostridia; o__Oscillospirales; f__Oscillospiraceae; g__UCG-002
612173bdfcb1e44c48bc3ab2e25b1bb9	d__Bacteria; p__Firmicutes; c__Clostridia; o__Oscillospirales; f__Oscillospiraceae; g__Flavonifractor
b8ae347600bc01be68adf34a0d212b6b	d__Bacteria; p__Firmicutes; c__Clostridia; o__Oscillospirales; f__Oscillospiraceae; g__UCG-002
1cd52351de4c0e72c7a4b7b3b05616f2	d__Bacteria; p__Firmicutes; c__Clostridia; o__Oscillospirales; f__UCG-010; g__UCG-010; s__unidentified
9e0943b1130e70698be5fcf2d47dc891	d__Bacteria; p__Firmicutes; c__Clostridia; o__Christensenellales; f__Christensenellaceae; g__Christensenellaceae_R-7_group
7c88821016dc72c1c26fd8870e391586	d__Bacteria; p__Firmicutes; c__Clostridia; o__Christensenellales; f__Christensenellaceae; g__Christensenellaceae_R-7_group
c845437d185fbb310f8f8755390701d0	d__Bacteria; p__Firmicutes; c__Clostridia; o__Oscillospirales; f__Oscillospiraceae
eca853af5e6770538239800cb9a1335c	d__Bacteria; p__Firmicutes; c__Clostridia; o__Oscillospirales; f__Oscillospiraceae; g__UCG-005
22f6b9a4e613e6a69549de2888ac2788	d__Bacteria; p__Firmicutes; c__Clostridia; o__Oscillospirales; f__Oscillospiraceae; g__UCG-005
e05897bcb0daf1d51c06ec51cfad2f44	d__Bacteria; p__Firmicutes; c__Clostridia; o__Oscillospirales; f__Oscillospiraceae; g__UCG-005
06d71bdf8e0d49323a540cc380a78fcb	d__Bacteria; p__Firmicutes; c__Clostridia; o__Oscillospirales; f__Oscillospiraceae; g__UCG-005
a350840ba3837dc7a44be0c8dec1390a	d__Bacteria; p__Firmicutes; c__Clostridia; o__Oscillospirales; f__Oscillospiraceae; g__UCG-005
58a4beb663a4eb9e95cfd6b82f49f0e0	d__Bacteria; p__Firmicutes; c__Clostridia; o__Oscillospirales; f__Oscillospiraceae; g__UCG-005
87c7905866705c90dee294b418370e87	d__Bacteria; p__Firmicutes; c__Clostridia; o__Oscillospirales; f__Oscillospiraceae; g__UCG-005
211046526ace2e46715acafa7b72d6a6	d__Bacteria; p__Firmicutes; c__Clostridia; o__Oscillospirales; f__Oscillospiraceae; g__UCG-005
341777da2810f2c2e8f452778f726472	d__Bacteria; p__Firmicutes; c__Clostridia; o__Oscillospirales; f__Oscillospiraceae; g__UCG-005
428965d8f3f811a72d64323acd67f66c	d__Bacteria; p__Firmicutes; c__Clostridia; o__Christensenellales; f__Christensenellaceae; g__Christensenellaceae_R-7_group
452d6347a0a6f7a685265f5f699dbf12	d__Bacteria; p__Firmicutes; c__Clostridia
9cfec74b133b212657cc0869bcd50e68	d__Bacteria; p__Firmicutes; c__Clostridia; o__Christensenellales; f__Christensenellaceae; g__Christensenellaceae_R-7_group
e8a30d4b47568a11565eb0ea2ae683b5	d__Bacteria; p__Firmicutes; c__Clostridia; o__Oscillospirales; f__Oscillospiraceae; g__UCG-005; s__metagenome
2f2f4cf76efb74482549fe8b03c7fdc9	d__Bacteria; p__Firmicutes; c__Clostridia; o__Christensenellales; f__Christensenellaceae; g__Christensenella
2deff6de17051f4456db5711ffe95d22	d__Bacteria; p__Firmicutes; c__Clostridia; o__Christensenellales; f__Christensenellaceae; g__Christensenella; s__Christensenella_massiliensis
db9fde3caf303b7275e98f194877b449	d__Bacteria; p__Firmicutes; c__Clostridia; o__Christensenellales; f__Christensenellaceae; g__Christensenellaceae_R-7_group
341e72f040dc046bf7c1ebfe908c86c9	d__Bacteria; p__Firmicutes; c__Clostridia; o__Christensenellales; f__Christensenellaceae; g__Christensenellaceae_R-7_group; s__uncultured_marine
41f7294e33d04d24981c5564be05d775	d__Bacteria; p__Firmicutes; c__Clostridia; o__Oscillospirales; f__UCG-010; g__UCG-010
39895441f36e9893f86e020b95aca737	d__Bacteria; p__Firmicutes; c__Clostridia; o__Oscillospirales; f__Oscillospiraceae
b6aaa5a91da40d6ad1c0955a1e31a27c	d__Bacteria; p__Firmicutes; c__Clostridia; o__Christensenellales; f__Christensenellaceae; g__uncultured
1bdec201ea6271eccd0024c1777810af	d__Bacteria; p__Firmicutes; c__Clostridia; o__Christensenellales; f__Christensenellaceae; g__Christensenellaceae_R-7_group
da8d04b23b5fa94e3013f9867801721b	d__Bacteria; p__Firmicutes; c__Clostridia; o__Christensenellales; f__Christensenellaceae
37bc7a7a3d1ca0919dc0e633e9a939f6	d__Bacteria; p__Firmicutes; c__Clostridia; o__Christensenellales; f__Christensenellaceae; g__Christensenellaceae_R-7_group
20adfebbd93f62b79cd0cb9208b30c1b	d__Bacteria; p__Firmicutes; c__Negativicutes; o__Veillonellales-Selenomonadales; f__Veillonellaceae; g__Allisonella
d0a8de9d95ebf987a1d793643d76fe4e	d__Bacteria; p__Firmicutes; c__Negativicutes; o__Veillonellales-Selenomonadales; f__Veillonellaceae; g__Megasphaera
a569486ba26a47112568c4dd8cec6e58	d__Bacteria; p__Firmicutes; c__Negativicutes; o__Acidaminococcales; f__Acidaminococcaceae; g__Phascolarctobacterium; s__Ruminococcus_sp.
7a3be18d5dbc8455a3549c5df742e4dd	d__Bacteria; p__Firmicutes; c__Negativicutes; o__Acidaminococcales; f__Acidaminococcaceae; g__Acidaminococcus
c9e6b2fd745276bf456e9c9cc6a9e1f7	d__Bacteria; p__Firmicutes; c__Negativicutes; o__Veillonellales-Selenomonadales; f__Veillonellaceae; g__Veillonella
8fafb623cfa7dd3303d4b157817a5366	d__Bacteria; p__Firmicutes; c__Negativicutes; o__Veillonellales-Selenomonadales; f__Selenomonadaceae; g__Megamonas
5dc0ac34f6277d385aa3efc753f5cc5b	d__Bacteria; p__Firmicutes; c__Negativicutes; o__Veillonellales-Selenomonadales; f__Veillonellaceae; g__Dialister
9e0d8723c6df2a3d0be63473ef69fac2	d__Bacteria; p__Firmicutes; c__Negativicutes; o__Veillonellales-Selenomonadales; f__Veillonellaceae; g__Dialister
f475f8ec5ed790a42ac44adf51aca9fc	d__Bacteria; p__Firmicutes; c__Negativicutes; o__Veillonellales-Selenomonadales; f__Veillonellaceae; g__Dialister
e0b38ea855c1ac3afba16c0a304bb087	d__Bacteria; p__Firmicutes; c__Clostridia; o__Peptococcales; f__Peptococcaceae; g__uncultured; s__uncultured_bacterium
2fad0a5ce538910e5e1e1e1497ad4511	d__Bacteria; p__Firmicutes; c__Negativicutes; o__Acidaminococcales; f__Acidaminococcaceae; g__Phascolarctobacterium
6dd08d3435a2db48c39eb9d4b0b401ad	d__Bacteria; p__Firmicutes; c__Clostridia; o__Peptostreptococcales-Tissierellales; f__Anaerovoracaceae
d06f098f86e7d42a8e828b5994d59870	d__Bacteria; p__Proteobacteria; c__Alphaproteobacteria; o__Caulobacterales; f__Hyphomonadaceae; g__Hyphomonas
09e235a6cb568256987b89a9838d5d82	d__Bacteria; p__Proteobacteria; c__Alphaproteobacteria; o__SAR11_clade; f__Clade_II; g__Clade_II
9d12574fb336240856e1bee7c195e37b	d__Bacteria; p__Marinimicrobia_(SAR406_clade); c__Marinimicrobia_(SAR406_clade); o__Marinimicrobia_(SAR406_clade); f__Marinimicrobia_(SAR406_clade); g__Marinimicrobia_(SAR406_clade)
216dab7f07e2933df001009df20b05a2	d__Bacteria; p__Actinobacteriota; c__Coriobacteriia; o__Coriobacteriales; f__Coriobacteriaceae; g__Collinsella
dcd20012a9e119fd4cf7d857917a0040	d__Bacteria; p__Actinobacteriota; c__Coriobacteriia; o__Coriobacteriales; f__Coriobacteriaceae; g__Collinsella
b586223446ad2e59026d7c4e0efd3723	d__Bacteria; p__Proteobacteria; c__Alphaproteobacteria; o__Rickettsiales; f__S25-593; g__S25-593
b0accdd1fffae3334893d75299fb7129	d__Bacteria; p__Firmicutes; c__Clostridia; o__Christensenellales; f__Christensenellaceae; g__Christensenellaceae_R-7_group
a782a77b815be6bd0ccec70e2c2fe810	d__Bacteria; p__Cyanobacteria; c__Cyanobacteriia; o__Synechococcales; f__Cyanobiaceae; g__Synechococcus_CC9902
58aab02c0574aeeb408f59804ec9132d	d__Bacteria; p__Marinimicrobia_(SAR406_clade); c__Marinimicrobia_(SAR406_clade); o__Marinimicrobia_(SAR406_clade); f__Marinimicrobia_(SAR406_clade); g__Marinimicrobia_(SAR406_clade)
22d747c8a1e69e3e16740af7f13ed319	d__Bacteria; p__Marinimicrobia_(SAR406_clade); c__Marinimicrobia_(SAR406_clade); o__Marinimicrobia_(SAR406_clade); f__Marinimicrobia_(SAR406_clade); g__Marinimicrobia_(SAR406_clade)
b8acb917c0ba1d91b633b800668b39e0	d__Bacteria; p__Marinimicrobia_(SAR406_clade); c__Marinimicrobia_(SAR406_clade); o__Marinimicrobia_(SAR406_clade); f__Marinimicrobia_(SAR406_clade); g__Marinimicrobia_(SAR406_clade)
81f10f28b731b8a65204beef76ac5df8	d__Bacteria; p__Marinimicrobia_(SAR406_clade); c__Marinimicrobia_(SAR406_clade); o__Marinimicrobia_(SAR406_clade); f__Marinimicrobia_(SAR406_clade); g__Marinimicrobia_(SAR406_clade)
bf8c7e2d1caa4906ce489f8a7f1bb100	d__Bacteria; p__Marinimicrobia_(SAR406_clade); c__Marinimicrobia_(SAR406_clade); o__Marinimicrobia_(SAR406_clade); f__Marinimicrobia_(SAR406_clade); g__Marinimicrobia_(SAR406_clade)
34ad5bf2bc6cdc339caf2a3f62bd250b	d__Bacteria; p__Marinimicrobia_(SAR406_clade); c__Marinimicrobia_(SAR406_clade); o__Marinimicrobia_(SAR406_clade); f__Marinimicrobia_(SAR406_clade); g__Marinimicrobia_(SAR406_clade)
1c5fcc9345f61c296c83ad70bb03869b	d__Bacteria; p__Marinimicrobia_(SAR406_clade); c__Marinimicrobia_(SAR406_clade); o__Marinimicrobia_(SAR406_clade); f__Marinimicrobia_(SAR406_clade); g__Marinimicrobia_(SAR406_clade); s__uncultured_Candidatus
3f92970bb2850293f7beda83cc98c4cb	d__Bacteria; p__Actinobacteriota; c__Coriobacteriia; o__Coriobacteriales; f__Eggerthellaceae; g__uncultured; s__uncultured_bacterium
b118d0b22f2c4ba050c941ccb4888a9d	d__Bacteria; p__Actinobacteriota; c__Coriobacteriia; o__Coriobacteriales; f__Eggerthellaceae; g__Eggerthella
f5eb83662f8237dd2bd08ab04b4d961d	d__Bacteria; p__Actinobacteriota; c__Coriobacteriia; o__Coriobacteriales; f__Eggerthellaceae
b4b667d0f301983e87459ce65ff764ba	d__Bacteria; p__Actinobacteriota; c__Coriobacteriia; o__Coriobacteriales; f__Eggerthellaceae; g__Senegalimassilia
730e2fbefcb85a234936a4ec5bab3399	d__Bacteria; p__Actinobacteriota; c__Coriobacteriia; o__Coriobacteriales; f__Eggerthellaceae; g__Enterorhabdus; s__uncultured_bacterium
0c3a7558c6e1a20ca4c981b846bb07b6	d__Bacteria; p__Actinobacteriota; c__Coriobacteriia; o__Coriobacteriales; f__Coriobacteriales_Incertae_Sedis; g__uncultured; s__uncultured_organism
666c3983b7ea39f55ac9f7a74eee8e90	d__Bacteria; p__Actinobacteriota; c__Coriobacteriia; o__Coriobacteriales; f__Eggerthellaceae; g__Slackia; s__Slackia_isoflavoniconvertens
77d545ff3e6d89d384f7f8c83e9977cd	d__Bacteria; p__Actinobacteriota; c__Coriobacteriia; o__Coriobacteriales; f__Eggerthellaceae; g__Gordonibacter; s__Gordonibacter_pamelaeae
59108d60e8dd61e3f9feb515230c6e6a	d__Bacteria; p__Proteobacteria; c__Gammaproteobacteria; o__Burkholderiales; f__Sutterellaceae; g__Parasutterella
144dbc345c4639830542c17f541cd9ee	d__Bacteria; p__Proteobacteria; c__Gammaproteobacteria; o__Burkholderiales; f__Sutterellaceae; g__Sutterella
bbe0bd2231c70cca4d7a6e46a313918b	d__Bacteria; p__Proteobacteria; c__Gammaproteobacteria; o__Burkholderiales; f__Sutterellaceae; g__Sutterella
1ae6ecf0db6a92b0fd59db993d5f9a84	d__Bacteria; p__Proteobacteria; c__Gammaproteobacteria; o__Burkholderiales; f__Sutterellaceae; g__Sutterella
ae31eaddca7bc380618cac5cc21a7587	d__Bacteria; p__Proteobacteria; c__Gammaproteobacteria; o__Burkholderiales; f__Sutterellaceae; g__Parasutterella; s__Parasutterella_secunda
f751feba51719490a60d58e39b68871f	d__Bacteria; p__Firmicutes; c__Clostridia; o__Oscillospirales; f__[Eubacterium]_coprostanoligenes_group; g__[Eubacterium]_coprostanoligenes_group
db8729e8b1047e37b6b7388b037ed77c	d__Bacteria; p__Firmicutes; c__Clostridia; o__Oscillospirales; f__Ruminococcaceae; g__Anaerofilum; s__metagenome
0d8db6b80d7a940f66242e041300f1c4	d__Bacteria; p__Firmicutes; c__Clostridia; o__Oscillospirales; f__Ruminococcaceae
e073814e903f1ac43307271efef45e1a	d__Bacteria; p__Firmicutes; c__Clostridia; o__Oscillospirales; f__Ruminococcaceae; g__Negativibacillus
60239add39b99122e48eaacbdd9e9728	d__Bacteria; p__Firmicutes; c__Clostridia; o__Oscillospirales; f__Ruminococcaceae
8fe6ac40575fcb484bdc89936dbf2e67	d__Bacteria; p__Firmicutes; c__Clostridia; o__Lachnospirales; f__Lachnospiraceae
359b98b1695d4392d861e1b3bea11da4	d__Bacteria; p__Firmicutes; c__Clostridia; o__Oscillospirales; f__Ruminococcaceae; g__uncultured; s__uncultured_Ruminococcus
6e0054081a7d52cd5d11202b21d8e87b	d__Bacteria; p__Firmicutes; c__Clostridia; o__Oscillospirales; f__[Eubacterium]_coprostanoligenes_group; g__[Eubacterium]_coprostanoligenes_group; s__uncultured_Clostridiales
35c1381b64ee97b9e13941d0b5c29bf2	d__Bacteria; p__Firmicutes; c__Clostridia; o__Oscillospirales; f__Ruminococcaceae; g__uncultured; s__human_gut
cc6f4b40853f0ef669e411301904a1d3	d__Bacteria; p__Firmicutes; c__Clostridia; o__Oscillospirales; f__Ruminococcaceae; g__Anaerotruncus; s__Anaerotruncus_sp.
11f23910a5f293bb4f3a228b2ccc7318	d__Bacteria; p__Firmicutes; c__Clostridia; o__Oscillospirales; f__Ruminococcaceae; g__Anaerotruncus
3ac97ea6b0a8ded0ab7e94e881cda75b	d__Bacteria; p__Firmicutes; c__Clostridia; o__Oscillospirales
4b7a50577c74c26fbe401ddc43f2827c	d__Bacteria; p__Firmicutes; c__Clostridia; o__Oscillospirales; f__Ruminococcaceae; g__DTU089
f13be3c03184bb4209a60d012142d6ce	d__Bacteria; p__Firmicutes; c__Clostridia; o__Oscillospirales; f__Ruminococcaceae; g__DTU089
186e312cc9e33eb7b5a27d0bb58fc47f	d__Bacteria; p__Firmicutes; c__Clostridia; o__Oscillospirales; f__Ruminococcaceae; g__DTU089
172bcb5e73f4cc7a50452db87bae1315	d__Bacteria; p__Firmicutes; c__Clostridia; o__Oscillospirales; f__[Eubacterium]_coprostanoligenes_group; g__[Eubacterium]_coprostanoligenes_group; s__Eubacteriaceae_bacterium
34b133c18f0bb984848828c73612dc13	d__Bacteria; p__Firmicutes; c__Clostridia; o__Oscillospirales; f__Ruminococcaceae; g__Incertae_Sedis
b7631bcdcd4ba7ff8666c421525649e5	d__Bacteria; p__Firmicutes; c__Clostridia; o__Oscillospirales; f__[Eubacterium]_coprostanoligenes_group; g__[Eubacterium]_coprostanoligenes_group
a85f7b78d66f398eec792aa4ffc6e278	d__Bacteria; p__Firmicutes; c__Clostridia; o__Oscillospirales; f__Ruminococcaceae
9fef69bc725df86eb0d37f804229fba0	d__Bacteria; p__Firmicutes; c__Clostridia; o__Oscillospirales; f__Ruminococcaceae; g__Incertae_Sedis; s__[Clostridium]_leptum
e8a09fb45b676ab9364c71e5b3a9e32c	d__Bacteria; p__Firmicutes; c__Clostridia; o__Oscillospirales; f__[Eubacterium]_coprostanoligenes_group; g__[Eubacterium]_coprostanoligenes_group
993959b98067d913493e8d1aae89fa44	d__Bacteria; p__Firmicutes; c__Clostridia; o__Oscillospirales; f__Ruminococcaceae
a38d13f69efdbdfe644679b5a3b8a9c4	d__Bacteria; p__Firmicutes; c__Clostridia; o__Oscillospirales; f__Ruminococcaceae
9ad2945206fb1f58eaa9f8bb2d673755	d__Bacteria; p__Firmicutes; c__Clostridia; o__Oscillospirales; f__Ruminococcaceae; g__Incertae_Sedis; s__uncultured_organism
10e24c4dca1b94a7d31b7416bd17150b	d__Bacteria; p__Firmicutes; c__Clostridia; o__Oscillospirales; f__Ruminococcaceae
efb34f62378ad803d1be6866cc0892be	d__Bacteria; p__Firmicutes; c__Clostridia; o__Oscillospirales; f__Ruminococcaceae; g__Anaerofilum
6f14708c2530cf10802874efcaf79444	d__Bacteria; p__Firmicutes; c__Clostridia; o__Oscillospirales; f__Ruminococcaceae
a9ed6e1e80b219af2a484b46513279b2	d__Bacteria; p__Firmicutes; c__Clostridia; o__Oscillospirales; f__Ruminococcaceae; g__Negativibacillus; s__uncultured_organism
5ae789f5414d05ab618c45ee0f3f6425	d__Bacteria; p__Firmicutes; c__Clostridia; o__Oscillospirales; f__Ruminococcaceae; g__uncultured; s__gut_metagenome
90fbe82af9c164e35dc8e2cc37c2efaf	d__Bacteria; p__Firmicutes; c__Clostridia; o__Oscillospirales; f__Ruminococcaceae; g__Negativibacillus
d2522ac26aef968ead6531bfd66d2ea5	d__Bacteria; p__Firmicutes; c__Clostridia; o__Lachnospirales; f__Lachnospiraceae
69f29c68a718e704e3f2c9d79b434c97	d__Bacteria; p__Firmicutes; c__Clostridia; o__Oscillospirales; f__Ruminococcaceae; g__Subdoligranulum
2e90e7d02bae0f950a586fc50426b019	d__Bacteria; p__Firmicutes; c__Clostridia; o__Oscillospirales; f__Ruminococcaceae; g__Subdoligranulum
913afa28a4ca41f7116d88c0f20f3f32	d__Bacteria; p__Firmicutes; c__Clostridia; o__Oscillospirales; f__Ruminococcaceae; g__Ruminococcus
0ca3624a6689cc78959dab0b79d560f9	d__Bacteria; p__Firmicutes; c__Clostridia; o__Oscillospirales; f__Ruminococcaceae
e3bad57a65c7d017a37349faf5215c7c	d__Bacteria; p__Firmicutes; c__Clostridia; o__Oscillospirales; f__Ruminococcaceae
929f172abaa43714142b57720fbc219c	d__Bacteria; p__Firmicutes; c__Clostridia; o__Oscillospirales; f__Ruminococcaceae
9c39da6aea534dd89abce3ab1ef6c7a8	d__Bacteria; p__Firmicutes; c__Clostridia; o__Monoglobales; f__Monoglobaceae; g__Monoglobus
2a5ad031f8949a256367953c58746bb0	d__Bacteria; p__Firmicutes; c__Clostridia; o__uncultured; f__uncultured; g__uncultured; s__uncultured_organism
d9e8a88f0d6904c37987754ba536e039	d__Bacteria; p__Firmicutes; c__Clostridia
d3d6519ba546223443fe8e860608f608	d__Bacteria; p__Firmicutes; c__Clostridia; o__Oscillospirales; f__Ruminococcaceae; g__CAG-352; s__uncultured_bacterium
15c12212715daa634df02b1229a82da6	d__Bacteria; p__Firmicutes; c__Clostridia
d424083cd7bc352ba75b34c871c2a3e8	d__Bacteria; p__Firmicutes; c__Clostridia; o__Oscillospirales; f__Ruminococcaceae; g__Ruminococcus
1da453154288a078fad0a1088a079b5a	d__Bacteria; p__Firmicutes; c__Clostridia; o__Oscillospirales; f__Ruminococcaceae
5353f14ef5d73f922ac940f1321c7bfb	d__Bacteria; p__Firmicutes; c__Clostridia; o__Oscillospirales; f__Ruminococcaceae; g__Ruminococcus
3947c64e27ae8368d1af44c083a7c2d0	d__Bacteria; p__Firmicutes; c__Clostridia; o__Oscillospirales; f__Ruminococcaceae; g__[Eubacterium]_siraeum_group
0d0c9062eba0de0956f08ca8ff8e8dc2	d__Bacteria; p__Firmicutes; c__Clostridia; o__Oscillospirales; f__Ruminococcaceae; g__[Eubacterium]_siraeum_group; s__gut_metagenome
464e99fbd4af0faf396c56789bf2fe32	d__Bacteria; p__Firmicutes; c__Clostridia; o__Oscillospirales; f__Ruminococcaceae; g__[Eubacterium]_siraeum_group
be0397fa54e8c0cd4c3fce15b185dbe4	d__Bacteria; p__Firmicutes; c__Clostridia; o__Oscillospirales; f__Ruminococcaceae; g__uncultured
8b5a19c87ae43d1e18933c5280878732	d__Bacteria; p__Firmicutes; c__Bacilli; o__RF39; f__RF39; g__RF39
9f6771f7d8bf28a68375c9052d2fa913	d__Bacteria; p__Firmicutes; c__Clostridia; o__Clostridia_UCG-014; f__Clostridia_UCG-014; g__Clostridia_UCG-014
80ced0d25f7dd6c837e08736a9f76174	d__Bacteria; p__Firmicutes; c__Clostridia; o__Clostridia_UCG-014; f__Clostridia_UCG-014; g__Clostridia_UCG-014
73bc66d707d58389cb4fe82f99ce6d45	d__Bacteria; p__Gemmatimonadota; c__BD2-11_terrestrial_group; o__BD2-11_terrestrial_group; f__BD2-11_terrestrial_group; g__BD2-11_terrestrial_group; s__Gemmatimonadetes_bacterium
f85d98eba29188a8c8d56e3ee1fada43	d__Bacteria; p__Actinobacteriota; c__Acidimicrobiia; o__Microtrichales; f__Microtrichaceae
28ccff3b91611079af99fdb95f0e946f	d__Bacteria; p__Firmicutes; c__Bacilli; o__Erysipelotrichales; f__Erysipelatoclostridiaceae; g__Catenibacterium
0f5c5c8190e3a7e51fc1473bdd1e35fd	d__Bacteria; p__Bacteroidota; c__Bacteroidia; o__Flavobacteriales; f__Flavobacteriaceae; g__Leeuwenhoekiella
1de5973bfcc5c9ba814b805e878f2044	d__Bacteria; p__Firmicutes; c__Clostridia
a06f134b0bb85781bae1a20937ebc493	d__Bacteria; p__Firmicutes; c__Clostridia; o__Lachnospirales; f__Defluviitaleaceae; g__Defluviitaleaceae_UCG-011; s__uncultured_bacterium
687025812e01a05e4b4dd5d2b4ae5f4c	d__Bacteria; p__Actinobacteriota; c__Acidimicrobiia; o__Microtrichales; f__Microtrichaceae; g__Sva0996_marine_group; s__marine_metagenome
67473626e4219b02e7ecbc79a7ef870c	d__Bacteria; p__Proteobacteria; c__Alphaproteobacteria; o__Puniceispirillales; f__SAR116_clade; g__SAR116_clade
50a636de0f0e2f90c5009bec467ffa46	d__Bacteria; p__Firmicutes; c__Clostridia; o__Christensenellales; f__Christensenellaceae; g__Christensenellaceae_R-7_group
34c04f5c13d20e8af8f5d524762a30b3	d__Bacteria; p__Firmicutes; c__Clostridia; o__Christensenellales; f__Christensenellaceae; g__Christensenellaceae_R-7_group; s__bacterium_YE57
b88a63af1e5039a38e07c549c8f5c231	d__Bacteria; p__Firmicutes; c__Clostridia; o__Oscillospirales; f__Oscillospiraceae
d8085666253e7c69c308bf3ebb38d4c4	d__Bacteria; p__Firmicutes; c__Negativicutes; o__Veillonellales-Selenomonadales; f__Veillonellaceae; g__Allisonella; s__uncultured_bacterium
40eeda9ccc9e006a04767a261c505673	d__Bacteria; p__Firmicutes; c__Negativicutes; o__Acidaminococcales; f__Acidaminococcaceae; g__Acidaminococcus
b3e24c4cd4ebaf88b04c4e208e919635	d__Bacteria; p__Firmicutes; c__Negativicutes; o__Veillonellales-Selenomonadales; f__Veillonellaceae; g__Dialister
96f80b4f359ea8d80e9b19f1e16c74d4	d__Bacteria; p__Firmicutes; c__Clostridia; o__Oscillospirales; f__Ruminococcaceae
b8e4ddc66f26b1b04e5e0aa4c2d6d0ce	d__Bacteria; p__Firmicutes; c__Bacilli; o__RF39; f__RF39; g__RF39; s__uncultured_bacterium
48d70935b97c01dc4e10b49f4619b792	d__Bacteria; p__Firmicutes; c__Bacilli; o__Erysipelotrichales; f__Erysipelotrichaceae; g__Holdemanella
2fe0a3c7e615eb432326435f4d081368	d__Bacteria; p__Bacteroidota; c__Bacteroidia; o__Bacteroidales; f__Bacteroidaceae; g__Bacteroides; s__Bacteroides_plebeius
7c0758d6720a90499616f14ecb07789d	d__Bacteria; p__Bacteroidota; c__Bacteroidia; o__Bacteroidales; f__Bacteroidaceae; g__Bacteroides
cfda94d203936d3444721e8f17d6fc7b	d__Bacteria; p__Bacteroidota; c__Bacteroidia; o__Bacteroidales; f__Bacteroidaceae; g__Bacteroides
d7600b9b3fbd1b7e14c318a8fac035f7	d__Bacteria; p__Firmicutes; c__Clostridia; o__Lachnospirales; f__Lachnospiraceae
974f556b3486cfcf2530e18ae66040ee	d__Bacteria; p__Firmicutes; c__Bacilli; o__Lactobacillales; f__Lactobacillaceae; g__Lactobacillus
d3300dd580b395cd241633394465d9ef	d__Bacteria; p__Bacteroidota; c__Bacteroidia; o__Bacteroidales; f__Bacteroidaceae; g__Bacteroides
e43c4278489c1dcbcef2c36346df72e7	d__Bacteria; p__Bacteroidota; c__Bacteroidia; o__Bacteroidales; f__Rikenellaceae; g__Alistipes; s__Alistipes_indistinctus
9e846928ac335c405c9e2d34da9b1142	d__Bacteria; p__Firmicutes; c__Clostridia; o__Oscillospirales; f__Ruminococcaceae
005c85df7c130479fdb7da0004bdb1f6	d__Bacteria; p__Firmicutes; c__Clostridia; o__Peptostreptococcales-Tissierellales; f__Peptostreptococcales-Tissierellales; g__Peptoniphilus
770d08aa7f22e2a1d6520196d281be66	d__Bacteria; p__Firmicutes; c__Clostridia; o__Lachnospirales; f__Lachnospiraceae; g__Tyzzerella; s__Anaerotignum_lactatifermentans
3358c15c1bb7d6bd58e2d5f40a5d914f	d__Bacteria; p__Firmicutes; c__Clostridia; o__Lachnospirales; f__Lachnospiraceae
27ac0e6186d33648f3260d208bb63e78	d__Bacteria; p__Firmicutes; c__Clostridia; o__Lachnospirales; f__Lachnospiraceae
b32555e7f2d7c35ef4e73c37de3660d7	d__Bacteria; p__Firmicutes; c__Clostridia; o__Lachnospirales; f__Lachnospiraceae
6095adadc8fa378380161d608af121c2	d__Bacteria; p__Firmicutes; c__Clostridia; o__Lachnospirales; f__Lachnospiraceae
0a518ee586122ba26801781de076bc8a	d__Bacteria; p__Firmicutes; c__Clostridia; o__Oscillospirales; f__Oscillospiraceae
be96e29e202faaafa03ca131bf1c0590	d__Bacteria; p__Firmicutes; c__Clostridia; o__Oscillospirales; f__Oscillospiraceae; g__UCG-005
d905e93178c3fa5f5994adc6dfb710bf	d__Bacteria; p__Proteobacteria; c__Alphaproteobacteria; o__Rhodobacterales; f__Rhodobacteraceae; g__Rubellimicrobium
a4695a4044dbee57c23197c5a1fd92b6	d__Bacteria; p__Actinobacteriota; c__Thermoleophilia; o__Solirubrobacterales; f__67-14; g__67-14
e20c250dce3f8fc49fecea1fdb789c8c	d__Bacteria; p__Firmicutes; c__Clostridia; o__Oscillospirales; f__Ruminococcaceae; g__Anaerotruncus; s__Anaerotruncus_sp.
362a54cc048a98c6f8542b538f5edd9b	d__Bacteria; p__Firmicutes; c__Clostridia; o__Oscillospirales; f__Ruminococcaceae; g__Incertae_Sedis; s__uncultured_organism
e3b7c6f053265c31df6781f2937c4618	d__Bacteria; p__Firmicutes; c__Clostridia
807cd8a98add4eb9ea36e08e7c4ba56e	d__Bacteria; p__Spirochaetota; c__Spirochaetia; o__Spirochaetales; f__Spirochaetaceae; g__Sphaerochaeta; s__uncultured_bacterium
408e51960d516677be4ce51c45f7bf98	d__Archaea; p__Euryarchaeota; c__Methanobacteria; o__Methanobacteriales; f__Methanobacteriaceae; g__Methanobrevibacter
fb087d30a2e980bbb07fc900c4cbefa4	d__Bacteria; p__Firmicutes; c__Clostridia
1dd22870113d509a6939f0e03cf12b04	d__Bacteria; p__Proteobacteria; c__Gammaproteobacteria; o__Aeromonadales; f__Succinivibrionaceae; g__Succinivibrio; s__uncultured_bacterium
8cd66d7af4534ea5b717b9fcc42de263	d__Bacteria; p__Firmicutes; c__Clostridia; o__Lachnospirales; f__Lachnospiraceae; g__[Eubacterium]_ventriosum_group
8395227f2530c5612cb79a28e5415d6f	d__Bacteria; p__Firmicutes; c__Clostridia; o__Lachnospirales; f__Lachnospiraceae; g__[Eubacterium]_ventriosum_group
b2669c9f048540be731649a66aace47e	d__Bacteria; p__Firmicutes; c__Clostridia; o__Lachnospirales; f__Lachnospiraceae; g__[Eubacterium]_ventriosum_group
4280b9b5434aabb6be949433de1822fb	d__Bacteria; p__Actinobacteriota; c__Actinobacteria; o__Frankiales; f__Sporichthyaceae; g__hgcI_clade; s__uncultured_Clavibacter
c239a51c2dad5d001909a970f661d08a	d__Bacteria; p__Firmicutes; c__Clostridia; o__Christensenellales; f__Christensenellaceae; g__Christensenellaceae_R-7_group; s__human_gut
ea1de9317964d0b55d8ab62ac233b518	d__Bacteria; p__Firmicutes; c__Clostridia; o__Christensenellales; f__Christensenellaceae; g__Christensenellaceae_R-7_group; s__human_gut
a7c83a6480760ff69ff643f3300e3c15	d__Bacteria; p__Firmicutes; c__Clostridia; o__Christensenellales; f__Christensenellaceae
844e0f0de102429b533e7cb2dfd0cdca	d__Bacteria; p__Firmicutes; c__Bacilli; o__Bacillales; f__Planococcaceae; g__Solibacillus
90200f486a6fc463f8b819a03ec9324d	d__Bacteria; p__Firmicutes; c__Bacilli; o__Lactobacillales; f__Lactobacillaceae; g__Lactobacillus
14595d0d242e28b1d80b7212860169eb	d__Bacteria; p__Firmicutes; c__Bacilli; o__Lactobacillales; f__Lactobacillaceae; g__Lactobacillus
3e7c9e0a759942daeb11ed0dc608bcc4	d__Bacteria; p__Firmicutes; c__Bacilli; o__Lactobacillales; f__Lactobacillaceae; g__Lactobacillus; s__Lactobacillus_mucosae
38a95c4de07b98ac63cf928f85d26e5f	d__Bacteria; p__Firmicutes; c__Bacilli; o__Erysipelotrichales; f__Erysipelotrichaceae; g__Turicibacter
e6929b1c655223576cc27029088214a7	d__Bacteria; p__Firmicutes; c__Bacilli; o__Erysipelotrichales; f__Erysipelotrichaceae; g__Turicibacter
150b51019d0916b24379f8f15ba98ce4	d__Bacteria; p__Firmicutes; c__Bacilli; o__Lactobacillales; f__Streptococcaceae; g__Streptococcus
e836eef4c0574b57403d9122de3bf451	d__Bacteria; p__Firmicutes; c__Bacilli; o__Lactobacillales; f__Streptococcaceae; g__Streptococcus
29186ca1a62bf6c8080b7adf0cc9a6f9	d__Bacteria; p__Firmicutes; c__Bacilli; o__Lactobacillales
80875dfa01103791b2445a381a55c392	d__Bacteria; p__Firmicutes; c__Bacilli; o__Erysipelotrichales; f__Erysipelatoclostridiaceae; g__Erysipelatoclostridium
c054fc900685f276fb9e40405fb3a819	d__Bacteria; p__Firmicutes; c__Bacilli; o__Erysipelotrichales; f__Erysipelatoclostridiaceae; g__Erysipelatoclostridium; s__Massiliomicrobiota_sp.
941b3b8633212585708315bddecdc9e6	d__Bacteria; p__Firmicutes; c__Bacilli; o__Erysipelotrichales; f__Erysipelotrichaceae; g__Holdemania
e6381c42e57b46c79815a41378d328dd	d__Bacteria; p__Firmicutes; c__Bacilli; o__Erysipelotrichales; f__Erysipelatoclostridiaceae; g__Erysipelotrichaceae_UCG-003
05be61e1989f5e7392d3b10469167cb1	d__Bacteria; p__Firmicutes; c__Bacilli; o__Erysipelotrichales; f__Erysipelatoclostridiaceae; g__Catenibacterium; s__uncultured_bacterium
c0038911453a484d885258dacc748bd8	d__Bacteria; p__Firmicutes; c__Bacilli; o__Erysipelotrichales; f__Erysipelotrichaceae; g__Solobacterium
50d008d3c57d8dc74da2b0b57829e8e5	d__Bacteria; p__Firmicutes; c__Bacilli; o__Erysipelotrichales; f__Erysipelatoclostridiaceae
b259b80816e0465c476105ac5407e60a	d__Bacteria; p__Firmicutes; c__Bacilli; o__Erysipelotrichales; f__Erysipelotrichaceae
7f2d1b93b0cb999f04621ef1eef3d7f0	d__Bacteria; p__Firmicutes; c__Bacilli; o__Erysipelotrichales; f__Erysipelotrichaceae
311305d4c5ea21c0430bda60ef1cedf5	d__Bacteria; p__Firmicutes; c__Bacilli; o__Erysipelotrichales; f__Erysipelotrichaceae; g__Merdibacter
fcd2866e6edf8a39ef88ff0be4cce648	d__Bacteria; p__Firmicutes; c__Bacilli; o__Erysipelotrichales; f__Erysipelotrichaceae; g__[Clostridium]_innocuum_group
53b72a52e8535e9bde2bc8c26fb7dca8	d__Bacteria; p__Firmicutes; c__Bacilli; o__Erysipelotrichales; f__Erysipelotrichaceae; g__Holdemanella
309fc660a5582485ba01666a2a36a823	d__Bacteria; p__Firmicutes; c__Bacilli; o__Erysipelotrichales; f__Erysipelotrichaceae; g__Holdemanella
3b1110b0446e709886a510840ba27cfa	d__Bacteria; p__Firmicutes; c__Bacilli; o__Erysipelotrichales; f__Erysipelotrichaceae; g__Holdemanella
30fccb2fb8d0281534976fa0623e3003	d__Bacteria; p__Cyanobacteria; c__Vampirivibrionia; o__Gastranaerophilales; f__Gastranaerophilales; g__Gastranaerophilales
a503499ce91529524571c34dd2cf4b86	d__Bacteria; p__Cyanobacteria; c__Vampirivibrionia; o__Gastranaerophilales; f__Gastranaerophilales; g__Gastranaerophilales; s__uncultured_bacterium
44f85b93b910bc6216fd01f2eac040eb	d__Bacteria; p__Verrucomicrobiota; c__Verrucomicrobiae; o__Verrucomicrobiales; f__Akkermansiaceae; g__Akkermansia
2b4076ecd5e95b36603ffb06e5113976	d__Bacteria; p__Verrucomicrobiota; c__Verrucomicrobiae; o__Verrucomicrobiales; f__Akkermansiaceae; g__Akkermansia; s__uncultured_bacterium
e428d0df2f592ad9a3da13786e123145	d__Bacteria; p__Firmicutes; c__Clostridia; o__Clostridia_UCG-014; f__Clostridia_UCG-014; g__Clostridia_UCG-014
f928cd544393b53473e3b028142e1d01	d__Bacteria; p__Firmicutes; c__Clostridia; o__Clostridia_UCG-014; f__Clostridia_UCG-014; g__Clostridia_UCG-014
9f03d2c37e70b0603897e8b06f3a1474	d__Bacteria; p__Firmicutes; c__Clostridia; o__Clostridia_UCG-014; f__Clostridia_UCG-014; g__Clostridia_UCG-014
37824f2818d936f930a7c52cbb12ee05	d__Bacteria; p__Firmicutes; c__Clostridia; o__Clostridia_UCG-014; f__Clostridia_UCG-014; g__Clostridia_UCG-014
29b95af3a9e0b97f238cdf86b95b5f40	d__Bacteria; p__Firmicutes; c__Clostridia; o__Clostridia_UCG-014; f__Clostridia_UCG-014; g__Clostridia_UCG-014
7a0488ec06e1d3652e9a44a190e04bf6	d__Bacteria; p__Firmicutes; c__Clostridia; o__Clostridia_UCG-014; f__Clostridia_UCG-014; g__Clostridia_UCG-014; s__uncultured_bacterium
38bcbadf8d1b69bff80c196b7711f41c	d__Bacteria; p__Firmicutes; c__Clostridia; o__Clostridia_UCG-014; f__Clostridia_UCG-014; g__Clostridia_UCG-014
3c257289ce72a56019692412f62c9cd2	d__Bacteria; p__Firmicutes; c__Clostridia; o__Clostridia_UCG-014; f__Clostridia_UCG-014; g__Clostridia_UCG-014
f7c872d4f6054c18bfb623f452329172	d__Bacteria; p__Firmicutes; c__Clostridia; o__Clostridia_UCG-014; f__Clostridia_UCG-014; g__Clostridia_UCG-014
6e90dbcf71758ebb0a2f19120baa3d0c	d__Bacteria; p__Firmicutes; c__Clostridia; o__Clostridia_UCG-014; f__Clostridia_UCG-014; g__Clostridia_UCG-014
6e64ff86fa6fad7c5eaffb2df180946a	d__Bacteria; p__Firmicutes; c__Clostridia; o__Clostridia_UCG-014; f__Clostridia_UCG-014; g__Clostridia_UCG-014
1fc1115c85640c1060ddcb353bd7f6cb	d__Bacteria; p__Firmicutes; c__Clostridia; o__Clostridia_UCG-014; f__Clostridia_UCG-014; g__Clostridia_UCG-014
e1788fea2b6aaf1aefa4611773f028cc	d__Bacteria; p__Firmicutes; c__Clostridia; o__Clostridia_UCG-014; f__Clostridia_UCG-014; g__Clostridia_UCG-014
09345c6b1b8d760c79c07d2eabba5976	d__Bacteria; p__Firmicutes; c__Clostridia; o__Clostridia_UCG-014; f__Clostridia_UCG-014; g__Clostridia_UCG-014
866d4bf1c64ef8d4e800546f7f168a8b	d__Bacteria; p__Firmicutes; c__Clostridia; o__Clostridia_UCG-014; f__Clostridia_UCG-014; g__Clostridia_UCG-014
b9b29583933868912479750cd38315f8	d__Bacteria; p__Proteobacteria; c__Alphaproteobacteria; o__Rhodospirillales; f__uncultured; g__uncultured; s__gut_metagenome
9bb2720ff864e0b45197790670dd58a1	d__Bacteria; p__Proteobacteria; c__Alphaproteobacteria; o__Rhodospirillales; f__uncultured; g__uncultured; s__Azospirillum_sp.
f051ff851c66816dd2a8a1e496e708c8	d__Bacteria; p__Bacteroidota; c__Bacteroidia; o__Bacteroidales; f__Prevotellaceae; g__Alloprevotella
96ecf9d00192c33648fb9b5668595d93	d__Bacteria; p__Bacteroidota; c__Bacteroidia; o__Bacteroidales; f__Bacteroidaceae; g__Bacteroides; s__Bacteroides_plebeius
0a148569cb5bf3e5a177a6fffc608d52	d__Bacteria; p__Bacteroidota; c__Bacteroidia; o__Bacteroidales; f__Bacteroidaceae; g__Bacteroides; s__Bacteroides_plebeius
38f96f671e4810888c0d8f0e68bb9f92	d__Bacteria; p__Bacteroidota; c__Bacteroidia; o__Bacteroidales; f__Bacteroidaceae; g__Bacteroides; s__Bacteroides_massiliensis
66ec5e972cf15f3755a39f9f03a549a1	d__Bacteria; p__Bacteroidota; c__Bacteroidia; o__Bacteroidales; f__Bacteroidaceae; g__Bacteroides
fb0969bc4b924bb20669d894f48744c8	d__Bacteria; p__Bacteroidota; c__Bacteroidia; o__Bacteroidales; f__Bacteroidaceae; g__Bacteroides
8af9e20e1457bb1ae6904a680cd04f62	d__Bacteria; p__Bacteroidota; c__Bacteroidia; o__Bacteroidales; f__Bacteroidaceae; g__Bacteroides; s__Bacteroides_eggerthii
2c1107770722ab2b92a286798d2a4ac8	d__Bacteria; p__Bacteroidota; c__Bacteroidia; o__Bacteroidales; f__Bacteroidaceae; g__Bacteroides
e1974de25871d5bc88a50c745b9d3bf7	d__Bacteria; p__Bacteroidota; c__Bacteroidia; o__Bacteroidales; f__Bacteroidaceae; g__Bacteroides
3c5c128fcdde84b631e21ea69ae8b7d9	d__Bacteria; p__Bacteroidota; c__Bacteroidia; o__Bacteroidales; f__Bacteroidaceae; g__Bacteroides
98a7515a18637e143301eb694367b6e6	d__Bacteria; p__Bacteroidota; c__Bacteroidia; o__Bacteroidales; f__Bacteroidaceae; g__Bacteroides
c2973099c12ca1fb87cb0e475ad054c3	d__Bacteria; p__Bacteroidota; c__Bacteroidia; o__Bacteroidales; f__Prevotellaceae; g__Prevotella
6bce8fde454662348e778aaf327918e3	d__Bacteria; p__Bacteroidota; c__Bacteroidia; o__Bacteroidales; f__Rikenellaceae; g__Alistipes
0de073a9c6151fa828ea4e89f4ea8ebe	d__Bacteria; p__Bacteroidota; c__Bacteroidia; o__Bacteroidales; f__Rikenellaceae; g__Alistipes; s__Alistipes_shahii
4f182b572b8e537ea2367b131cdbb3e8	d__Bacteria; p__Bacteroidota; c__Bacteroidia; o__Bacteroidales; f__Rikenellaceae; g__Alistipes; s__Alistipes_shahii
d8707bf51ad75cd05e6ba1b27959267e	d__Bacteria; p__Bacteroidota; c__Bacteroidia; o__Bacteroidales; f__Rikenellaceae; g__Alistipes
5e363b3c799951324bbbfead6b5de20c	d__Bacteria; p__Bacteroidota; c__Bacteroidia; o__Bacteroidales; f__Rikenellaceae; g__Alistipes
8f3498a563360b3b342154941e15c822	d__Bacteria; p__Bacteroidota; c__Bacteroidia; o__Bacteroidales; f__Rikenellaceae; g__Alistipes
cc87b1fcf85afd552ac7687fe791764c	d__Bacteria; p__Bacteroidota; c__Bacteroidia; o__Bacteroidales; f__Rikenellaceae; g__Alistipes
de43d069c47a09bff98d0eabd0d9517d	d__Bacteria; p__Bacteroidota; c__Bacteroidia; o__Bacteroidales; f__Rikenellaceae; g__Alistipes; s__Alistipes_finegoldii
cdfa28b63a48c99707c2475429a23959	d__Bacteria; p__Bacteroidota; c__Bacteroidia; o__Bacteroidales; f__Rikenellaceae; g__Alistipes; s__Alistipes_indistinctus
d475d7133756ea2a38e7814279790df4	d__Bacteria; p__Bacteroidota; c__Bacteroidia; o__Bacteroidales; f__Rikenellaceae; g__Alistipes
1e8385bed45351328399c747ef7789f0	d__Bacteria; p__Bacteroidota; c__Bacteroidia; o__Bacteroidales; f__Bacteroidaceae; g__Bacteroides
0d89660a9851251daf7af72b6ddb7990	d__Bacteria; p__Bacteroidota; c__Bacteroidia; o__Bacteroidales; f__Bacteroidaceae; g__Bacteroides
eebce6681a2576bd9808835bb5509062	d__Bacteria; p__Bacteroidota; c__Bacteroidia; o__Bacteroidales; f__Rikenellaceae; g__Rikenellaceae_RC9_gut_group; s__uncultured_bacterium
72ec7b3c453944ddcbebea9cf4e78763	d__Bacteria; p__Bacteroidota; c__Bacteroidia; o__Bacteroidales; f__Rikenellaceae; g__Alistipes; s__Alistipes_sp.
9508333a7759e3549a30b3d9eb3f4a88	d__Bacteria; p__Bacteroidota; c__Bacteroidia; o__Bacteroidales
27a0c5433625a3e5eb5cb2a8add919fb	d__Bacteria; p__Bacteroidota; c__Bacteroidia; o__Bacteroidales
f6483336f472f6e7e620b66596b815c8	d__Bacteria; p__Bacteroidota; c__Bacteroidia; o__Bacteroidales; f__Porphyromonadaceae; g__Porphyromonas
4d078fa6ee274ef51b2b2ca0dc5ead74	d__Bacteria; p__Bacteroidota; c__Bacteroidia; o__Bacteroidales; f__Tannerellaceae; g__Parabacteroides; s__Parabacteroides_merdae
e1931a7a8bbca14ad32066aa1f238f7a	d__Bacteria; p__Bacteroidota; c__Bacteroidia; o__Bacteroidales; f__Tannerellaceae; g__Parabacteroides; s__Parabacteroides_johnsonii
cb3ab8e744ba35281ada59b73b74b395	d__Bacteria; p__Bacteroidota; c__Bacteroidia; o__Bacteroidales; f__Tannerellaceae; g__Parabacteroides
89e95fb68e780771d3f99ded12d15546	d__Bacteria; p__Bacteroidota; c__Bacteroidia; o__Bacteroidales; f__Bacteroidaceae; g__Bacteroides
c574dd1d404e6c478d39ef7e40a01495	d__Bacteria; p__Bacteroidota; c__Bacteroidia; o__Bacteroidales; f__Bacteroidaceae; g__Bacteroides
1d0844b23d5516580e724a799e7eaa74	d__Bacteria; p__Bacteroidota; c__Bacteroidia; o__Bacteroidales; f__Bacteroidaceae; g__Bacteroides
c4fbfa4066dfc8fcb0d8c7c8e299be16	d__Bacteria; p__Bacteroidota; c__Bacteroidia; o__Bacteroidales; f__Prevotellaceae; g__uncultured; s__Prevotella_sp.
09c1b4b7981af5e41daa241c7fe42cf9	d__Bacteria; p__Bacteroidota; c__Bacteroidia; o__Bacteroidales; f__Prevotellaceae; g__Prevotella
40395073354b23a5d8094933a6fa8fe3	d__Bacteria; p__Bacteroidota; c__Bacteroidia; o__Bacteroidales; f__Bacteroidaceae; g__Bacteroides
353f338ccc9f8dfd22c7e5ecf0ee02a8	d__Bacteria; p__Bacteroidota; c__Bacteroidia; o__Bacteroidales; f__Bacteroidaceae; g__Bacteroides
7db254fda162f2891f0c27f9b4309fdb	d__Bacteria; p__Bacteroidota; c__Bacteroidia; o__Bacteroidales; f__Bacteroidaceae; g__Bacteroides
6f687bc8ea842e3b812be0234422052e	d__Bacteria; p__Bacteroidota; c__Bacteroidia; o__Bacteroidales; f__uncultured; g__uncultured; s__gut_metagenome
f172ede41bb42f0af9f1aa4d9c8fcc34	d__Bacteria; p__Bacteroidota; c__Bacteroidia; o__Bacteroidales; f__Muribaculaceae; g__Muribaculaceae; s__uncultured_bacterium
1d8d5cb1aae3cd7cdd2ff34701fd9355	d__Bacteria; p__Bacteroidota; c__Bacteroidia; o__Bacteroidales; f__Barnesiellaceae; g__Coprobacter
d8d58de63f7a6bebdad837e8bf90f70b	d__Bacteria; p__Bacteroidota; c__Bacteroidia; o__Bacteroidales; f__Rikenellaceae; g__Rikenellaceae_RC9_gut_group; s__uncultured_bacterium
f48d83563719482aaab47abd703ad798	d__Bacteria; p__Bacteroidota; c__Bacteroidia; o__Bacteroidales; f__Rikenellaceae; g__Alistipes; s__Alistipes_inops
551dc041693b47d227a9894584598927	d__Bacteria; p__Bacteroidota; c__Bacteroidia; o__Bacteroidales; f__Prevotellaceae; g__Paraprevotella; s__uncultured_bacterium
f4206fb207613f2a8266ad4fefb7924c	d__Bacteria; p__Bacteroidota; c__Bacteroidia; o__Bacteroidales; f__Prevotellaceae; g__Paraprevotella
dc9253961af5eea6a8379c3c54e9602b	d__Bacteria; p__Bacteroidota; c__Bacteroidia; o__Bacteroidales; f__Prevotellaceae; g__Paraprevotella
bfab0d9be6eb3690ba98e60c075ad7a6	d__Bacteria; p__Bacteroidota; c__Bacteroidia; o__Bacteroidales; f__Bacteroidaceae; g__Bacteroides
06b8745248657cd0ba6f61ad3c765be5	d__Bacteria; p__Bacteroidota; c__Bacteroidia; o__Bacteroidales; f__Prevotellaceae; g__Paraprevotella
e55c314db97602753ecb4cef8c72a023	d__Bacteria; p__Bacteroidota; c__Bacteroidia; o__Bacteroidales; f__Bacteroidaceae; g__Bacteroides
c39c4d3d74485fbf33e8ae1939c90f7f	d__Bacteria; p__Bacteroidota; c__Bacteroidia; o__Bacteroidales; f__Barnesiellaceae; g__Barnesiella
6182ace0fd183210a436b9daed0ee91d	d__Bacteria; p__Bacteroidota; c__Bacteroidia; o__Bacteroidales; f__Barnesiellaceae; g__Barnesiella
5bde5e021a5a1a61c37247e8bac5928e	d__Bacteria; p__Bacteroidota; c__Bacteroidia; o__Bacteroidales; f__Barnesiellaceae; g__Barnesiella
ee41aec4c153b7de2fd5b7920d1c78b9	d__Bacteria; p__Bacteroidota; c__Bacteroidia; o__Bacteroidales; f__Barnesiellaceae; g__Barnesiella
6af1c12454c399023a08611eb1ad8081	d__Bacteria; p__Firmicutes; c__Clostridia; o__Oscillospirales; f__Ruminococcaceae
ba1e2a34ecb4968fe6171cc0517a1fb4	d__Bacteria; p__Firmicutes; c__Clostridia; o__Oscillospirales; f__Ruminococcaceae
71f786d46cd1af91fa88af351cccf369	d__Bacteria; p__Firmicutes; c__Clostridia; o__Oscillospirales; f__Ruminococcaceae; g__Incertae_Sedis
41099f3b5e9af1c0b3dc4684f301ab65	d__Bacteria; p__Firmicutes; c__Clostridia; o__Oscillospirales; f__Ruminococcaceae
904d87972f98e7c7215a1058ebc9b78a	d__Bacteria; p__Firmicutes; c__Clostridia; o__Oscillospirales; f__Ruminococcaceae; g__Incertae_Sedis
43aac7ae09e1e9df9b511d5da9530aeb	d__Bacteria; p__Firmicutes; c__Clostridia; o__Oscillospirales; f__Ruminococcaceae; g__Incertae_Sedis; s__uncultured_bacterium
9b7cb669ded550682d8f45ff028c255a	d__Bacteria; p__Firmicutes; c__Clostridia; o__Oscillospirales; f__Ruminococcaceae; g__Incertae_Sedis
56b27ab761c9f1baa6c3093384bab8da	d__Bacteria; p__Firmicutes; c__Clostridia; o__Oscillospirales; f__Ruminococcaceae; g__Incertae_Sedis
ae8d2036c5491aac7cb38c1db04c4706	d__Bacteria; p__Firmicutes; c__Clostridia
2ff36c6a31eefcad9ec657e5eecff01a	d__Bacteria; p__Firmicutes; c__Incertae_Sedis; o__DTU014; f__DTU014; g__DTU014; s__unidentified
ec17ff402ea99e2c01cdcf52b984e266	d__Bacteria; p__Firmicutes; c__Clostridia; o__Lachnospirales; f__Lachnospiraceae; g__Dorea
1e3fb8691de877ab2fb6e62e545ae979	d__Bacteria; p__Firmicutes; c__Clostridia; o__Oscillospirales; f__Ruminococcaceae
49dc91cd9a2d4bc372c934a528f30166	d__Bacteria; p__Firmicutes; c__Clostridia; o__Oscillospirales; f__Ruminococcaceae
6a8a520064ccac36d2bef1e08be9cb8a	d__Bacteria; p__Firmicutes; c__Clostridia; o__Lachnospirales; f__Lachnospiraceae
c42e8c8334b74a56715305529f5555ec	d__Bacteria; p__Firmicutes; c__Clostridia; o__Lachnospirales; f__Lachnospiraceae; g__[Eubacterium]_eligens_group
f01d1213107061dbdf264cb35eda2d8f	d__Bacteria; p__Firmicutes; c__Clostridia; o__Lachnospirales; f__Lachnospiraceae; g__Lachnospira
26ac877dafaf165f645585dece6435d1	d__Bacteria; p__Firmicutes; c__Clostridia; o__Lachnospirales; f__Lachnospiraceae; g__Lachnospiraceae_ND3007_group
2d65ba1924d7019e2e5542a8cb70257d	d__Bacteria; p__Firmicutes; c__Clostridia; o__Oscillospirales; f__Ruminococcaceae; g__Ruminococcus; s__Ruminococcus_bicirculans
752813bb1f1a08b8bf3d55b56a873cf5	d__Bacteria; p__Firmicutes; c__Clostridia; o__Lachnospirales; f__Lachnospiraceae; g__Howardella; s__uncultured_organism
b05af1974b4fbd13c49838e7e5e03aff	d__Bacteria; p__Firmicutes; c__Clostridia; o__Oscillospirales; f__Ruminococcaceae; g__Ruminococcus
bbd4e363dc7f3fff7a71ab537cf1b0b6	d__Bacteria; p__Firmicutes; c__Clostridia; o__Peptostreptococcales-Tissierellales; f__Anaerovoracaceae
d0bfaf2d855f713e5901d1737647939f	d__Bacteria; p__Firmicutes; c__Clostridia; o__Peptostreptococcales-Tissierellales; f__Anaerovoracaceae; g__Family_XIII_AD3011_group; s__gut_metagenome
94a0a52a9f9f73b47d0e249f57ae3a26	d__Bacteria; p__Firmicutes; c__Clostridia; o__Peptostreptococcales-Tissierellales; f__Anaerovoracaceae; g__Family_XIII_AD3011_group; s__uncultured_organism
c6ddc6c816ecbdf973b07f69e57fbc8c	d__Bacteria; p__Firmicutes; c__Clostridia; o__Peptostreptococcales-Tissierellales; f__Anaerovoracaceae; g__[Eubacterium]_nodatum_group; s__Ihubacter_massiliensis
0d794a848e33e4e1ed98fc15d47ca6ca	d__Bacteria; p__Firmicutes; c__Clostridia; o__Lachnospirales; f__Lachnospiraceae; g__Tyzzerella; s__Anaerotignum_lactatifermentans
bf4b7b89307535143d19a93178be84b8	d__Bacteria; p__Firmicutes; c__Clostridia; o__Lachnospirales; f__Lachnospiraceae
9e42f0210b04c651d91960bd603a673f	d__Bacteria; p__Firmicutes; c__Clostridia; o__Peptostreptococcales-Tissierellales; f__Peptostreptococcaceae
6f34f954adef81843ea4b829c3f6fdd0	d__Bacteria; p__Firmicutes; c__Clostridia; o__Peptostreptococcales-Tissierellales; f__Peptostreptococcaceae
71c4ec7af47f8a08518ce2d2c9a46322	d__Bacteria; p__Firmicutes; c__Clostridia; o__Oscillospirales; f__[Eubacterium]_coprostanoligenes_group; g__[Eubacterium]_coprostanoligenes_group; s__human_gut
acf9265d6468441de9e7a04f315e1836	d__Bacteria; p__Firmicutes; c__Clostridia; o__Peptostreptococcales-Tissierellales; f__Anaerovoracaceae; g__[Eubacterium]_nodatum_group; s__unidentified
bd4d0dc7ab1813b2d4efadc2d9dcd248	d__Bacteria; p__Firmicutes; c__Clostridia; o__Lachnospirales; f__Lachnospiraceae
7ade6d76ba647322300b4ed5e8b8e3cd	d__Bacteria; p__Firmicutes; c__Clostridia; o__Lachnospirales; f__Lachnospiraceae
af05e010dd2993029db8cdfaa0e50b7f	d__Bacteria; p__Firmicutes; c__Clostridia; o__Lachnospirales; f__Lachnospiraceae
fa0e24b19fcfb67c54a6f8963340bf1f	d__Bacteria; p__Firmicutes; c__Clostridia; o__Lachnospirales; f__Lachnospiraceae
8542ca6d4b5fbb5914d92de0d422620d	d__Bacteria; p__Firmicutes; c__Clostridia; o__Lachnospirales; f__Lachnospiraceae; g__Lachnoclostridium
50bd0f250534717c87e576977ed4a75d	d__Bacteria; p__Firmicutes; c__Clostridia; o__Lachnospirales; f__Lachnospiraceae
cbf7161d86ea02b5c0e28561507fc291	d__Bacteria; p__Firmicutes; c__Clostridia; o__Oscillospirales; f__[Eubacterium]_coprostanoligenes_group; g__[Eubacterium]_coprostanoligenes_group
30d7a3056142ecf0ffa859a1c786bf7f	d__Bacteria; p__Proteobacteria; c__Gammaproteobacteria; o__Enterobacterales; f__Enterobacteriaceae; g__Escherichia-Shigella
866359942cf220fb59c3bbded9be5ed7	d__Bacteria; p__Proteobacteria; c__Gammaproteobacteria; o__Enterobacterales; f__Enterobacteriaceae
ee949b1b958977b2431a7f409cee83c6	d__Bacteria; p__Proteobacteria; c__Gammaproteobacteria; o__Enterobacterales; f__Enterobacteriaceae; g__Escherichia-Shigella
2872015e38de706969b8acadb5567332	d__Bacteria; p__Proteobacteria; c__Gammaproteobacteria; o__Enterobacterales; f__Enterobacteriaceae
8b4801d17d5e3146c7f00c1e1c2165c3	d__Bacteria; p__Proteobacteria; c__Gammaproteobacteria; o__Enterobacterales; f__Enterobacteriaceae
aec7f3a9b2ccb642972ce40f7ccf0aa6	d__Bacteria; p__Proteobacteria; c__Gammaproteobacteria; o__Enterobacterales; f__Enterobacteriaceae
82b346a77b390cf3f4fc1b78e890d995	d__Bacteria; p__Firmicutes; c__Clostridia; o__Lachnospirales; f__Lachnospiraceae; g__Epulopiscium
b4f06d564da56ef916ad2c964c18d4ef	d__Bacteria; p__Actinobacteriota; c__Actinobacteria; o__Micrococcales
589d85083b826db29957fc5cef4e86f2	d__Bacteria; p__Actinobacteriota; c__Actinobacteria; o__Bifidobacteriales; f__Bifidobacteriaceae; g__Bifidobacterium
140a9a3af5e20aa669501a939a285ee5	d__Bacteria; p__Actinobacteriota; c__Actinobacteria; o__Bifidobacteriales; f__Bifidobacteriaceae; g__Bifidobacterium
5cdaa96124252d1f522749cc3c071fe9	d__Bacteria; p__Actinobacteriota; c__Actinobacteria; o__Bifidobacteriales; f__Bifidobacteriaceae; g__Bifidobacterium
f878a765f1ff54f9a829285b520b3d80	d__Bacteria; p__Actinobacteriota; c__Actinobacteria; o__Bifidobacteriales; f__Bifidobacteriaceae; g__Bifidobacterium
e34f7816600fc88d59de1e8da3ab0890	d__Bacteria; p__Actinobacteriota; c__Actinobacteria; o__Micrococcales; f__Micrococcaceae; g__Kocuria
b7a499b526bf0de8d9894751124fab4c	d__Bacteria; p__Firmicutes; c__Clostridia; o__Peptostreptococcales-Tissierellales; f__Anaerovoracaceae; g__Family_XIII_UCG-001; s__uncultured_bacterium
d067b7790c2e6cb3ffb7964ed16394e3	d__Bacteria; p__Firmicutes; c__Clostridia; o__Peptostreptococcales-Tissierellales; f__Anaerovoracaceae; g__Family_XIII_UCG-001; s__uncultured_bacterium
9041a3426ff6c9322df8dedbff24aa3c	d__Bacteria; p__Firmicutes; c__Clostridia; o__Lachnospirales; f__Lachnospiraceae; g__Lachnospiraceae_UCG-010; s__uncultured_bacterium
1250e62c7d440ca694451322dea301f3	d__Bacteria; p__Firmicutes; c__Clostridia; o__Lachnospirales; f__Lachnospiraceae; g__Lachnospiraceae_UCG-010; s__uncultured_organism
0b93c1185bc50234fefb879448b6cc01	d__Bacteria; p__Firmicutes; c__Clostridia; o__Lachnospirales; f__Lachnospiraceae
d42e0cabf9c2d6922a0a8a7abe216033	d__Bacteria; p__Firmicutes; c__Clostridia; o__Lachnospirales; f__Lachnospiraceae; g__Tyzzerella
30c67f5269575d2387fb0efd5d4d394c	d__Bacteria; p__Firmicutes; c__Clostridia; o__Lachnospirales; f__Lachnospiraceae; g__Tyzzerella
6e31bbf2ab8a80ad8522c059eb11baba	d__Bacteria; p__Firmicutes; c__Clostridia; o__Lachnospirales; f__Lachnospiraceae
ea3f95323e18b2cec70d7c90f287ffad	d__Bacteria; p__Firmicutes; c__Clostridia; o__Lachnospirales; f__Lachnospiraceae
b01cabb4fa59bb262d3d3eb445e8e2d8	d__Bacteria; p__Firmicutes; c__Clostridia; o__Oscillospirales; f__[Eubacterium]_coprostanoligenes_group; g__[Eubacterium]_coprostanoligenes_group
d9c0518d5b0676980d847b785ac2da44	d__Bacteria; p__Firmicutes; c__Clostridia; o__Oscillospirales; f__[Eubacterium]_coprostanoligenes_group; g__[Eubacterium]_coprostanoligenes_group
d84cb8fe4ae10490e09c6f7d6c12227b	d__Bacteria; p__Firmicutes; c__Clostridia; o__Oscillospirales; f__[Eubacterium]_coprostanoligenes_group; g__[Eubacterium]_coprostanoligenes_group
ac97f99119f2b1b46073c10e5606a330	d__Bacteria; p__Firmicutes; c__Clostridia; o__Oscillospirales; f__[Eubacterium]_coprostanoligenes_group; g__[Eubacterium]_coprostanoligenes_group
eb14b255dbd054062645662d3b8f3b84	d__Bacteria; p__Firmicutes; c__Clostridia; o__Peptostreptococcales-Tissierellales; f__Anaerovoracaceae; g__Family_XIII_AD3011_group
8dd6a245357070807f2c294052563708	d__Bacteria; p__Firmicutes; c__Clostridia; o__Oscillospirales; f__[Eubacterium]_coprostanoligenes_group; g__[Eubacterium]_coprostanoligenes_group
a94c601568350bf25ef02443c713021f	d__Bacteria; p__Firmicutes; c__Clostridia; o__Oscillospirales; f__[Eubacterium]_coprostanoligenes_group; g__[Eubacterium]_coprostanoligenes_group
ff2b0b6cdfe7350a50efc6374c15ed61	d__Bacteria; p__Firmicutes; c__Clostridia; o__Lachnospirales; f__Lachnospiraceae
824f32a7442c34e52b567b5ac8fb930c	d__Bacteria; p__Firmicutes; c__Clostridia; o__Lachnospirales; f__Lachnospiraceae
3c5f303c5304b5fdb8e5710707594bca	d__Bacteria; p__Firmicutes; c__Clostridia; o__Lachnospirales; f__Lachnospiraceae
eab3f090cc9991038a5aa16fcf0e863f	d__Bacteria; p__Firmicutes; c__Clostridia; o__Lachnospirales; f__Lachnospiraceae
0b74cda02dee178ec7041ec8248e25b6	d__Bacteria; p__Firmicutes; c__Clostridia; o__Lachnospirales; f__Lachnospiraceae
10876bf26851d5419a9a76608e529483	d__Bacteria; p__Firmicutes; c__Clostridia; o__Lachnospirales; f__Lachnospiraceae
96c03d30ff4deb8d4aa5aea642dc0453	d__Bacteria; p__Firmicutes; c__Clostridia; o__Lachnospirales; f__Lachnospiraceae; g__[Eubacterium]_hallii_group
9be83843a1734d3a29a63751fd64a5eb	d__Bacteria; p__Firmicutes; c__Clostridia; o__Lachnospirales; f__Lachnospiraceae; g__[Eubacterium]_hallii_group
8dff555c0f5842797a328a5a96847703	d__Bacteria; p__Firmicutes; c__Clostridia; o__Clostridiales; f__Clostridiaceae; g__Clostridium_sensu_stricto_1
45dca91936dfce36b590eee4b2b1e257	d__Bacteria; p__Firmicutes; c__Clostridia; o__Oscillospirales; f__Butyricicoccaceae; g__UCG-009
52d78842acd2aee62e8318a5dc10ce60	d__Bacteria; p__Proteobacteria; c__Gammaproteobacteria; o__Alteromonadales; f__Shewanellaceae; g__Shewanella
f3706ef7849e96dac6e700cd882fd156	d__Bacteria; p__Proteobacteria; c__Gammaproteobacteria; o__Alteromonadales
6926f5f24f6e721add3e35ab48be9167	d__Bacteria; p__Firmicutes; c__Clostridia; o__Oscillospirales; f__Ruminococcaceae; g__Paludicola
a826de4e76d0855fd80dbb70578345c2	d__Bacteria; p__Firmicutes; c__Clostridia; o__Oscillospirales; f__[Clostridium]_methylpentosum_group; g__[Clostridium]_methylpentosum_group; s__[Clostridium]_methylpentosum
21bdb07687d5d0a3e58710243e241975	d__Bacteria; p__Firmicutes; c__Clostridia; o__Lachnospirales; f__Lachnospiraceae; g__Blautia
990bee4d40904c272604e836b7cae79f	d__Bacteria; p__Firmicutes; c__Clostridia; o__Lachnospirales; f__Lachnospiraceae; g__Blautia
cd2978a6587b77893011d58c806eae7f	d__Bacteria; p__Firmicutes; c__Clostridia; o__Lachnospirales; f__Lachnospiraceae
037eb57a7d439baf47fb4f88c6af73b8	d__Bacteria; p__Firmicutes; c__Clostridia; o__Lachnospirales; f__Lachnospiraceae; g__Blautia
1e04ac64ea92572128147b48d25bb3fa	d__Bacteria; p__Firmicutes; c__Clostridia; o__Lachnospirales; f__Lachnospiraceae; g__Blautia
823e897013c698de5b5f71aca2564faf	d__Bacteria; p__Firmicutes; c__Clostridia; o__Lachnospirales; f__Lachnospiraceae
9ed70a8dd177ae52e88d6a8f2d08ea11	d__Bacteria; p__Firmicutes; c__Clostridia; o__Lachnospirales; f__Lachnospiraceae; g__Blautia
910be44468890d9aea1c0cf938cea7ac	d__Bacteria; p__Firmicutes; c__Clostridia; o__Lachnospirales; f__Lachnospiraceae; g__Blautia
88f9de87a031f78e27ce64ee16fb14cf	d__Bacteria; p__Firmicutes; c__Clostridia; o__Lachnospirales; f__Lachnospiraceae; g__Blautia
3940ee3524e143566ae913e2b59038dd	d__Bacteria; p__Firmicutes; c__Clostridia; o__Lachnospirales; f__Lachnospiraceae; g__Blautia
ac2f66de359bdb485fabc31331450465	d__Bacteria; p__Firmicutes; c__Clostridia; o__Lachnospirales; f__Lachnospiraceae; g__[Eubacterium]_ventriosum_group
f37c99dad3c76bdf51e55e8b49778c9c	d__Bacteria; p__Firmicutes; c__Clostridia; o__Lachnospirales; f__Lachnospiraceae
c55129bf8b5cb7948e47f8f44fc7e1d2	d__Bacteria; p__Firmicutes; c__Clostridia; o__Lachnospirales; f__Lachnospiraceae
49f6c27836e4822ebce04fd4c0811400	d__Bacteria; p__Firmicutes; c__Clostridia; o__Lachnospirales; f__Lachnospiraceae; g__Sellimonas
fd9fa3611952d63437e085151cffd67e	d__Bacteria; p__Firmicutes; c__Clostridia; o__Lachnospirales; f__Lachnospiraceae; g__Frisingicoccus
a2e91dafd08be4ec8c919e96319c7fd2	d__Bacteria; p__Firmicutes; c__Clostridia; o__Lachnospirales; f__Lachnospiraceae
a65fecf919fd4a5836b22ceffa57b2ef	d__Bacteria; p__Firmicutes; c__Clostridia; o__Lachnospirales; f__Lachnospiraceae
ddd5cb3e2a321838495297a411c165b8	d__Bacteria; p__Firmicutes; c__Clostridia; o__Lachnospirales; f__Lachnospiraceae
9ecc7fdee308265f16b49c495a7a82f1	d__Bacteria; p__Firmicutes; c__Clostridia; o__Lachnospirales; f__Lachnospiraceae
8f0c18a487fb4eeb820bcd6c93750ebe	d__Bacteria; p__Firmicutes; c__Clostridia; o__Lachnospirales; f__Lachnospiraceae
97da19cff5c4fb216b7f97ab0c5f5883	d__Bacteria; p__Firmicutes; c__Clostridia; o__Lachnospirales; f__Lachnospiraceae
c7ad3c91a97d5350102078a859b9dc00	d__Bacteria; p__Firmicutes; c__Clostridia; o__Lachnospirales; f__Lachnospiraceae
965d181e6f3932f17c14f0fa294d38e1	d__Bacteria; p__Firmicutes; c__Clostridia; o__Lachnospirales; f__Lachnospiraceae
3cdbc5337d2ec7a09378c1bae9aae48a	d__Bacteria; p__Firmicutes; c__Clostridia; o__Lachnospirales; f__Lachnospiraceae
67864d07f214779bc1b6dfce492260fc	d__Bacteria; p__Firmicutes; c__Clostridia; o__Lachnospirales; f__Lachnospiraceae
db2e522ad359e98de3aeaa4a6ca7a91a	d__Bacteria; p__Firmicutes; c__Clostridia; o__Lachnospirales; f__Lachnospiraceae
efd9b3c86177714d39deaa0976097501	d__Bacteria; p__Firmicutes; c__Clostridia; o__Lachnospirales; f__Lachnospiraceae
a1c556d0ce1cb55b7f76acf56a776288	d__Bacteria; p__Firmicutes; c__Clostridia; o__Lachnospirales; f__Lachnospiraceae
0a6d50fc71761fe3c5cbc1929991d4e1	d__Bacteria; p__Firmicutes; c__Clostridia; o__Lachnospirales; f__Lachnospiraceae; g__Roseburia
1528907b0a2ce761ac9b881b81d406ad	d__Bacteria; p__Firmicutes; c__Clostridia; o__Lachnospirales; f__Lachnospiraceae; g__Roseburia
74baa39ded55a527c11bc9fb4f5206b4	d__Bacteria; p__Firmicutes; c__Clostridia; o__Lachnospirales; f__Lachnospiraceae
b4bcb54782e838d0cb34993f8a9a0395	d__Bacteria; p__Firmicutes; c__Clostridia; o__Lachnospirales; f__Lachnospiraceae; g__Roseburia
cddbb98ffb4128487522163ed2e64ec0	d__Bacteria; p__Firmicutes; c__Clostridia; o__Lachnospirales; f__Lachnospiraceae
9f63821f5a7fd89bc6b718a62e1ca635	d__Bacteria; p__Firmicutes; c__Clostridia; o__Lachnospirales; f__Lachnospiraceae
f9e2da5ea0789c8f6ff9406eaff84dbd	d__Bacteria; p__Firmicutes; c__Clostridia; o__Lachnospirales; f__Lachnospiraceae
c31b5252c2f0252867f2698eaa62f347	d__Bacteria; p__Firmicutes; c__Clostridia; o__Lachnospirales; f__Lachnospiraceae; g__Roseburia
11ec711cda22765023a31bb657e590a5	d__Bacteria; p__Firmicutes; c__Clostridia; o__Peptostreptococcales-Tissierellales; f__Peptostreptococcales-Tissierellales; g__Fenollaria
f8ea846652f063ffffc473596914225f	d__Bacteria; p__Firmicutes; c__Clostridia; o__Lachnospirales; f__Lachnospiraceae
55030bc3ea2b54d1a769999f47ab236c	d__Bacteria; p__Firmicutes; c__Clostridia; o__Lachnospirales; f__Lachnospiraceae
3630f66dd9bd52c705e93f437fc4d57b	d__Bacteria; p__Firmicutes; c__Clostridia; o__Lachnospirales; f__Lachnospiraceae
9262e5b567b1c91b4d4f1b215312faa4	d__Bacteria; p__Firmicutes; c__Clostridia; o__Lachnospirales; f__Lachnospiraceae
df6186f6b8cf4f6d921d694597004bd3	d__Bacteria; p__Firmicutes; c__Clostridia; o__Lachnospirales; f__Lachnospiraceae
eba1aef71269915de6d8f2b01884dbd8	d__Bacteria; p__Firmicutes; c__Clostridia; o__Lachnospirales; f__Lachnospiraceae
d44ad52941ce4dfd5cc54dfdcdb826a7	d__Bacteria; p__Firmicutes; c__Clostridia; o__Oscillospirales; f__Ruminococcaceae
4d82b07a88214f7c41a943005199716e	d__Bacteria; p__Firmicutes; c__Clostridia; o__Oscillospirales; f__Ruminococcaceae
82a96766a6e2e466de0a720959b7518d	d__Bacteria; p__Firmicutes; c__Clostridia; o__Oscillospirales; f__Ruminococcaceae; g__Paludicola; s__uncultured_bacterium
df404a7e6eb97383b700e5f479c16354	d__Bacteria; p__Firmicutes; c__Clostridia; o__Oscillospirales; f__Ruminococcaceae; g__Paludicola; s__uncultured_bacterium
1c18d682cbb82f8248f179ba50f2ed9b	d__Bacteria; p__Firmicutes; c__Clostridia; o__Lachnospirales; f__Lachnospiraceae
3ea5cf7d0d3ee1724904254ad05cbbc8	d__Bacteria; p__Firmicutes; c__Clostridia; o__Lachnospirales; f__Lachnospiraceae; g__Anaerostipes
2920b2a13e1e788f56f07f098d5f70a6	d__Bacteria; p__Firmicutes; c__Clostridia; o__Lachnospirales; f__Lachnospiraceae
d19ba56eb758ae91685dbde1031c92ae	d__Bacteria; p__Firmicutes; c__Clostridia; o__Lachnospirales; f__Lachnospiraceae
16cdc47291467def703b591fa154e781	d__Bacteria; p__Firmicutes; c__Clostridia; o__Lachnospirales; f__Lachnospiraceae
c1c1f11d339bf565ab381608ce0746f3	d__Bacteria; p__Firmicutes; c__Clostridia; o__Lachnospirales; f__Lachnospiraceae
ac87e567b3d0a760f3ccf0c1609b1106	d__Bacteria; p__Firmicutes; c__Clostridia; o__Lachnospirales; f__Lachnospiraceae
fd967284d7629b7efe4afa5848d9d8af	d__Bacteria; p__Firmicutes; c__Clostridia; o__Lachnospirales; f__Lachnospiraceae
acd45c28ec9c34c402a8a9d36abe2fc4	d__Bacteria; p__Firmicutes; c__Clostridia; o__Lachnospirales; f__Lachnospiraceae
f8f89f9cd2406dd8c2609f3a5e89554c	d__Bacteria; p__Firmicutes; c__Clostridia; o__Lachnospirales; f__Lachnospiraceae
572bd19efd74577eb845dd5c9aa49a12	d__Bacteria; p__Firmicutes; c__Clostridia; o__Lachnospirales; f__Lachnospiraceae
e931c2d5785b7bac93c240132bc03ecd	d__Bacteria; p__Firmicutes; c__Clostridia; o__Lachnospirales; f__Lachnospiraceae
bdba20b5dd9ff6960887a7250d75c700	d__Bacteria; p__Firmicutes; c__Clostridia; o__Lachnospirales; f__Lachnospiraceae
59f9329ac335768f7ca73f48ec2a1dc7	d__Bacteria; p__Firmicutes; c__Clostridia; o__Lachnospirales; f__Lachnospiraceae
06161e025e583d982ec7898fb1b09aca	d__Bacteria; p__Firmicutes; c__Clostridia; o__Lachnospirales; f__Lachnospiraceae
2661064d000d84c3ce7d74b93f300671	d__Bacteria; p__Firmicutes; c__Clostridia; o__Lachnospirales; f__Lachnospiraceae
6193c48544733c29893c5aecbc8e5b95	d__Bacteria; p__Firmicutes; c__Clostridia; o__Lachnospirales; f__Lachnospiraceae
4dc799b371f9da609fc7611c46c952e1	d__Bacteria; p__Firmicutes; c__Clostridia; o__Lachnospirales; f__Lachnospiraceae
d7f56f9e09e5a37b6f2698f62a551288	d__Bacteria; p__Firmicutes; c__Clostridia; o__Lachnospirales; f__Lachnospiraceae
3230b0296798994d017d04e1d175330b	d__Bacteria; p__Firmicutes; c__Clostridia; o__Lachnospirales; f__Lachnospiraceae
5b5eb8b9ed336bbcb80bd7ed36805e3b	d__Bacteria; p__Firmicutes; c__Clostridia; o__Lachnospirales; f__Lachnospiraceae
4b7633695e63f5fdc7f45e74b452e1b1	d__Bacteria; p__Firmicutes; c__Clostridia; o__Lachnospirales; f__Lachnospiraceae
636b3622727f1a43e9124bebee904012	d__Bacteria; p__Firmicutes; c__Clostridia; o__Lachnospirales; f__Lachnospiraceae
962a536f3dc9d4b3a88bc37058faf649	d__Bacteria; p__Firmicutes; c__Clostridia; o__Lachnospirales; f__Lachnospiraceae
53952713ca35b783cb8eb69c391df2d7	d__Bacteria; p__Firmicutes; c__Clostridia; o__Lachnospirales; f__Lachnospiraceae
2d21ee6873dcc7636dd2eb08f501c229	d__Bacteria; p__Firmicutes; c__Clostridia; o__Lachnospirales; f__Lachnospiraceae
9b42208873abe37a4a4461d9f77622cc	d__Bacteria; p__Firmicutes; c__Clostridia; o__Lachnospirales; f__Lachnospiraceae
21e4bf61e0088e29db4f23dab4f3a543	d__Bacteria; p__Firmicutes; c__Clostridia; o__Lachnospirales; f__Lachnospiraceae
e05c404fd0149c6c205de8b08dc0e49f	d__Bacteria; p__Firmicutes; c__Clostridia; o__Lachnospirales; f__Lachnospiraceae
a520cf188d02e1d1fa753b570f85539b	d__Bacteria; p__Firmicutes; c__Clostridia; o__Lachnospirales; f__Lachnospiraceae; g__[Eubacterium]_ruminantium_group; s__uncultured_bacterium
93eb15ae3b81245275c87513fdaf03b2	d__Bacteria; p__Firmicutes; c__Clostridia; o__Lachnospirales; f__Lachnospiraceae
d63cfed142c121b17dd74923ffa60bec	d__Bacteria; p__Firmicutes; c__Clostridia; o__Lachnospirales; f__Lachnospiraceae
b20ab54375922c822c55d2f320bfe06b	d__Bacteria; p__Firmicutes; c__Clostridia; o__Oscillospirales; f__Ruminococcaceae; g__UBA1819
ae822eb11f1e0dbc4fba9a1c105c4f7d	d__Bacteria; p__Firmicutes; c__Clostridia; o__Oscillospirales; f__Ruminococcaceae; g__Faecalibacterium
f139fccb8e8dc9a5d1ddaf06e3a0e723	d__Bacteria; p__Firmicutes; c__Clostridia; o__Oscillospirales; f__Ruminococcaceae; g__Faecalibacterium
389724f11d143e67907a4da8f6e53ac8	d__Bacteria; p__Firmicutes; c__Clostridia; o__Oscillospirales; f__Ruminococcaceae; g__Faecalibacterium
2123cd657ab0a33cb52f53522ca26c29	d__Bacteria; p__Firmicutes; c__Clostridia; o__Oscillospirales; f__Ruminococcaceae; g__Faecalibacterium
d5dfbff1bbc2aa195eec65fc1b144756	d__Bacteria; p__Firmicutes; c__Clostridia; o__Oscillospirales; f__Ruminococcaceae; g__Faecalibacterium
3fbd26d3967dfee640a9327cb954c80f	d__Bacteria; p__Firmicutes; c__Clostridia; o__Lachnospirales; f__Defluviitaleaceae; g__Defluviitaleaceae_UCG-011; s__uncultured_bacterium
e110de8a66e9903b514cff996e5173e9	d__Bacteria; p__Firmicutes; c__Clostridia; o__Oscillospirales; f__Ruminococcaceae; g__Ruminococcus; s__Ruminococcus_callidus
fa3e8e4b902c305024b0bfbd3f749319	d__Bacteria; p__Proteobacteria; c__Gammaproteobacteria; o__Alteromonadales; f__Idiomarinaceae; g__Idiomarina
cccd312c12b2ebc342882d797628192e	d__Bacteria; p__Firmicutes; c__Clostridia; o__Peptostreptococcales-Tissierellales; f__Peptostreptococcales-Tissierellales; g__Parvimonas
facfa7a5933b853392085f8d4646fec4	d__Bacteria; p__Firmicutes; c__Clostridia; o__Oscillospirales; f__Ruminococcaceae
9f4e8e42b34189c5565f6b58a133352c	d__Bacteria; p__Firmicutes; c__Clostridia; o__Oscillospirales
b6aee2767e9e0213ddb88cf241adbb66	d__Bacteria; p__Firmicutes; c__Clostridia; o__Lachnospirales; f__Lachnospiraceae; g__Anaerostipes
8a5ef0a129fc5a86ef988bdda0359afc	d__Bacteria; p__Desulfobacterota; c__Desulfovibrionia; o__Desulfovibrionales; f__Desulfovibrionaceae
723936b1ddd8693f6e9a50e59809cb7e	d__Bacteria; p__Desulfobacterota; c__Desulfovibrionia; o__Desulfovibrionales; f__Desulfovibrionaceae; g__Desulfovibrio; s__bacterium
3b31739cbc056399a11de5883c931d20	d__Bacteria; p__Desulfobacterota; c__Desulfovibrionia; o__Desulfovibrionales; f__Desulfovibrionaceae; g__Bilophila
145f50df9e824d82479ba1eeeca6cc17	d__Bacteria; p__Actinobacteriota; c__Actinobacteria; o__Bifidobacteriales; f__Bifidobacteriaceae; g__Bifidobacterium; s__Bifidobacterium_pullorum
f9fc86010619823a4f004632af461583	d__Bacteria; p__Firmicutes; c__Clostridia; o__Oscillospirales; f__Butyricicoccaceae; g__Butyricicoccus
10e9127878b71d2e57623b61fdcae134	d__Bacteria; p__Firmicutes; c__Clostridia; o__Oscillospirales; f__Butyricicoccaceae; g__Butyricicoccus; s__bacterium_NLAE-zl-H60
53b1f31e8ae8ac4bba83a3016d229d1c	d__Bacteria; p__Firmicutes; c__Clostridia
b06e1edb370874f1e3d0d5186b243d31	d__Bacteria; p__Firmicutes; c__Clostridia; o__Oscillospirales; f__Butyricicoccaceae; g__Butyricicoccus
6fc339f2b607afa15e24a8d072b169f2	d__Bacteria; p__Firmicutes; c__Clostridia; o__Monoglobales; f__Monoglobaceae; g__Monoglobus
2f8ca17d5248db937bdb2e6975440961	d__Bacteria; p__Proteobacteria; c__Gammaproteobacteria; o__Pasteurellales; f__Pasteurellaceae; g__Haemophilus
ff0ddb422e9c0f33a71f731fb8a05fb7	d__Bacteria; p__Firmicutes; c__Clostridia; o__Clostridia; f__Hungateiclostridiaceae
6c73d8c7408e45399e008919d427681f	d__Bacteria; p__Proteobacteria; c__Alphaproteobacteria; o__Rickettsiales; f__Rickettsiaceae; g__Rickettsia
441fb98f65bc8e484ce01c2f0fdae152	d__Bacteria; p__Firmicutes; c__Clostridia; o__Lachnospirales; f__Lachnospiraceae; g__Butyrivibrio
11584e121e31e8ea511ec5d2628d7f0c	d__Bacteria; p__Firmicutes; c__Clostridia; o__Lachnospirales; f__Lachnospiraceae; g__Hungatella
bca243838d9dc3b4735d1bbd8d8f94ad	d__Bacteria; p__Firmicutes; c__Clostridia; o__Lachnospirales; f__Lachnospiraceae; g__Hungatella
0fa6d63dcca12239ac38b03432005091	d__Bacteria; p__Proteobacteria; c__Alphaproteobacteria; o__Sphingomonadales; f__Sphingomonadaceae
f84d19813db9f35b7d7a5260e2c83430	d__Bacteria; p__Proteobacteria; c__Alphaproteobacteria; o__Azospirillales; f__Azospirillaceae; g__Skermanella
f6d9407224065fd1e0c08d2641c6cc64	d__Bacteria; p__Proteobacteria; c__Alphaproteobacteria; o__Acetobacterales; f__Acetobacteraceae
b6de03fecdff609a01beba970fee64ec	d__Bacteria; p__Firmicutes; c__Clostridia; o__Lachnospirales; f__Lachnospiraceae
13ac9ec3f00b5bbae0cabb18284c209f	d__Bacteria; p__Proteobacteria; c__Alphaproteobacteria; o__Acetobacterales; f__Acetobacteraceae; g__Saccharibacter; s__uncultured_Acetobacteraceae
9f47c44d23b9d956779ef2e484673a03	d__Bacteria; p__Proteobacteria; c__Alphaproteobacteria; o__Rhizobiales; f__Beijerinckiaceae; g__Methylobacterium-Methylorubrum
1cf2506d90e516e8a06aca50aa5cc373	d__Bacteria; p__Proteobacteria; c__Gammaproteobacteria; o__Oceanospirillales; f__Halomonadaceae; g__Halomonas
5fefa36bf619686cae0896f39e31293e	d__Bacteria; p__Proteobacteria; c__Gammaproteobacteria; o__Oceanospirillales; f__Halomonadaceae; g__Halomonas
37f140a33f32f5070d57c4818e05f32c	d__Bacteria; p__Proteobacteria; c__Gammaproteobacteria; o__Pseudomonadales; f__Moraxellaceae; g__Acinetobacter
ef2ad0376072610b14d96ef9e73ea0be	d__Bacteria; p__Firmicutes; c__Clostridia; o__Oscillospirales; f__UCG-010; g__UCG-010; s__gut_metagenome
fdc2ed3fd2788bc3133be6a0dfe80aee	d__Bacteria; p__Firmicutes; c__Clostridia; o__Oscillospirales; f__Oscillospiraceae; g__Oscillibacter
531d1ae989643649e63237bfa5d9d3e5	d__Bacteria; p__Firmicutes; c__Clostridia; o__Oscillospirales; f__Oscillospiraceae; g__Oscillibacter
edfe1a07a0ad59ab6ece5922014b19cb	d__Bacteria; p__Firmicutes; c__Clostridia; o__Oscillospirales; f__Oscillospiraceae
cf18fc78abdb47a73d49a01771eb89f5	d__Bacteria; p__Firmicutes; c__Clostridia; o__Oscillospirales; f__Oscillospiraceae; g__Oscillibacter
024457dc222985b8ae755212b24eba82	d__Bacteria; p__Firmicutes; c__Clostridia; o__Christensenellales; f__Christensenellaceae; g__Christensenellaceae_R-7_group
e6d180cdd4aa9fac22e0c71f116d5ada	d__Bacteria; p__Firmicutes; c__Clostridia; o__Clostridia_vadinBB60_group; f__Clostridia_vadinBB60_group; g__Clostridia_vadinBB60_group
00e643fa8e9443c189c3ee99d5556718	d__Bacteria; p__Firmicutes; c__Clostridia; o__Clostridia_vadinBB60_group; f__Clostridia_vadinBB60_group; g__Clostridia_vadinBB60_group
30ba3b8e429d77ddeac4a9e0479eb198	d__Bacteria; p__Firmicutes; c__Clostridia; o__Clostridia_vadinBB60_group; f__Clostridia_vadinBB60_group; g__Clostridia_vadinBB60_group
8ae6ceb394ad21b1bdad1c399c4a16b9	d__Bacteria; p__Firmicutes; c__Clostridia; o__Oscillospirales; f__Oscillospiraceae; g__Intestinimonas
a8aebaaafccef2caf731d0638495dab6	d__Bacteria; p__Firmicutes; c__Clostridia; o__Oscillospirales; f__Oscillospiraceae; g__NK4A214_group
950f9dfcb28799a8c8458852c16280c7	d__Bacteria; p__Firmicutes; c__Clostridia; o__Oscillospirales; f__Oscillospiraceae
5216e141da0e6dee892aec2d6b968b13	d__Bacteria; p__Firmicutes; c__Clostridia; o__Oscillospirales; f__Oscillospiraceae; g__NK4A214_group
1f70ee17993b464920468cf038977bac	d__Bacteria; p__Firmicutes; c__Clostridia; o__Oscillospirales; f__Oscillospiraceae; g__NK4A214_group
081fa2f48521836c8ab6216534f86bcc	d__Bacteria; p__Firmicutes; c__Clostridia; o__Oscillospirales; f__Oscillospiraceae; g__NK4A214_group
f8338b4861ffd60e85cd3d5b9dcbc9bd	d__Bacteria; p__Firmicutes; c__Clostridia; o__Oscillospirales; f__Oscillospiraceae; g__NK4A214_group
1d5ae8d47aa29699430c79ee92072114	d__Bacteria; p__Firmicutes; c__Clostridia; o__Oscillospirales; f__Oscillospiraceae; g__NK4A214_group
898eb7cea4ccbdb4c1334efba6a1631d	d__Bacteria; p__Firmicutes; c__Clostridia; o__Christensenellales; f__Christensenellaceae
31cb84e26abeb942500bf8d6a575bcca	d__Bacteria; p__Firmicutes; c__Clostridia; o__Oscillospirales; f__Oscillospiraceae; g__NK4A214_group; s__gut_metagenome
544c3ef6b0a42f3c8b7852d405da75d7	d__Bacteria; p__Firmicutes; c__Clostridia; o__Oscillospirales; f__Oscillospiraceae; g__NK4A214_group
7f15f9708483b6ac057dc8f27da4920b	d__Bacteria; p__Firmicutes; c__Clostridia; o__Oscillospirales; f__Oscillospiraceae; g__NK4A214_group
28fda42d3e864f666b2ac3e6f295b581	d__Bacteria; p__Firmicutes; c__Clostridia; o__Oscillospirales; f__UCG-010; g__UCG-010; s__unidentified
fa7b78fbd79a41ece34682f23630c50b	d__Bacteria; p__Firmicutes; c__Clostridia; o__Oscillospirales; f__UCG-010; g__UCG-010; s__unidentified
2a438906e226be8ca09fa6ddc24ecf07	d__Bacteria; p__Firmicutes; c__Clostridia; o__Christensenellales; f__Christensenellaceae; g__Christensenellaceae_R-7_group; s__uncultured_prokaryote
54ab5db28703fec4e2ad460b7b0bb1ed	d__Bacteria; p__Firmicutes; c__Clostridia; o__Christensenellales; f__Christensenellaceae; g__Christensenellaceae_R-7_group; s__uncultured_prokaryote
ad1882644acf65062c6bf5dc2f5e7161	d__Bacteria; p__Firmicutes; c__Clostridia; o__Christensenellales; f__Christensenellaceae; g__Christensenellaceae_R-7_group
31f9e5bdd885e5efa6e30e5b568261d6	d__Bacteria; p__Firmicutes; c__Clostridia; o__Christensenellales; f__Christensenellaceae; g__Christensenellaceae_R-7_group
ea31d3757daaa7904d2ee570aed7826d	d__Bacteria; p__Firmicutes; c__Clostridia; o__Christensenellales; f__Christensenellaceae; g__Christensenellaceae_R-7_group
4c861f8cb6f2b6f01c280a973891d1a5	d__Bacteria; p__Firmicutes; c__Clostridia; o__Christensenellales; f__Christensenellaceae; g__Christensenellaceae_R-7_group
2c474a0557d31aaca720e2ee970a390e	d__Bacteria; p__Firmicutes; c__Clostridia; o__Christensenellales; f__Christensenellaceae; g__Christensenellaceae_R-7_group
b435f29e130c687f1855088ef4516359	d__Bacteria; p__Firmicutes; c__Clostridia; o__Christensenellales; f__Christensenellaceae; g__Christensenellaceae_R-7_group
fe523dd2cd049f9c9044d2a0ab7f823a	d__Bacteria; p__Firmicutes; c__Clostridia; o__Christensenellales; f__Christensenellaceae; g__Christensenellaceae_R-7_group
c644949ed6e238ae2c441eda70be0a23	d__Bacteria; p__Firmicutes; c__Clostridia; o__Christensenellales; f__Christensenellaceae; g__Christensenellaceae_R-7_group
8ae0175b4790339b0661f4f2a5de3718	d__Bacteria; p__Firmicutes; c__Clostridia; o__Oscillospirales; f__UCG-010; g__UCG-010
ab146e7ed199725814cf7bc67db52322	d__Bacteria; p__Firmicutes; c__Clostridia; o__Oscillospirales; f__UCG-010; g__UCG-010
af68b8aec4b08ef026d880835a08695d	d__Bacteria; p__Firmicutes; c__Clostridia; o__Oscillospirales; f__UCG-010; g__UCG-010
41a5eace97c76111c77771333d4c836e	d__Bacteria; p__Firmicutes; c__Clostridia; o__Oscillospirales; f__UCG-010; g__UCG-010
90af1be23e06741c8475eeea072033ae	d__Bacteria; p__Firmicutes; c__Clostridia; o__Oscillospirales; f__UCG-010; g__UCG-010
8a869e73721644c43516ccef05d5f78a	d__Bacteria; p__Firmicutes; c__Clostridia; o__Oscillospirales; f__UCG-010; g__UCG-010
66d876c0415ab32bbf6a0e0b84e2c46f	d__Bacteria; p__Firmicutes; c__Clostridia; o__Christensenellales; f__Christensenellaceae; g__Christensenellaceae_R-7_group; s__bacterium_YE57
5e2454549b8a83227ec98770ec5bb178	d__Bacteria; p__Firmicutes; c__Clostridia; o__Oscillospirales; f__Oscillospiraceae
7583b8a9fb87410447e3e73101c79217	d__Bacteria; p__Firmicutes; c__Clostridia; o__Oscillospirales; f__Oscillospiraceae; g__Intestinimonas; s__uncultured_Clostridiales
67e0c3c75179567e1a1e9f5afa7201b7	d__Bacteria; p__Firmicutes; c__Clostridia; o__Oscillospirales; f__Oscillospiraceae
84d56db1f07aedc7992637b7efe7c8b0	d__Bacteria; p__Firmicutes; c__Clostridia; o__Oscillospirales; f__Oscillospiraceae; g__Intestinimonas
72e9271e6ead8423888379acbbfac917	d__Bacteria; p__Firmicutes; c__Clostridia; o__Oscillospirales; f__Oscillospiraceae
7b7f8be390d7aa0e7368086f6fd5bf11	d__Bacteria; p__Firmicutes; c__Clostridia; o__Oscillospirales; f__Oscillospiraceae; g__UCG-002
1b7e7ac9b00cd3755ce15d6bdee2ee31	d__Bacteria; p__Firmicutes; c__Clostridia; o__Oscillospirales; f__Oscillospiraceae
c8958c55a40be4b6cda3f4e99b51c7e4	d__Bacteria; p__Firmicutes; c__Clostridia; o__Oscillospirales; f__Oscillospiraceae; g__UCG-003
5b9e00cb9e97641446e864def89e9134	d__Bacteria; p__Firmicutes; c__Clostridia; o__Oscillospirales; f__Oscillospiraceae
384d10e3b68bb2cc2d2cc37b41295ab8	d__Bacteria; p__Firmicutes; c__Clostridia; o__Oscillospirales; f__Oscillospiraceae
66c8e23e748030b43410af27df9dcf1a	d__Bacteria; p__Firmicutes; c__Clostridia; o__Oscillospirales; f__Oscillospiraceae; g__Colidextribacter
5bb66cae1e579f2dc85089d62d04af0a	d__Bacteria; p__Firmicutes; c__Clostridia; o__Oscillospirales; f__Oscillospiraceae
9be3c49b043a1e3f0db8373d3f70391d	d__Bacteria; p__Firmicutes; c__Clostridia; o__Oscillospirales; f__Oscillospiraceae
09481e8f1c42ade77b293038bb07bbc4	d__Bacteria; p__Firmicutes; c__Clostridia; o__Oscillospirales; f__Oscillospiraceae; g__Colidextribacter
a95aa63c06f5f9b2ee942ab6a0c79b6f	d__Bacteria; p__Firmicutes; c__Clostridia; o__Oscillospirales; f__Oscillospiraceae
d86698d52229e80eed8ade7ec5ce6549	d__Bacteria; p__Firmicutes; c__Clostridia; o__Oscillospirales; f__Oscillospiraceae; g__Colidextribacter
bbd688e8ef47f4f6ae6cf66e71058815	d__Bacteria; p__Firmicutes; c__Clostridia; o__Oscillospirales; f__Oscillospiraceae; g__Colidextribacter
7bf0a06c09a461ce186d5ec1c0b3d5ce	d__Bacteria; p__Firmicutes; c__Clostridia; o__Oscillospirales; f__Oscillospiraceae; g__Colidextribacter
54935728cfb75b0d8d7f6fd7d78f90a3	d__Bacteria; p__Firmicutes; c__Clostridia; o__Oscillospirales; f__Oscillospiraceae
b4c06c64e814b1da97b5622f2d01456e	d__Bacteria; p__Firmicutes; c__Clostridia; o__Oscillospirales; f__Oscillospiraceae
ee1147582e1068a44edef948c47e3270	d__Bacteria; p__Firmicutes; c__Clostridia; o__Oscillospirales; f__Oscillospiraceae
c1d112490ad5258ca7df802657f1c4e1	d__Bacteria; p__Firmicutes; c__Clostridia; o__Oscillospirales; f__Oscillospiraceae
7c22ad110a0638bd4219fb188af8b14d	d__Bacteria; p__Firmicutes; c__Clostridia; o__Oscillospirales; f__Oscillospiraceae
80550a2b8901fbfdea7c78139e8d81f0	d__Bacteria; p__Firmicutes; c__Clostridia; o__Oscillospirales; f__Oscillospiraceae
e13439590ef812b43a0c3350f15b5d92	d__Bacteria; p__Firmicutes; c__Clostridia; o__Oscillospirales; f__Oscillospiraceae
57c844a1701581077c1173ee65143008	d__Bacteria; p__Firmicutes; c__Clostridia; o__Oscillospirales; f__Oscillospiraceae
f01f5b0594f464309e0d6f2eb09ff2c6	d__Bacteria; p__Firmicutes; c__Clostridia; o__Oscillospirales; f__Oscillospiraceae; g__UCG-002
961fae3a1c67d25607846474ab41b8f0	d__Bacteria; p__Firmicutes; c__Clostridia; o__Oscillospirales; f__Oscillospiraceae; g__Flavonifractor
1c03a3d980871f1b4eed971a784d2796	d__Bacteria; p__Firmicutes; c__Clostridia; o__Oscillospirales; f__Oscillospiraceae; g__UCG-002
0d26b602920f61da217c0478e0d8da4b	d__Bacteria; p__Firmicutes; c__Clostridia; o__Oscillospirales; f__UCG-010; g__UCG-010; s__unidentified
5af4fd9ca9cdf2cac2ae7adba5c776a5	d__Bacteria; p__Firmicutes; c__Clostridia
8f442af99155005cbef6e0c4188dde80	d__Bacteria; p__Firmicutes; c__Clostridia; o__Oscillospirales; f__Oscillospiraceae
bf148da2fbea8494d7d397cb0d9454dd	d__Bacteria; p__Firmicutes; c__Clostridia; o__Oscillospirales; f__Oscillospiraceae; g__Pseudoflavonifractor; s__uncultured_bacterium
fb547501694acf90be51c2c8a9b6c58c	d__Bacteria; p__Firmicutes; c__Clostridia
1dcac151c681b0f30cb0e70ff1287ae4	d__Bacteria; p__Firmicutes; c__Clostridia; o__Clostridia_vadinBB60_group; f__Clostridia_vadinBB60_group; g__Clostridia_vadinBB60_group
bea1288ddc70daab2eae5dfde5541f31	d__Bacteria; p__Firmicutes; c__Clostridia; o__Christensenellales; f__Christensenellaceae; g__uncultured
fa5b7caeee66130c34022b4dd2c5d290	d__Bacteria; p__Firmicutes; c__Clostridia; o__Christensenellales; f__Christensenellaceae; g__Christensenellaceae_R-7_group
a5fb550a9feedd21eae5b7c78fe000bb	d__Bacteria; p__Firmicutes; c__Clostridia; o__Christensenellales; f__Christensenellaceae; g__Christensenellaceae_R-7_group
affac22e03557427f94169a501a9c5b8	d__Bacteria; p__Firmicutes; c__Clostridia; o__Christensenellales; f__Christensenellaceae; g__Christensenellaceae_R-7_group
cd412c7cdcf4a15df430df9eeded1722	d__Bacteria; p__Firmicutes; c__Clostridia; o__Oscillospirales; f__Oscillospiraceae
6046d1c2981aa21ea1cf5195705eeece	d__Bacteria; p__Firmicutes; c__Clostridia; o__Oscillospirales; f__UCG-010; g__UCG-010; s__uncultured_organism
894d5b0820cff64655ff302a4b912df8	d__Bacteria; p__Firmicutes; c__Clostridia; o__Oscillospirales; f__Oscillospiraceae
c801d4917cfa110482574562a3062e85	d__Bacteria; p__Firmicutes; c__Clostridia; o__Oscillospirales; f__Oscillospiraceae; g__UCG-005; s__uncultured_bacterium
23852e2a8fa2698099511f000d88effa	d__Bacteria; p__Firmicutes; c__Clostridia; o__Oscillospirales; f__Oscillospiraceae; g__UCG-005
54c98078dacf2e60dc595179cdfc1920	d__Bacteria; p__Firmicutes; c__Clostridia; o__Oscillospirales; f__Oscillospiraceae
c8d16d7e5844f5a04644ce51f6f5b083	d__Bacteria; p__Firmicutes; c__Clostridia; o__Oscillospirales; f__Oscillospiraceae
665d37959d586b6beb31648b01a468a0	d__Bacteria; p__Firmicutes; c__Clostridia; o__Oscillospirales; f__Oscillospiraceae; g__UCG-005
b7d9f9141a3a2d7b75598ac6a4c1a0f7	d__Bacteria; p__Firmicutes; c__Clostridia; o__Oscillospirales; f__Oscillospiraceae; g__UCG-005; s__uncultured_Clostridiales
2c99719a909ab474a1065954b0f1f33e	d__Bacteria; p__Firmicutes; c__Clostridia; o__Oscillospirales; f__Oscillospiraceae; g__UCG-005; s__uncultured_Clostridiales
dacd9d902f31ac952cb63bb9c9b2d63e	d__Bacteria; p__Firmicutes; c__Clostridia; o__Oscillospirales; f__Oscillospiraceae; g__UCG-005
ae322b1f72296df4a512bbc760b211f5	d__Bacteria; p__Firmicutes; c__Clostridia; o__Oscillospirales; f__Oscillospiraceae; g__UCG-005
87ba6a7a2376bbf5e23e36875f69c23f	d__Bacteria; p__Firmicutes; c__Clostridia; o__Christensenellales; f__Christensenellaceae; g__Christensenellaceae_R-7_group
ae616ffc239d074276f46e6d286b6664	d__Bacteria; p__Firmicutes; c__Clostridia; o__Christensenellales; f__Christensenellaceae; g__Christensenellaceae_R-7_group
a719ca09df88363f1ce85ba996fcca81	d__Bacteria; p__Firmicutes; c__Clostridia
de968ba8ac507e4b7a42a6ed59f0d796	d__Bacteria; p__Firmicutes; c__Clostridia; o__Christensenellales; f__Christensenellaceae; g__Christensenellaceae_R-7_group; s__uncultured_marine
21855e7a0e0447f982f3706bfc27e612	d__Bacteria; p__Firmicutes; c__Clostridia; o__Oscillospirales; f__UCG-010; g__UCG-010
875ec31fee4ec96501e8bc4f41a9a97c	d__Bacteria; p__Firmicutes; c__Clostridia; o__Oscillospirales; f__Oscillospiraceae
1d86226bffdc5c8614e195ec68db77f6	d__Bacteria; p__Firmicutes; c__Clostridia; o__Christensenellales; f__Christensenellaceae; g__Christensenellaceae_R-7_group
b23da219162180309ccd8db342a6a8d0	d__Bacteria; p__Firmicutes; c__Clostridia; o__Christensenellales; f__Christensenellaceae; g__Christensenellaceae_R-7_group
5eb14fceda7cb00254a4674e46dc61e8	d__Bacteria; p__Firmicutes; c__Clostridia; o__Oscillospirales; f__Oscillospiraceae; g__V9D2013_group; s__uncultured_bacterium
f4f97d1ae8beaab26ec0a9908ba8a03a	d__Bacteria; p__Firmicutes; c__Clostridia
f3922687c1683e21ecb77feddcfe3466	d__Bacteria; p__Firmicutes; c__Clostridia
444621944cfee4a314ad9f0194991133	d__Bacteria; p__Proteobacteria; c__Alphaproteobacteria; o__Rhodobacterales; f__Rhodobacteraceae; g__Rubellimicrobium
205b872184ebe828b88d04561dd10014	d__Bacteria; p__Firmicutes; c__Negativicutes; o__Veillonellales-Selenomonadales; f__Veillonellaceae; g__Allisonella; s__uncultured_bacterium
57e5d89bd8e7f9472f6701bd5589bc86	d__Bacteria; p__Firmicutes; c__Negativicutes; o__Veillonellales-Selenomonadales; f__Veillonellaceae; g__Megasphaera
ffea3dec74b00ffaf0b151d440fabafd	d__Bacteria; p__Firmicutes; c__Negativicutes; o__Veillonellales-Selenomonadales; f__Veillonellaceae; g__Veillonella
504efa0954488a8750e45f51b95a18ac	d__Bacteria; p__Firmicutes; c__Negativicutes; o__Acidaminococcales; f__Acidaminococcaceae; g__Phascolarctobacterium; s__Ruminococcus_sp.
d26a31f1ab66c2d3ceb9041934554861	d__Bacteria; p__Firmicutes; c__Negativicutes; o__Acidaminococcales; f__Acidaminococcaceae; g__Acidaminococcus
c51dba080baec337d997c2e5003916a0	d__Bacteria; p__Firmicutes; c__Negativicutes; o__Acidaminococcales; f__Acidaminococcaceae; g__Succiniclasticum
d27302311e282683f8f50ea9d4180c31	d__Bacteria; p__Firmicutes; c__Negativicutes; o__Veillonellales-Selenomonadales; f__Veillonellaceae; g__Dialister
1851bed60e73ca49c0f9ac0fc63841f1	d__Bacteria; p__Firmicutes; c__Negativicutes; o__Veillonellales-Selenomonadales; f__Veillonellaceae; g__Dialister
1a8f1d4cda72f2dd396f4c5edfddb421	d__Bacteria; p__Firmicutes; c__Negativicutes; o__Veillonellales-Selenomonadales; f__Veillonellaceae; g__Dialister
1e216f356c9f214c781c49f9501fd8df	d__Bacteria; p__Firmicutes; c__Negativicutes; o__Veillonellales-Selenomonadales; f__Veillonellaceae; g__Dialister; s__Dialister_succinatiphilus
b1741829ec218878012f70f44584b0f9	d__Bacteria; p__Firmicutes; c__Negativicutes; o__Veillonellales-Selenomonadales; f__Veillonellaceae; g__Dialister; s__Dialister_succinatiphilus
62e4f333eb69cddf57f8633648e06958	d__Bacteria; p__Firmicutes; c__Clostridia; o__Peptococcales; f__Peptococcaceae; g__uncultured; s__uncultured_bacterium
5062fb566af1cfcf46fa45a14441c31c	d__Bacteria; p__Firmicutes; c__Negativicutes; o__Acidaminococcales; f__Acidaminococcaceae; g__Phascolarctobacterium
bbe35476b4cb9103bac3bdda31358a72	d__Bacteria; p__Firmicutes; c__Clostridia; o__Peptococcales; f__Peptococcaceae; g__uncultured
59da68c4090d773cc6726876bd4957f6	d__Bacteria; p__Firmicutes; c__Clostridia; o__Peptococcales; f__Peptococcaceae; g__uncultured
76a349f27e2ae07ba938161405e6b82a	d__Bacteria; p__Desulfobacterota; c__Desulfuromonadia; o__Bradymonadales; f__Bradymonadales; g__Bradymonadales; s__uncultured_rumen
1acd5f3f881af77f9a0b518cb3ff740f	d__Bacteria; p__Myxococcota; c__Myxococcia; o__Myxococcales; f__Anaeromyxobacteraceae; g__Anaeromyxobacter
5d7512af4fff6cb84723afccb26643fc	d__Bacteria; p__Actinobacteriota; c__Coriobacteriia; o__Coriobacteriales; f__Coriobacteriaceae; g__Collinsella
87d53e867213e76bafb19569f4bdef29	d__Bacteria; p__Proteobacteria; c__Gammaproteobacteria; o__Coxiellales; f__Coxiellaceae; g__Coxiella; s__uncultured_Coxiella
2960e95ecb124ff760a2ebbec2e016a9	d__Bacteria; p__Cyanobacteria; c__Cyanobacteriia; o__Chloroplast; f__Chloroplast; g__Chloroplast
37b09a7b037bb6584897f8473cf85744	d__Bacteria; p__Actinobacteriota; c__Coriobacteriia; o__Coriobacteriales; f__Eggerthellaceae; g__uncultured; s__uncultured_bacterium
5ddca846f361aed735c6cd8eb1d64515	d__Bacteria; p__Actinobacteriota; c__Coriobacteriia; o__Coriobacteriales; f__Eggerthellaceae; g__uncultured; s__uncultured_bacterium
3679574c135a8ce45b02f6d0f47928ce	d__Bacteria; p__Firmicutes; c__Moorellia; o__Desulfitibacterales; f__Desulfitibacteraceae; g__Desulfitibacter
72225d7c50a51a5ce77098e4e7a2636b	d__Bacteria; p__Actinobacteriota; c__Coriobacteriia; o__Coriobacteriales; f__Eggerthellaceae; g__CHKCI002; s__Coriobacteriaceae_bacterium
51651553cfe4a2195c81e3f518633062	d__Bacteria; p__Actinobacteriota; c__Coriobacteriia; o__Coriobacteriales; f__Eggerthellaceae
94377b1409711e259e8400b9425b2596	d__Bacteria; p__Actinobacteriota; c__Coriobacteriia; o__Coriobacteriales; f__Eggerthellaceae; g__Senegalimassilia
60d77ae16250385f247ff045d35030b7	d__Bacteria; p__Actinobacteriota; c__Coriobacteriia; o__Coriobacteriales; f__Eggerthellaceae; g__Senegalimassilia
477f088475f5be62294ad76cd2aa28f7	d__Bacteria; p__Actinobacteriota; c__Coriobacteriia; o__Coriobacteriales; f__Eggerthellaceae; g__Enterorhabdus; s__uncultured_bacterium
ccd57399a12c0a64c804d72fb664c452	d__Bacteria; p__Actinobacteriota; c__Coriobacteriia; o__Coriobacteriales; f__Coriobacteriales_Incertae_Sedis; g__uncultured; s__uncultured_organism
76a6575196bf36f26a421e74debbd424	d__Bacteria; p__Actinobacteriota; c__Coriobacteriia; o__Coriobacteriales; f__Eggerthellaceae; g__Slackia; s__Slackia_isoflavoniconvertens
739674a74dab2c00e75a00115b91f609	d__Bacteria; p__Actinobacteriota; c__Coriobacteriia; o__Coriobacteriales; f__Eggerthellaceae; g__Gordonibacter; s__Gordonibacter_pamelaeae
346b4b2c3c5c18185ccb831f24b12f68	d__Bacteria; p__Proteobacteria; c__Gammaproteobacteria; o__Burkholderiales; f__Sutterellaceae; g__Parasutterella
e767c8c8367e6e98fe64694a1c2a9c89	d__Bacteria; p__Proteobacteria; c__Gammaproteobacteria; o__Burkholderiales; f__Sutterellaceae; g__Parasutterella; s__uncultured_organism
8549e99e815a020113f6eb8270224f54	d__Bacteria; p__Proteobacteria; c__Gammaproteobacteria; o__Burkholderiales; f__Sutterellaceae; g__Sutterella
3b8b45133f2a9c00fc279e094c8708c1	d__Bacteria; p__Proteobacteria; c__Gammaproteobacteria; o__Burkholderiales; f__Oxalobacteraceae
508e2b0cdb844d5d1ed37e1eaeec0e77	d__Bacteria; p__Proteobacteria; c__Gammaproteobacteria; o__Burkholderiales; f__Sutterellaceae; g__Sutterella
e64891e0c3c7647c5a31669a7e59fe87	d__Bacteria; p__Proteobacteria; c__Gammaproteobacteria; o__Burkholderiales; f__Sutterellaceae; g__Sutterella
aa0742d306615537a5322978fe1b6a77	d__Bacteria; p__Proteobacteria; c__Gammaproteobacteria; o__Burkholderiales; f__Sutterellaceae; g__Sutterella
086c01088e9f14352bf7dff695d66e5e	d__Bacteria; p__Proteobacteria; c__Gammaproteobacteria; o__Burkholderiales; f__Sutterellaceae; g__Sutterella
ef795e62b996081530817003659dfb2f	d__Bacteria; p__Proteobacteria; c__Gammaproteobacteria; o__Burkholderiales
0adb6f2cba2b92aa786a657ac913b641	d__Bacteria; p__Firmicutes; c__Clostridia; o__Oscillospirales; f__Ruminococcaceae; g__Anaerofilum
55554c304d1f48c84128e35a4bc47601	d__Bacteria; p__Firmicutes; c__Clostridia; o__Oscillospirales; f__Ruminococcaceae
c0a29ae93cb17e123445fb6b0b32f62b	d__Bacteria; p__Firmicutes; c__Clostridia; o__Lachnospirales; f__Lachnospiraceae
8af22865120277f643afa7152e5222ad	d__Bacteria; p__Firmicutes; c__Clostridia; o__Oscillospirales; f__Ruminococcaceae; g__uncultured
91face90a64c107ffab4cec9a43d8ff9	d__Bacteria; p__Firmicutes; c__Clostridia; o__Oscillospirales; f__[Eubacterium]_coprostanoligenes_group; g__[Eubacterium]_coprostanoligenes_group; s__uncultured_Clostridiales
9eeb95e2d18c9b6c79ab12ebfe27025c	d__Bacteria; p__Firmicutes; c__Clostridia; o__Oscillospirales; f__Ruminococcaceae; g__uncultured; s__human_gut
ff1282fe309d268bdb29408c9b65fdb3	d__Bacteria; p__Firmicutes; c__Clostridia; o__Oscillospirales; f__Ruminococcaceae; g__uncultured; s__human_gut
b489797d6502f0ad6826b3b49d2be48d	d__Bacteria; p__Firmicutes; c__Clostridia; o__Oscillospirales; f__Ruminococcaceae; g__Anaerotruncus; s__Anaerotruncus_sp.
041233aadfc52e79d323ed0efdada81f	d__Bacteria; p__Firmicutes; c__Clostridia; o__Oscillospirales; f__Ruminococcaceae
53818a220681d338ebf4eacb24fe83c0	d__Bacteria; p__Firmicutes; c__Clostridia; o__Oscillospirales; f__Ruminococcaceae; g__Anaerotruncus
dacc99da9cb5a5a8f2e97baa94b4f756	d__Bacteria; p__Firmicutes; c__Clostridia; o__Oscillospirales; f__[Eubacterium]_coprostanoligenes_group; g__[Eubacterium]_coprostanoligenes_group
8eec80ad0c4ac32ae454d480578cf06e	d__Bacteria; p__Firmicutes; c__Clostridia; o__Oscillospirales; f__Ruminococcaceae; g__DTU089
156cb667e8bede15efb11e9a14f18cb6	d__Bacteria; p__Firmicutes; c__Clostridia; o__Oscillospirales; f__Ruminococcaceae; g__DTU089
6b14c848900e5d3240388b9dc21cccb8	d__Bacteria; p__Firmicutes; c__Clostridia; o__Oscillospirales; f__Ruminococcaceae
6298da4548f73bcb03012737d6ee6809	d__Bacteria; p__Firmicutes; c__Clostridia; o__Oscillospirales; f__Ruminococcaceae; g__DTU089
dd0efc933c3dada34dae91da6663b528	d__Bacteria; p__Firmicutes; c__Clostridia; o__Oscillospirales; f__Ruminococcaceae
6f6a7306b196624965bb4d1edeb359fb	d__Bacteria; p__Firmicutes; c__Clostridia; o__Oscillospirales; f__Ruminococcaceae; g__Incertae_Sedis; s__[Clostridium]_leptum
685f8f42528c19e0339e6d137e5880c7	d__Bacteria; p__Firmicutes; c__Clostridia; o__Oscillospirales
d01a1c97bffa49359033f81b717b8cba	d__Bacteria; p__Firmicutes; c__Clostridia; o__Oscillospirales; f__Ruminococcaceae; g__Incertae_Sedis; s__uncultured_organism
307f5b83e61713321b80f2c20f308b7f	d__Bacteria; p__Firmicutes; c__Clostridia; o__Oscillospirales; f__Ruminococcaceae
5c6b5f4605fc06eb2978305da3632349	d__Bacteria; p__Firmicutes; c__Clostridia; o__Oscillospirales; f__Ruminococcaceae
569119b44e60cce6852125ad1d08baf8	d__Bacteria; p__Firmicutes; c__Clostridia; o__Oscillospirales; f__Ruminococcaceae; g__Negativibacillus; s__uncultured_organism
807e1dd2427242d33394969ad90f493a	d__Bacteria; p__Firmicutes; c__Clostridia; o__Oscillospirales; f__Ruminococcaceae; g__uncultured; s__gut_metagenome
0cf9cbcbde702c23559541ae43949487	d__Bacteria; p__Firmicutes; c__Clostridia; o__Lachnospirales; f__Lachnospiraceae
c7adb16119c1d3bad7e87081ddbff1e9	d__Bacteria; p__Firmicutes; c__Clostridia; o__Lachnospirales; f__Lachnospiraceae
845766e06dc50b0b42225547e85edfd1	d__Bacteria; p__Firmicutes; c__Clostridia; o__Lachnospirales; f__Lachnospiraceae
606e800f91f2ce8769ecaa99a78ed689	d__Bacteria; p__Firmicutes; c__Clostridia; o__Lachnospirales; f__Lachnospiraceae
b1e050d9c0207c0e5fe3407df2c1bcb6	d__Bacteria; p__Firmicutes; c__Clostridia; o__Oscillospirales; f__Ruminococcaceae; g__Subdoligranulum
d10b4f783ea51ef14e79c9d8be2eb59e	d__Bacteria; p__Firmicutes; c__Clostridia; o__Oscillospirales; f__Ruminococcaceae; g__Subdoligranulum
0f6b8527e6e4e58d9301eeea4f4eeac8	d__Bacteria; p__Firmicutes; c__Clostridia; o__Oscillospirales; f__Ruminococcaceae; g__Subdoligranulum
f58bdc2ac8d1d6ede4e801d16ca25a43	d__Bacteria; p__Firmicutes; c__Clostridia; o__Oscillospirales; f__Ruminococcaceae; g__Ruminococcus
b12a1c8c99b2543e795aad2fc9deb8df	d__Bacteria; p__Firmicutes; c__Clostridia; o__Oscillospirales; f__Ruminococcaceae; g__Ruminococcus
9426384cfdc7b1a92f84ee2c8c331ccf	d__Bacteria; p__Firmicutes; c__Clostridia; o__Oscillospirales
19a29dac4f789a9e0be656cf432ef00c	d__Bacteria; p__Firmicutes; c__Clostridia; o__Monoglobales; f__Monoglobaceae; g__Monoglobus
199fa0a6f797224c42caa27c89158fc6	d__Bacteria; p__Firmicutes; c__Clostridia; o__Oscillospirales; f__uncultured; g__uncultured; s__metagenome
ebcfb315daf4163e018977851ff6a261	d__Bacteria; p__Firmicutes; c__Clostridia; o__Oscillospirales; f__Ruminococcaceae
217f273298de93951473331cfb173892	d__Bacteria; p__Firmicutes; c__Clostridia; o__Oscillospirales; f__Ruminococcaceae; g__Ruminococcus
93a72c05f23de28298bfdab753bc4080	d__Bacteria; p__Firmicutes; c__Clostridia
3fb360a5450318597fc3fc83d148cb06	d__Bacteria; p__Firmicutes; c__Clostridia; o__Oscillospirales; f__uncultured; g__uncultured
10a6d2069394899e55370de73403277e	d__Bacteria; p__Firmicutes; c__Clostridia; o__Oscillospirales; f__Ruminococcaceae; g__Ruminococcus
5a3eab0b523934d97f27d336b9a18277	d__Bacteria; p__Firmicutes; c__Clostridia; o__Oscillospirales; f__Ruminococcaceae; g__Ruminococcus
f65f0743e6e38deefaeff03c1a3ff3f5	d__Bacteria; p__Firmicutes; c__Clostridia; o__Oscillospirales; f__Ruminococcaceae; g__Ruminococcus
c80129db51eb4526129da367e7a4ef57	d__Bacteria; p__Firmicutes; c__Clostridia; o__Oscillospirales; f__Ruminococcaceae
b5c7bb60fe53cb6d72b58f1a2398de13	d__Bacteria; p__Firmicutes; c__Clostridia; o__Oscillospirales; f__Ruminococcaceae; g__[Eubacterium]_siraeum_group
dc652f7cd913ef94ce65403a572c8fb8	d__Bacteria; p__Firmicutes; c__Clostridia; o__Oscillospirales; f__Ruminococcaceae; g__[Eubacterium]_siraeum_group
9aedd65cf01753ac0829110750a69fc2	d__Bacteria; p__Firmicutes; c__Clostridia; o__Lachnospirales; f__Lachnospiraceae; g__Lachnospiraceae_NK4A136_group
46b62f90dc4f74213b3af24a9c486bef	d__Bacteria; p__Firmicutes; c__Clostridia; o__Oscillospirales; f__Ruminococcaceae
1d086f5dd3da11f06b4b144b7842211e	d__Bacteria; p__Firmicutes; c__Clostridia; o__Oscillospirales; f__Ruminococcaceae; g__uncultured
56aacecb74148b19ff52d65002afdecc	d__Bacteria; p__Firmicutes; c__Clostridia; o__Oscillospirales; f__Ruminococcaceae
9fba75b16487302b4b384667fa85c5c5	d__Bacteria; p__Firmicutes; c__Bacilli; o__RF39; f__RF39; g__RF39
401ab141425fc01dbf5ef12680a36680	d__Bacteria; p__Firmicutes; c__Bacilli; o__RF39; f__RF39; g__RF39
33a2aa7b19830f0de8f7eb632c8da5f9	d__Bacteria; p__Firmicutes; c__Clostridia; o__Clostridia_UCG-014; f__Clostridia_UCG-014; g__Clostridia_UCG-014; s__uncultured_Clostridia
48e3622fc2c99a710a3342fac8a424e9	d__Bacteria; p__Firmicutes; c__Bacilli; o__Erysipelotrichales; f__Erysipelotrichaceae; g__Turicibacter
dd65edc0d831a0f20b6d6d34b7735a2d	d__Bacteria; p__Firmicutes; c__Bacilli; o__Erysipelotrichales; f__Erysipelatoclostridiaceae; g__Erysipelatoclostridium
04a9bb7822240d4b4a1721655f1cf7f3	d__Bacteria; p__Firmicutes; c__Bacilli; o__Erysipelotrichales; f__Erysipelotrichaceae; g__Holdemanella
00a2d61ed0964e9c218356ca530dd201	d__Bacteria; p__Bacteroidota; c__Bacteroidia; o__Bacteroidales; f__Bacteroidaceae; g__Bacteroides; s__Bacteroides_plebeius
6ded2a920e9c9463902b22cb5c874c3d	d__Bacteria; p__Actinobacteriota; c__Actinobacteria; o__Micrococcales; f__Dermatophilaceae
d589822d57031020dc713aa21ce27f6d	d__Bacteria; p__Firmicutes; c__Clostridia; o__Clostridiales; f__Clostridiaceae; g__Clostridium_sensu_stricto_1
a06161386be026c9638f3fc83caa843b	d__Bacteria; p__Firmicutes; c__Clostridia; o__Lachnospirales; f__Defluviitaleaceae; g__Defluviitaleaceae_UCG-011; s__uncultured_bacterium
7ed93be49b775a1512899f86a2c53fdf	d__Bacteria; p__Desulfobacterota; c__Desulfovibrionia; o__Desulfovibrionales; f__Desulfovibrionaceae; g__Desulfovibrio; s__bacterium
b03ffc3218225c91a2cb14666fdbb84e	d__Bacteria; p__Proteobacteria; c__Alphaproteobacteria; o__Acetobacterales; f__Acetobacteraceae; g__Saccharibacter
62b61d2adf302e56ac3cc77fc659df7c	d__Bacteria; p__Firmicutes; c__Clostridia; o__Clostridia_vadinBB60_group; f__Clostridia_vadinBB60_group; g__Clostridia_vadinBB60_group; s__uncultured_organism
24cf32ea3a23d1931903797f590a5d9b	d__Bacteria; p__Firmicutes; c__Clostridia; o__Christensenellales; f__Christensenellaceae; g__Christensenellaceae_R-7_group
eb7ffe26bd5b3967af1e689a7b4fa920	d__Bacteria; p__Firmicutes; c__Clostridia; o__Christensenellales; f__Christensenellaceae; g__uncultured
cc4006fc1f65f2d6bf4411ca9e747f37	d__Bacteria; p__Firmicutes; c__Clostridia; o__Oscillospirales; f__Oscillospiraceae; g__UCG-005; s__metagenome
d656f61cb333fffd02771df858423885	d__Bacteria; p__Firmicutes; c__Clostridia; o__Oscillospirales; f__Oscillospiraceae; g__V9D2013_group; s__uncultured_bacterium
bfed18cb6963000c755c8d9c499b876a	d__Bacteria; p__Proteobacteria; c__Alphaproteobacteria; o__Rhodobacterales; f__Rhodobacteraceae; g__Paracoccus
7d7ecf07f9a1f11c18c254a8f659dae0	d__Bacteria; p__Proteobacteria; c__Gammaproteobacteria; o__Enterobacterales; f__Enterobacteriaceae
d1e4e5a5a6922d4e314740a0a61a6131	d__Bacteria; p__Firmicutes; c__Clostridia; o__Oscillospirales; f__Ruminococcaceae; g__Subdoligranulum
1ead9debd2fef6d9af5a196ed5062755	Unassigned
e94e6e9e198783b993ce7775b39a1328	Unassigned
799ccc5473562df88a8cfb855b3ba4f6	d__Eukaryota
bbaeabfdd8b8a6e9b90499b448b5ebd2	d__Bacteria; p__Bacteroidota; c__Bacteroidia; o__Sphingobacteriales; f__Lentimicrobiaceae; g__Lentimicrobium; s__iron-reducing_bacterium
e8bc760de4bfa5c1281849ffdbacf950	d__Bacteria; p__Firmicutes; c__Bacilli; o__Bacillales; f__Bacillaceae
26958b9b17dfc9a23393dee1b5bab16c	Unassigned
011288e529514c181be3f34be7fa62b8	d__Bacteria; p__Bacteroidota; c__Bacteroidia; o__Bacteroidales; f__Tannerellaceae; g__Parabacteroides
8d1fa7a81059de4b78d2877353fc7602	d__Bacteria; p__Proteobacteria; c__Gammaproteobacteria; o__Enterobacterales; f__Enterobacteriaceae; g__Escherichia-Shigella
850e5b54fe872f2952a9cd4670a44058	d__Bacteria; p__Desulfobacterota; c__Desulfovibrionia; o__Desulfovibrionales; f__Desulfovibrionaceae; g__uncultured; s__uncultured_bacterium
321ab23c72552efa0acc31a29e7bfe2c	d__Bacteria; p__Proteobacteria; c__Alphaproteobacteria; o__Rhizobiales; f__Rhizobiaceae
4037ee595cb4e137b786a48f5772ad98	d__Bacteria; p__Proteobacteria; c__Alphaproteobacteria
c1def1a0dd3e6445e5a2f86afa0f4634	d__Bacteria; p__Firmicutes; c__Clostridia; o__Oscillospirales; f__Ruminococcaceae; g__Negativibacillus; s__uncultured_bacterium
20f714f5f94982b0fa104b1bdf268542	d__Bacteria; p__Firmicutes; c__Clostridia; o__Oscillospirales; f__Ruminococcaceae; g__Anaerotruncus
90c6f9a680b8380cb48f9928f6fa9e89	d__Bacteria; p__Firmicutes; c__Clostridia; o__Oscillospirales; f__Ruminococcaceae; g__Subdoligranulum
4573e83423e6fb191bc775c0b674620a	Unassigned
37688622b5c4aa7d778056a95e7ad9b7	d__Bacteria; p__Firmicutes; c__Clostridia; o__Lachnospirales; f__Lachnospiraceae; g__[Eubacterium]_ventriosum_group
1e941e71c2e5f49ff3bea2101e5ea871	d__Bacteria; p__Firmicutes; c__Bacilli; o__Lactobacillales; f__Lactobacillaceae; g__Lactobacillus
adde9266ed37e4a21ad2e65322ba2680	d__Bacteria; p__Firmicutes; c__Bacilli; o__Lactobacillales
6ab299f429cbeefadd68c639c739ea3d	d__Bacteria; p__Firmicutes; c__Bacilli; o__Staphylococcales; f__Gemellaceae; g__Gemella
3c4119c75a13cc70a5bce89d76227f68	d__Bacteria; p__Firmicutes; c__Bacilli; o__Lactobacillales; f__Streptococcaceae; g__Streptococcus
4f47ddb887184cabc4d6b68c0dd1f426	d__Bacteria; p__Firmicutes; c__Bacilli; o__Lactobacillales; f__Streptococcaceae; g__Streptococcus
aacb9fd21ac979dfcf9804a398e54f0a	d__Bacteria; p__Firmicutes; c__Bacilli; o__Lactobacillales; f__Streptococcaceae; g__Streptococcus
d70add488e527435c44b4a88ed791c11	d__Bacteria; p__Firmicutes; c__Bacilli; o__Erysipelotrichales; f__Erysipelotrichaceae; g__Holdemania
7d935dc7fcebcd2ed6726b05165c76ba	d__Bacteria; p__Firmicutes; c__Bacilli; o__Erysipelotrichales; f__Erysipelatoclostridiaceae; g__Erysipelatoclostridium
7e43301e901aa9b3870bff3ade9c6bfb	d__Bacteria; p__Firmicutes; c__Bacilli; o__Erysipelotrichales; f__Erysipelotrichaceae; g__Solobacterium
4e5b89e780e00727d1c5a2c7147015c0	d__Bacteria; p__Firmicutes; c__Bacilli; o__Erysipelotrichales; f__Erysipelatoclostridiaceae; g__Erysipelotrichaceae_UCG-003
999e7998d3f3af95979b04a2e529b2b7	d__Bacteria; p__Firmicutes; c__Bacilli; o__Erysipelotrichales; f__Erysipelotrichaceae; g__[Clostridium]_innocuum_group
694ec7af9b77ad4702c3e79f743ec913	d__Bacteria; p__Firmicutes; c__Bacilli; o__Erysipelotrichales; f__Erysipelotrichaceae; g__Merdibacter
d185edfe1e0fd60bf19152379b1b491c	d__Bacteria; p__Verrucomicrobiota; c__Verrucomicrobiae; o__Verrucomicrobiales; f__Akkermansiaceae; g__Akkermansia
184842efd3a5e539a4f5b2d86fa90978	d__Bacteria; p__Firmicutes; c__Clostridia; o__Clostridia_UCG-014; f__Clostridia_UCG-014; g__Clostridia_UCG-014
fb4f0ef782214029d68b3addbaa6b75d	d__Bacteria; p__Firmicutes; c__Clostridia; o__Clostridia_UCG-014; f__Clostridia_UCG-014; g__Clostridia_UCG-014
2ab7c15b85dea655d1757ed7fa864648	d__Bacteria; p__Firmicutes; c__Clostridia; o__Clostridia_UCG-014; f__Clostridia_UCG-014; g__Clostridia_UCG-014
9bf22f37654724748269c5e6d73fa5c5	d__Bacteria; p__Firmicutes; c__Clostridia; o__Clostridia_UCG-014; f__Clostridia_UCG-014; g__Clostridia_UCG-014
349033bf04f47e2f8b729e673126d2b1	d__Bacteria; p__Firmicutes; c__Clostridia; o__Clostridia_UCG-014; f__Clostridia_UCG-014; g__Clostridia_UCG-014
18a94e7a3570e1f09c73a3501b306bfe	d__Bacteria; p__Firmicutes; c__Clostridia; o__Clostridia_UCG-014; f__Clostridia_UCG-014; g__Clostridia_UCG-014
9c6c985d4839dd1ea1d6c8a3f3ef3291	d__Bacteria; p__Firmicutes; c__Clostridia; o__Clostridia_UCG-014; f__Clostridia_UCG-014; g__Clostridia_UCG-014
bda8a93116ac26e6e8a72a6d48846557	d__Bacteria; p__Bacteroidota; c__Bacteroidia; o__Bacteroidales; f__Bacteroidaceae; g__Bacteroides; s__Bacteroides_plebeius
b634468eac1028d240f6ebc466cb2dbd	d__Bacteria; p__Bacteroidota; c__Bacteroidia; o__Bacteroidales; f__Bacteroidaceae; g__Bacteroides; s__Bacteroides_massiliensis
b2a211768c091940ec6b2b7fe68add58	d__Bacteria; p__Bacteroidota; c__Bacteroidia; o__Bacteroidales; f__Bacteroidaceae; g__Bacteroides; s__Bacteroides_massiliensis
735c2e537e5a86f0b5c8d7f4269cc587	d__Bacteria; p__Bacteroidota; c__Bacteroidia; o__Bacteroidales; f__Bacteroidaceae; g__Bacteroides
df4af0b9bc7f85f8530427eccc593f06	d__Bacteria; p__Bacteroidota; c__Bacteroidia; o__Bacteroidales; f__Bacteroidaceae; g__Bacteroides
82aa847aedd5911fae071455ccd6ccc5	d__Bacteria; p__Bacteroidota; c__Bacteroidia; o__Bacteroidales; f__Bacteroidaceae; g__Bacteroides
2c735fe013123825bfd4b73f79fd21ee	d__Bacteria; p__Bacteroidota; c__Bacteroidia; o__Bacteroidales; f__Bacteroidaceae; g__Bacteroides; s__Bacteroides_eggerthii
f5c059cd25f90f537ffe661284b96294	d__Bacteria; p__Bacteroidota; c__Bacteroidia; o__Bacteroidales; f__Bacteroidaceae; g__Bacteroides; s__Bacteroides_clarus
e271693b9611905b7d00c016d20dfc52	d__Bacteria; p__Bacteroidota; c__Bacteroidia; o__Bacteroidales; f__Bacteroidaceae; g__Bacteroides
9c798a1caf7dcf463e58567adcf884e7	d__Bacteria; p__Bacteroidota; c__Bacteroidia; o__Bacteroidales; f__Bacteroidaceae; g__Bacteroides
b322454d14d69a3864893ded3c2b8565	d__Bacteria; p__Bacteroidota; c__Bacteroidia; o__Bacteroidales; f__Rikenellaceae; g__Alistipes; s__Alistipes_shahii
c918c216f82ff852485cf2c20dfae7bd	d__Bacteria; p__Bacteroidota; c__Bacteroidia; o__Bacteroidales; f__Rikenellaceae; g__Alistipes
51fb5b7075be21f24f1958005eaea2ea	d__Bacteria; p__Bacteroidota; c__Bacteroidia; o__Bacteroidales; f__Rikenellaceae; g__Alistipes
b3469a372b6a41b128c7085485d45567	d__Bacteria; p__Bacteroidota; c__Bacteroidia; o__Bacteroidales; f__Rikenellaceae; g__Alistipes; s__Alistipes_finegoldii
a8f2b88211656698bb641a7981e14e38	d__Bacteria; p__Bacteroidota; c__Bacteroidia; o__Bacteroidales; f__Rikenellaceae; g__Alistipes; s__Alistipes_finegoldii
80c0aef3bb46b6fa468b5ef12a41e32b	d__Bacteria; p__Bacteroidota; c__Bacteroidia; o__Bacteroidales; f__Rikenellaceae; g__Alistipes
3cdd83e540774ddfd8e31fe68238dab4	d__Bacteria; p__Bacteroidota; c__Bacteroidia; o__Bacteroidales; f__Bacteroidaceae; g__Bacteroides
6edde8534f3108af2be3672bf8f9631b	d__Bacteria; p__Bacteroidota; c__Bacteroidia; o__Bacteroidales; f__Rikenellaceae; g__Alistipes; s__Alistipes_sp.
94a47191524b229e5ceb504a49add4a6	d__Bacteria; p__Bacteroidota; c__Bacteroidia; o__Bacteroidales; f__Tannerellaceae; g__Parabacteroides; s__Parabacteroides_merdae
ef88402dedb01e68ee17f5533df9cb93	d__Bacteria; p__Bacteroidota; c__Bacteroidia; o__Bacteroidales; f__Tannerellaceae; g__Parabacteroides
6f9f2a912b3e0c47c84571b3d2fa7e3a	d__Bacteria; p__Bacteroidota; c__Bacteroidia; o__Bacteroidales; f__Prevotellaceae; g__Paraprevotella
3b2a8d7360148c820c5ba1aaaef7ca41	d__Bacteria; p__Bacteroidota; c__Bacteroidia; o__Bacteroidales; f__Bacteroidaceae; g__Bacteroides
1302861794389ea5704e254e3dea513b	d__Bacteria; p__Bacteroidota; c__Bacteroidia; o__Bacteroidales; f__Bacteroidaceae; g__Bacteroides
8409b800e40bb76575328ecdb6424513	d__Bacteria; p__Bacteroidota; c__Bacteroidia; o__Bacteroidales; f__Prevotellaceae; g__uncultured; s__Prevotella_sp.
06ca0b156c488ce8f92f5eca976dfbc6	d__Bacteria; p__Bacteroidota; c__Bacteroidia; o__Bacteroidales; f__Marinifilaceae; g__Butyricimonas
7d783c7e6b1ce7f4b9fd665a5c8daa95	d__Bacteria; p__Bacteroidota; c__Bacteroidia; o__Bacteroidales; f__Marinifilaceae; g__Butyricimonas; s__uncultured_bacterium
b54f00129955dc5b75f3818e20f4623f	d__Bacteria; p__Bacteroidota; c__Bacteroidia; o__Bacteroidales; f__Bacteroidaceae; g__Bacteroides
a66f07db563edef1889666f468c3739e	d__Bacteria; p__Bacteroidota; c__Bacteroidia; o__Bacteroidales; f__Bacteroidaceae; g__Bacteroides
73c12c0f611222f876ac002c516e9f65	d__Bacteria; p__Bacteroidota; c__Bacteroidia; o__Bacteroidales; f__Marinifilaceae; g__Butyricimonas; s__uncultured_organism
1db2ef6b20bbcc3ec2861751a478345f	d__Bacteria; p__Bacteroidota; c__Bacteroidia; o__Bacteroidales; f__Bacteroidaceae; g__Bacteroides
1ce157b009eaf55b05b8f374b86a6b95	d__Bacteria; p__Bacteroidota; c__Bacteroidia; o__Bacteroidales; f__Barnesiellaceae; g__Coprobacter
31dcd863a8689eec78fb5d55edbb3766	d__Bacteria; p__Bacteroidota; c__Bacteroidia; o__Bacteroidales; f__Rikenellaceae; g__Alistipes; s__Alistipes_inops
cac7d85b23270a010113813ece1a8003	d__Bacteria; p__Bacteroidota; c__Bacteroidia; o__Bacteroidales; f__Prevotellaceae; g__Paraprevotella
9b6c21ceed9e370fdf980112505e4fba	d__Bacteria; p__Bacteroidota; c__Bacteroidia; o__Bacteroidales; f__Bacteroidaceae; g__Bacteroides
e771447f0c9e825866ee50041375a4d2	d__Bacteria; p__Bacteroidota; c__Bacteroidia; o__Bacteroidales; f__Barnesiellaceae; g__Barnesiella
f63d8863b7911bdf6ee5e759b33da39f	d__Bacteria; p__Firmicutes; c__Clostridia; o__Oscillospirales; f__Ruminococcaceae; g__Incertae_Sedis; s__uncultured_bacterium
39c0babdd803c2aab5ccb5e77cb53e0c	d__Bacteria; p__Firmicutes; c__Clostridia; o__Oscillospirales; f__Ruminococcaceae
aca5fbec24fb69a21ea5d7fafc03607f	d__Bacteria; p__Firmicutes; c__Clostridia; o__Oscillospirales; f__Ruminococcaceae; g__Incertae_Sedis
b9b6e18271859809757cb39c96694759	d__Bacteria; p__Firmicutes; c__Clostridia; o__Oscillospirales; f__Ruminococcaceae
0ab6c33d3b0cdf2cd65a49d4a22e7802	d__Bacteria; p__Firmicutes; c__Clostridia; o__Oscillospirales; f__Ruminococcaceae; g__Incertae_Sedis; s__uncultured_bacterium
277548b50c9c7051047e85df226af1a9	d__Bacteria; p__Firmicutes; c__Incertae_Sedis; o__DTU014; f__DTU014; g__DTU014; s__unidentified
43da559b17f3aa475609400d67361972	d__Bacteria; p__Firmicutes; c__Clostridia; o__Lachnospirales; f__Lachnospiraceae; g__Dorea
f30f766df394b9da434f2429c78b520b	d__Bacteria; p__Firmicutes; c__Clostridia; o__Oscillospirales; f__Ruminococcaceae; g__Fournierella; s__uncultured_organism
c5e8aa72dad48dc32b49c1bd88df5685	d__Bacteria; p__Firmicutes; c__Clostridia; o__Oscillospirales; f__Ruminococcaceae
ec2036ffac459880d67acd6e8de30db3	d__Bacteria; p__Firmicutes; c__Clostridia; o__Lachnospirales; f__Lachnospiraceae; g__[Eubacterium]_eligens_group
2b0fd92957637d504c761330627a96fb	d__Bacteria; p__Firmicutes; c__Clostridia; o__Lachnospirales; f__Lachnospiraceae; g__Lachnospira
7afc5709a5d9df6124e756c2f35a7a9a	d__Bacteria; p__Firmicutes; c__Clostridia; o__Lachnospirales; f__Lachnospiraceae; g__Lachnospiraceae_ND3007_group
ee81d5d25e550992258b9c313ed46d86	d__Bacteria; p__Firmicutes; c__Clostridia; o__Oscillospirales; f__Ruminococcaceae; g__Ruminococcus; s__Ruminococcus_bicirculans
b0c956dc644e7dda8387a40047196547	d__Bacteria; p__Firmicutes; c__Clostridia; o__Oscillospirales; f__Ruminococcaceae; g__Ruminococcus
396a431bc26097eb1858dfac334ff0f3	d__Bacteria; p__Firmicutes; c__Clostridia; o__Oscillospirales; f__Ruminococcaceae; g__Ruminococcus
fa0c1afc5047342405765bd41cebb572	d__Bacteria; p__Firmicutes; c__Clostridia; o__Peptostreptococcales-Tissierellales; f__Anaerovoracaceae
1f053534d01a7c77893ccf8b7297c507	d__Bacteria; p__Firmicutes; c__Clostridia; o__Peptostreptococcales-Tissierellales; f__Anaerovoracaceae; g__Family_XIII_AD3011_group; s__gut_metagenome
4f656e7e79486d86c36b300bfc496932	d__Bacteria; p__Firmicutes; c__Clostridia; o__Lachnospirales; f__Lachnospiraceae
1d36b1e7e3d54af404c2daf48ac52055	d__Bacteria; p__Firmicutes; c__Clostridia; o__Peptostreptococcales-Tissierellales; f__Peptostreptococcaceae
a32080e665942aaa35805a74fe799ea7	d__Bacteria; p__Firmicutes; c__Clostridia; o__Peptostreptococcales-Tissierellales; f__Peptostreptococcaceae
e26a88c2a567bee8716ddbed77fe43cd	d__Bacteria; p__Firmicutes; c__Clostridia; o__Oscillospirales; f__[Eubacterium]_coprostanoligenes_group; g__[Eubacterium]_coprostanoligenes_group; s__human_gut
edd3490c62d6383f31b7906457f5ca9e	d__Bacteria; p__Firmicutes; c__Clostridia; o__Oscillospirales; f__[Eubacterium]_coprostanoligenes_group; g__[Eubacterium]_coprostanoligenes_group
e0c544184a9fa5ec5296e404f4865714	d__Bacteria; p__Firmicutes; c__Clostridia; o__Lachnospirales; f__Lachnospiraceae
b595f3e9b1c57acaec7227342e403b35	d__Bacteria; p__Firmicutes; c__Clostridia; o__Lachnospirales; f__Lachnospiraceae
b4edecf7e082a8f0c117a99dccf8faa8	d__Bacteria; p__Firmicutes; c__Clostridia; o__Lachnospirales; f__Lachnospiraceae; g__Agathobacter
a4ac5ee32964f5bd746cf9f7822cf2e1	d__Bacteria; p__Firmicutes; c__Clostridia; o__Lachnospirales; f__Lachnospiraceae; g__Lachnoclostridium
b430e02e4ba723f315f5193b3a130126	d__Bacteria; p__Firmicutes; c__Clostridia; o__Oscillospirales; f__[Eubacterium]_coprostanoligenes_group; g__[Eubacterium]_coprostanoligenes_group
f71907d32bd8023f46deff20c129c0ef	d__Bacteria; p__Proteobacteria; c__Gammaproteobacteria; o__Enterobacterales
3d90eb610df9d1b754e78640b6e9a236	d__Bacteria; p__Proteobacteria; c__Gammaproteobacteria; o__Enterobacterales; f__Enterobacteriaceae; g__Escherichia-Shigella
73f273c29923a79b6231655825cecc97	d__Bacteria; p__Proteobacteria; c__Gammaproteobacteria; o__Enterobacterales; f__Enterobacteriaceae; g__Escherichia-Shigella
d719d8f97c8cc7a137a365198ff51467	d__Bacteria; p__Proteobacteria; c__Gammaproteobacteria; o__Enterobacterales; f__Enterobacteriaceae
d888439566fefd41dbb400bed916c3f2	d__Bacteria; p__Proteobacteria; c__Gammaproteobacteria; o__Enterobacterales; f__Enterobacteriaceae
cffe4cd9128c92973d58ecaea9619fec	d__Bacteria; p__Proteobacteria; c__Gammaproteobacteria; o__Enterobacterales; f__Enterobacteriaceae
e262870478e7828fe2ac5f4fc7552478	d__Bacteria; p__Actinobacteriota; c__Actinobacteria; o__Micrococcales; f__Micrococcaceae; g__Rothia
1eebc729beb63f26122a3fa172bf4f6a	d__Bacteria; p__Actinobacteriota; c__Actinobacteria; o__Bifidobacteriales; f__Bifidobacteriaceae; g__Bifidobacterium
cd01e993c62e48a0412c3d985c48f90a	d__Bacteria; p__Actinobacteriota; c__Actinobacteria; o__Bifidobacteriales; f__Bifidobacteriaceae; g__Bifidobacterium
b6ea2b95b20c654e0e6e79fb6ad4cb45	d__Bacteria; p__Firmicutes; c__Clostridia; o__Lachnospirales; f__Lachnospiraceae
ec171fb309aedb6e321bf82b31772ee9	d__Bacteria; p__Firmicutes; c__Clostridia; o__Peptostreptococcales-Tissierellales; f__Anaerovoracaceae
54c8002267597e8ad3615f2fc2c71654	d__Bacteria; p__Firmicutes; c__Clostridia; o__Peptostreptococcales-Tissierellales; f__Anaerovoracaceae; g__Family_XIII_UCG-001; s__uncultured_bacterium
c40452a040ff3d3e6a3ff97989be2fe4	d__Bacteria; p__Firmicutes; c__Clostridia; o__Lachnospirales; f__Lachnospiraceae; g__Lachnospiraceae_UCG-010; s__uncultured_organism
ede66cac39c7ecb32b3fe897eb39b1a8	d__Bacteria; p__Firmicutes; c__Clostridia; o__Lachnospirales; f__Lachnospiraceae; g__GCA-900066755
e5a3a323d216fd8cc135eb54baffb750	d__Bacteria; p__Firmicutes; c__Clostridia; o__Lachnospirales; f__Lachnospiraceae; g__Tyzzerella
c0c2a30b627d2c9db298272abe611408	d__Bacteria; p__Firmicutes; c__Clostridia; o__Lachnospirales; f__Lachnospiraceae
816e05d016f4537ad7b7bfca5ecb8813	d__Bacteria; p__Firmicutes; c__Clostridia; o__Oscillospirales; f__[Eubacterium]_coprostanoligenes_group; g__[Eubacterium]_coprostanoligenes_group
478227e131f42a5dddb05043bc5de298	d__Bacteria; p__Firmicutes; c__Clostridia; o__Oscillospirales; f__[Eubacterium]_coprostanoligenes_group; g__[Eubacterium]_coprostanoligenes_group
29b0d2335188b92165a8db8a1b3c79ff	d__Bacteria; p__Firmicutes; c__Clostridia; o__Lachnospirales; f__Lachnospiraceae
cb8c7d95bc110f9244ce6cebad9f53c1	d__Bacteria; p__Firmicutes; c__Clostridia; o__Lachnospirales; f__Lachnospiraceae
03682ffc87a47e73bb71b53cc3c89206	d__Bacteria; p__Firmicutes; c__Clostridia; o__Lachnospirales; f__Lachnospiraceae
006b85eef372199cc8c8c74ff1615edc	d__Bacteria; p__Firmicutes; c__Clostridia; o__Lachnospirales; f__Lachnospiraceae; g__[Eubacterium]_hallii_group
156798ca0487179b767ec9c510d9b624	d__Bacteria; p__Firmicutes; c__Clostridia; o__Clostridiales; f__Clostridiaceae; g__Clostridium_sensu_stricto_1
0da765dd88d2ae07bc73ba9a77b9fa5d	d__Bacteria; p__Firmicutes; c__Clostridia; o__Lachnospirales; f__Lachnospiraceae; g__Blautia
653cf3d9b4736704d11a9c7a7afd04d9	d__Bacteria; p__Firmicutes; c__Clostridia; o__Lachnospirales; f__Lachnospiraceae; g__Blautia
51e72b26c3621272cc61355d0fb696b2	d__Bacteria; p__Firmicutes; c__Clostridia; o__Lachnospirales; f__Lachnospiraceae; g__Blautia
dddbe056cba57b5a43baaf537dbdf520	d__Bacteria; p__Firmicutes; c__Clostridia; o__Lachnospirales; f__Lachnospiraceae
0ef53ff78f13fe124caefda3b1968f0d	d__Bacteria; p__Firmicutes; c__Clostridia; o__Lachnospirales; f__Lachnospiraceae; g__Blautia
8339b8455b0c6fa65151d894a310f84d	d__Bacteria; p__Firmicutes; c__Clostridia; o__Lachnospirales; f__Lachnospiraceae; g__Blautia
6fc736a753d6d87c465bdc7d3add0f6f	d__Bacteria; p__Firmicutes; c__Clostridia; o__Lachnospirales; f__Lachnospiraceae; g__Blautia
30c578dcc365a49ad1d93e2ace69bd41	d__Bacteria; p__Firmicutes; c__Clostridia; o__Lachnospirales; f__Lachnospiraceae; g__GCA-900066575
b4209f6d87ec1f5aa178be7b491140f7	d__Bacteria; p__Firmicutes; c__Clostridia; o__Lachnospirales; f__Lachnospiraceae; g__Lactonifactor
14891a01130334a8a4921fedf2e480de	d__Bacteria; p__Firmicutes; c__Clostridia; o__Lachnospirales; f__Lachnospiraceae; g__Sellimonas
7d2f420df765c2056057b46dbf227822	d__Bacteria; p__Firmicutes; c__Clostridia; o__Lachnospirales; f__Lachnospiraceae
0cbb31632500c8fc2f556b9f0f76fd79	d__Bacteria; p__Firmicutes; c__Clostridia; o__Lachnospirales; f__Lachnospiraceae
9c5d9856a3e90557056acb94d3d3e0d5	d__Bacteria; p__Firmicutes; c__Clostridia; o__Lachnospirales; f__Lachnospiraceae
1663e118a67d342846e865086e90c9bd	d__Bacteria; p__Firmicutes; c__Clostridia; o__Lachnospirales; f__Lachnospiraceae; g__Frisingicoccus
60bbac2affbf008463127936d08d852e	d__Bacteria; p__Firmicutes; c__Clostridia; o__Peptostreptococcales-Tissierellales; f__Peptostreptococcales-Tissierellales; g__Parvimonas; s__uncultured_bacterium
3e0de2b1695268281bd5e6dc96fee065	d__Bacteria; p__Firmicutes; c__Clostridia; o__Lachnospirales; f__Lachnospiraceae
87ffdf21e1394698a847552d584b29e9	d__Bacteria; p__Firmicutes; c__Clostridia; o__Lachnospirales; f__Lachnospiraceae
7944289a2348aef5dde0ad9cf953b0bf	d__Bacteria; p__Firmicutes; c__Clostridia; o__Lachnospirales; f__Lachnospiraceae
5a43e7d39e75358be45040ff56c30bae	d__Bacteria; p__Firmicutes; c__Clostridia; o__Lachnospirales; f__Lachnospiraceae
b01ebf4d5aea9707024e2435458f20e9	d__Bacteria; p__Firmicutes; c__Clostridia; o__Lachnospirales; f__Lachnospiraceae; g__Roseburia
2ccd4e3a0cc6d69ecab81c9c43f2db74	d__Bacteria; p__Firmicutes; c__Clostridia; o__Lachnospirales; f__Lachnospiraceae; g__Roseburia
b7b594e2eb4dfdb64791ab0cd9a3e101	d__Bacteria; p__Firmicutes; c__Clostridia; o__Lachnospirales; f__Lachnospiraceae; g__Roseburia
43c1ef5719d5bc0f3099fdf5579cd9a1	d__Bacteria; p__Firmicutes; c__Clostridia; o__Lachnospirales; f__Lachnospiraceae
e5635198e17c1e6048cea96dc56cd1fc	d__Bacteria; p__Firmicutes; c__Clostridia; o__Lachnospirales; f__Lachnospiraceae
b0ad1aca44e40d53403f3c4f3624757c	d__Bacteria; p__Firmicutes; c__Clostridia; o__Lachnospirales; f__Lachnospiraceae
197d4e8286c9c836e7ec6dee277f2fd6	d__Bacteria; p__Firmicutes; c__Clostridia; o__Oscillospirales; f__[Clostridium]_methylpentosum_group; g__[Clostridium]_methylpentosum_group; s__Ruminococcus_sp.
059c26b58496638ca6978889cbd7f7b1	d__Bacteria; p__Firmicutes; c__Clostridia; o__Lachnospirales; f__Lachnospiraceae; g__Anaerostipes
0ec57b92fdb1c976e57775774678a667	d__Bacteria; p__Firmicutes; c__Clostridia; o__Lachnospirales; f__Lachnospiraceae
a6bf31e980cd96a3cab72cc851e7f56b	d__Bacteria; p__Firmicutes; c__Clostridia; o__Lachnospirales; f__Lachnospiraceae
e80627cd627c8be1d4fa01c3bc5f5207	d__Bacteria; p__Firmicutes; c__Clostridia; o__Lachnospirales; f__Lachnospiraceae
2076179457ce457fcf57324a82a33754	d__Bacteria; p__Firmicutes; c__Clostridia; o__Lachnospirales; f__Lachnospiraceae
97596875fd803f51c945724e7f1ed4cd	d__Bacteria; p__Firmicutes; c__Clostridia; o__Lachnospirales; f__Lachnospiraceae
f769303392ac110f20cc0dad6a330d02	d__Bacteria; p__Firmicutes; c__Clostridia; o__Lachnospirales; f__Lachnospiraceae
57ec7e828895a981ae497117086fd5dc	d__Bacteria; p__Firmicutes; c__Clostridia; o__Lachnospirales; f__Lachnospiraceae
fcd13605de62a0cfa9339ee131ff5ff7	d__Bacteria; p__Firmicutes; c__Clostridia; o__Lachnospirales; f__Lachnospiraceae
8491be5489fb72b63d4216cfd9806290	d__Bacteria; p__Firmicutes; c__Clostridia; o__Lachnospirales; f__Lachnospiraceae
5b8ac6af1dbfac914859e0588338635b	d__Bacteria; p__Firmicutes; c__Clostridia; o__Lachnospirales; f__Lachnospiraceae
41cc0d7bcb59b5206f74fe80f7f753c4	d__Bacteria; p__Firmicutes; c__Clostridia; o__Lachnospirales; f__Lachnospiraceae
272f999f329f1fac55984473fa8d8c88	d__Bacteria; p__Firmicutes; c__Clostridia; o__Lachnospirales; f__Lachnospiraceae
2b1b1e1e8145bdcc55c43857a7103ad9	d__Bacteria; p__Firmicutes; c__Clostridia; o__Lachnospirales; f__Lachnospiraceae
8c8f2898570f66a787800a26cf54b188	d__Bacteria; p__Firmicutes; c__Clostridia; o__Lachnospirales; f__Lachnospiraceae
a93b7b2b09736dbf140da77526a930d7	d__Bacteria; p__Firmicutes; c__Clostridia; o__Lachnospirales; f__Lachnospiraceae; g__Moryella; s__human_gut
af3364cb1335054f86b745e6005b5aeb	d__Bacteria; p__Firmicutes; c__Clostridia; o__Oscillospirales; f__Ruminococcaceae; g__UBA1819
25cc8d36320224af84c258ab4f4108f9	d__Bacteria; p__Firmicutes; c__Clostridia; o__Oscillospirales; f__Ruminococcaceae; g__Faecalibacterium
dae8e6107e1337d87c961f57347242e5	d__Bacteria; p__Firmicutes; c__Clostridia; o__Oscillospirales; f__Ruminococcaceae; g__Faecalibacterium
4643d7dc5801ce7c072e48c71b2eea98	d__Bacteria; p__Firmicutes; c__Clostridia; o__Oscillospirales; f__Ruminococcaceae; g__Faecalibacterium
d29c1058a17efb68f5d809739e0c9565	d__Bacteria; p__Firmicutes; c__Clostridia; o__Oscillospirales; f__Ruminococcaceae
ea8acaecfd7229c78ff80c036bc9f661	d__Bacteria; p__Firmicutes; c__Clostridia; o__Lachnospirales; f__Lachnospiraceae; g__Blautia
4aec47d103150b4db83977f43fe19c93	d__Bacteria; p__Firmicutes; c__Clostridia; o__Oscillospirales; f__Ruminococcaceae; g__Ruminococcus
d381fd5a531024f0c6fd65e48e8548bc	d__Bacteria; p__Desulfobacterota; c__Desulfovibrionia; o__Desulfovibrionales; f__Desulfovibrionaceae; g__Desulfovibrio; s__bacterium
6d0f09c8e0a4995fea405d1b72ea0fc0	d__Bacteria; p__Firmicutes; c__Clostridia; o__Oscillospirales; f__Butyricicoccaceae; g__Butyricicoccus
72d881a8ea4ac109133a92c171872071	d__Bacteria; p__Firmicutes; c__Clostridia; o__Oscillospirales; f__Butyricicoccaceae; g__Butyricicoccus
d42bf793f07536c1cbeb4fb161721132	d__Bacteria; p__Firmicutes; c__Clostridia; o__Oscillospirales; f__Butyricicoccaceae; g__Butyricicoccus; s__uncultured_bacterium
e6d341977f78f2250c0d9f94e01ae935	d__Bacteria; p__Firmicutes; c__Clostridia
87aca48045b531cf0054043ee79477b7	d__Bacteria; p__Firmicutes; c__Clostridia; o__Oscillospirales; f__Butyricicoccaceae; g__Butyricicoccus
f8062d465b9bd268fa046b8b2aeddd0f	d__Bacteria; p__Firmicutes; c__Clostridia; o__Monoglobales; f__Monoglobaceae; g__Monoglobus
259259ec89ae618a25dcc390e9b09f22	d__Bacteria; p__Actinobacteriota; c__Coriobacteriia; o__Coriobacteriales
0bb469ffb14e9de32a97e0f24b853da8	d__Bacteria; p__Firmicutes; c__Clostridia; o__Lachnospirales; f__Lachnospiraceae; g__Butyrivibrio
58c73ccaa79eff9c650ac561af9fcc05	d__Bacteria; p__Firmicutes; c__Clostridia; o__Lachnospirales; f__Lachnospiraceae; g__Hungatella
ba6760e428a46514dcf94534234bb369	d__Bacteria; p__Firmicutes; c__Clostridia; o__Oscillospirales; f__Oscillospiraceae; g__Oscillibacter
188ea6109becb62b8d733eb6e25df462	d__Bacteria; p__Firmicutes; c__Clostridia; o__Oscillospirales; f__Oscillospiraceae; g__Oscillibacter
c40d38114b528897c034b9947d48d0d2	d__Bacteria; p__Firmicutes; c__Clostridia; o__Christensenellales; f__Christensenellaceae; g__Christensenellaceae_R-7_group
fcf68da89ad29a25f3b683a9c88dff66	d__Bacteria; p__Firmicutes; c__Clostridia; o__Oscillospirales; f__Oscillospiraceae; g__NK4A214_group
abcdb4d5f620338fd363643049a762a5	d__Bacteria; p__Firmicutes; c__Clostridia; o__Oscillospirales; f__Oscillospiraceae; g__NK4A214_group
d2112504ef28a1af19ce7e94002cdf0e	d__Bacteria; p__Firmicutes; c__Clostridia; o__Christensenellales; f__Christensenellaceae; g__uncultured
a10044167f93bc6fb4f195a8d6c0d71d	d__Bacteria; p__Firmicutes; c__Clostridia; o__Oscillospirales; f__Oscillospiraceae; g__NK4A214_group
9fae98629c2f9cbce5b2d56ded500778	d__Bacteria; p__Firmicutes; c__Clostridia; o__Oscillospirales; f__Oscillospiraceae; g__NK4A214_group
be23c9e91e42f63d1289c8c09b4e7021	d__Bacteria; p__Firmicutes; c__Clostridia; o__Oscillospirales; f__UCG-010; g__UCG-010; s__unidentified
efe745a58a164079f840a5c5d4a35207	d__Bacteria; p__Firmicutes; c__Clostridia; o__Christensenellales; f__Christensenellaceae; g__Christensenellaceae_R-7_group
91532a8d853950a654593f8913fb8fc1	d__Bacteria; p__Firmicutes; c__Clostridia; o__Christensenellales; f__Christensenellaceae; g__Christensenellaceae_R-7_group; s__uncultured_prokaryote
03eacc9ccf781e206e0eee94e5b43d23	d__Bacteria; p__Firmicutes; c__Clostridia; o__Christensenellales; f__Christensenellaceae; g__Christensenellaceae_R-7_group
a1475cd5cff137285009bc63ac4549ac	d__Bacteria; p__Firmicutes; c__Clostridia; o__Oscillospirales; f__Oscillospiraceae
d14d38c065b6694b2eee973f83ffdde8	d__Bacteria; p__Firmicutes; c__Clostridia; o__Oscillospirales; f__Oscillospiraceae
1df8ac7604a8e51f40c6be5c123b8a48	d__Bacteria; p__Firmicutes; c__Clostridia; o__Oscillospirales; f__Oscillospiraceae
6408d53d94fcc61bce6e906f519d228b	d__Bacteria; p__Firmicutes; c__Clostridia; o__Oscillospirales; f__Oscillospiraceae; g__UCG-002
962484d36b8e580d307072196e634655	d__Bacteria; p__Firmicutes; c__Clostridia; o__Oscillospirales; f__Oscillospiraceae; g__UCG-003
9bdbc3d02de6d5d4b83c27095672e5a7	d__Bacteria; p__Firmicutes; c__Clostridia; o__Oscillospirales; f__Oscillospiraceae; g__Colidextribacter
4c54078a55983f31fd5335124f33ecea	d__Bacteria; p__Firmicutes; c__Clostridia; o__Oscillospirales; f__Oscillospiraceae
371761351df615147b9dc64f53b10ce4	d__Bacteria; p__Firmicutes; c__Clostridia; o__Oscillospirales; f__Oscillospiraceae
67ea5217cdae0e0c090d91f885c54e86	d__Bacteria; p__Firmicutes; c__Clostridia; o__Oscillospirales; f__Oscillospiraceae
888069bd371e73d871ebd84323cca257	d__Bacteria; p__Firmicutes; c__Clostridia; o__Oscillospirales; f__Oscillospiraceae; g__Colidextribacter
a78331032aba88d8e2ccba67e76e6cb5	d__Bacteria; p__Firmicutes; c__Clostridia; o__Oscillospirales; f__Oscillospiraceae
41039be50b71d564beb4adb46a0f108f	d__Bacteria; p__Firmicutes; c__Clostridia; o__Oscillospirales; f__Oscillospiraceae
0aba2f0d2545ac421f2e8d955a53a8dc	d__Bacteria; p__Firmicutes; c__Clostridia; o__Oscillospirales; f__Oscillospiraceae
344c0368e95980d0bd878445a2403d0a	d__Bacteria; p__Firmicutes; c__Clostridia; o__Oscillospirales; f__Oscillospiraceae; g__UCG-002
15586ca82f998eecfc70733a6214daa0	d__Bacteria; p__Firmicutes; c__Clostridia; o__Oscillospirales; f__Oscillospiraceae; g__UCG-002
90d4c5379b09a2084d73da25fd3e9f39	d__Bacteria; p__Firmicutes; c__Clostridia; o__Oscillospirales; f__Oscillospiraceae; g__Flavonifractor
49a247b9552d9fce685e92907a8a62cf	d__Bacteria; p__Firmicutes; c__Clostridia; o__Oscillospirales; f__Oscillospiraceae; g__UCG-002
5db2fda321e1efa39118cb9e996e6300	d__Bacteria; p__Firmicutes; c__Clostridia; o__Oscillospirales; f__Oscillospiraceae; g__UCG-002
2507481760983266d45eb63a071e4c48	d__Bacteria; p__Firmicutes; c__Clostridia; o__Christensenellales; f__Christensenellaceae; g__uncultured
6de3b92530a97257f65d7ece366e551d	d__Bacteria; p__Firmicutes; c__Clostridia; o__Christensenellales; f__Christensenellaceae; g__Christensenellaceae_R-7_group
950eb40a48943ae86f37cd8c8b1c8012	d__Bacteria; p__Firmicutes; c__Clostridia; o__Oscillospirales; f__Oscillospiraceae
eb277f1a8c6060ff1b6fb7dd4c3cf2f6	d__Bacteria; p__Firmicutes; c__Clostridia; o__Oscillospirales; f__Oscillospiraceae; g__UCG-005
0f448a060e8fb2cc8a7470dd0a9fc816	d__Bacteria; p__Firmicutes; c__Clostridia; o__Christensenellales; f__Christensenellaceae; g__Catabacter; s__Catabacter_hongkongensis
4bbaba44f37daa69fc4a6e8c41ffc3e7	d__Bacteria; p__Firmicutes; c__Clostridia; o__Oscillospirales; f__Oscillospiraceae; g__UCG-005
e117262f5deb306342be44ab01b4adf1	d__Bacteria; p__Firmicutes; c__Clostridia; o__Oscillospirales; f__Oscillospiraceae; g__UCG-005
c2d16dd7f7014853f612cae9a0b04c7f	d__Bacteria; p__Firmicutes; c__Clostridia; o__Christensenellales; f__Christensenellaceae; g__Christensenellaceae_R-7_group
9824a82310715d1a1ab4befede499630	d__Bacteria; p__Firmicutes; c__Clostridia; o__Christensenellales; f__Christensenellaceae; g__Christensenellaceae_R-7_group
472f2a9f1097be4f0bb128f35dd59224	d__Bacteria; p__Firmicutes; c__Clostridia; o__Oscillospirales; f__Oscillospiraceae; g__UCG-005; s__metagenome
c6185d125583c32e05952ee899c6df82	d__Bacteria; p__Firmicutes; c__Clostridia; o__Christensenellales; f__Christensenellaceae; g__Christensenellaceae_R-7_group; s__uncultured_marine
c057a838f854ab8e6638df3f0124f458	d__Bacteria; p__Firmicutes; c__Clostridia; o__Oscillospirales; f__UCG-010; g__UCG-010
c8c6406db03c9ca479b9f548f5494ece	d__Bacteria; p__Firmicutes; c__Clostridia; o__Oscillospirales; f__Oscillospiraceae
c9b9c1f6a77d5e3444d5fa85993dfa59	d__Bacteria; p__Firmicutes; c__Clostridia; o__Oscillospirales; f__Oscillospiraceae; g__UCG-005; s__uncultured_rumen
cc75774537a428f1ea97a04c3d8e3481	d__Bacteria; p__Firmicutes; c__Clostridia; o__Christensenellales; f__Christensenellaceae; g__Christensenellaceae_R-7_group
280773c0a9951e87fc90c5f8b1094380	d__Bacteria; p__Firmicutes; c__Clostridia; o__Christensenellales; f__Christensenellaceae
dba64c629adf04680d544e71f7e29b2b	d__Bacteria; p__Firmicutes; c__Negativicutes; o__Veillonellales-Selenomonadales; f__Veillonellaceae; g__Veillonella
1dfd059ac92af0771086c5a98534106f	d__Bacteria; p__Firmicutes; c__Negativicutes; o__Acidaminococcales; f__Acidaminococcaceae; g__Phascolarctobacterium; s__Ruminococcus_sp.
0ac833d135704412cff7b765c4115b2a	d__Bacteria; p__Firmicutes; c__Negativicutes; o__Acidaminococcales; f__Acidaminococcaceae; g__Acidaminococcus
ab7a43555ec1527e0371560ff2249777	d__Bacteria; p__Firmicutes; c__Negativicutes; o__Veillonellales-Selenomonadales; f__Veillonellaceae; g__Veillonella
a3c4c66d423a60ab69e8e73b0b1c3cb8	d__Bacteria; p__Firmicutes; c__Negativicutes; o__Veillonellales-Selenomonadales; f__Veillonellaceae; g__Veillonella
a229046e8d7a5d818e2082e785d2845a	d__Bacteria; p__Firmicutes; c__Negativicutes; o__Veillonellales-Selenomonadales; f__Veillonellaceae; g__Veillonella
475568b751b2545d7dd8483e5a71e968	d__Bacteria; p__Firmicutes; c__Negativicutes; o__Veillonellales-Selenomonadales; f__Veillonellaceae; g__Dialister
e106ee05067b8de360c3c06c2a46f45d	d__Bacteria; p__Firmicutes; c__Negativicutes; o__Veillonellales-Selenomonadales; f__Veillonellaceae; g__Dialister
0d8a7db8f238560fe3810f5b61a29187	d__Bacteria; p__Actinobacteriota; c__Coriobacteriia; o__Coriobacteriales; f__Coriobacteriaceae; g__Collinsella
60c766e684ab6695a2a5efee4417fd7c	d__Bacteria; p__Firmicutes; c__Clostridia; o__Christensenellales; f__Christensenellaceae; g__Christensenellaceae_R-7_group
d91698fa0119619718b2e2a7aaf6dd1d	d__Bacteria; p__Actinobacteriota; c__Coriobacteriia; o__Coriobacteriales; f__Eggerthellaceae; g__uncultured; s__uncultured_bacterium
6ac46efc86c29b27be4803ef5fbbc9eb	d__Bacteria; p__Actinobacteriota; c__Coriobacteriia; o__Coriobacteriales; f__Eggerthellaceae; g__Senegalimassilia
aeeb29e94fdc27a255664d5c167222f2	d__Bacteria; p__Proteobacteria; c__Gammaproteobacteria; o__Burkholderiales; f__Sutterellaceae; g__Sutterella
58062ccc4a5340aac3eb43126667070d	d__Bacteria; p__Proteobacteria; c__Gammaproteobacteria; o__Burkholderiales; f__Sutterellaceae; g__Sutterella
3937a4d8fb704755bf3d475172848e88	d__Bacteria; p__Proteobacteria; c__Gammaproteobacteria; o__Burkholderiales
045aaef7f6ba554446b8c59fa07fbadc	d__Bacteria; p__Firmicutes; c__Clostridia; o__Oscillospirales; f__[Eubacterium]_coprostanoligenes_group; g__[Eubacterium]_coprostanoligenes_group
3954af4be06a3b336f8aefded35b8a94	d__Bacteria; p__Firmicutes; c__Clostridia; o__Oscillospirales; f__Ruminococcaceae; g__Anaerofilum
b059153d2e5667ca4bee250825269c44	d__Bacteria; p__Firmicutes; c__Clostridia; o__Lachnospirales; f__Lachnospiraceae
16dfe667fb1bbcb06bbacc17c744a350	d__Bacteria; p__Firmicutes; c__Clostridia; o__Oscillospirales; f__[Eubacterium]_coprostanoligenes_group; g__[Eubacterium]_coprostanoligenes_group; s__uncultured_Clostridiales
0e5890a1778a78b7821c739ece3d5bb4	d__Bacteria; p__Firmicutes; c__Clostridia; o__Oscillospirales; f__Ruminococcaceae; g__uncultured; s__human_gut
5fa8d3c5b33a35ad1078f71e7ff04614	d__Bacteria; p__Firmicutes; c__Clostridia; o__Oscillospirales; f__Ruminococcaceae
0b01c260d2668c0e1b127b07a87128a9	d__Bacteria; p__Firmicutes; c__Clostridia; o__Oscillospirales; f__Ruminococcaceae; g__Anaerotruncus
12ff2c1e00965456d8353dac852816a3	d__Bacteria; p__Firmicutes; c__Clostridia; o__Oscillospirales; f__Ruminococcaceae; g__DTU089
b3b5423c777da4599435a38dd7adedbf	d__Bacteria; p__Firmicutes; c__Clostridia; o__Oscillospirales; f__Ruminococcaceae
9762702d00b07f8704724f7b48a7c21f	d__Bacteria; p__Firmicutes; c__Clostridia; o__Oscillospirales; f__Ruminococcaceae; g__Incertae_Sedis; s__[Clostridium]_leptum
5296db00f0a32ba141fa53cf2806d098	d__Bacteria; p__Firmicutes; c__Clostridia; o__Lachnospirales; f__Lachnospiraceae; g__[Eubacterium]_hallii_group
fed0f7d2a6e22cfb639d93e1b5d2fadc	d__Bacteria; p__Firmicutes; c__Clostridia; o__Oscillospirales; f__Ruminococcaceae; g__Incertae_Sedis; s__uncultured_organism
0ff4a4307359256ec39283ef503a63d9	d__Bacteria; p__Firmicutes; c__Clostridia; o__Oscillospirales; f__Ruminococcaceae
dd669e176f50876b6e6d4ff53f4ace3b	d__Bacteria; p__Firmicutes; c__Clostridia; o__Oscillospirales; f__Ruminococcaceae; g__uncultured; s__gut_metagenome
a65e71472617d47d9a5c1799691d3217	d__Bacteria; p__Firmicutes; c__Clostridia; o__Lachnospirales; f__Lachnospiraceae
b2c8df1e5f91dc6f6b3fad10b2a0ef85	d__Bacteria; p__Firmicutes; c__Clostridia; o__Lachnospirales; f__Lachnospiraceae
50c34f589f0ee1bbe93cf074b2b9275c	d__Bacteria; p__Firmicutes; c__Clostridia; o__Lachnospirales; f__Lachnospiraceae
68f935902307000f825b13be4b617373	d__Bacteria; p__Firmicutes; c__Clostridia; o__Lachnospirales; f__Lachnospiraceae
4e1f11a51745c5c1c16859a0ac59919e	d__Bacteria; p__Firmicutes; c__Clostridia; o__Oscillospirales; f__Ruminococcaceae; g__Subdoligranulum
74d273bd671ab398cfc91b576499535f	d__Bacteria; p__Firmicutes; c__Clostridia; o__Oscillospirales; f__Ruminococcaceae; g__Subdoligranulum
0d15550f7cb1042aee25cd22fa6fe237	d__Bacteria; p__Firmicutes; c__Clostridia; o__Oscillospirales; f__Ruminococcaceae; g__CAG-352; s__uncultured_bacterium
5aa5bbf386be2ea6245814b1e0e7276d	d__Bacteria; p__Firmicutes; c__Clostridia; o__Monoglobales; f__Monoglobaceae; g__Monoglobus
0d48d93a64efe458cb540f1583ccfcc0	d__Bacteria; p__Firmicutes; c__Clostridia; o__Monoglobales; f__Monoglobaceae; g__Monoglobus
1e00ebfe988b30fc6693ab359a68ec5b	d__Bacteria; p__Firmicutes; c__Clostridia; o__Oscillospirales; f__Ruminococcaceae; g__[Eubacterium]_siraeum_group
bafa9a3340f6486612f47ba21166e008	d__Bacteria; p__Firmicutes; c__Clostridia; o__Oscillospirales; f__Ruminococcaceae; g__[Eubacterium]_siraeum_group; s__uncultured_bacterium
b5dfd2efc6dca0215a1cf8000fbf9f48	d__Bacteria; p__Firmicutes; c__Clostridia; o__Oscillospirales; f__Ruminococcaceae; g__[Eubacterium]_siraeum_group
1cceee3c2c5ab3d16b8b7e7797cdbe3d	d__Bacteria; p__Firmicutes; c__Clostridia; o__Oscillospirales; f__Ruminococcaceae
2aadd3f92ff9d315d7b35416b62cabfb	d__Bacteria; p__Bacteroidota; c__Bacteroidia; o__Bacteroidales; f__Prevotellaceae; g__Paraprevotella; s__uncultured_bacterium
8ccb6c33945540b95d962a93e24ea829	d__Bacteria; p__Firmicutes; c__Clostridia; o__Oscillospirales; f__Ruminococcaceae
ffcc50ad8c9e9d289fb994232277cb25	d__Bacteria; p__Firmicutes; c__Clostridia; o__Oscillospirales; f__Ruminococcaceae; g__Ruminococcus
be6ac4e5100f879726f5c63b7a66262a	d__Bacteria; p__Firmicutes; c__Clostridia; o__Peptostreptococcales-Tissierellales; f__Peptostreptococcales-Tissierellales; g__Fenollaria
63e4311354ceff10defbd6ea0b3cb727	d__Bacteria; p__Firmicutes; c__Clostridia; o__Lachnospirales; f__Defluviitaleaceae; g__Defluviitaleaceae_UCG-011; s__uncultured_bacterium
6523947fe13391209388c97fc6078c9a	d__Bacteria; p__Desulfobacterota; c__Desulfovibrionia; o__Desulfovibrionales; f__Desulfovibrionaceae; g__Bilophila
aa60b4233d89c96b12d098c6bf8bc49d	d__Bacteria; p__Firmicutes; c__Clostridia; o__Christensenellales; f__Christensenellaceae; g__uncultured
b62f25f34aaabd772a7ee52d07dad087	d__Bacteria; p__Firmicutes; c__Clostridia; o__Oscillospirales; f__Oscillospiraceae; g__NK4A214_group
f9e5f50def0e5c6dd0a1bf101770f473	d__Bacteria; p__Actinobacteriota; c__Coriobacteriia; o__Coriobacteriales; f__Coriobacteriaceae; g__Collinsella
0df42a662333d27ac7fe3bf030509e5c	d__Bacteria; p__Firmicutes; c__Clostridia; o__Oscillospirales; f__[Eubacterium]_coprostanoligenes_group; g__[Eubacterium]_coprostanoligenes_group; s__uncultured_Clostridiales
eab79fca604143e5ae9978771950e052	d__Bacteria; p__Firmicutes; c__Clostridia; o__Oscillospirales; f__Ruminococcaceae
b0233fb4397dd6e8c4d7bb1d4f44a3a2	d__Bacteria; p__Firmicutes; c__Clostridia; o__Oscillospirales; f__Ruminococcaceae; g__uncultured; s__gut_metagenome
7a34871680432d5c01e310b30fa4a450	d__Bacteria; p__Firmicutes; c__Clostridia; o__Oscillospirales; f__Ruminococcaceae; g__Subdoligranulum
242eed6387c010f1be6019b2b9520a04	d__Bacteria; p__Firmicutes; c__Clostridia; o__Lachnospirales; f__Lachnospiraceae
0f119a6a42b9a608d409e7a618c282eb	d__Bacteria; p__Firmicutes; c__Clostridia; o__Lachnospirales; f__Lachnospiraceae
eef2113dbdcae9cd308aa94e7db869b1	d__Bacteria; p__Firmicutes; c__Clostridia; o__Lachnospirales; f__Lachnospiraceae
3681b7724364f62a1adf932bb49956df	d__Bacteria; p__Bacteroidota; c__Bacteroidia; o__Bacteroidales; f__Prevotellaceae; g__Prevotella; s__uncultured_Bacteroidetes
453644b810f569a491be91f120112725	d__Bacteria; p__Bacteroidota; c__Bacteroidia; o__Bacteroidales; f__Prevotellaceae
f3d2a3d935d07b3d3aee0838a821c39d	d__Bacteria; p__Firmicutes; c__Clostridia; o__Lachnospirales; f__Lachnospiraceae; g__Lachnospira
df2507db4036ebfc68e97c001ff985ae	d__Bacteria; p__Firmicutes; c__Clostridia; o__Lachnospirales; f__Lachnospiraceae
bd5cccbb56af792f8e0ddfb339d53949	d__Bacteria; p__Firmicutes; c__Clostridia
47f51a62250c73652db3d368d26564c0	d__Bacteria; p__Firmicutes; c__Clostridia; o__Monoglobales; f__Monoglobaceae; g__Monoglobus
d2a23326457e8d051a97beba1f15cf8d	d__Bacteria; p__Firmicutes; c__Clostridia; o__Oscillospirales; f__Oscillospiraceae; g__NK4A214_group
2ea0e5b81fd5c92d3df35d18bfc335d4	d__Bacteria; p__Firmicutes; c__Clostridia; o__Oscillospirales; f__Oscillospiraceae; g__UCG-002
0e3f3594f2fb832f2067f861dee06328	d__Bacteria; p__Firmicutes; c__Clostridia; o__Oscillospirales
55f2c980344414bf3f70209d18112624	d__Bacteria; p__Cyanobacteria; c__Cyanobacteriia; o__Chloroplast; f__Chloroplast; g__Chloroplast
80e214dc7dadb3dd13aa2c582a9e358e	d__Bacteria; p__Firmicutes; c__Clostridia; o__Oscillospirales; f__Ruminococcaceae; g__uncultured; s__human_gut
4fd07ec70fc5d07755c3d806825b15b7	d__Bacteria; p__Firmicutes; c__Clostridia; o__Oscillospirales; f__Ruminococcaceae; g__uncultured; s__human_gut
5a39983464d6cc590ed0b40f4234a9f7	d__Bacteria; p__Firmicutes; c__Clostridia; o__Monoglobales; f__Monoglobaceae; g__Monoglobus
2aba24b4e41f716e485501c0f0ef6116	d__Bacteria; p__Firmicutes; c__Clostridia; o__Oscillospirales; f__Ruminococcaceae; g__[Eubacterium]_siraeum_group; s__gut_metagenome
489ab0cf8938a8a6d26cb27b8b30cb17	Unassigned
46e8c582571f785bc386ed7a8a80463b	d__Bacteria; p__Firmicutes; c__Clostridia; o__Oscillospirales; f__[Eubacterium]_coprostanoligenes_group; g__[Eubacterium]_coprostanoligenes_group; s__metagenome
9a7dcc8382dabda86f30a460e4bafbbd	d__Bacteria; p__Firmicutes; c__Clostridia; o__Oscillospirales; f__[Eubacterium]_coprostanoligenes_group; g__[Eubacterium]_coprostanoligenes_group
f4d379f0a60a78741dbe0b3e98fc5ddb	d__Bacteria; p__Spirochaetota; c__Spirochaetia; o__Spirochaetales; f__Spirochaetaceae; g__uncultured; s__uncultured_bacterium
d05e86ae2b4f6ed5d0a84184b0aee25b	d__Archaea; p__Euryarchaeota; c__Methanobacteria; o__Methanobacteriales; f__Methanobacteriaceae; g__Methanobrevibacter
d5b66be2623e1fac2ad6665df86f48b1	d__Bacteria; p__Proteobacteria; c__Gammaproteobacteria; o__Aeromonadales; f__Succinivibrionaceae; g__Succinivibrio; s__uncultured_bacterium
4d17bca908483c20be3527c1bf17a4f3	d__Bacteria; p__Firmicutes; c__Clostridia; o__Lachnospirales; f__Lachnospiraceae; g__[Eubacterium]_ventriosum_group
070e8b3ca51b2da3cb7f02cfae1eb272	d__Bacteria; p__Firmicutes; c__Clostridia; o__Clostridia_vadinBB60_group; f__Clostridia_vadinBB60_group; g__Clostridia_vadinBB60_group; s__uncultured_Thermoanaerobacterales
143e1f7f40d434ffb4bc4a7c85c9de6b	d__Bacteria; p__Firmicutes; c__Clostridia; o__Clostridia_vadinBB60_group; f__Clostridia_vadinBB60_group; g__Clostridia_vadinBB60_group; s__uncultured_Thermoanaerobacterales
83f7cc19bd5a17697b425b5d5c6d78fd	d__Bacteria; p__Bacteroidota; c__Bacteroidia; o__Cytophagales; f__Hymenobacteraceae; g__Adhaeribacter
2b3989af7decc7fe3671e1b3453d58fb	d__Bacteria; p__Firmicutes; c__Clostridia; o__Christensenellales; f__Christensenellaceae; g__Christensenellaceae_R-7_group; s__human_gut
9ac956c538072e9cd1bc43cabfc98b11	d__Bacteria; p__Firmicutes; c__Clostridia; o__Christensenellales; f__Christensenellaceae
6bf28806bb12beec5a56080b942b3789	d__Bacteria; p__Firmicutes; c__Bacilli; o__Lactobacillales; f__Lactobacillaceae; g__Lactobacillus
bac95ecb44d0cd2afeaeaedb3132c912	d__Bacteria; p__Firmicutes; c__Bacilli; o__Lactobacillales; f__Lactobacillaceae; g__Lactobacillus
455389ee91880168d870cf506ee7e570	d__Bacteria; p__Firmicutes; c__Bacilli; o__Lactobacillales; f__Lactobacillaceae; g__Lactobacillus
fbcf1318408d6c95b5f1b91d8c9099e0	d__Bacteria; p__Firmicutes; c__Bacilli; o__Lactobacillales; f__Lactobacillaceae; g__Lactobacillus
47caf306e4abe3160a78386710112e96	d__Bacteria; p__Firmicutes; c__Bacilli; o__Lactobacillales; f__Lactobacillaceae; g__Lactobacillus
b130ec5eaf4431bb8a7382d1b21c7779	d__Bacteria; p__Firmicutes; c__Bacilli; o__Lactobacillales; f__Lactobacillaceae; g__Lactobacillus
c874661dba33fc62b6d25f7247d4bd82	d__Bacteria; p__Firmicutes; c__Bacilli; o__Lactobacillales
d52ce99106506d04f93b2534179256c6	d__Bacteria; p__Firmicutes; c__Bacilli; o__Staphylococcales; f__Gemellaceae; g__Gemella
8091703f2b2fd33c2a20386793ac09fd	d__Bacteria; p__Firmicutes; c__Bacilli; o__Lactobacillales; f__Enterococcaceae
b3a31c140d0a84d9c99425038c0639a4	d__Bacteria; p__Firmicutes; c__Bacilli; o__Lactobacillales; f__Streptococcaceae; g__Streptococcus
876e33a8f13415a2eefd6ea12cd5175a	d__Bacteria; p__Firmicutes; c__Bacilli; o__Erysipelotrichales; f__Erysipelotrichaceae; g__Turicibacter
f648cad3bfcc942844f026b306082bba	d__Bacteria; p__Firmicutes; c__Bacilli; o__Lactobacillales; f__Streptococcaceae; g__Streptococcus
25b667b5971780e3a7b1bc4d47618c12	d__Bacteria; p__Firmicutes; c__Bacilli; o__Lactobacillales; f__Streptococcaceae; g__Streptococcus
59507cd4d077990a2c3179d256020a56	d__Bacteria; p__Firmicutes; c__Bacilli; o__Lactobacillales; f__Streptococcaceae; g__Streptococcus
2448b87d2ebb12e561ec13aa794e28e6	d__Bacteria; p__Firmicutes; c__Bacilli; o__Erysipelotrichales; f__Erysipelatoclostridiaceae; g__Erysipelatoclostridium; s__Massiliomicrobiota_timonensis
663c93ed3b010f92224bce91ea969b84	d__Bacteria; p__Firmicutes; c__Bacilli; o__Erysipelotrichales; f__Erysipelotrichaceae; g__Holdemania
346dcaad1707c542fbc7b4a5645074b2	d__Bacteria; p__Firmicutes; c__Bacilli; o__Erysipelotrichales; f__Erysipelatoclostridiaceae; g__Erysipelatoclostridium
fad4651f93f45141cfd7f41815a34095	d__Bacteria; p__Firmicutes; c__Bacilli; o__Erysipelotrichales; f__Erysipelatoclostridiaceae; g__Erysipelotrichaceae_UCG-003
ece548b8286e0286431524cde6102572	d__Bacteria; p__Firmicutes; c__Bacilli; o__Erysipelotrichales; f__Erysipelatoclostridiaceae; g__Erysipelotrichaceae_UCG-003
ec247fe8e5a41598751aec17683d1182	d__Bacteria; p__Firmicutes; c__Bacilli; o__Erysipelotrichales; f__Erysipelatoclostridiaceae; g__Erysipelotrichaceae_UCG-003
9aa776d540a45cd65bb7adbf4e2240a1	d__Bacteria; p__Firmicutes; c__Bacilli; o__Erysipelotrichales; f__Erysipelatoclostridiaceae; g__Coprobacillus
cf02af51bfc9ba6964ac030ec88da79f	d__Bacteria; p__Firmicutes; c__Bacilli; o__Erysipelotrichales; f__Erysipelotrichaceae; g__Solobacterium
8f51a4d458d445e1a0321004e6829cbd	d__Bacteria; p__Firmicutes; c__Bacilli; o__Erysipelotrichales; f__Erysipelotrichaceae; g__Dielma
80073f1f55863ec31ecec059b2a4f1e9	d__Bacteria; p__Firmicutes; c__Bacilli; o__Erysipelotrichales; f__Erysipelotrichaceae; g__Dielma
ba280633d55b42a47199d96270224e75	d__Bacteria; p__Firmicutes; c__Bacilli; o__Erysipelotrichales; f__Erysipelotrichaceae; g__Solobacterium
6a44d87571f85b0ac53a9c133a287495	d__Bacteria; p__Firmicutes; c__Bacilli; o__Erysipelotrichales; f__Erysipelatoclostridiaceae; g__Erysipelatoclostridium
862233b67c04091c6c52039bfa74cb3a	d__Bacteria; p__Firmicutes; c__Bacilli; o__Erysipelotrichales; f__Erysipelotrichaceae; g__[Clostridium]_innocuum_group
66cc6b4303934937dcfd648d7263be3c	d__Bacteria; p__Firmicutes; c__Bacilli; o__Erysipelotrichales; f__Erysipelotrichaceae; g__[Clostridium]_innocuum_group
fe4bb3ce60e346484957d8fb5fe89e0a	d__Bacteria; p__Firmicutes; c__Bacilli; o__Erysipelotrichales; f__Erysipelotrichaceae; g__Merdibacter; s__uncultured_bacterium
4735c336613b872d29f472baac129345	d__Bacteria; p__Firmicutes; c__Bacilli; o__Erysipelotrichales; f__Erysipelotrichaceae
58d21a937459910f99fa6c286a7f2c8a	d__Bacteria; p__Firmicutes; c__Bacilli; o__Erysipelotrichales; f__Erysipelotrichaceae; g__Merdibacter
3d0e6bb315d2b77191a3893ee9ef292e	d__Bacteria; p__Firmicutes; c__Bacilli; o__Erysipelotrichales; f__Erysipelotrichaceae; g__[Clostridium]_innocuum_group
5d9f2f695799820d965566f8c5026fbf	d__Bacteria; p__Firmicutes; c__Bacilli; o__Erysipelotrichales; f__Erysipelotrichaceae
bac1eeffe0016b427c4799227209fee1	d__Bacteria; p__Firmicutes; c__Bacilli; o__Erysipelotrichales; f__Erysipelotrichaceae; g__Holdemanella
0d79c1cfb8ea4dc4b2c40f174e13fc64	d__Bacteria; p__Firmicutes; c__Bacilli; o__Erysipelotrichales; f__Erysipelotrichaceae; g__Faecalitalea
47dc844ff79f534f431a43a82adb226e	d__Bacteria; p__Firmicutes; c__Bacilli; o__Erysipelotrichales; f__Erysipelotrichaceae; g__Erysipelotrichaceae; s__Faecalitalea_sp.
8ff20584bdcd97c5ea10b9635a03ac37	d__Bacteria; p__Verrucomicrobiota; c__Verrucomicrobiae; o__Verrucomicrobiales; f__Akkermansiaceae; g__Akkermansia
42e38f0f005991e19e5b032c16790889	d__Bacteria; p__Verrucomicrobiota; c__Verrucomicrobiae; o__Verrucomicrobiales; f__Akkermansiaceae; g__Akkermansia; s__uncultured_bacterium
be1c22780daa395c38e191d31af00058	d__Bacteria; p__Firmicutes; c__Clostridia; o__Clostridia_UCG-014; f__Clostridia_UCG-014; g__Clostridia_UCG-014
28993528c2022b4b06930b6e617f67ae	d__Bacteria; p__Firmicutes; c__Clostridia; o__Clostridia_UCG-014; f__Clostridia_UCG-014; g__Clostridia_UCG-014
b50190548519d14ecacfb438cc9317a2	d__Bacteria; p__Firmicutes; c__Clostridia; o__Clostridia_UCG-014; f__Clostridia_UCG-014; g__Clostridia_UCG-014
b49a1dceff0c89152cb982c0e1dad347	d__Bacteria; p__Firmicutes; c__Clostridia; o__Clostridia_UCG-014; f__Clostridia_UCG-014; g__Clostridia_UCG-014
5e6ced5929af9637b59211c492bb531b	d__Bacteria; p__Firmicutes; c__Clostridia; o__Clostridia_UCG-014; f__Clostridia_UCG-014; g__Clostridia_UCG-014
7ad0c38028e6000c496ee8e0b3c542d7	d__Bacteria; p__Firmicutes; c__Clostridia; o__Clostridia_UCG-014; f__Clostridia_UCG-014; g__Clostridia_UCG-014
0150037b7c0630be7076fae18c104a01	d__Bacteria; p__Firmicutes; c__Clostridia; o__Clostridia_UCG-014; f__Clostridia_UCG-014; g__Clostridia_UCG-014
6a6bf20550a3893b9d246b9e666f1775	d__Bacteria; p__Firmicutes; c__Clostridia; o__Clostridia_UCG-014; f__Clostridia_UCG-014; g__Clostridia_UCG-014
136067f5326803a6bcedf97def844636	d__Bacteria; p__Firmicutes; c__Clostridia; o__Clostridia_UCG-014; f__Clostridia_UCG-014; g__Clostridia_UCG-014
c9ee9b6bac1b6b09739d6cec47513cd1	d__Bacteria; p__Firmicutes; c__Clostridia; o__Clostridia_UCG-014; f__Clostridia_UCG-014; g__Clostridia_UCG-014
3997db30246f6fc8f9346a1554be1eb9	d__Bacteria; p__Firmicutes; c__Clostridia; o__Clostridia_UCG-014; f__Clostridia_UCG-014; g__Clostridia_UCG-014
10bcd627363ee7f6db64515a4e9fc0a6	d__Bacteria; p__Firmicutes; c__Clostridia; o__Clostridia_UCG-014; f__Clostridia_UCG-014; g__Clostridia_UCG-014
c398d50e2fed9ddc83d16d727ee7234e	d__Bacteria; p__Firmicutes; c__Clostridia; o__Clostridia_UCG-014; f__Clostridia_UCG-014; g__Clostridia_UCG-014
744160b44ff31494f3437502ae7891c1	d__Bacteria; p__Proteobacteria; c__Alphaproteobacteria; o__Rhodospirillales; f__uncultured; g__uncultured; s__Azospirillum_sp.
0a04c72afbcade9d6e583f615aced194	d__Bacteria; p__Bacteroidota; c__Bacteroidia; o__Flavobacteriales; f__Flavobacteriaceae; g__uncultured; s__gut_metagenome
2183dd300d92d680747fc2d38b21f09b	d__Bacteria; p__Bacteroidota; c__Bacteroidia; o__Bacteroidales; f__Bacteroidaceae; g__Bacteroides; s__Bacteroides_plebeius
4fcb89855171c7068f4eb2d0b821bc34	d__Bacteria; p__Bacteroidota; c__Bacteroidia; o__Bacteroidales; f__Bacteroidaceae; g__Bacteroides; s__Bacteroides_massiliensis
06ff74f6c4bd44c6435471797d7bdfb1	d__Bacteria; p__Bacteroidota; c__Bacteroidia; o__Bacteroidales; f__Bacteroidaceae; g__Bacteroides; s__Bacteroides_massiliensis
482b8095ec7e774e54fa54b5393f0437	d__Bacteria; p__Bacteroidota; c__Bacteroidia; o__Bacteroidales; f__Bacteroidaceae; g__Bacteroides
22434cb1e66508e1ea42ffb4f70eaa35	d__Bacteria; p__Bacteroidota; c__Bacteroidia; o__Bacteroidales; f__Bacteroidaceae; g__Bacteroides; s__Bacteroides_eggerthii
81ff1f5df1ed04de6f4a6cdcf7c1cb84	d__Bacteria; p__Bacteroidota; c__Bacteroidia; o__Bacteroidales; f__Bacteroidaceae; g__Bacteroides
32ee3ba86a56abc6bea22128852aed1d	d__Bacteria; p__Bacteroidota; c__Bacteroidia; o__Bacteroidales; f__Bacteroidaceae; g__Bacteroides; s__Bacteroides_clarus
5a3ebc878509cd2cffa3aa66958e6894	d__Bacteria; p__Bacteroidota; c__Bacteroidia; o__Bacteroidales; f__Bacteroidaceae; g__Bacteroides
634c1721de604f5fba8f2b2922023277	d__Bacteria; p__Bacteroidota; c__Bacteroidia; o__Bacteroidales; f__Bacteroidaceae; g__Bacteroides
9fee7e149153468854ca09b3c0e42abf	d__Bacteria; p__Bacteroidota; c__Bacteroidia; o__Bacteroidales; f__Bacteroidaceae; g__Bacteroides
b86962bbf136b141801a26bd0d9fd790	d__Bacteria; p__Bacteroidota; c__Bacteroidia; o__Bacteroidales; f__Prevotellaceae; g__Prevotella
3ef06499bcd16c378a9cb52bbf1638cd	d__Bacteria; p__Bacteroidota; c__Bacteroidia; o__Bacteroidales; f__Rikenellaceae; g__Alistipes
be09ee81c28b530aa91c821fcc9529f9	d__Bacteria; p__Bacteroidota; c__Bacteroidia; o__Bacteroidales; f__Rikenellaceae; g__Alistipes; s__Alistipes_shahii
78db09f8f81718d68e668fb08aafaeec	d__Bacteria; p__Bacteroidota; c__Bacteroidia; o__Bacteroidales; f__Rikenellaceae; g__Alistipes
c057e52aa8e1ec9884f7660a9c19940e	d__Bacteria; p__Bacteroidota; c__Bacteroidia; o__Bacteroidales; f__Rikenellaceae; g__Alistipes; s__Alistipes_finegoldii
168be60063582a8310477b17aff67480	d__Bacteria; p__Bacteroidota; c__Bacteroidia; o__Bacteroidales; f__Rikenellaceae; g__Alistipes
0e295672a7c249d97ddaf4f3ecca91b5	d__Bacteria; p__Bacteroidota; c__Bacteroidia; o__Bacteroidales; f__Bacteroidaceae; g__Bacteroides; s__Bacteroides_caccae
a25b44f452b686714f226c3daebacdb8	d__Bacteria; p__Bacteroidota; c__Bacteroidia; o__Bacteroidales; f__Rikenellaceae; g__Alistipes
10b79911341ec94e640d1694f06cd19c	d__Bacteria; p__Bacteroidota; c__Bacteroidia; o__Bacteroidales; f__Rikenellaceae; g__Alistipes
0cf442155e82a4cde4ccdf5868485437	d__Bacteria; p__Bacteroidota; c__Bacteroidia; o__Bacteroidales; f__Marinifilaceae; g__Odoribacter; s__Odoribacter_splanchnicus
d64494bc62cd4fe6844f83fbb0dcc8ca	d__Bacteria; p__Bacteroidota; c__Bacteroidia; o__Bacteroidales; f__Tannerellaceae; g__Parabacteroides; s__Parabacteroides_merdae
a36f4d544df87ba9d49dc479d911bc6f	d__Bacteria; p__Bacteroidota; c__Bacteroidia; o__Bacteroidales; f__Tannerellaceae; g__Parabacteroides
6ede61f7edad071b6ddefef5cee332d1	d__Bacteria; p__Bacteroidota; c__Bacteroidia; o__Bacteroidales; f__Bacteroidaceae; g__Bacteroides
e866ffaf6394096c2dd4a196ba14a23c	d__Bacteria; p__Bacteroidota; c__Bacteroidia; o__Bacteroidales; f__Bacteroidaceae; g__Bacteroides
231be79279795709cb8e33f323fdbdc8	d__Bacteria; p__Bacteroidota; c__Bacteroidia; o__Bacteroidales; f__Prevotellaceae; g__uncultured; s__Prevotella_sp.
c751c89c83bf291bc82069fd043a35db	d__Bacteria; p__Bacteroidota; c__Bacteroidia; o__Bacteroidales; f__Prevotellaceae; g__Prevotella
e1cb3d178f3722de95bcc598f8b4f14a	d__Bacteria; p__Bacteroidota; c__Bacteroidia; o__Bacteroidales; f__Marinifilaceae; g__Butyricimonas
50f8c8cb77559cff7a2e6cf3aa5b2c0f	d__Bacteria; p__Bacteroidota; c__Bacteroidia; o__Bacteroidales; f__Bacteroidaceae; g__Bacteroides
e9df4dcad5e75914476be65a94eaa90c	d__Bacteria; p__Bacteroidota; c__Bacteroidia; o__Bacteroidales; f__Bacteroidaceae; g__Bacteroides
778a33b1bc452c07a1cbd23cf7a2c876	d__Bacteria; p__Bacteroidota; c__Bacteroidia; o__Bacteroidales; f__Bacteroidaceae; g__Bacteroides; s__metagenome
edf9532fad38e1d761b69a9773bf046c	d__Bacteria; p__Bacteroidota; c__Bacteroidia; o__Bacteroidales; f__Bacteroidaceae; g__Bacteroides
8cde1de634ee4d1d9e2f7f4defeb8ada	d__Bacteria; p__Bacteroidota; c__Bacteroidia; o__Bacteroidales; f__Prevotellaceae; g__Prevotella; s__Prevotella_corporis
026628000644284a59114826c2b83d68	d__Bacteria; p__Bacteroidota; c__Bacteroidia; o__Bacteroidales; f__Prevotellaceae
bd5a4807ba8ea300f1ba624fcad2c133	d__Bacteria; p__Bacteroidota; c__Bacteroidia; o__Bacteroidales; f__Prevotellaceae; g__Paraprevotella; s__uncultured_bacterium
4d1d4af5aba0205781afa64d8d061071	d__Bacteria; p__Bacteroidota; c__Bacteroidia; o__Bacteroidales; f__Prevotellaceae; g__Paraprevotella
dc20eba3c1a2d7b4b29c82bd3457ec59	d__Bacteria; p__Bacteroidota; c__Bacteroidia; o__Bacteroidales; f__Tannerellaceae; g__Parabacteroides
ce193684ac555d05eef35ed60e1d83e2	d__Bacteria; p__Firmicutes; c__Clostridia; o__Oscillospirales
6a1e669933656ac007a0cb4073bedb17	d__Bacteria; p__Bacteroidota; c__Bacteroidia; o__Bacteroidales; f__Barnesiellaceae; g__Barnesiella
95407cf9cbba6f38cb34f839045723a9	d__Bacteria; p__Bacteroidota; c__Bacteroidia; o__Bacteroidales; f__Barnesiellaceae; g__Barnesiella
250229fc2246f9846ce7ebd6f11e6119	d__Bacteria; p__Bacteroidota; c__Bacteroidia; o__Bacteroidales; f__Barnesiellaceae; g__Barnesiella
c553cb0738be8adb2235fc2e0c1cbe17	d__Bacteria; p__Patescibacteria; c__Saccharimonadia; o__Saccharimonadales; f__Saccharimonadaceae; g__TM7x
d49372d0402287744266a93dc325a44b	d__Bacteria; p__Firmicutes; c__Clostridia; o__Oscillospirales; f__Ruminococcaceae
9569a9e4c1ec1529070733dda9aebe12	d__Bacteria; p__Firmicutes; c__Clostridia; o__Oscillospirales; f__Ruminococcaceae; g__Incertae_Sedis
dc756caae7dbeb6716bd0f608338a5da	d__Bacteria; p__Firmicutes; c__Clostridia; o__Oscillospirales; f__Ruminococcaceae; g__Incertae_Sedis
530350ecbd1e73174075c21465810f72	d__Bacteria; p__Firmicutes; c__Clostridia; o__Oscillospirales; f__Ruminococcaceae
143de4d4be4d370d647f8f46c5b6be8c	d__Bacteria; p__Firmicutes; c__Clostridia; o__Oscillospirales; f__Ruminococcaceae; g__Incertae_Sedis
56df491fc8f0ab0bc8887bb5e4a029d8	d__Bacteria; p__Firmicutes; c__Clostridia; o__Oscillospirales; f__Ruminococcaceae; g__Incertae_Sedis; s__uncultured_bacterium
47302b23c3cfa9784ca2fb3b209cd3f1	d__Bacteria; p__Firmicutes; c__Clostridia; o__Oscillospirales; f__Ruminococcaceae; g__Incertae_Sedis
0d164b7465d3e2d2b062d2c1a4f1f0bb	d__Bacteria; p__Firmicutes; c__Clostridia; o__Oscillospirales; f__Ruminococcaceae; g__Incertae_Sedis
9c086de2f6540a91ded3d45fe669fade	d__Bacteria; p__Firmicutes; c__Clostridia
985b7d66d4afa40288e08054366cf768	d__Bacteria; p__Firmicutes; c__Clostridia; o__Lachnospirales; f__Lachnospiraceae; g__Dorea
a019fcc0f216562702b7b11dc3c23281	d__Bacteria; p__Firmicutes; c__Clostridia; o__Oscillospirales; f__Ruminococcaceae
54a1e4d6c0c4a201f8a20878a7162c14	d__Bacteria; p__Firmicutes; c__Clostridia; o__Lachnospirales; f__Lachnospiraceae; g__[Eubacterium]_eligens_group
c2b4228d598df2ffda85d6a46ec3d209	d__Bacteria; p__Firmicutes; c__Clostridia; o__Lachnospirales; f__Lachnospiraceae; g__Lachnospira
0c996873adf4be290d4ecf3f56cbc88f	d__Bacteria; p__Firmicutes; c__Clostridia; o__Lachnospirales; f__Lachnospiraceae; g__Lachnospiraceae_ND3007_group; s__uncultured_bacterium
5afd87d60a281ca007c2ea5752c6ac50	d__Bacteria; p__Firmicutes; c__Clostridia; o__Lachnospirales; f__Lachnospiraceae; g__Lachnospira
6734971e6cf6ab16b0372ae4af85196e	d__Bacteria; p__Firmicutes; c__Clostridia; o__Oscillospirales; f__Ruminococcaceae; g__Ruminococcus; s__Ruminococcus_bicirculans
1f75a6914da827f80cd31321a4dd8f3d	d__Bacteria; p__Firmicutes; c__Clostridia; o__Oscillospirales; f__Ruminococcaceae; g__Ruminococcus; s__Ruminococcus_bicirculans
579b8603fe169ef2b434c9e8c58205a5	d__Bacteria; p__Firmicutes; c__Clostridia; o__Oscillospirales; f__Ruminococcaceae; g__Ruminococcus; s__Ruminococcus_bicirculans
435ac1406a6ccc75fde3d36c8dc6a6a5	d__Bacteria; p__Firmicutes; c__Clostridia; o__Oscillospirales; f__Ruminococcaceae; g__Ruminococcus; s__gut_metagenome
00b5d1db4c7c3589d092abd3b024a57c	d__Bacteria; p__Firmicutes; c__Clostridia; o__Lachnospirales; f__Lachnospiraceae; g__Howardella; s__uncultured_organism
c380b32e78dab344dff47f4d37927c86	d__Bacteria; p__Firmicutes; c__Clostridia; o__Oscillospirales; f__Ruminococcaceae; g__Ruminococcus
d94bec03f98adfee3efc85d9d91f1515	d__Bacteria; p__Firmicutes; c__Clostridia; o__Peptostreptococcales-Tissierellales; f__Anaerovoracaceae
5f96ab4c7eb1a7d763aee58d276536b0	d__Bacteria; p__Firmicutes; c__Clostridia; o__Peptostreptococcales-Tissierellales; f__Anaerovoracaceae
5669eec978f0d5281f0b1fdf779a6e0a	d__Bacteria; p__Firmicutes; c__Clostridia; o__Peptostreptococcales-Tissierellales; f__Anaerovoracaceae; g__Family_XIII_AD3011_group; s__gut_metagenome
d16cd85e335cc6159d28c165a6a03f89	d__Bacteria; p__Firmicutes; c__Clostridia; o__Peptostreptococcales-Tissierellales; f__Anaerovoracaceae; g__[Eubacterium]_nodatum_group; s__Ihubacter_massiliensis
5aff9d8876c5877acd01458a95d3320d	d__Bacteria; p__Firmicutes; c__Clostridia; o__Lachnospirales; f__Lachnospiraceae; g__Tyzzerella; s__Anaerotignum_lactatifermentans
4d4d344c80c1c59f00e008acdf0516cc	d__Bacteria; p__Firmicutes; c__Clostridia; o__Lachnospirales; f__Lachnospiraceae
8c02c538c1755a6113937ed81b0c8ef4	d__Bacteria; p__Firmicutes; c__Clostridia; o__Peptostreptococcales-Tissierellales; f__Anaerovoracaceae; g__Family_XIII_AD3011_group; s__uncultured_organism
9f9c6bc5907496bda22c0ec6ef9dd862	d__Bacteria; p__Firmicutes; c__Clostridia; o__Peptostreptococcales-Tissierellales; f__Peptostreptococcaceae
beaa3a209c2b6698f3aeb54d8f4f1426	d__Bacteria; p__Firmicutes; c__Clostridia; o__Peptostreptococcales-Tissierellales; f__Peptostreptococcaceae
cb9096027a69a076010ba67a83931f8e	d__Bacteria; p__Firmicutes; c__Clostridia; o__Peptostreptococcales-Tissierellales; f__Peptostreptococcaceae
c09548112d4ad3865344f90138be087e	d__Bacteria; p__Firmicutes; c__Clostridia; o__Peptostreptococcales-Tissierellales; f__Peptostreptococcaceae
55fc0750178d262d59ff4acc2f1e9ed6	d__Bacteria; p__Firmicutes; c__Clostridia; o__Oscillospirales; f__[Eubacterium]_coprostanoligenes_group; g__[Eubacterium]_coprostanoligenes_group; s__human_gut
c3475872bdd4f4a1cfafe566e124c1c8	d__Bacteria; p__Firmicutes; c__Clostridia; o__Peptostreptococcales-Tissierellales; f__Anaerovoracaceae; g__[Eubacterium]_nodatum_group; s__unidentified
70ac427d13aed644e408312cd648f377	d__Bacteria; p__Firmicutes; c__Clostridia; o__Lachnospirales; f__Lachnospiraceae
83938ef7dfdeb9510513d7b3beb20fab	d__Bacteria; p__Firmicutes; c__Clostridia; o__Peptostreptococcales-Tissierellales; f__Peptostreptococcaceae; g__Terrisporobacter
8661246fe303998825d58cbc0e597f7a	d__Bacteria; p__Firmicutes; c__Clostridia; o__Peptostreptococcales-Tissierellales; f__Peptostreptococcaceae
28ff7ba2bec3a15b4b746ab2b4bb9336	d__Bacteria; p__Firmicutes; c__Clostridia; o__Lachnospirales; f__Lachnospiraceae
48702360b0bfbed62cd4e8c82448cf2c	d__Bacteria; p__Firmicutes; c__Clostridia; o__Lachnospirales; f__Lachnospiraceae
a921166528dcc774e30dbf4399fa7a99	d__Bacteria; p__Firmicutes; c__Clostridia; o__Lachnospirales; f__Lachnospiraceae
09f8d2522fba28b256b07aec14e31a12	d__Bacteria; p__Firmicutes; c__Clostridia; o__Lachnospirales; f__Lachnospiraceae
94836af58f8435ddca1cc7ac6776fc74	d__Bacteria; p__Firmicutes; c__Clostridia; o__Lachnospirales; f__Lachnospiraceae; g__Agathobacter
b280add7cea10fdb5117313bafec3343	d__Bacteria; p__Actinobacteriota; c__Actinobacteria; o__Actinomycetales; f__Actinomycetaceae; g__Actinomyces
54218809ed383b101e9a13b230a56dfa	d__Bacteria; p__Firmicutes; c__Clostridia; o__Lachnospirales; f__Lachnospiraceae; g__Lachnoclostridium
458b4e8d2b12d0ad43e37900815e3e7a	d__Bacteria; p__Firmicutes; c__Clostridia; o__Lachnospirales; f__Lachnospiraceae
5a1dafde9f2b84fd661e3fe3fa20b355	d__Bacteria; p__Firmicutes; c__Clostridia; o__Peptostreptococcales-Tissierellales; f__Peptostreptococcaceae
d38618425261904e839bbfa7205ed7df	d__Bacteria; p__Firmicutes; c__Clostridia; o__Oscillospirales; f__[Eubacterium]_coprostanoligenes_group; g__[Eubacterium]_coprostanoligenes_group
3ef8eac8b549b8af2268df3a0153e4bf	d__Bacteria; p__Proteobacteria; c__Gammaproteobacteria; o__Enterobacterales; f__Enterobacteriaceae; g__Escherichia-Shigella
3f317c2cb68600adc6d9eb6187fbb09f	d__Bacteria; p__Proteobacteria; c__Gammaproteobacteria; o__Enterobacterales
b68d13d28e69eebe7c16aafa069dfa4c	d__Bacteria; p__Proteobacteria; c__Gammaproteobacteria; o__Enterobacterales; f__Yersiniaceae; g__Serratia
f2c0d7c70e32608d7f048ab01f9d0344	d__Bacteria; p__Proteobacteria; c__Gammaproteobacteria; o__Enterobacterales; f__Enterobacteriaceae
c8c0907fdf12939645303356a943eacb	d__Bacteria; p__Proteobacteria; c__Gammaproteobacteria; o__Enterobacterales; f__Enterobacteriaceae
03b5db725749cded32c8ae851a1d9c35	d__Bacteria; p__Firmicutes; c__Clostridia; o__Lachnospirales; f__Lachnospiraceae; g__Epulopiscium
0c0ecd1d828728bbc427b5a86971a9b5	d__Bacteria; p__Actinobacteriota; c__Actinobacteria; o__Actinomycetales; f__Actinomycetaceae; g__Actinomyces; s__Actinomyces_graevenitzii
8d56f891e57b7042c3bc4949340505c9	d__Bacteria; p__Actinobacteriota; c__Actinobacteria; o__Bifidobacteriales; f__Bifidobacteriaceae; g__Bifidobacterium
1735d014899ce9026b0a6bfe6e24c0ef	d__Bacteria; p__Actinobacteriota; c__Actinobacteria; o__Bifidobacteriales; f__Bifidobacteriaceae; g__Bifidobacterium; s__Bifidobacterium_bifidum
9edd1e60326b591c44432258a9810479	d__Bacteria; p__Actinobacteriota; c__Actinobacteria; o__Bifidobacteriales; f__Bifidobacteriaceae; g__Bifidobacterium
1d463c816f4271efb9cf3fa0316bee9d	d__Bacteria; p__Actinobacteriota; c__Actinobacteria; o__Bifidobacteriales; f__Bifidobacteriaceae; g__Bifidobacterium
562c79735b20efc7eb132e6dd0b42ac9	d__Bacteria; p__Firmicutes; c__Clostridia; o__Oscillospirales; f__Ruminococcaceae; g__Ruminococcus; s__Ruminococcus_champanellensis
c8d4f44841683685c13ce868ddd55322	d__Bacteria; p__Firmicutes; c__Clostridia; o__Peptostreptococcales-Tissierellales; f__Anaerovoracaceae; g__Family_XIII_UCG-001; s__uncultured_bacterium
4bb2f99f07e4fc2a86b29bc3869f23d2	d__Bacteria; p__Firmicutes; c__Clostridia; o__Peptostreptococcales-Tissierellales; f__Anaerovoracaceae
fde32025470eef06e0903c23412cd9e1	d__Bacteria; p__Firmicutes; c__Clostridia; o__Peptostreptococcales-Tissierellales; f__Anaerovoracaceae; g__Family_XIII_AD3011_group; s__uncultured_Eubacterium
b1b0e677f052ec9590bf868234794206	d__Bacteria; p__Firmicutes; c__Clostridia; o__Peptostreptococcales-Tissierellales; f__Anaerovoracaceae; g__Family_XIII_UCG-001; s__uncultured_bacterium
8d2bba74de77e5ca5ab9bdb60e1f7a83	d__Bacteria; p__Firmicutes; c__Clostridia; o__Lachnospirales; f__Lachnospiraceae; g__Lachnospiraceae_UCG-010; s__uncultured_organism
1ef4d53514f64f69687465a932819dd7	d__Bacteria; p__Firmicutes; c__Clostridia; o__Lachnospirales; f__Lachnospiraceae; g__Lachnospiraceae_UCG-010; s__uncultured_bacterium
56e248cab0f00c84134925065a610b3b	d__Bacteria; p__Firmicutes; c__Clostridia; o__Lachnospirales; f__Lachnospiraceae; g__GCA-900066755
410e76c318bd7ea900128ec83e828476	d__Bacteria; p__Firmicutes; c__Clostridia; o__Lachnospirales; f__Lachnospiraceae; g__Tyzzerella
04f3f14da1427e93482305aa4169a5de	d__Bacteria; p__Firmicutes; c__Clostridia; o__Oscillospirales; f__[Eubacterium]_coprostanoligenes_group; g__[Eubacterium]_coprostanoligenes_group; s__uncultured_bacterium
c8b67dd377c373afde7004b7a3eed8b3	d__Bacteria; p__Firmicutes; c__Clostridia; o__Lachnospirales; f__Lachnospiraceae
e8668ad973397aaa3ace95455221a009	d__Bacteria; p__Firmicutes; c__Clostridia; o__Oscillospirales; f__[Eubacterium]_coprostanoligenes_group; g__[Eubacterium]_coprostanoligenes_group
4b8b078eb3cc2f8b04a905e765d1139d	d__Bacteria; p__Firmicutes; c__Clostridia; o__Oscillospirales; f__[Eubacterium]_coprostanoligenes_group; g__[Eubacterium]_coprostanoligenes_group
98e212272c8ae20489172aac70fbb1f7	d__Bacteria; p__Firmicutes; c__Clostridia; o__Peptostreptococcales-Tissierellales; f__Anaerovoracaceae; g__Family_XIII_AD3011_group
7236cf2a19a5fd7d1a78720e095389cd	d__Bacteria; p__Firmicutes; c__Clostridia; o__Peptostreptococcales-Tissierellales; f__Anaerovoracaceae; g__Family_XIII_AD3011_group
9d5dd03d0bfca2e9f32912231928f796	d__Bacteria; p__Firmicutes; c__Clostridia; o__Oscillospirales; f__Butyricicoccaceae; g__UCG-009
2702eb37f57e2c2e8a9964de86e20959	d__Bacteria; p__Firmicutes; c__Clostridia; o__Oscillospirales; f__[Eubacterium]_coprostanoligenes_group; g__[Eubacterium]_coprostanoligenes_group
b6adde06b13c1d964b399ba39a4e292b	d__Bacteria; p__Firmicutes; c__Clostridia; o__Clostridiales; f__Clostridiaceae; g__Candidatus_Arthromitus; s__uncultured_bacterium
be1910b4d81e3f5669c76d1a6ae792cc	d__Bacteria; p__Firmicutes; c__Clostridia; o__Lachnospirales; f__Lachnospiraceae
fdd74952001ab70d86797f12c69a48c4	d__Bacteria; p__Firmicutes; c__Clostridia; o__Lachnospirales; f__Lachnospiraceae
e3f593a007da9f6b02fdccda25116221	d__Bacteria; p__Firmicutes; c__Clostridia; o__Lachnospirales; f__Lachnospiraceae
0b6a2bf9d6ce504b72fd994eeca5e16a	d__Bacteria; p__Firmicutes; c__Clostridia; o__Lachnospirales; f__Lachnospiraceae
08ab5e8d3a0f45d266038b2f480beeb5	d__Bacteria; p__Firmicutes; c__Clostridia; o__Lachnospirales; f__Lachnospiraceae
deac8e1bceffbe3f3e4db7582053e327	d__Bacteria; p__Firmicutes; c__Clostridia; o__Lachnospirales; f__Lachnospiraceae; g__[Eubacterium]_hallii_group
0467e5bd0df841d10caef81b67c27314	d__Bacteria; p__Firmicutes; c__Clostridia; o__Clostridiales; f__Clostridiaceae
7466ff02f2ea38e1617f3a73c1f02e1f	d__Bacteria; p__Firmicutes; c__Clostridia; o__Clostridiales; f__Clostridiaceae; g__Clostridium_sensu_stricto_1
8bf19c5108e0afdfc1348a525152690c	d__Bacteria; p__Firmicutes; c__Clostridia; o__Clostridiales; f__Clostridiaceae; g__Clostridium_sensu_stricto_1
21b86a780a1bafc1d88e34bffc059ae5	d__Bacteria; p__Firmicutes; c__Clostridia; o__Clostridiales; f__Clostridiaceae; g__Clostridium_sensu_stricto_1
65785d1c3185456c3ea3ec448355b2a6	d__Bacteria; p__Firmicutes; c__Clostridia; o__Lachnospirales; f__Lachnospiraceae; g__Blautia
2c70a6a640184097de6881f56de6fd66	d__Bacteria; p__Firmicutes; c__Clostridia; o__Lachnospirales; f__Lachnospiraceae; g__Blautia
40fdd125d6d3cabf6f25743ffc8ca567	d__Bacteria; p__Firmicutes; c__Clostridia; o__Lachnospirales; f__Lachnospiraceae; g__Blautia
3846f27bd33d9d82b61b56b458ed3046	d__Bacteria; p__Firmicutes; c__Clostridia; o__Lachnospirales; f__Lachnospiraceae; g__Blautia
e367a872f951901894905fb62237039b	d__Bacteria; p__Firmicutes; c__Clostridia; o__Lachnospirales; f__Lachnospiraceae; g__Coprococcus
13e19a0a43104c4a00b60cca21a48a9b	d__Bacteria; p__Firmicutes; c__Clostridia; o__Lachnospirales; f__Lachnospiraceae; g__Blautia
3eea84f1d29e64a22788ad44ee966099	d__Bacteria; p__Firmicutes; c__Clostridia; o__Lachnospirales; f__Lachnospiraceae; g__Blautia
13436b566c9fc89a44402e29e4b40b7d	d__Bacteria; p__Firmicutes; c__Clostridia; o__Lachnospirales; f__Lachnospiraceae
724ca9350e6b118be4fca8f2e3a149b8	d__Bacteria; p__Firmicutes; c__Clostridia; o__Lachnospirales; f__Lachnospiraceae
4914a6f7cf4795f5a601094928dce5b0	d__Bacteria; p__Firmicutes; c__Clostridia; o__Lachnospirales; f__Lachnospiraceae
becafa0e69a59cc8ef204eae5b50dbe9	d__Bacteria; p__Firmicutes; c__Clostridia; o__Lachnospirales; f__Lachnospiraceae; g__Sellimonas
1704a7f7687da425cb6bba97ff082db0	d__Bacteria; p__Firmicutes; c__Clostridia; o__Lachnospirales; f__Lachnospiraceae
e29e8c10cdb9e2d3fa1d5ca41ad26180	d__Bacteria; p__Firmicutes; c__Clostridia; o__Lachnospirales; f__Lachnospiraceae
77f73066e0a968e676a35d5b797d5f2a	d__Bacteria; p__Firmicutes; c__Clostridia; o__Lachnospirales; f__Lachnospiraceae
1f6e6e4109dfaab0f4c7a94ea82afea3	d__Bacteria; p__Firmicutes; c__Clostridia; o__Lachnospirales; f__Lachnospiraceae
7022c972642c8bf5af3f7bf82a59e120	d__Bacteria; p__Firmicutes; c__Clostridia; o__Lachnospirales; f__Lachnospiraceae
11901056b0a5b0b6ccebe8eb6d83a04f	d__Bacteria; p__Firmicutes; c__Clostridia; o__Lachnospirales; f__Lachnospiraceae; g__Lachnoclostridium
dc36b5cbe64c416de77ecfca5396ff43	d__Bacteria; p__Firmicutes; c__Clostridia; o__Lachnospirales; f__Lachnospiraceae
86c2eaf4fba57dbf65ad2864455d9f1f	d__Bacteria; p__Firmicutes; c__Clostridia; o__Lachnospirales; f__Lachnospiraceae
22ece045837e42b5dfc5accab0c63622	d__Bacteria; p__Firmicutes; c__Clostridia; o__Lachnospirales; f__Lachnospiraceae
e7a352e0ab27f51f04320b0c4b7b6a7e	d__Bacteria; p__Firmicutes; c__Clostridia; o__Lachnospirales; f__Lachnospiraceae
fb2bca789cc8596f6427d19aaa942acf	d__Bacteria; p__Firmicutes; c__Clostridia; o__Lachnospirales; f__Lachnospiraceae; g__Roseburia
c99f55837b2fb08b1a4f74f2e691d6c6	d__Bacteria; p__Firmicutes; c__Clostridia; o__Lachnospirales; f__Lachnospiraceae; g__Roseburia
39d1b458b404f70db0b81797a5d3692a	d__Bacteria; p__Firmicutes; c__Clostridia; o__Lachnospirales; f__Lachnospiraceae; g__Roseburia
5c20517165346f9e11b8e9cd84cfe67e	d__Bacteria; p__Firmicutes; c__Clostridia; o__Lachnospirales; f__Lachnospiraceae
754e5fc7d34a2c8fc57d4d2782fd57ca	d__Bacteria; p__Firmicutes; c__Clostridia; o__Lachnospirales; f__Lachnospiraceae
8a1168335dccaca461110c18364b1504	d__Bacteria; p__Firmicutes; c__Clostridia; o__Lachnospirales; f__Lachnospiraceae
3ecee4dbdb8c8921ce966a22785d9615	d__Bacteria; p__Firmicutes; c__Clostridia; o__Peptostreptococcales-Tissierellales; f__Peptostreptococcales-Tissierellales; g__Fenollaria
fe4d59acbc952ee7f1f693d2ea42f81e	d__Bacteria; p__Firmicutes; c__Clostridia; o__Lachnospirales; f__Lachnospiraceae
bf59ecf642884d4888ab77282b9ddc74	d__Bacteria; p__Firmicutes; c__Clostridia; o__Lachnospirales; f__Lachnospiraceae; g__[Ruminococcus]_torques_group
0e2d3d81a89efe3b3b8efe51ae7fd7c1	d__Bacteria; p__Firmicutes; c__Clostridia; o__Lachnospirales; f__Lachnospiraceae
96f8b0fb15dd949cdc17798e016a011e	d__Bacteria; p__Firmicutes; c__Clostridia; o__Lachnospirales; f__Lachnospiraceae
07a7d730e0af51b4e7c5889882f7fa48	d__Bacteria; p__Firmicutes; c__Clostridia; o__Lachnospirales; f__Lachnospiraceae
2ba97be42b01db24406c5e362f66af6c	d__Bacteria; p__Firmicutes; c__Clostridia; o__Lachnospirales; f__Lachnospiraceae
6a43815ce405d2bbec70cea8b88fc36e	d__Bacteria; p__Firmicutes; c__Clostridia; o__Oscillospirales
3e47191992923a8440c84e84d2f7914f	d__Bacteria; p__Firmicutes; c__Clostridia; o__Oscillospirales; f__Ruminococcaceae
4fcc48aad9dd41acabad1b27ea400227	d__Bacteria; p__Firmicutes; c__Clostridia; o__Oscillospirales
86466d16dfd75f51ca73c77e37558bbb	d__Bacteria; p__Firmicutes; c__Clostridia; o__Lachnospirales; f__Lachnospiraceae
3749c34ad55f05107514e1911b7ea010	d__Bacteria; p__Firmicutes; c__Clostridia; o__Lachnospirales; f__Lachnospiraceae
6081bc2597105c6465d214c9b099f83e	d__Bacteria; p__Firmicutes; c__Clostridia; o__Lachnospirales; f__Lachnospiraceae; g__Anaerostipes
35aa74317d04959eb1f3c8cd0938042f	d__Bacteria; p__Firmicutes; c__Clostridia; o__Lachnospirales; f__Lachnospiraceae
6aece28c0e577728cf44b82bdffa3855	d__Bacteria; p__Firmicutes; c__Clostridia; o__Lachnospirales; f__Lachnospiraceae
440a57c8bc4d401ffd4532e9e3f82ac6	d__Bacteria; p__Firmicutes; c__Clostridia; o__Lachnospirales; f__Lachnospiraceae
545d92bf79c49be1bcea74a267fe44ff	d__Bacteria; p__Firmicutes; c__Clostridia; o__Lachnospirales; f__Lachnospiraceae
9af478636f0963852e741778e90f5e54	d__Bacteria; p__Firmicutes; c__Clostridia; o__Lachnospirales; f__Lachnospiraceae
c5b2eace362051b54d9f8921f03292f1	d__Bacteria; p__Firmicutes; c__Clostridia; o__Lachnospirales; f__Lachnospiraceae
2cbe7b8a83fc633641a111e2c47da028	d__Bacteria; p__Firmicutes; c__Clostridia; o__Lachnospirales; f__Lachnospiraceae
873cb6d7333a9b9e70bb33e697d2eb08	d__Bacteria; p__Firmicutes; c__Clostridia; o__Lachnospirales; f__Lachnospiraceae
1844bb2aef1b3cb888ccb7ba2ee5ae6c	d__Bacteria; p__Firmicutes; c__Clostridia; o__Lachnospirales; f__Lachnospiraceae
4ec6361f6fc43aa9acb31151e42c3ac5	d__Bacteria; p__Firmicutes; c__Clostridia; o__Lachnospirales; f__Lachnospiraceae
94f222881a4c7029d7f0862580875e1c	d__Bacteria; p__Firmicutes; c__Clostridia; o__Lachnospirales; f__Lachnospiraceae
aaaf1be34ff739cd0f6658300a877574	d__Bacteria; p__Firmicutes; c__Clostridia; o__Lachnospirales; f__Lachnospiraceae
52e2d99490362346bc76ba8d1ebacecc	d__Bacteria; p__Firmicutes; c__Clostridia; o__Lachnospirales; f__Lachnospiraceae
68bfabc5c4512aded7eb513f1f6c08cf	d__Bacteria; p__Firmicutes; c__Clostridia; o__Lachnospirales; f__Lachnospiraceae; g__Coprococcus
1301fa2e1ff0c831a6f4ebc883e82f3a	d__Bacteria; p__Firmicutes; c__Clostridia; o__Lachnospirales; f__Lachnospiraceae
cfdc8f508eea97678d3ea9c407f9ec21	d__Bacteria; p__Firmicutes; c__Clostridia; o__Lachnospirales; f__Lachnospiraceae
76eeadd8d76388d6148e5766f5423e24	d__Bacteria; p__Firmicutes; c__Clostridia; o__Lachnospirales; f__Lachnospiraceae
b130333b026ff3961b20e2f9d81c49ab	d__Bacteria; p__Firmicutes; c__Clostridia; o__Lachnospirales; f__Lachnospiraceae; g__[Eubacterium]_ruminantium_group
6d685e7a97b634f8b96d1a15fd717392	d__Bacteria; p__Firmicutes; c__Clostridia; o__Lachnospirales; f__Lachnospiraceae
486b7b21e058b1c03cc8357b8dc4750d	d__Bacteria; p__Firmicutes; c__Clostridia; o__Lachnospirales; f__Lachnospiraceae
a9da6cad64f4b2e2a565fc8217504763	d__Bacteria; p__Firmicutes; c__Clostridia; o__Lachnospirales; f__Lachnospiraceae
cc16db240a2e3c2d9f49ca28c53e0687	d__Bacteria; p__Firmicutes; c__Clostridia; o__Lachnospirales; f__Lachnospiraceae
7595f574e97b465517593abc8130a4e6	d__Bacteria; p__Firmicutes; c__Clostridia; o__Lachnospirales; f__Lachnospiraceae; g__Moryella; s__human_gut
0ed25ba54563f88ee26e97b762c856a7	d__Bacteria; p__Firmicutes; c__Clostridia; o__Oscillospirales; f__Ruminococcaceae; g__UBA1819
a5652d53086a18663d2d3236f6014ce4	d__Bacteria; p__Firmicutes; c__Clostridia; o__Oscillospirales; f__Ruminococcaceae; g__Faecalibacterium
ece844aedbbaab547c4d2271e4e193c0	d__Bacteria; p__Firmicutes; c__Clostridia; o__Oscillospirales; f__Ruminococcaceae; g__Faecalibacterium
018eaad08e1a232a0bc9f76583f6616a	d__Bacteria; p__Firmicutes; c__Clostridia; o__Oscillospirales; f__Ruminococcaceae; g__Faecalibacterium
5b474cb70443c56c386d02dd1eb8f933	d__Bacteria; p__Firmicutes; c__Clostridia; o__Oscillospirales; f__Ruminococcaceae; g__Faecalibacterium
7e5546f144a906e61f23a64f44141386	d__Bacteria; p__Firmicutes; c__Clostridia; o__Lachnospirales; f__Defluviitaleaceae; g__Defluviitaleaceae_UCG-011; s__uncultured_bacterium
775508fe1d6b3bfe4f741359001c718c	d__Bacteria; p__Firmicutes; c__Clostridia; o__Clostridia; f__Hungateiclostridiaceae
c33ebd6134c419cfe6ba0bed99795af5	d__Bacteria; p__Firmicutes; c__Clostridia
4c06c3f828f9a6f6dba4506844a572d9	d__Bacteria; p__Firmicutes; c__Clostridia; o__Lachnospirales; f__Lachnospiraceae
df01f481569e30f38475f2f6bd75896d	d__Bacteria; p__Firmicutes; c__Clostridia; o__Oscillospirales
db6251a64a365c3e3ef17b42b9c959ba	d__Bacteria; p__Firmicutes; c__Clostridia; o__Oscillospirales; f__Ruminococcaceae; g__Candidatus_Soleaferrea; s__Ruminococcaceae_bacterium
c7b2dd6b4bc0bcd6edec934d51efd27f	d__Bacteria; p__Firmicutes; c__Clostridia; o__Lachnospirales; f__Lachnospiraceae; g__Anaerostipes
738dc301edd3290977fa9c2177496de7	d__Bacteria; p__Firmicutes; c__Clostridia; o__Lachnospirales; f__Lachnospiraceae; g__Anaerostipes
43fa7a9a1fb06dc477c4ee88fbbc4b08	d__Bacteria; p__Firmicutes; c__Clostridia; o__Oscillospirales; f__Ruminococcaceae; g__Ruminococcus
6fa058c40c41acdc4934eba7a5f2fdc8	d__Bacteria; p__Desulfobacterota; c__Desulfovibrionia; o__Desulfovibrionales; f__Desulfovibrionaceae; g__Desulfovibrio; s__bacterium
8b81c618ae774f533292f41e33cc219b	d__Bacteria; p__Desulfobacterota; c__Desulfovibrionia; o__Desulfovibrionales; f__Desulfovibrionaceae; g__Desulfovibrio; s__bacterium
c773d7f76e73d1094d9072108dc801b5	d__Bacteria; p__Desulfobacterota; c__Desulfovibrionia; o__Desulfovibrionales; f__Desulfovibrionaceae; g__Bilophila
dd6d069209ba4fbeff79fb0f562cf733	d__Bacteria; p__Desulfobacterota; c__Desulfovibrionia; o__Desulfovibrionales; f__Desulfovibrionaceae; g__Desulfovibrio
ff065de739f23ea27462827feb1df2a6	d__Bacteria; p__Actinobacteriota; c__Actinobacteria; o__Bifidobacteriales; f__Bifidobacteriaceae; g__Bifidobacterium; s__Bifidobacterium_pullorum
2633d6e3f52186a206deb5cf14231397	d__Bacteria; p__Actinobacteriota; c__Actinobacteria; o__Frankiales; f__Geodermatophilaceae; g__Blastococcus
64b3d8d23b30de8635291ece7d6b8412	d__Bacteria; p__Firmicutes; c__Clostridia; o__Oscillospirales; f__Butyricicoccaceae; g__Butyricicoccus
c4d6913f6d29bcacaefb65d9a39eeaa6	d__Bacteria; p__Firmicutes; c__Clostridia; o__Oscillospirales; f__Butyricicoccaceae; g__Butyricicoccus
e6bc5bc83e4a8d2a3167bd0a6e381a11	d__Bacteria; p__Firmicutes; c__Clostridia; o__Oscillospirales; f__Butyricicoccaceae; g__Butyricicoccus
442ae8d479e334bd107eabbb953e8355	d__Bacteria; p__Firmicutes; c__Clostridia; o__Oscillospirales; f__Butyricicoccaceae; g__Butyricicoccus
37421d3d4cbc7817e3c9311c4598f6b4	d__Bacteria; p__Firmicutes; c__Clostridia
0564dbb3106c477c3eec953bb0f97da0	d__Bacteria; p__Firmicutes; c__Syntrophomonadia; o__Syntrophomonadales; f__Syntrophomonadaceae; g__Syntrophomonas
f86a76915fb1bd9397cf11308aa8bd70	d__Bacteria; p__Actinobacteriota; c__Coriobacteriia; o__Coriobacteriales
491feb72cd488a4b8f9d5eb44dd80f89	d__Bacteria; p__Firmicutes; c__Clostridia; o__Oscillospirales; f__Butyricicoccaceae; g__Butyricicoccus
cc2a183cc4ac8652406c727176849bb3	d__Bacteria; p__Firmicutes; c__Clostridia; o__Monoglobales; f__Monoglobaceae; g__Monoglobus
a157471d19a101655851786e3a36dbca	d__Bacteria; p__Proteobacteria; c__Gammaproteobacteria; o__Pasteurellales; f__Pasteurellaceae; g__Haemophilus
53d7100eabd80b075028608a3760fd3a	d__Bacteria; p__Firmicutes; c__Clostridia; o__Clostridia; f__Hungateiclostridiaceae
caa4c96ccc545c3c6dee338b1bbb66b6	d__Bacteria; p__Thermotogota; c__Thermotogae; o__Petrotogales; f__Petrotogaceae; g__AUTHM297
ff8482d2719df120e604cf25caa6e9f4	d__Bacteria; p__Proteobacteria; c__Alphaproteobacteria; o__Sphingomonadales; f__Sphingomonadaceae; g__Sphingomonas
7214c4af0182ed347841770c82aaaf3f	d__Bacteria; p__Proteobacteria; c__Gammaproteobacteria; o__Pseudomonadales; f__Pseudomonadaceae; g__Pseudomonas
d73f2ef51c7ff353f2b38a2ab88dc8da	d__Bacteria; p__Firmicutes; c__Clostridia; o__Lachnospirales; f__Lachnospiraceae; g__Butyrivibrio
1027fe5c255f273dde3ecaf4b3f1a2e7	d__Bacteria; p__Firmicutes; c__Clostridia; o__Lachnospirales; f__Lachnospiraceae
81696be0558bdaf682d383e79d28d517	d__Bacteria; p__Firmicutes; c__Clostridia; o__Lachnospirales; f__Lachnospiraceae; g__Hungatella
50a0bb0a1bfb804a93aec1aa98375918	d__Bacteria; p__Proteobacteria; c__Alphaproteobacteria; o__Rhizobiales; f__Beijerinckiaceae; g__Methylobacterium-Methylorubrum
773a7502810a3f2136a9185f4d292b4d	d__Bacteria; p__Firmicutes; c__Clostridia; o__Oscillospirales; f__UCG-010; g__UCG-010; s__gut_metagenome
09bf1c28e4f04c98df701cb09378a26a	d__Bacteria; p__Firmicutes; c__Clostridia; o__Oscillospirales; f__Oscillospiraceae; g__Oscillibacter
e6f0f07137e0d98850d3880ab5cdf65e	d__Bacteria; p__Firmicutes; c__Clostridia; o__Oscillospirales; f__Oscillospiraceae; g__Oscillibacter
3144898a0410202ebb49cf009c724cfd	d__Bacteria; p__Firmicutes; c__Clostridia; o__Oscillospirales; f__Oscillospiraceae; g__Oscillibacter
1f646c63585d8a7615a1936f9175cbd0	d__Bacteria; p__Firmicutes; c__Clostridia; o__Oscillospirales; f__Oscillospiraceae
16c7d8f9ee6a0ea8dd85dc80055181af	d__Bacteria; p__Firmicutes; c__Clostridia; o__Oscillospirales; f__Oscillospiraceae; g__Oscillibacter
b25b5b878513c7d10a11f3f4cf1fb239	d__Bacteria; p__Firmicutes; c__Clostridia; o__Oscillospirales
24e3f42ba3af1287ea83a1d627a7735b	d__Bacteria; p__Firmicutes; c__Clostridia; o__Oscillospirales; f__UCG-010; g__UCG-010; s__gut_metagenome
82cdc5fcb70d9467dce8fdbbbb2e8dea	d__Bacteria; p__Firmicutes; c__Clostridia; o__Christensenellales; f__Christensenellaceae; g__Christensenellaceae_R-7_group
3d1134e125f70e906c47be59c59e3065	d__Bacteria; p__Firmicutes; c__Clostridia; o__Oscillospirales; f__Oscillospiraceae; g__Intestinimonas
76cf3405b5bc1df71fb411ceab991612	d__Bacteria; p__Firmicutes; c__Clostridia; o__Oscillospirales; f__Oscillospiraceae; g__NK4A214_group
cf7c1580e9e072811fe96a15bdaaa2b4	d__Bacteria; p__Firmicutes; c__Clostridia; o__Oscillospirales; f__Oscillospiraceae; g__NK4A214_group
de154b691d78f23beda646b32142e07c	d__Bacteria; p__Firmicutes; c__Clostridia; o__Oscillospirales; f__Oscillospiraceae; g__NK4A214_group
90f728e350544a7089a33fd4b3cb68b9	d__Bacteria; p__Firmicutes; c__Clostridia; o__Oscillospirales; f__Oscillospiraceae; g__NK4A214_group
4070b6841325c510748a54076bb0a33a	d__Bacteria; p__Firmicutes; c__Clostridia; o__Oscillospirales; f__Oscillospiraceae; g__NK4A214_group
2cc5dd9141f7d94400d7484026c62f69	d__Bacteria; p__Firmicutes; c__Clostridia; o__Oscillospirales; f__Oscillospiraceae; g__NK4A214_group; s__gut_metagenome
c5feec41628e4abd6d0c9768ab9f9a97	d__Bacteria; p__Firmicutes; c__Clostridia; o__Oscillospirales; f__Oscillospiraceae; g__NK4A214_group
0a9c0763cdf027b5ef5ea304f92865d3	d__Bacteria; p__Firmicutes; c__Clostridia; o__Oscillospirales; f__UCG-010; g__UCG-010; s__unidentified
91b82edd165d4d176b7d27c9097b4a36	d__Bacteria; p__Firmicutes; c__Clostridia; o__Oscillospirales; f__UCG-010; g__UCG-010; s__unidentified
cd07ff4974dca0058eec443d7508e831	d__Bacteria; p__Firmicutes; c__Clostridia; o__Christensenellales; f__Christensenellaceae; g__Christensenellaceae_R-7_group
2b1c0a94c395674f33d7192540f53bda	d__Bacteria; p__Firmicutes; c__Clostridia; o__Christensenellales; f__Christensenellaceae; g__Christensenellaceae_R-7_group; s__uncultured_prokaryote
5c20552d9623e55f5909593aad9638d1	d__Bacteria; p__Firmicutes; c__Clostridia; o__Christensenellales; f__Christensenellaceae; g__Christensenellaceae_R-7_group
5b2f04c866430193f88affb20dc4cbb9	d__Bacteria; p__Firmicutes; c__Clostridia; o__Christensenellales; f__Christensenellaceae; g__Christensenellaceae_R-7_group
22832508ae687925cbda06ae678abe05	d__Bacteria; p__Firmicutes; c__Clostridia; o__Christensenellales; f__Christensenellaceae; g__Christensenellaceae_R-7_group
a95a2acdef993ece0c789903f75b34b0	d__Bacteria; p__Firmicutes; c__Clostridia; o__Christensenellales; f__Christensenellaceae; g__Christensenellaceae_R-7_group
27c89717c505a3abd4c909a817e5c67c	d__Bacteria; p__Firmicutes; c__Clostridia; o__Christensenellales; f__Christensenellaceae; g__Christensenellaceae_R-7_group
98d21384aca3cbfe462475464f72f80c	d__Bacteria; p__Firmicutes; c__Clostridia; o__Christensenellales; f__Christensenellaceae; g__Christensenellaceae_R-7_group
f599c2bf2d11a599de4c564b85121b1b	d__Bacteria; p__Firmicutes; c__Clostridia; o__Oscillospirales; f__UCG-010; g__UCG-010
e0416e99cf359af45e32931262627ba7	d__Bacteria; p__Firmicutes; c__Clostridia; o__Oscillospirales; f__UCG-010; g__UCG-010
67c034947d0c558e72630ebfb1aa1223	d__Bacteria; p__Firmicutes; c__Clostridia; o__Oscillospirales; f__UCG-010; g__UCG-010
faec6e51270402106db8d81935af677a	d__Bacteria; p__Firmicutes; c__Clostridia; o__Christensenellales; f__Christensenellaceae; g__Christensenellaceae_R-7_group; s__bacterium_YE57
8b589c46c47ae5abce8889e817dc15f3	d__Bacteria; p__Firmicutes; c__Clostridia; o__Christensenellales; f__Christensenellaceae; g__Christensenellaceae_R-7_group; s__uncultured_prokaryote
ecec2e9c45ebb89ccc98e42daa2f58c5	d__Bacteria; p__Firmicutes; c__Clostridia; o__Oscillospirales; f__Oscillospiraceae; g__Intestinimonas; s__uncultured_Clostridiales
a2f4ca30c81905bccbdcc2c40f6b403e	d__Bacteria; p__Firmicutes; c__Clostridia; o__Oscillospirales; f__Oscillospiraceae
9e4acdbe21a4919937327b920f55cb30	d__Bacteria; p__Firmicutes; c__Clostridia; o__Oscillospirales; f__Oscillospiraceae
2e1ac46c944c033b80e561a058f60eb2	d__Bacteria; p__Firmicutes; c__Clostridia; o__Oscillospirales; f__Oscillospiraceae
18034171f8525b23bfbb836c1ea79b49	d__Bacteria; p__Firmicutes; c__Clostridia; o__Oscillospirales; f__Oscillospiraceae
32e89dd4870da7bdbd14faa5bcb928de	d__Bacteria; p__Firmicutes; c__Clostridia; o__Oscillospirales; f__Oscillospiraceae
36c7bf533289a024010c29b478eaf7ca	d__Bacteria; p__Firmicutes; c__Clostridia; o__Oscillospirales; f__Oscillospiraceae; g__UCG-002
33e721c278313abe6c6815893e418f45	d__Bacteria; p__Firmicutes; c__Clostridia; o__Oscillospirales; f__Oscillospiraceae; g__UCG-002
acd9955c451be7b75cfd761d6481370b	d__Bacteria; p__Firmicutes; c__Clostridia; o__Oscillospirales; f__Oscillospiraceae
cdf414af4616ea736f246c389984d253	d__Bacteria; p__Firmicutes; c__Clostridia; o__Oscillospirales; f__Oscillospiraceae; g__UCG-003
1ebc2704cf09bae48f1af26044047637	d__Bacteria; p__Firmicutes; c__Clostridia; o__Oscillospirales; f__Oscillospiraceae
ced89f637c80055a35cb66f8be182628	d__Bacteria; p__Firmicutes; c__Clostridia; o__Oscillospirales; f__Oscillospiraceae; g__uncultured
850562eed65df09e81adb5b69a00e872	d__Bacteria; p__Firmicutes; c__Clostridia; o__Oscillospirales; f__Oscillospiraceae; g__uncultured
8df41b6ea055053e4842bdd832f677d5	d__Bacteria; p__Firmicutes; c__Clostridia; o__Oscillospirales; f__Oscillospiraceae; g__Colidextribacter
b61e090c99567d165d183215494f3cb3	d__Bacteria; p__Firmicutes; c__Clostridia; o__Oscillospirales; f__Oscillospiraceae
eef0b4e22f7be20c936482f814babb4c	d__Bacteria; p__Firmicutes; c__Clostridia; o__Oscillospirales; f__Oscillospiraceae
0bf305e2731a6ef6ea446dbd1f0512b1	d__Bacteria; p__Firmicutes; c__Clostridia; o__Oscillospirales; f__Oscillospiraceae; g__Colidextribacter
2b80c18236e14baea39fdaca97adc0a0	d__Bacteria; p__Firmicutes; c__Clostridia; o__Oscillospirales; f__Oscillospiraceae; g__Colidextribacter
f55db3e40b2dd548bc95f0c6b3c6f876	d__Bacteria; p__Firmicutes; c__Clostridia; o__Oscillospirales; f__Oscillospiraceae
f20956b8c31836f88c9f1b1be97cec23	d__Bacteria; p__Firmicutes; c__Clostridia; o__Oscillospirales; f__Oscillospiraceae
fbd4d09993dc12752c91b29076cd0fae	d__Bacteria; p__Firmicutes; c__Clostridia; o__Oscillospirales; f__Oscillospiraceae
cbb6ac3b7be66286f49f929cee955658	d__Bacteria; p__Firmicutes; c__Clostridia; o__Oscillospirales; f__Oscillospiraceae
abfb112d46aba398380be23d228311aa	d__Bacteria; p__Firmicutes; c__Clostridia; o__Oscillospirales; f__Oscillospiraceae
1c93d9c7851e8990c4cae0e9dfce040a	d__Bacteria; p__Firmicutes; c__Clostridia; o__Oscillospirales; f__Oscillospiraceae
bd95f3c4f4f1ade3d883dbb6811c410e	d__Bacteria; p__Firmicutes; c__Clostridia; o__Oscillospirales; f__Oscillospiraceae; g__UCG-002
8bd0e65da8df337c0ee15d3d599c6ab9	d__Bacteria; p__Firmicutes; c__Clostridia; o__Oscillospirales; f__Oscillospiraceae; g__UCG-002
b37e0667982778f7336dae7c08298e20	d__Bacteria; p__Firmicutes; c__Clostridia; o__Oscillospirales; f__Oscillospiraceae; g__UCG-002
5faff3934f003cfbb271751c25241e19	d__Bacteria; p__Firmicutes; c__Clostridia; o__Oscillospirales; f__Oscillospiraceae; g__Flavonifractor
1e7623d0a522a2e965d703f558210cc4	d__Bacteria; p__Firmicutes; c__Clostridia; o__Oscillospirales; f__Oscillospiraceae; g__UCG-002
93aa3a45267880e79ad0fbfc9dda21d9	d__Bacteria; p__Firmicutes; c__Clostridia; o__Oscillospirales; f__Oscillospiraceae; g__UCG-002
8943c94601e57c7e90cf629de5701635	d__Bacteria; p__Firmicutes; c__Clostridia; o__Oscillospirales; f__UCG-010; g__UCG-010; s__unidentified
388180148c4aef36256ecace95f2e093	d__Bacteria; p__Firmicutes; c__Clostridia; o__Oscillospirales; f__Oscillospiraceae; g__Pseudoflavonifractor; s__uncultured_bacterium
8318d3a9b0193c581bed9ba2decaa304	d__Bacteria; p__Firmicutes; c__Clostridia
caca71027807094326ebae7e987b5f91	d__Bacteria; p__Firmicutes; c__Clostridia; o__Christensenellales; f__Christensenellaceae; g__uncultured
23aa12d1c74b91370cb429aca498ab4a	d__Bacteria; p__Firmicutes; c__Clostridia; o__Oscillospirales
cd17d3602f7eb1c023ab3dfc2cd17dea	d__Bacteria; p__Firmicutes; c__Clostridia; o__Christensenellales; f__Christensenellaceae; g__Christensenellaceae_R-7_group
c1ce44acc8db1c24792beefd45bf6676	d__Bacteria; p__Firmicutes; c__Clostridia; o__Oscillospirales; f__Oscillospiraceae
5d899e5910e10bb8d6d520f1b69e91a1	d__Bacteria; p__Firmicutes; c__Clostridia; o__Oscillospirales; f__UCG-010; g__UCG-010
6f9ceb6533838e64de5745daca7e8d5b	d__Bacteria; p__Firmicutes; c__Clostridia; o__Oscillospirales; f__Oscillospiraceae
dd9ffe1c3de23d837b8631df3912f10a	d__Bacteria; p__Firmicutes; c__Clostridia; o__Oscillospirales; f__Oscillospiraceae; g__UCG-005
66cbcee419cdee6bd3fe509f5bb45dd2	d__Bacteria; p__Firmicutes; c__Clostridia; o__Oscillospirales; f__Oscillospiraceae; g__UCG-005
ff5eb3ed61437932f3a9a14dca9ed5f9	d__Bacteria; p__Firmicutes; c__Clostridia; o__Oscillospirales; f__Oscillospiraceae; g__UCG-005
eac2dadcb95a15ca41b11a16b3e09f5c	d__Bacteria; p__Firmicutes; c__Clostridia; o__Christensenellales; f__Christensenellaceae; g__Catabacter; s__Catabacter_hongkongensis
8d7433deeef3f50ce459bfba75d9c5da	d__Bacteria; p__Firmicutes; c__Clostridia; o__Oscillospirales; f__Oscillospiraceae; g__UCG-005
cc898a5754abbbf10c88512d280605e6	d__Bacteria; p__Firmicutes; c__Clostridia; o__Oscillospirales; f__Oscillospiraceae; g__UCG-005
a965f5813c909227c5d2d885e52dc126	d__Bacteria; p__Firmicutes; c__Clostridia; o__Oscillospirales; f__Oscillospiraceae; g__UCG-005
4f8dce7d56e3f556516a12b8d02a1a7f	d__Bacteria; p__Firmicutes; c__Clostridia; o__Christensenellales; f__Christensenellaceae; g__Christensenellaceae_R-7_group
50ebacd2fba9ac193a38701a58515499	d__Bacteria; p__Firmicutes; c__Clostridia; o__Christensenellales; f__Christensenellaceae; g__Christensenellaceae_R-7_group
79535fcd04b44c67f9d02d8e6243b6d7	d__Bacteria; p__Firmicutes; c__Clostridia
8128a540a6fe0533a5048476ed1654b9	d__Bacteria; p__Firmicutes; c__Clostridia; o__Christensenellales; f__Christensenellaceae; g__uncultured
c4877b69d53b9464ec3bb70dc3dfb839	d__Bacteria; p__Firmicutes; c__Clostridia; o__Oscillospirales; f__Oscillospiraceae; g__UCG-005; s__metagenome
ac8043a10a05baf7d91889bd7be7b83f	d__Bacteria; p__Firmicutes; c__Clostridia; o__Christensenellales; f__Christensenellaceae; g__Christensenella; s__Christensenella_massiliensis
6841336d00d0cb5215cb8ec8896d097c	d__Bacteria; p__Firmicutes; c__Clostridia; o__Christensenellales; f__Christensenellaceae; g__Christensenellaceae_R-7_group
d7f881126292e7c7a03bb03a128bf1f2	d__Bacteria; p__Firmicutes; c__Clostridia; o__Christensenellales; f__Christensenellaceae; g__Christensenellaceae_R-7_group; s__uncultured_marine
876547ccb17784091b9aa71253564c1b	d__Bacteria; p__Firmicutes; c__Clostridia; o__Christensenellales; f__Christensenellaceae; g__Christensenellaceae_R-7_group
319f6319f63d14cf60fd45022455391c	d__Bacteria; p__Firmicutes; c__Clostridia; o__Oscillospirales; f__UCG-010; g__UCG-010
e655e3b4a37a9e1d1de6c68d558092ec	d__Bacteria; p__Firmicutes; c__Clostridia; o__Oscillospirales; f__Oscillospiraceae
3dae358606a6b0a9cd9e2e5b5a6eedab	d__Bacteria; p__Firmicutes; c__Clostridia; o__Christensenellales; f__Christensenellaceae; g__uncultured
9a1538fa9c19a811a38932302f432571	d__Bacteria; p__Firmicutes; c__Clostridia; o__Christensenellales; f__Christensenellaceae; g__Christensenellaceae_R-7_group
0a393f49444953894c9980262d06f194	d__Bacteria; p__Firmicutes; c__Clostridia; o__Christensenellales; f__Christensenellaceae; g__Christensenellaceae_R-7_group
54735acc165ae80c12d11ede005932d2	d__Bacteria; p__Firmicutes; c__Clostridia; o__Christensenellales; f__Christensenellaceae; g__Christensenellaceae_R-7_group
0c89f49fee7cb843820249a3c93fc4a5	d__Bacteria; p__Firmicutes; c__Clostridia; o__Oscillospirales; f__Oscillospiraceae; g__V9D2013_group; s__uncultured_bacterium
6fecd6d60786f3f0e22a9b91d5ab2200	d__Bacteria; p__Firmicutes; c__Clostridia; o__Oscillospirales; f__Ruminococcaceae
09b4b172f41fcacb391becefaeed5544	d__Bacteria; p__Firmicutes; c__Negativicutes; o__Veillonellales-Selenomonadales; f__Veillonellaceae; g__Allisonella; s__uncultured_bacterium
98186d2c7be49f29bbdef1133ee484f6	d__Bacteria; p__Firmicutes; c__Negativicutes; o__Veillonellales-Selenomonadales; f__Veillonellaceae; g__Allisonella; s__uncultured_bacterium
02905d00b9dfed08bbc3cbfdcb3299b3	d__Bacteria; p__Firmicutes; c__Negativicutes; o__Acidaminococcales; f__Acidaminococcaceae; g__Phascolarctobacterium; s__Ruminococcus_sp.
d7361aed7b5c44fd6f9a995dac3d3efa	d__Bacteria; p__Firmicutes; c__Negativicutes; o__Acidaminococcales; f__Acidaminococcaceae; g__Acidaminococcus
887a094223889b1f5fb55f177d43cdad	d__Bacteria; p__Firmicutes; c__Negativicutes; o__Veillonellales-Selenomonadales; f__Veillonellaceae; g__Veillonella
a29f8156cd3bd0dc403a4ac70b7afcb1	d__Bacteria; p__Firmicutes; c__Negativicutes; o__Acidaminococcales; f__Acidaminococcaceae; g__Phascolarctobacterium; s__uncultured_Firmicutes
dddaacf5ed20c7d918008877fd3eab3d	d__Bacteria; p__Firmicutes; c__Negativicutes; o__Veillonellales-Selenomonadales; f__Veillonellaceae; g__Dialister
4c7df6b934adec967aedcd6cd75e0762	d__Bacteria; p__Firmicutes; c__Negativicutes; o__Veillonellales-Selenomonadales; f__Veillonellaceae; g__Dialister
e70000dfefc77f128a83cb533a97a54b	d__Bacteria; p__Firmicutes; c__Negativicutes; o__Veillonellales-Selenomonadales; f__Veillonellaceae; g__Dialister
aad1e49f12a0fee482eb6699575bcb61	d__Bacteria; p__Firmicutes; c__Clostridia; o__Peptococcales; f__Peptococcaceae; g__uncultured
a576f9821bd37a105756cd8cbdc668b3	d__Bacteria; p__Firmicutes; c__Clostridia; o__Peptococcales; f__Peptococcaceae; g__uncultured
015fa1b722000a0e3eb829c165f52aa5	d__Bacteria; p__Firmicutes; c__Clostridia; o__Peptostreptococcales-Tissierellales; f__Anaerovoracaceae; g__[Eubacterium]_brachy_group; s__uncultured_bacterium
c70d038f54f4d632b9577ca223463f8b	d__Bacteria; p__Actinobacteriota; c__Thermoleophilia; o__Solirubrobacterales; f__Solirubrobacteraceae
46efb9d87ca7f9147fb6e97d559be0c6	d__Bacteria; p__Actinobacteriota; c__Coriobacteriia; o__Coriobacteriales; f__Coriobacteriaceae; g__Collinsella
cae61ba1f4d56c6fde6e9579b809b60d	d__Bacteria; p__Actinobacteriota; c__Coriobacteriia; o__Coriobacteriales; f__Coriobacteriaceae; g__Collinsella
bc94aaff6c2b56d4926c5a38aaacbcd8	d__Bacteria; p__Actinobacteriota; c__Coriobacteriia; o__Coriobacteriales; f__Coriobacteriaceae; g__Collinsella
7d515ab70d6166406cc8e66e89b04ad0	d__Bacteria; p__Proteobacteria; c__Alphaproteobacteria; o__Rickettsiales; f__Mitochondria; g__Mitochondria
70dc488c646a581c0e3592a70318e8c4	d__Bacteria; p__Firmicutes; c__uncultured; o__uncultured; f__uncultured; g__uncultured; s__uncultured_Peptococcaceae
21c64a72d888f9c5cb5aa5daa338d8f5	d__Bacteria; p__Cyanobacteria; c__Cyanobacteriia; o__Chloroplast; f__Chloroplast; g__Chloroplast
be6e71a366e03df3534a0c885b100504	d__Bacteria; p__Acidobacteriota; c__Acidobacteriae; o__Subgroup_13; f__Subgroup_13; g__Subgroup_13
dda83be90566fe1660649031deb8a9f3	d__Bacteria; p__Actinobacteriota; c__Coriobacteriia; o__Coriobacteriales; f__Coriobacteriales_Incertae_Sedis; g__uncultured; s__gut_metagenome
68eb1655736059d03a5cfd83b80b6c22	d__Bacteria; p__Actinobacteriota; c__Coriobacteriia; o__Coriobacteriales; f__Eggerthellaceae; g__uncultured; s__uncultured_bacterium
6176df0b5b2dab61b319ce4f7a2c6c05	d__Bacteria; p__Actinobacteriota; c__Coriobacteriia; o__Coriobacteriales; f__Eggerthellaceae; g__Eggerthella
c4f8ff674ac1e1478948764e49e8d4df	d__Bacteria; p__Actinobacteriota; c__Coriobacteriia; o__Coriobacteriales; f__Eggerthellaceae
6f3cb7244f9b049714c91f35a3bb0be8	d__Bacteria; p__Actinobacteriota; c__Coriobacteriia; o__Coriobacteriales; f__Eggerthellaceae; g__Senegalimassilia
8bc7746ac0c991eb042ee0be3192461a	d__Bacteria; p__Actinobacteriota; c__Coriobacteriia; o__Coriobacteriales; f__Eggerthellaceae; g__Senegalimassilia
364173d771cf7a85d706b555144e0d64	d__Bacteria; p__Actinobacteriota; c__Coriobacteriia; o__Coriobacteriales; f__Eggerthellaceae; g__Enterorhabdus; s__uncultured_bacterium
ec0e1d23a43debe530a28eb12a86402f	d__Bacteria; p__Actinobacteriota; c__Coriobacteriia; o__Coriobacteriales; f__Eggerthellaceae; g__Slackia; s__Slackia_isoflavoniconvertens
e77dc11e72eb18d62e777287209b271a	d__Bacteria; p__Proteobacteria; c__Gammaproteobacteria; o__Burkholderiales; f__Comamonadaceae
2bf7c0691b94f2dcfef1d88756899f00	d__Bacteria; p__Proteobacteria; c__Gammaproteobacteria; o__Burkholderiales; f__Sutterellaceae; g__Parasutterella
69dcb200c41c9d9eb73b7586b657c499	d__Bacteria; p__Proteobacteria; c__Gammaproteobacteria; o__Burkholderiales; f__Sutterellaceae; g__Parasutterella
4e0b0be44ff49c0cf0b160d27cf9436b	d__Bacteria; p__Proteobacteria; c__Gammaproteobacteria; o__Burkholderiales; f__Sutterellaceae; g__Sutterella
bc289bb06464436fffd26289035bf3b3	d__Bacteria; p__Proteobacteria; c__Gammaproteobacteria; o__Burkholderiales; f__Sutterellaceae; g__Sutterella
2ef7ff42e4231fec07aa69c8f5d22406	d__Bacteria; p__Proteobacteria; c__Gammaproteobacteria; o__Burkholderiales; f__Sutterellaceae; g__Sutterella
913e1d97eac4090fdadf0d98b8ac9520	d__Bacteria; p__Firmicutes; c__Clostridia; o__Oscillospirales; f__[Eubacterium]_coprostanoligenes_group; g__[Eubacterium]_coprostanoligenes_group
eef3593fd6c057411e87492e2a0fbdc4	d__Bacteria; p__Firmicutes; c__Clostridia; o__Oscillospirales; f__Ruminococcaceae; g__Anaerofilum
2db516a5aff59db463fae396c14d0a67	d__Bacteria; p__Firmicutes; c__Clostridia; o__Oscillospirales; f__Ruminococcaceae
09fdb4c584f52dcf1408a8dfeecd992b	d__Bacteria; p__Firmicutes; c__Clostridia; o__Oscillospirales; f__Ruminococcaceae; g__Anaerotruncus; s__Anaerotruncus_sp.
5900165928c5fee1a5a6b222750d6d34	d__Bacteria; p__Firmicutes; c__Clostridia; o__Oscillospirales; f__Ruminococcaceae; g__Negativibacillus
07661b7e27799fb7f4ae3ef3a5f1e129	d__Bacteria; p__Firmicutes; c__Clostridia; o__Oscillospirales; f__Ruminococcaceae; g__Phocea; s__Anaerotruncus_sp.
180f6723a1e80fcd3953bde68bb0b5ed	d__Bacteria; p__Firmicutes; c__Clostridia; o__Lachnospirales; f__Lachnospiraceae
a97ca574986dbf71d570248b6723363e	d__Bacteria; p__Firmicutes; c__Clostridia; o__Lachnospirales; f__Lachnospiraceae
e4f828ebcc187bd2c7147422f6880b68	d__Bacteria; p__Firmicutes; c__Clostridia
eb9f582234408b7e5295076f33214c03	d__Bacteria; p__Firmicutes; c__Clostridia; o__Oscillospirales
1de853f113802362b53912b9a8f231cd	d__Bacteria; p__Firmicutes; c__Clostridia; o__Oscillospirales; f__Ruminococcaceae
474f6612080f9d652044cb6215249c51	d__Bacteria; p__Firmicutes; c__Clostridia; o__Oscillospirales
e7a042f0227b04793f812801b66bccaf	d__Bacteria; p__Firmicutes; c__Clostridia; o__Oscillospirales; f__[Eubacterium]_coprostanoligenes_group; g__[Eubacterium]_coprostanoligenes_group; s__uncultured_Clostridiales
bea37691a702f31733975ffce8edc3b3	d__Bacteria; p__Firmicutes; c__Clostridia; o__Oscillospirales; f__Ruminococcaceae; g__uncultured; s__human_gut
e18a79861512345c6e491643178f73a0	d__Bacteria; p__Firmicutes; c__Clostridia; o__Oscillospirales; f__Ruminococcaceae
fb0f35e72aae42aaef173f8038187278	d__Bacteria; p__Firmicutes; c__Clostridia; o__Oscillospirales; f__Ruminococcaceae; g__Anaerotruncus
1a0ae1a89af08f4b1a0472a027c028d9	d__Bacteria; p__Firmicutes; c__Clostridia; o__Oscillospirales; f__[Eubacterium]_coprostanoligenes_group; g__[Eubacterium]_coprostanoligenes_group
7f6e90d4114fcd0e65cbad21dc6dc247	d__Bacteria; p__Firmicutes; c__Clostridia; o__Oscillospirales; f__Oscillospirales; g__Hydrogenoanaerobacterium; s__Selenomonadales_bacterium
8b21c95938bd31e052137ed0d3f6e802	d__Bacteria; p__Firmicutes; c__Clostridia; o__Oscillospirales; f__Ruminococcaceae; g__DTU089
3d4f703c3f2995e74f42168cc3780c08	d__Bacteria; p__Firmicutes; c__Clostridia; o__Oscillospirales; f__[Eubacterium]_coprostanoligenes_group; g__[Eubacterium]_coprostanoligenes_group; s__Eubacteriaceae_bacterium
c75e51cdc6399c287f760158c7c500c6	d__Bacteria; p__Firmicutes; c__Clostridia; o__Oscillospirales; f__Ruminococcaceae; g__DTU089; s__Ruminococcaceae_bacterium
0691017960712f85d5019738cb767430	d__Bacteria; p__Firmicutes; c__Clostridia; o__Oscillospirales; f__Ruminococcaceae
5d6c9c856401e474563dd794b4ce9cb1	d__Bacteria; p__Firmicutes; c__Clostridia; o__Oscillospirales; f__Ruminococcaceae; g__Incertae_Sedis; s__[Clostridium]_leptum
37d87d063b9c48e97b20e7a03c36e2e5	d__Bacteria; p__Firmicutes; c__Clostridia; o__Oscillospirales; f__Ruminococcaceae
e817e904d1062542706cbd23fa99f340	d__Bacteria; p__Firmicutes; c__Clostridia; o__Oscillospirales; f__Ruminococcaceae
bb03802426c2878dddb4d971422a2e5f	d__Bacteria; p__Firmicutes; c__Clostridia; o__Oscillospirales; f__Ruminococcaceae; g__Incertae_Sedis; s__uncultured_organism
cf22500056f4457b6ce2bd734af01698	d__Bacteria; p__Firmicutes; c__Clostridia; o__Oscillospirales; f__Ruminococcaceae
24a0c666798593ce7f48dc28b9438452	d__Bacteria; p__Firmicutes; c__Clostridia; o__Oscillospirales; f__Ruminococcaceae; g__Subdoligranulum; s__uncultured_Subdoligranulum
1dbc98385bddcb041e1ddbd1c8fec183	d__Bacteria; p__Firmicutes; c__Clostridia; o__Oscillospirales; f__Ruminococcaceae
243ca63b7a8ae1c790d0376f224c8755	d__Bacteria; p__Firmicutes; c__Clostridia; o__Oscillospirales; f__Ruminococcaceae; g__uncultured; s__gut_metagenome
db169e95ecb74b98c502b25d61e3bc54	d__Bacteria; p__Firmicutes; c__Clostridia; o__Lachnospirales; f__Lachnospiraceae
b6a0b9252f5f9b55d07f4f192d28055a	d__Bacteria; p__Firmicutes; c__Clostridia; o__Lachnospirales; f__Lachnospiraceae
320352e7502a2ec208bac43b5708a0cd	d__Bacteria; p__Firmicutes; c__Clostridia; o__Lachnospirales; f__Lachnospiraceae
c025bcf12b3269f8536c8cdcc9f03a0b	d__Bacteria; p__Firmicutes; c__Clostridia; o__Lachnospirales; f__Lachnospiraceae
79be851d8dbcbc07fd42f087f17c3687	d__Bacteria; p__Firmicutes; c__Clostridia; o__Lachnospirales; f__Lachnospiraceae
56099ae86e545b9064efc815d6f931f5	d__Bacteria; p__Firmicutes; c__Clostridia; o__Oscillospirales; f__Ruminococcaceae; g__Subdoligranulum
e15c474db9cf0071753358d7895d5ad4	d__Bacteria; p__Firmicutes; c__Clostridia; o__Oscillospirales; f__Ruminococcaceae; g__Subdoligranulum
75b1447a7e0ab1c5e67a9282db432532	d__Bacteria; p__Firmicutes; c__Clostridia; o__Oscillospirales; f__Ruminococcaceae; g__Subdoligranulum
1ae7a088e3760e126f553fc47cb63620	d__Bacteria; p__Firmicutes; c__Clostridia; o__Oscillospirales; f__Ruminococcaceae
4c7078736ac136a794bbd743f393537c	d__Bacteria; p__Firmicutes; c__Clostridia; o__Oscillospirales; f__[Eubacterium]_coprostanoligenes_group; g__[Eubacterium]_coprostanoligenes_group
7224764dd8fab256525cbdc0a04f22b6	d__Bacteria; p__Firmicutes; c__Clostridia; o__Oscillospirales; f__Ruminococcaceae
a75ac7449bb98cd57662d50c21c360df	d__Bacteria; p__Firmicutes; c__Clostridia; o__Monoglobales; f__Monoglobaceae; g__Monoglobus
38a1254598d413b1621b295e98823835	d__Bacteria; p__Firmicutes; c__Clostridia; o__Monoglobales; f__Monoglobaceae; g__Monoglobus
3d124a447be2807cc60d0382fb6c27f0	d__Bacteria; p__Firmicutes; c__Clostridia; o__Oscillospirales; f__Ruminococcaceae; g__CAG-352; s__uncultured_bacterium
5d6109edb0be0eb97f346bbfa92858c8	d__Bacteria; p__Firmicutes; c__Clostridia; o__Oscillospirales; f__Ruminococcaceae; g__Ruminococcus
120e9d36dd05a56fe2f8d164f34c33c9	d__Bacteria; p__Firmicutes; c__Clostridia
2347c14ac09369d6f5881cf73930886a	d__Bacteria; p__Firmicutes; c__Clostridia; o__Oscillospirales; f__Ruminococcaceae; g__Ruminococcus
1f9e88c6cf19bb5bf89bc4edce462d91	d__Bacteria; p__Firmicutes; c__Clostridia; o__Oscillospirales; f__Ruminococcaceae; g__[Eubacterium]_siraeum_group
a15a15349174d0624df65e1734eda6fe	d__Bacteria; p__Firmicutes; c__Clostridia; o__Oscillospirales; f__Ruminococcaceae; g__[Eubacterium]_siraeum_group
6661286d177b250b0f75bb2b39396808	d__Bacteria; p__Firmicutes; c__Clostridia; o__Oscillospirales
a934537761456a6006d853c7bba33587	d__Bacteria; p__Firmicutes; c__Clostridia; o__Oscillospirales; f__Ruminococcaceae
be48420fff0cf48504eec5e355473a7f	d__Bacteria; p__Firmicutes; c__Clostridia; o__Oscillospirales; f__Ruminococcaceae; g__uncultured
3c3fe2a989dd56994face36ce4cf0513	d__Bacteria; p__Firmicutes; c__Bacilli; o__RF39; f__RF39; g__RF39
da6de91b6bc26fbf83ee6a5b28b3368c	d__Bacteria; p__Firmicutes; c__Bacilli; o__Erysipelotrichales; f__Erysipelotrichaceae
c35e3cae4a7d9eaf905c88fcdfba6054	d__Bacteria; p__Bacteroidota; c__Bacteroidia; o__Bacteroidales
bba03312f8acb2bda6d900a7ba3c6a62	d__Bacteria; p__Bacteroidota; c__Bacteroidia; o__Bacteroidales; f__Rikenellaceae; g__Alistipes
49f1d7e337c603ff8e5364145046cf80	d__Bacteria; p__Patescibacteria; c__Saccharimonadia; o__Saccharimonadales; f__Saccharimonadaceae; g__Saccharimonadaceae; s__uncultured_Candidatus
16409ce56fb43034410988a5633dc620	d__Bacteria; p__Firmicutes; c__Clostridia; o__Oscillospirales; f__Butyricicoccaceae; g__UCG-009
a551d2773250cd9ef4bca1a2bbbcbba2	d__Bacteria; p__Firmicutes; c__Clostridia; o__Peptostreptococcales-Tissierellales; f__Peptostreptococcales-Tissierellales; g__Parvimonas; s__uncultured_bacterium
9d6ca8eaa1e66fb4a6683862fb6fc607	d__Bacteria; p__Firmicutes; c__Clostridia; o__Oscillospirales; f__Ruminococcaceae
3125f50b6010c5de3832d71abe6b4279	d__Bacteria; p__Desulfobacterota; c__Desulfovibrionia; o__Desulfovibrionales; f__Desulfovibrionaceae; g__Bilophila
b562f5fa00c5a6d45738227508f79ab7	d__Bacteria; p__Firmicutes; c__Clostridia; o__Oscillospirales; f__UCG-010; g__UCG-010; s__unidentified
ce77b5d6b9345787d8914edbfb14d72f	d__Bacteria; p__Firmicutes; c__Clostridia; o__Christensenellales; f__Christensenellaceae; g__Christensenellaceae_R-7_group
5c99c125bbcc28126551e8e0e833f921	d__Bacteria; p__Firmicutes; c__Clostridia; o__Christensenellales; f__Christensenellaceae; g__Christensenellaceae_R-7_group
a46f02422e4bf460ca496d9442854523	d__Bacteria; p__Firmicutes; c__Clostridia; o__Oscillospirales; f__Oscillospiraceae; g__UCG-002
aa108a2f5170b50c019f1a766890cbd8	d__Bacteria; p__Firmicutes; c__Clostridia; o__Christensenellales; f__Christensenellaceae
08bfae339439cc19c93af335d91094c3	d__Bacteria; p__Firmicutes; c__Clostridia; o__Oscillospirales; f__UCG-010; g__UCG-010; s__uncultured_organism
81b67ff89819bc6363d58edb5e93f605	d__Bacteria; p__Firmicutes; c__Clostridia; o__Oscillospirales; f__Oscillospiraceae
f1f76a751fa7d347068f9a2ad7cc14b2	d__Bacteria; p__Firmicutes; c__Clostridia; o__Oscillospirales; f__[Eubacterium]_coprostanoligenes_group; g__[Eubacterium]_coprostanoligenes_group
e18d393af12063f1c37b5076b389bee0	d__Bacteria; p__Firmicutes; c__Clostridia; o__Oscillospirales; f__Ruminococcaceae; g__DTU089
2283443941c66d7a345581b4f5ab277b	d__Bacteria; p__Firmicutes; c__Clostridia; o__Oscillospirales; f__Ruminococcaceae
a5af66b97a21b8adbcc5a518503ce376	d__Bacteria; p__Firmicutes; c__Clostridia; o__Oscillospirales; f__Ruminococcaceae; g__CAG-352
4d8626cdaecd910953a82823da26bc43	d__Bacteria; p__Firmicutes; c__Bacilli; o__RF39; f__RF39; g__RF39
592de6edd65cf19bc6820a801bfd9b0f	d__Bacteria; p__Firmicutes; c__Bacilli; o__RF39; f__RF39; g__RF39
1d2be6dc7c27d4fb243711e490871125	d__Bacteria; p__Firmicutes; c__Clostridia; o__Lachnospirales; f__Lachnospiraceae
44b2d233adb90d1c5a39f30aaef43413	d__Bacteria; p__Actinobacteriota; c__Actinobacteria; o__Bifidobacteriales; f__Bifidobacteriaceae; g__Bifidobacterium
5c85343326454cb1abd0208182431e35	d__Bacteria; p__Firmicutes; c__Clostridia; o__Oscillospirales; f__Ruminococcaceae; g__Ruminococcus; s__Ruminococcus_callidus
f7e2a092ccbe1a3f3f51955170d8cbe8	d__Bacteria; p__Firmicutes; c__Clostridia; o__Oscillospirales; f__Oscillospiraceae; g__UCG-002
4bfce2d8dcc553f171a133750b5fae15	d__Bacteria; p__Actinobacteriota; c__Actinobacteria; o__Bifidobacteriales; f__Bifidobacteriaceae; g__Bifidobacterium
02eaa95c8bef2e8991242306172451bf	Unassigned
a68fc68beb729eba86c1e6943dc03e1d	Unassigned
ef88ab8fecafe06f498c431f2d45ec15	d__Bacteria; p__Firmicutes; c__Clostridia; o__Oscillospirales; f__Ruminococcaceae
0fbd4a0568e5a1beb8be3a957821e37a	d__Bacteria; p__Actinobacteriota; c__Actinobacteria; o__Bifidobacteriales; f__Bifidobacteriaceae; g__Bifidobacterium
3d6caf0935f8f172c7f599eb9fb80bc6	d__Bacteria; p__Firmicutes; c__Clostridia; o__Oscillospirales; f__Oscillospiraceae; g__UCG-002
4a779599847cdb7e1bcdc20b5bd4f4e3	d__Bacteria; p__Firmicutes; c__Clostridia; o__Peptococcales; f__Peptococcaceae; g__uncultured
d1d0734cd490c913b57706ab7123cd99	d__Bacteria; p__Firmicutes; c__Clostridia; o__Oscillospirales; f__Ruminococcaceae; g__Incertae_Sedis; s__[Clostridium]_leptum
b4696cf28b0b33251eae4e66680ab4d6	d__Bacteria; p__Firmicutes; c__Clostridia; o__Oscillospirales; f__Ruminococcaceae
abf3916f00f4ff50d72cbe3767ebff30	d__Bacteria; p__Firmicutes; c__Clostridia; o__Lachnospirales; f__Lachnospiraceae; g__[Ruminococcus]_torques_group
d1b4138561e3ddd10666ae9c54906bd2	d__Bacteria; p__Firmicutes; c__Clostridia; o__Lachnospirales; f__Lachnospiraceae; g__Tyzzerella; s__Anaerotignum_lactatifermentans
5634c230700dcdd1cbb6245fc34972f2	d__Bacteria; p__Firmicutes; c__Clostridia; o__Oscillospirales; f__[Eubacterium]_coprostanoligenes_group; g__[Eubacterium]_coprostanoligenes_group
5d64b8bef08e93c5626d87ed08429c5f	d__Bacteria; p__Firmicutes; c__Clostridia; o__Oscillospirales; f__[Eubacterium]_coprostanoligenes_group; g__[Eubacterium]_coprostanoligenes_group; s__human_gut
fb5894cbb8d94a662365182e1fa72677	d__Archaea; p__Euryarchaeota; c__Methanobacteria; o__Methanobacteriales; f__Methanobacteriaceae; g__Methanobrevibacter
c0607a477c4baa0b92745b42ad6b2f2b	d__Bacteria; p__Firmicutes; c__Clostridia
cc8f1e3d4e6c5ed6063347e2abe84f60	Unassigned
ce7a202468defa444498fc8e650f36fb	d__Bacteria; p__Proteobacteria; c__Gammaproteobacteria; o__Aeromonadales; f__Succinivibrionaceae; g__Succinivibrio; s__uncultured_bacterium
130f379ab188d9597dd7f885812a4c82	d__Bacteria; p__Firmicutes; c__Clostridia; o__Lachnospirales; f__Lachnospiraceae; g__[Eubacterium]_ventriosum_group
d6370a9f576e32fdd14f5bdab3e43ad1	d__Bacteria; p__Firmicutes; c__Clostridia
e4385b5409bae5ba713cfb1318b2c1ae	d__Bacteria; p__Firmicutes; c__Clostridia; o__Christensenellales; f__Christensenellaceae; g__Christensenellaceae_R-7_group; s__human_gut
d1fbbc1c74fde288846a349fcaa88e3b	d__Bacteria; p__Firmicutes; c__Bacilli; o__Lactobacillales; f__Lactobacillaceae; g__Lactobacillus
9ef20bf5a3cf7e07b34b89be779e59a2	d__Bacteria; p__Firmicutes; c__Bacilli; o__Lactobacillales; f__Lactobacillaceae; g__Lactobacillus
b78889731c4d7791f43365f37bf74ae7	d__Bacteria; p__Firmicutes; c__Bacilli; o__Lactobacillales; f__Streptococcaceae; g__Streptococcus
4c0121e4bf6bfd7fe3470273f14546fa	d__Bacteria; p__Firmicutes; c__Bacilli; o__Lactobacillales; f__Streptococcaceae; g__Streptococcus
e977f2cd0ed7a3cb45a68e1c2f28cb07	d__Bacteria; p__Firmicutes; c__Bacilli; o__Erysipelotrichales; f__Erysipelotrichaceae; g__Turicibacter
7f6bc723664fb19de99366537dbeee4b	d__Bacteria; p__Firmicutes; c__Bacilli; o__Lactobacillales; f__Streptococcaceae; g__Streptococcus
ef176b3c2f444f30c2900a9c21e0f326	d__Bacteria; p__Firmicutes; c__Bacilli; o__Erysipelotrichales; f__Erysipelatoclostridiaceae; g__Erysipelatoclostridium; s__Massiliomicrobiota_timonensis
1d9f2da9dac306fffafcb7a1a31f145a	d__Bacteria; p__Firmicutes; c__Bacilli; o__Erysipelotrichales; f__Erysipelatoclostridiaceae; g__Erysipelatoclostridium; s__Massiliomicrobiota_timonensis
135378fa2c1dc254cf35428d0e63d5c0	d__Bacteria; p__Firmicutes; c__Bacilli; o__Erysipelotrichales; f__Erysipelotrichaceae; g__Holdemania
dd1d2dd35b6a373b456c7119e8ee3a60	d__Bacteria; p__Firmicutes; c__Bacilli; o__Erysipelotrichales; f__Erysipelatoclostridiaceae; g__Erysipelatoclostridium
6203eb4ce7f9114146a8e5cf2354559c	d__Bacteria; p__Firmicutes; c__Bacilli; o__Erysipelotrichales; f__Erysipelatoclostridiaceae; g__Erysipelotrichaceae_UCG-003
d4464a98a655ef8a54dd050d6ff0983d	d__Bacteria; p__Firmicutes; c__Bacilli; o__Erysipelotrichales; f__Erysipelatoclostridiaceae; g__Catenibacterium; s__uncultured_bacterium
75826172e77093588b794f69357beff7	d__Bacteria; p__Firmicutes; c__Bacilli; o__Erysipelotrichales; f__Erysipelatoclostridiaceae; g__Catenibacterium; s__uncultured_bacterium
9213f6e23fd843f62f3044c7cc5b3e5a	d__Bacteria; p__Firmicutes; c__Bacilli; o__Erysipelotrichales; f__Erysipelatoclostridiaceae; g__Catenibacterium; s__uncultured_bacterium
9e3f01504f74ab6745438a30b7f48ed7	d__Bacteria; p__Firmicutes; c__Bacilli; o__Erysipelotrichales; f__Erysipelotrichaceae; g__Erysipelotrichaceae_UCG-006; s__uncultured_bacterium
c0f1ffb83e75fff6c6a5adbb8234e0f5	d__Bacteria; p__Firmicutes; c__Bacilli; o__Erysipelotrichales; f__Erysipelotrichaceae; g__Dielma
a24adb6bc557230d3cfa16a7432b8e20	d__Bacteria; p__Firmicutes; c__Bacilli; o__Erysipelotrichales; f__Erysipelotrichaceae; g__Solobacterium
298eb71cc90ed6ab9a01174a25816d89	d__Bacteria; p__Firmicutes; c__Bacilli; o__Erysipelotrichales; f__Erysipelatoclostridiaceae; g__Erysipelatoclostridium; s__[Clostridium]_spiroforme
351b680fa5e38f06ca9288c23a723fd2	d__Bacteria; p__Firmicutes; c__Bacilli; o__Erysipelotrichales; f__Erysipelotrichaceae; g__Solobacterium
fc1476fc9b13c7f98f65bd600c4556be	d__Bacteria; p__Firmicutes; c__Bacilli; o__Erysipelotrichales; f__Erysipelotrichaceae
d7f891a6d7ef70522549455d026bdb04	d__Bacteria; p__Firmicutes; c__Bacilli; o__Erysipelotrichales; f__Erysipelotrichaceae; g__Dielma; s__Dielma_sp.
3ed20b3bcd0a90e1a040de7d3b85450d	d__Bacteria; p__Firmicutes; c__Bacilli; o__Erysipelotrichales; f__Erysipelotrichaceae; g__[Clostridium]_innocuum_group
39e78dc84ecd15b303c2ab56684cf6f2	d__Bacteria; p__Firmicutes; c__Bacilli; o__Erysipelotrichales; f__Erysipelotrichaceae; g__Holdemanella
00bd9c3becdbe78642ec0a8f22e0cbf0	d__Bacteria; p__Firmicutes; c__Bacilli; o__Erysipelotrichales; f__Erysipelotrichaceae
ae44c9b5f1d2e139d77fb0d185d59440	d__Bacteria; p__Firmicutes; c__Bacilli; o__Erysipelotrichales; f__Erysipelotrichaceae; g__Merdibacter
9a8857a90dfc66e5535d82d5af0278ed	d__Bacteria; p__Firmicutes; c__Bacilli; o__Erysipelotrichales; f__Erysipelotrichaceae; g__Faecalitalea; s__gut_metagenome
57dcb1dbfe0121e037b08638d1fc9f6d	d__Bacteria; p__Firmicutes; c__Bacilli; o__Erysipelotrichales; f__Erysipelotrichaceae; g__Holdemanella
2c2e6c971c40c8cbfcbdcec7febecc70	d__Bacteria; p__Firmicutes; c__Bacilli; o__Erysipelotrichales; f__Erysipelotrichaceae; g__Holdemanella
f88a99c0fdba30e2e5e5bfd9d5fbf675	d__Bacteria; p__Firmicutes; c__Bacilli; o__Erysipelotrichales; f__Erysipelotrichaceae; g__Faecalitalea
2d39844e86cba532d81bf6d641ef414f	d__Bacteria; p__Firmicutes; c__Bacilli; o__Erysipelotrichales; f__Erysipelatoclostridiaceae; g__Asteroleplasma; s__uncultured_bacterium
21e1c9c9ef536c6e2dda6029ac459888	d__Bacteria; p__Firmicutes; c__Clostridia; o__Clostridia_UCG-014; f__Clostridia_UCG-014; g__Clostridia_UCG-014; s__uncultured_bacterium
fe1fc338074700e63e27f3db41594810	d__Bacteria; p__Firmicutes; c__Clostridia; o__Clostridia_UCG-014; f__Clostridia_UCG-014; g__Clostridia_UCG-014
5003e20bb73a93880fc0ce2268172064	d__Bacteria; p__Firmicutes; c__Clostridia; o__Clostridia_UCG-014; f__Clostridia_UCG-014; g__Clostridia_UCG-014
fc3fda716cf7b2e3202f9eda542eb5da	d__Bacteria; p__Firmicutes; c__Clostridia; o__Clostridia_UCG-014; f__Clostridia_UCG-014; g__Clostridia_UCG-014
72ba55cf00e0aad36343b0f110a059b5	d__Bacteria; p__Firmicutes; c__Clostridia; o__Clostridia_UCG-014; f__Clostridia_UCG-014; g__Clostridia_UCG-014
f9ce2de97710698cb9c74bc43c86e344	d__Bacteria; p__Firmicutes; c__Clostridia; o__Clostridia_UCG-014; f__Clostridia_UCG-014; g__Clostridia_UCG-014
ad8d39230c86507ab7cc90517e352b7d	d__Bacteria; p__Firmicutes; c__Clostridia; o__Clostridia_UCG-014; f__Clostridia_UCG-014; g__Clostridia_UCG-014
6896b94fdb46953781ce57f15e35a7f0	d__Bacteria; p__Firmicutes; c__Clostridia; o__Clostridia_UCG-014; f__Clostridia_UCG-014; g__Clostridia_UCG-014
280337f3be7aa94a3e08eaaacf761721	d__Bacteria; p__Firmicutes; c__Clostridia; o__Clostridia_UCG-014; f__Clostridia_UCG-014; g__Clostridia_UCG-014
671cecb53801b51bf8aa9a74d270a81e	d__Bacteria; p__Firmicutes; c__Clostridia; o__Clostridia_UCG-014; f__Clostridia_UCG-014; g__Clostridia_UCG-014
9c91a737e534ee123dbbebde438b8c5f	d__Bacteria; p__Firmicutes; c__Clostridia; o__Clostridia_UCG-014; f__Clostridia_UCG-014; g__Clostridia_UCG-014
497a159a5546a12e235a9b0b33f3c5df	d__Bacteria; p__Firmicutes; c__Clostridia; o__Clostridia_UCG-014; f__Clostridia_UCG-014; g__Clostridia_UCG-014
661af948867d7b899140bb52356f9a33	d__Bacteria; p__Firmicutes; c__Clostridia; o__Clostridia_UCG-014; f__Clostridia_UCG-014; g__Clostridia_UCG-014
e5ff2631f10fbed99851b50cf8a1bb3e	d__Bacteria; p__Firmicutes; c__Clostridia; o__Clostridia_UCG-014; f__Clostridia_UCG-014; g__Clostridia_UCG-014
866b064c3bbc8d3cb72cf62a7cc5a0ec	d__Bacteria; p__Firmicutes; c__Clostridia; o__Clostridia_UCG-014; f__Clostridia_UCG-014; g__Clostridia_UCG-014
af61a402a280e54e32998e98d19e8856	d__Bacteria; p__Firmicutes; c__Clostridia; o__Clostridia_UCG-014; f__Clostridia_UCG-014; g__Clostridia_UCG-014
baaf7b3c3b51377b13571d671f4d3b1e	d__Bacteria; p__Firmicutes; c__Clostridia; o__Clostridia_UCG-014; f__Clostridia_UCG-014; g__Clostridia_UCG-014
53d0901d0946ee0fa0676dccb2ea1a94	d__Bacteria; p__Firmicutes; c__Clostridia; o__Oscillospirales
e6dfd3e6f55ca14b1f87b06a335fe4f6	d__Bacteria; p__Firmicutes; c__Clostridia; o__Oscillospirales; f__Butyricicoccaceae; g__UCG-009; s__uncultured_bacterium
6200c761c27e4fd17efb650ea668af66	d__Bacteria; p__Bacteroidota; c__Bacteroidia; o__Bacteroidales; f__Prevotellaceae; g__Alloprevotella
d839b83c2347051063b0b1886efe3531	d__Bacteria; p__Bacteroidota; c__Bacteroidia; o__Bacteroidales; f__Bacteroidaceae; g__Bacteroides; s__Bacteroides_plebeius
c010ed718a50565ed708abebc2ec4174	d__Bacteria; p__Bacteroidota; c__Bacteroidia; o__Bacteroidales; f__Bacteroidaceae; g__Bacteroides; s__Bacteroides_massiliensis
3c588dc12690935fb0127b386168fb07	d__Bacteria; p__Bacteroidota; c__Bacteroidia; o__Bacteroidales; f__Bacteroidaceae; g__Bacteroides
e24e52aa15c49ab47cee8b7c2d1f505c	d__Bacteria; p__Bacteroidota; c__Bacteroidia; o__Bacteroidales; f__Bacteroidaceae; g__Bacteroides
d41bfc8dcaf6ef03f6dab5d3555a6815	d__Bacteria; p__Bacteroidota; c__Bacteroidia; o__Bacteroidales; f__Bacteroidaceae; g__Bacteroides
a0c8a5ed505b99784f4dca55430b2116	d__Bacteria; p__Bacteroidota; c__Bacteroidia; o__Bacteroidales; f__Bacteroidaceae; g__Bacteroides; s__Bacteroides_eggerthii
736d6458b69722a63127fd82d2f3b001	d__Bacteria; p__Bacteroidota; c__Bacteroidia; o__Bacteroidales; f__Bacteroidaceae; g__Bacteroides
b0df6c7e3340708600cac2116fb32cc2	d__Bacteria; p__Bacteroidota; c__Bacteroidia; o__Bacteroidales; f__Bacteroidaceae; g__Bacteroides
42f6af40c6650abbdb2beaad29efe834	d__Bacteria; p__Bacteroidota; c__Bacteroidia; o__Bacteroidales; f__Bacteroidaceae; g__Bacteroides
33d73db063e6ca9309b48d6a34d2f0dd	d__Bacteria; p__Bacteroidota; c__Bacteroidia; o__Bacteroidales; f__Prevotellaceae; g__Prevotella
76f0dbbef2eb4030e7b887e4cead226d	d__Bacteria; p__Bacteroidota; c__Bacteroidia; o__Bacteroidales; f__Prevotellaceae; g__Prevotella
162d03b9f4a45a6aa54898fe4f2667ca	d__Bacteria; p__Bacteroidota; c__Bacteroidia; o__Bacteroidales; f__Prevotellaceae; g__Prevotella
783e7bb6cc5db14f414cac5386bcef92	d__Bacteria; p__Bacteroidota; c__Bacteroidia; o__Bacteroidales; f__Prevotellaceae; g__Alloprevotella
56a33ebf63c6a1d54318302fbc56d166	d__Bacteria; p__Bacteroidota; c__Bacteroidia; o__Bacteroidales; f__Prevotellaceae; g__Alloprevotella
126edca8b8f8d279a9c6f163b8c93a92	d__Bacteria; p__Bacteroidota; c__Bacteroidia; o__Bacteroidales; f__Rikenellaceae; g__Alistipes
ebb08a0ea0700ed8928cc2e84a541786	d__Bacteria; p__Bacteroidota; c__Bacteroidia; o__Bacteroidales; f__Rikenellaceae; g__Alistipes
9d4750a1f42c910382cf634aafe0ec06	d__Bacteria; p__Bacteroidota; c__Bacteroidia; o__Bacteroidales; f__Rikenellaceae; g__Alistipes
e971b0cc234cfc2ee78bf44991c3c585	d__Bacteria; p__Bacteroidota; c__Bacteroidia; o__Bacteroidales; f__Rikenellaceae; g__Alistipes
1be15a0a42051584e79ba7a3b5430f51	d__Bacteria; p__Bacteroidota; c__Bacteroidia; o__Bacteroidales; f__Rikenellaceae; g__Alistipes; s__Alistipes_finegoldii
83f6f8f67aed21d6c262b4fe758c5888	d__Bacteria; p__Bacteroidota; c__Bacteroidia; o__Bacteroidales; f__Rikenellaceae; g__Alistipes
7f59c0f72b98cf775377618bdb0630b8	d__Bacteria; p__Bacteroidota; c__Bacteroidia; o__Bacteroidales; f__Rikenellaceae; g__Alistipes
e95a12167ee5496433a153b4ef35d854	d__Bacteria; p__Bacteroidota; c__Bacteroidia; o__Bacteroidales; f__Rikenellaceae; g__Alistipes
a38f9f711dcc8e40f47e506ff696633a	d__Bacteria; p__Bacteroidota; c__Bacteroidia; o__Bacteroidales; f__Bacteroidaceae; g__Bacteroides
eb2e4537c780724fc4b9a08a2dac360c	d__Bacteria; p__Bacteroidota; c__Bacteroidia; o__Bacteroidales; f__Bacteroidaceae; g__Bacteroides
4dbc2a47a5ce499c82713bd7d870e772	d__Bacteria; p__Bacteroidota; c__Bacteroidia; o__Bacteroidales; f__Prevotellaceae; g__Prevotella; s__Massiliprevotella_massiliensis
6c77b87c103740c6dde258182604ae64	d__Bacteria; p__Bacteroidota; c__Bacteroidia; o__Bacteroidales; f__Rikenellaceae; g__Alistipes; s__Alistipes_sp.
c675f733a7fd3b214dda67cc77abd602	d__Bacteria; p__Bacteroidota; c__Bacteroidia; o__Bacteroidales; f__Rikenellaceae; g__Alistipes
e43cc12901ff7deaf144c095283bd614	d__Bacteria; p__Bacteroidota; c__Bacteroidia; o__Bacteroidales; f__Rikenellaceae; g__Alistipes
a103533af1af93f46000537506e026bd	d__Bacteria; p__Bacteroidota; c__Bacteroidia; o__Bacteroidales; f__Bacteroidaceae; g__Bacteroides
2c44957aaf6805da8112cee3e3673a6a	d__Bacteria; p__Bacteroidota; c__Bacteroidia; o__Bacteroidales; f__Tannerellaceae; g__Parabacteroides
465fffad241c60dafe23e3074e560f67	d__Bacteria; p__Bacteroidota; c__Bacteroidia; o__Bacteroidales; f__Tannerellaceae; g__Parabacteroides; s__Parabacteroides_merdae
576ecbe7662545b7f89443a3fe9733da	d__Bacteria; p__Bacteroidota; c__Bacteroidia; o__Bacteroidales; f__Tannerellaceae; g__Parabacteroides
ae075916ff2e0ed182491299db473266	d__Bacteria; p__Bacteroidota; c__Bacteroidia; o__Bacteroidales; f__Bacteroidaceae; g__Bacteroides
7d8fc1f8e5b88cf6d1c1facd08aad492	d__Bacteria; p__Bacteroidota; c__Bacteroidia; o__Bacteroidales; f__Bacteroidaceae; g__Bacteroides; s__Bacteroides_coprocola
085ddb8765cd2755a8ff362ef84f17f3	d__Bacteria; p__Bacteroidota; c__Bacteroidia; o__Bacteroidales; f__Bacteroidaceae; g__Bacteroides
fb075a79578ee0e754c524173bf08b2b	d__Bacteria; p__Bacteroidota; c__Bacteroidia; o__Bacteroidales; f__Bacteroidaceae; g__Bacteroides
8abd51a75659e7fbd984bf6898a69130	d__Bacteria; p__Bacteroidota; c__Bacteroidia; o__Bacteroidales; f__Prevotellaceae; g__Prevotella
935a6b364f126d01740b0a9988a0ae65	d__Bacteria; p__Bacteroidota; c__Bacteroidia; o__Bacteroidales; f__Prevotellaceae; g__Prevotella
ea001939271c634f48f74b46fb1012f1	d__Bacteria; p__Bacteroidota; c__Bacteroidia; o__Bacteroidales; f__Prevotellaceae; g__Prevotella
6a7fce6164f61454008e1d0224244a6e	d__Bacteria; p__Bacteroidota; c__Bacteroidia; o__Bacteroidales; f__Prevotellaceae; g__Prevotella
4de6eea1f73e6b13be9cea893b6ec124	d__Bacteria; p__Bacteroidota; c__Bacteroidia; o__Bacteroidales; f__Prevotellaceae
c9ee1a6411a5cc71554f587526597dcc	d__Bacteria; p__Bacteroidota; c__Bacteroidia; o__Bacteroidales
c31f2f6d71af7c67d640def4dad386e8	d__Bacteria; p__Bacteroidota; c__Bacteroidia; o__Bacteroidales; f__Prevotellaceae; g__Prevotella
3d36e4a5ac53b9a89458c881d96acab3	d__Bacteria; p__Bacteroidota; c__Bacteroidia; o__Bacteroidales; f__Tannerellaceae
76ed3a53377591797f193a928216420d	d__Bacteria; p__Bacteroidota; c__Bacteroidia; o__Bacteroidales; f__Marinifilaceae; g__Butyricimonas; s__uncultured_bacterium
4dcff5cbdd45f1500a2404fe029c756b	d__Bacteria; p__Bacteroidota; c__Bacteroidia; o__Bacteroidales; f__Bacteroidaceae; g__Bacteroides
f9e6209f84facd17849fb16f28ec8c58	d__Bacteria; p__Bacteroidota; c__Bacteroidia; o__Bacteroidales; f__Bacteroidaceae; g__Bacteroides
c2d3cff4cf2e2a68c23aa366347ea938	d__Bacteria; p__Bacteroidota; c__Bacteroidia; o__Bacteroidales; f__Bacteroidaceae; g__Bacteroides
0e5a214c9ec796534b2eabe0c531a43b	d__Bacteria; p__Bacteroidota; c__Bacteroidia; o__Bacteroidales; f__Bacteroidaceae; g__Bacteroides
faa4948d254c8ebeafcf3a243b332fee	d__Bacteria; p__Bacteroidota; c__Bacteroidia; o__Bacteroidales; f__Bacteroidaceae; g__Bacteroides; s__Bacteroides_kribbi
5d6188e86d04030a6a6795e5c391a6b8	d__Bacteria; p__Bacteroidota; c__Bacteroidia; o__Bacteroidales; f__Bacteroidaceae; g__Bacteroides
7a24a3ec648f5a328c512e1d991d57e7	d__Bacteria; p__Bacteroidota; c__Bacteroidia; o__Bacteroidales; f__Rikenellaceae; g__Rikenellaceae_RC9_gut_group; s__uncultured_bacterium
395a12bec608176c9d697e7d6f0d7b72	d__Bacteria; p__Bacteroidota; c__Bacteroidia; o__Bacteroidales; f__Rikenellaceae; g__Alistipes; s__Alistipes_inops
7fb6ad074f88c6be05d387e43fbfff4b	d__Bacteria; p__Bacteroidota; c__Bacteroidia; o__Bacteroidales; f__Prevotellaceae; g__Paraprevotella; s__uncultured_bacterium
e9fe8bb0ffac3c13b46ed6d77db89c5e	d__Bacteria; p__Bacteroidota; c__Bacteroidia; o__Bacteroidales; f__Prevotellaceae; g__Paraprevotella
1decd804dd0e9c41c262d3b2f6e92f40	d__Bacteria; p__Bacteroidota; c__Bacteroidia; o__Bacteroidales; f__Tannerellaceae; g__Parabacteroides
6635804ea49dafc3b6b46f7e6c4e4c8f	d__Bacteria; p__Bacteroidota; c__Bacteroidia; o__Bacteroidales; f__Tannerellaceae; g__Parabacteroides
dc77d8de248a0778400635981354d0e2	d__Bacteria; p__Bacteroidota; c__Bacteroidia; o__Bacteroidales; f__Bacteroidaceae; g__Bacteroides
1bb461e3744fa235307b41f87663e3e6	d__Bacteria; p__Bacteroidota; c__Bacteroidia; o__Bacteroidales; f__Barnesiellaceae; g__Barnesiella
e67b555db5bf665ada003f79b12ad2fe	d__Bacteria; p__Firmicutes; c__Clostridia; o__Oscillospirales; f__Ruminococcaceae; g__Incertae_Sedis
03f58b920460d2800f62e99bb219d99a	d__Bacteria; p__Firmicutes; c__Clostridia; o__Oscillospirales; f__Ruminococcaceae; g__Incertae_Sedis
639da56ee05c30bef705eb9423729186	d__Bacteria; p__Firmicutes; c__Clostridia; o__Oscillospirales; f__Ruminococcaceae
bfdfce91f640d613cb179b28137e79d0	d__Bacteria; p__Firmicutes; c__Clostridia; o__Oscillospirales; f__Ruminococcaceae; g__Incertae_Sedis; s__uncultured_bacterium
57210dfe2e99c61336f8b9bc4b4acae8	d__Bacteria; p__Firmicutes; c__Clostridia; o__Oscillospirales; f__Ruminococcaceae; g__Incertae_Sedis
a1f7991662a5f71d37880c6a8b1ee453	d__Bacteria; p__Firmicutes; c__Clostridia; o__Oscillospirales; f__Oscillospiraceae
4426254dd2514d398facfd4ab22f953b	d__Bacteria; p__Firmicutes; c__Clostridia; o__Lachnospirales; f__Lachnospiraceae; g__Dorea
c51e6d1180155a609c63e775e54f7e6c	d__Bacteria; p__Firmicutes; c__Clostridia; o__Oscillospirales; f__Ruminococcaceae
1e87e54461aa250a2ff63ab74f11cab1	d__Bacteria; p__Firmicutes; c__Clostridia; o__Lachnospirales; f__Lachnospiraceae; g__[Eubacterium]_eligens_group
22ddc3ac44f400b8694608a0328bcdb5	d__Bacteria; p__Firmicutes; c__Clostridia; o__Lachnospirales; f__Lachnospiraceae; g__Lachnospira
c8f88f2c6ade7b647c4256190121ab25	d__Bacteria; p__Firmicutes; c__Clostridia; o__Lachnospirales; f__Lachnospiraceae; g__Lachnospiraceae_ND3007_group
6683a31bfdccea445b6f9545e1091bf4	d__Bacteria; p__Firmicutes; c__Clostridia; o__Lachnospirales; f__Lachnospiraceae
7833303fd6bec51889fa7ef92c037a5d	d__Bacteria; p__Firmicutes; c__Clostridia; o__Lachnospirales; f__Lachnospiraceae
632b1948eb6b7f55530bbebe770e7f9c	d__Bacteria; p__Firmicutes; c__Clostridia; o__Oscillospirales; f__Ruminococcaceae; g__Ruminococcus; s__Ruminococcus_bicirculans
e1f0f5be11344be369aa8ae2d5a26d4f	d__Bacteria; p__Firmicutes; c__Clostridia; o__Oscillospirales; f__Ruminococcaceae; g__Ruminococcus
b5ffefb1d166034621bb5e7dd3d4a570	d__Bacteria; p__Firmicutes; c__Clostridia; o__Lachnospirales; f__Lachnospiraceae; g__Howardella; s__uncultured_organism
efe5be440439c8b6d641330471dd905e	d__Bacteria; p__Firmicutes; c__Clostridia; o__Lachnospirales; f__Lachnospiraceae
042de0edd24d08cfeb3cfbea2df53736	d__Bacteria; p__Firmicutes; c__Clostridia; o__Oscillospirales; f__Ruminococcaceae; g__Ruminococcus
b1a333bb699dc5bb1f6591ba882ba514	d__Bacteria; p__Firmicutes; c__Clostridia; o__Peptostreptococcales-Tissierellales; f__Anaerovoracaceae
3b40421e4c021bf18b3162f6453d548e	d__Bacteria; p__Firmicutes; c__Clostridia; o__Peptostreptococcales-Tissierellales; f__Anaerovoracaceae
21ec81c7ce81fd5d0ccbf40a10e1bb21	d__Bacteria; p__Firmicutes; c__Clostridia; o__Peptostreptococcales-Tissierellales; f__Anaerovoracaceae; g__Family_XIII_AD3011_group; s__metagenome
79d892639605f71e33a3fd2b72b0b146	d__Bacteria; p__Firmicutes; c__Clostridia; o__Peptostreptococcales-Tissierellales; f__Anaerovoracaceae
0eee89657a85a95138d23150a10d0dd8	d__Bacteria; p__Firmicutes; c__Clostridia; o__Peptostreptococcales-Tissierellales; f__Anaerovoracaceae; g__Family_XIII_AD3011_group; s__gut_metagenome
080b4248e9bab00af756932d386e8332	d__Bacteria; p__Firmicutes; c__Clostridia; o__Peptostreptococcales-Tissierellales; f__Anaerovoracaceae; g__Family_XIII_AD3011_group; s__uncultured_organism
38bd849c3abf40b666b07c149104e025	d__Bacteria; p__Firmicutes; c__Clostridia; o__Peptostreptococcales-Tissierellales; f__Anaerovoracaceae; g__[Eubacterium]_nodatum_group; s__Ihubacter_massiliensis
9c2fbe44359dfc09f7666fb4e38b50bf	d__Bacteria; p__Firmicutes; c__Clostridia; o__Lachnospirales; f__Lachnospiraceae; g__Tyzzerella; s__Anaerotignum_lactatifermentans
1098600c68780232190558fbcbf8da74	d__Bacteria; p__Firmicutes; c__Clostridia; o__Lachnospirales; f__Lachnospiraceae
09d6e04fb1d8bdda872cab9d0afa9a3c	d__Bacteria; p__Firmicutes; c__Clostridia; o__Peptostreptococcales-Tissierellales; f__Anaerovoracaceae; g__Family_XIII_AD3011_group
c83732c3a1347365a0ac8381b51eb941	d__Bacteria; p__Firmicutes; c__Clostridia; o__Peptostreptococcales-Tissierellales; f__Peptostreptococcaceae
f9b8e210105df3c6b5c5a00e318b1525	d__Bacteria; p__Firmicutes; c__Clostridia; o__Peptostreptococcales-Tissierellales; f__Peptostreptococcaceae; g__Intestinibacter
891b19fc8994d3af1965a04c47ad1858	d__Bacteria; p__Firmicutes; c__Clostridia; o__Oscillospirales; f__[Eubacterium]_coprostanoligenes_group; g__[Eubacterium]_coprostanoligenes_group; s__human_gut
81cf408659e8d91e1619a152eed2d784	d__Bacteria; p__Firmicutes; c__Clostridia; o__Lachnospirales; f__Lachnospiraceae
8d3399fcc1d58288ac8db625569b2416	d__Bacteria; p__Firmicutes; c__Clostridia; o__Lachnospirales; f__Lachnospiraceae
63e7a49adfcfc29d0befd68c4348773e	d__Bacteria; p__Firmicutes; c__Clostridia; o__Lachnospirales; f__Lachnospiraceae; g__Dorea
3e47d38a56ed61449552b44ba9f27d44	d__Bacteria; p__Firmicutes; c__Clostridia; o__Lachnospirales; f__Lachnospiraceae; g__Agathobacter
8b5d1475af9b1e95036bbee69d7c8760	d__Bacteria; p__Firmicutes; c__Clostridia; o__Lachnospirales; f__Lachnospiraceae; g__Lachnoclostridium
9028960fdc9d3117cccc8f26c304dc8f	d__Bacteria; p__Firmicutes; c__Clostridia; o__Lachnospirales; f__Lachnospiraceae
b22fa4f837ea90c5a876f7209c2e4008	d__Bacteria; p__Firmicutes; c__Clostridia; o__Lachnospirales; f__Lachnospiraceae
d79a83aa980cdfadadacb835a3bb2281	d__Bacteria; p__Firmicutes; c__Clostridia; o__Lachnospirales; f__Lachnospiraceae
52c721c5606331e3052131e5b55f4a10	d__Bacteria; p__Firmicutes; c__Clostridia; o__Oscillospirales; f__[Eubacterium]_coprostanoligenes_group; g__[Eubacterium]_coprostanoligenes_group
8294274a9fb7f401b241b4781884d6b3	d__Bacteria; p__Firmicutes; c__Clostridia; o__Oscillospirales; f__[Eubacterium]_coprostanoligenes_group; g__[Eubacterium]_coprostanoligenes_group
2b93d1f7d7fe69933b8b60f2852623c8	d__Bacteria; p__Proteobacteria; c__Gammaproteobacteria; o__Enterobacterales; f__Enterobacteriaceae; g__Escherichia-Shigella
7b50cc70ac5d09b2b6cc59650b4e10e1	d__Bacteria; p__Proteobacteria; c__Gammaproteobacteria; o__Enterobacterales; f__Enterobacteriaceae
d2ba57f91e02afd10805d92924a8e601	d__Bacteria; p__Proteobacteria; c__Gammaproteobacteria; o__Enterobacterales; f__Enterobacteriaceae
725aa87a8041464dabde490c12b78bbd	d__Bacteria; p__Actinobacteriota; c__Actinobacteria; o__Micrococcales; f__Micrococcaceae; g__Rothia
add592a4b1c34d9fb32b41377c635981	d__Bacteria; p__Actinobacteriota; c__Actinobacteria; o__Micrococcales; f__Micrococcaceae; g__Rothia
e287a9f0949da7a63aae6a2b42188170	d__Bacteria; p__Actinobacteriota; c__Actinobacteria; o__Bifidobacteriales; f__Bifidobacteriaceae; g__Bifidobacterium
5a7c54df07a9de9a7f172c742ee3a1b9	d__Bacteria; p__Firmicutes; c__Clostridia; o__Lachnospirales; f__Lachnospiraceae; g__Lachnoclostridium
a9cd059d3aeed466e0003eb45e3a98f9	d__Bacteria; p__Firmicutes; c__Clostridia; o__Peptostreptococcales-Tissierellales; f__Anaerovoracaceae; g__Family_XIII_UCG-001; s__uncultured_bacterium
daf2997b514565cb3ec99a60d2fa267d	d__Bacteria; p__Firmicutes; c__Clostridia; o__Peptostreptococcales-Tissierellales; f__Anaerovoracaceae
4510473b38788692408b48209d82186e	d__Bacteria; p__Firmicutes; c__Clostridia; o__Peptostreptococcales-Tissierellales; f__Anaerovoracaceae; g__Family_XIII_AD3011_group; s__uncultured_Eubacterium
73c5e738806537dbe7dd71213ad0ca9e	d__Bacteria; p__Firmicutes; c__Clostridia; o__Peptostreptococcales-Tissierellales; f__Anaerovoracaceae; g__Family_XIII_AD3011_group
76727b182d1a5c79bbf07886e02a3ab4	d__Bacteria; p__Firmicutes; c__Clostridia; o__Peptostreptococcales-Tissierellales; f__Anaerovoracaceae; g__Family_XIII_UCG-001; s__uncultured_bacterium
b07d8f106ff1fcd8e3f0ae62d1400563	d__Bacteria; p__Firmicutes; c__Clostridia
6c753d8d31c2ee17d4d2c7a9cead7cec	d__Bacteria; p__Firmicutes; c__Clostridia; o__Lachnospirales; f__Lachnospiraceae; g__Lachnospiraceae_UCG-010; s__uncultured_organism
66329e43ed5b1d198a865e731da283f6	d__Bacteria; p__Firmicutes; c__Clostridia; o__Lachnospirales; f__Lachnospiraceae; g__Lachnospiraceae_UCG-010; s__uncultured_bacterium
fe595b8c530cd793608c730366cd957b	d__Bacteria; p__Firmicutes; c__Clostridia; o__Lachnospirales; f__Lachnospiraceae; g__Tyzzerella
6f4983aeabcc5874538d845fd96119c2	d__Bacteria; p__Firmicutes; c__Clostridia; o__Oscillospirales; f__[Eubacterium]_coprostanoligenes_group; g__[Eubacterium]_coprostanoligenes_group; s__uncultured_bacterium
ef8d2e8d9fe21e16e915bec6f21e56e1	d__Bacteria; p__Firmicutes; c__Clostridia; o__Lachnospirales; f__Lachnospiraceae
5c590e7ef6dad1c0afddfa6da5d37b0a	d__Bacteria; p__Firmicutes; c__Clostridia; o__Lachnospirales; f__Lachnospiraceae
277ba6dcbe3b7c0ca0336ba0bf42bc22	d__Bacteria; p__Firmicutes; c__Clostridia; o__Oscillospirales; f__[Eubacterium]_coprostanoligenes_group; g__[Eubacterium]_coprostanoligenes_group
5967b70502d92246f06957d6ce214d22	d__Bacteria; p__Firmicutes; c__Clostridia; o__Oscillospirales; f__[Eubacterium]_coprostanoligenes_group; g__[Eubacterium]_coprostanoligenes_group
04a8defaef2c1d83dd9c45622157e915	d__Bacteria; p__Firmicutes; c__Clostridia; o__Peptostreptococcales-Tissierellales; f__Anaerovoracaceae; g__Family_XIII_AD3011_group
784edbbee6207b3f38f7e18885b23c39	d__Bacteria; p__Firmicutes; c__Clostridia; o__Oscillospirales; f__Butyricicoccaceae; g__UCG-009
3f5112837660e4cddb071fa0eee4a80d	d__Bacteria; p__Firmicutes; c__Clostridia; o__Oscillospirales; f__[Eubacterium]_coprostanoligenes_group; g__[Eubacterium]_coprostanoligenes_group
4dfd2697d92465e5aab4663d2a9db42a	d__Bacteria; p__Firmicutes; c__Clostridia; o__Peptostreptococcales-Tissierellales; f__Anaerovoracaceae
a3061437f8a183abcd80f2f00f8ed5d0	d__Bacteria; p__Firmicutes; c__Clostridia; o__Lachnospirales; f__Lachnospiraceae
e493b2c0033ae9cb68f9c5ad796e8730	d__Bacteria; p__Firmicutes; c__Clostridia; o__Lachnospirales; f__Lachnospiraceae
1d3b29eb350c6bc7d3a3316fc7dc6b64	d__Bacteria; p__Firmicutes; c__Clostridia; o__Lachnospirales; f__Lachnospiraceae
417710d8dba752cb4e3549a8826d82b5	d__Bacteria; p__Firmicutes; c__Clostridia; o__Lachnospirales; f__Lachnospiraceae
2489774f5f3c92f6dc6861710fa12cf9	d__Bacteria; p__Firmicutes; c__Clostridia; o__Lachnospirales; f__Lachnospiraceae
aa01daebbcb41420e691f34b0e04b4ae	d__Bacteria; p__Firmicutes; c__Clostridia; o__Lachnospirales; f__Lachnospiraceae; g__[Eubacterium]_hallii_group
a1462aa914e02fc42f629273d906dcf7	d__Bacteria; p__Firmicutes; c__Clostridia; o__Clostridiales; f__Clostridiaceae; g__Clostridium_sensu_stricto_1
de81fd2eb08b70e63ecb90686760252c	d__Bacteria; p__Firmicutes; c__Clostridia; o__Clostridiales; f__Clostridiaceae; g__Clostridium_sensu_stricto_1
71a84b157889156238bec2c0e5558fc0	d__Bacteria; p__Firmicutes; c__Clostridia; o__Oscillospirales; f__Butyricicoccaceae; g__UCG-009
565d02e1fc399738d9b059715dca5006	d__Bacteria; p__Firmicutes; c__Clostridia; o__Lachnospirales; f__Lachnospiraceae; g__Blautia
5aaa1a70c8a12b7cba55f6a6c54ee316	d__Bacteria; p__Firmicutes; c__Clostridia; o__Lachnospirales; f__Lachnospiraceae; g__Blautia
98af533b584592f15f11ed56c9562348	d__Bacteria; p__Firmicutes; c__Clostridia; o__Lachnospirales; f__Lachnospiraceae; g__Blautia
bf87687f5710cb118c55b94978c6a4d5	d__Bacteria; p__Firmicutes; c__Clostridia; o__Lachnospirales; f__Lachnospiraceae; g__Blautia
eda6656bde8fcf55da59cb7a76d58142	d__Bacteria; p__Firmicutes; c__Clostridia; o__Lachnospirales; f__Lachnospiraceae; g__Blautia
ae3e2402298ba44909ad3b87736102c1	d__Bacteria; p__Firmicutes; c__Clostridia; o__Lachnospirales; f__Lachnospiraceae
c5c98e5397179299d7fbd5a0d332cd63	d__Bacteria; p__Firmicutes; c__Clostridia; o__Lachnospirales; f__Lachnospiraceae; g__Blautia
643e2abd5bb01bb490e4c1bc87f241c9	d__Bacteria; p__Firmicutes; c__Clostridia; o__Lachnospirales; f__Lachnospiraceae; g__Blautia
4d4c0de99b5ab961dacd4d8cf0f72f7e	d__Bacteria; p__Firmicutes; c__Clostridia; o__Lachnospirales; f__Lachnospiraceae; g__Blautia
d7dba3f5fefba0bb92fc41b12b27d587	d__Bacteria; p__Firmicutes; c__Clostridia; o__Lachnospirales; f__Lachnospiraceae
583f2a40a67cb5427a87351714bb8dcd	d__Bacteria; p__Firmicutes; c__Clostridia; o__Lachnospirales; f__Lachnospiraceae; g__Sellimonas
9aed28dcec1250ec299e7f9a6e935a34	d__Bacteria; p__Firmicutes; c__Clostridia; o__Lachnospirales; f__Lachnospiraceae; g__Sellimonas
af2b711b134f91b7296da0b4fc6fc3a5	d__Bacteria; p__Firmicutes; c__Clostridia
602cc50fbb74fc8f8bb52806cd6bc2a2	d__Bacteria; p__Firmicutes; c__Clostridia; o__Lachnospirales; f__Lachnospiraceae
fb31e2d487eb962ea640a9f41e6ad127	d__Bacteria; p__Firmicutes; c__Clostridia; o__Lachnospirales; f__Lachnospiraceae
c2bd7a2e90d6b7261f17e6c076d4b150	d__Bacteria; p__Firmicutes; c__Clostridia; o__Lachnospirales; f__Lachnospiraceae
aecf38838296da0ca313593f800a7bc9	d__Bacteria; p__Firmicutes; c__Clostridia; o__Lachnospirales; f__Lachnospiraceae
3c790d7e3c9ee2aff1f27feebdccea97	d__Bacteria; p__Firmicutes; c__Clostridia; o__Lachnospirales; f__Lachnospiraceae; g__Frisingicoccus
364650205e324be60078381d1326b8a3	d__Bacteria; p__Firmicutes; c__Clostridia; o__Lachnospirales; f__Lachnospiraceae; g__CHKCI001; s__uncultured_organism
00dbf8a5fc40f4a9711e9c436f128c84	d__Bacteria; p__Firmicutes; c__Clostridia; o__Peptostreptococcales-Tissierellales; f__Peptostreptococcales-Tissierellales; g__Peptoniphilus; s__Peptoniphilus_lacrimalis
eb5d16b7664a02406ee0311388e48add	d__Bacteria; p__Firmicutes; c__Clostridia; o__Peptostreptococcales-Tissierellales; f__Peptostreptococcales-Tissierellales; g__Peptoniphilus; s__Peptoniphilus_duerdenii
5f96109a8c9d641a3257d17eeb93a7e7	d__Bacteria; p__Firmicutes; c__Clostridia; o__Lachnospirales; f__Lachnospiraceae
70bc149ae7b2f7e9b70ebfd28eada381	d__Bacteria; p__Firmicutes; c__Clostridia; o__Lachnospirales; f__Lachnospiraceae
dbe364a66933f40b77f5090bf05a7595	d__Bacteria; p__Firmicutes; c__Clostridia; o__Lachnospirales; f__Lachnospiraceae
d16e9040cffad9841cc1682e889f0b55	d__Bacteria; p__Firmicutes; c__Clostridia; o__Lachnospirales; f__Lachnospiraceae
85dfbea96493810f1840827bb43122b0	d__Bacteria; p__Firmicutes; c__Clostridia; o__Lachnospirales; f__Lachnospiraceae
ddc24248595dfbca66f97ded9bb08763	d__Bacteria; p__Firmicutes; c__Clostridia; o__Lachnospirales; f__Lachnospiraceae
44e69b3a6c716d0117798a3b045009ab	d__Bacteria; p__Firmicutes; c__Clostridia; o__Lachnospirales; f__Lachnospiraceae; g__Roseburia
a2e053002082ddb1d29d3a5f7c258007	d__Bacteria; p__Firmicutes; c__Clostridia; o__Lachnospirales; f__Lachnospiraceae; g__Roseburia
da02c57d707f95082eefcf16953bbb12	d__Bacteria; p__Firmicutes; c__Clostridia; o__Lachnospirales; f__Lachnospiraceae
b5d6c5c4597d604ba385dbb0101f3f4e	d__Bacteria; p__Firmicutes; c__Clostridia; o__Lachnospirales; f__Lachnospiraceae
d3bfc3ce97658b82d6e7eed92f8af7e5	d__Bacteria; p__Firmicutes; c__Clostridia; o__Peptostreptococcales-Tissierellales; f__Peptostreptococcales-Tissierellales; g__Fenollaria
e6fd5c92e8be996bd560c73bb436eb31	d__Bacteria; p__Firmicutes; c__Clostridia; o__Lachnospirales; f__Lachnospiraceae; g__[Ruminococcus]_torques_group
e02671b95678c8ed8325498f5469397e	d__Bacteria; p__Firmicutes; c__Clostridia; o__Lachnospirales; f__Lachnospiraceae
46e1b212a4e82064addd5cc040f311f5	d__Bacteria; p__Firmicutes; c__Clostridia; o__Lachnospirales; f__Lachnospiraceae
58560668bf4177588fa3007edfb3586f	d__Bacteria; p__Firmicutes; c__Clostridia; o__Lachnospirales; f__Lachnospiraceae
721d172403675de5ada13943d302486f	d__Bacteria; p__Firmicutes; c__Clostridia; o__Oscillospirales; f__Ruminococcaceae
6c75bccb7208826119ca1008b148f085	d__Bacteria; p__Firmicutes; c__Clostridia; o__Oscillospirales; f__[Clostridium]_methylpentosum_group; g__[Clostridium]_methylpentosum_group; s__Ruminococcus_sp.
459a44685136a34949dd9ee0638b6386	d__Bacteria; p__Firmicutes; c__Clostridia; o__Oscillospirales; f__Ruminococcaceae; g__Candidatus_Soleaferrea; s__uncultured_Anaerotruncus
8d79c5f7f6035d4110d20f23efcff22a	d__Bacteria; p__Firmicutes; c__Clostridia; o__Lachnospirales; f__Lachnospiraceae
aa1d92e72252f7bcf044f11f9a26648a	d__Bacteria; p__Firmicutes; c__Clostridia; o__Lachnospirales; f__Lachnospiraceae; g__Anaerostipes
bc8dded20aa3280c2cae912ba8bd6c6c	d__Bacteria; p__Firmicutes; c__Clostridia; o__Lachnospirales; f__Lachnospiraceae
cb53443a3023140d4430191bf8ab596a	d__Bacteria; p__Firmicutes; c__Clostridia; o__Lachnospirales; f__Lachnospiraceae
1e30a71ac4adfcd6968e17ffeb2f9da8	d__Bacteria; p__Firmicutes; c__Clostridia; o__Lachnospirales; f__Lachnospiraceae; g__Anaerostipes
3323a000b57c7a3484b440d2fe84bd14	d__Bacteria; p__Firmicutes; c__Clostridia; o__Lachnospirales; f__Lachnospiraceae; g__Anaerostipes
4e4ef48d7c912e27744172ffe95aac39	d__Bacteria; p__Firmicutes; c__Clostridia; o__Lachnospirales; f__Lachnospiraceae
628cd26ab75524cbe3006b16d8f5fa92	d__Bacteria; p__Firmicutes; c__Clostridia; o__Lachnospirales; f__Lachnospiraceae
18830b40465ca52d3cc9a0783a9f56d7	d__Bacteria; p__Firmicutes; c__Clostridia; o__Lachnospirales; f__Lachnospiraceae
44cce16db1b039887b9c4c3dc5bf9189	d__Bacteria; p__Firmicutes; c__Clostridia; o__Lachnospirales; f__Lachnospiraceae
f1785146ea548ae675c70f0bbd1d9182	d__Bacteria; p__Firmicutes; c__Clostridia; o__Lachnospirales; f__Lachnospiraceae
e721f1f00d5cfb2066df37ff34827b73	d__Bacteria; p__Firmicutes; c__Clostridia; o__Lachnospirales; f__Lachnospiraceae
cf8c6db561ddcdee231182b79a993290	d__Bacteria; p__Firmicutes; c__Clostridia; o__Lachnospirales; f__Lachnospiraceae
be7cc20416cf0657fa98c5156b5fbb1a	d__Bacteria; p__Firmicutes; c__Clostridia; o__Lachnospirales; f__Lachnospiraceae
bfa2f8a14758982e13cd6db55c0b94c5	d__Bacteria; p__Firmicutes; c__Clostridia; o__Lachnospirales; f__Lachnospiraceae
d026a96048dbd7e3e9fa76d5a743391d	d__Bacteria; p__Firmicutes; c__Clostridia; o__Lachnospirales; f__Lachnospiraceae
1bb570b84f3322e653c33df5be003e9a	d__Bacteria; p__Firmicutes; c__Clostridia; o__Lachnospirales; f__Lachnospiraceae
89fd1b6111b0d0f563a8931ba4ac81e0	d__Bacteria; p__Firmicutes; c__Clostridia; o__Lachnospirales; f__Lachnospiraceae
84164500777b5ad250e46d2559600e93	d__Bacteria; p__Firmicutes; c__Clostridia; o__Lachnospirales; f__Lachnospiraceae
ca669b842957ce530d8824c52d9ee368	d__Bacteria; p__Firmicutes; c__Clostridia; o__Lachnospirales; f__Lachnospiraceae
6086f6a4591b914e6531dd3165620333	d__Bacteria; p__Firmicutes; c__Clostridia; o__Lachnospirales; f__Lachnospiraceae
4e0c25d952fea1d1dfc4fae12a39cde4	d__Bacteria; p__Firmicutes; c__Clostridia; o__Lachnospirales; f__Lachnospiraceae; g__[Eubacterium]_ruminantium_group
a57679dac9b0be6092a85ac4577fca3b	d__Bacteria; p__Firmicutes; c__Clostridia; o__Lachnospirales; f__Lachnospiraceae
8d7911d92fd21ababf667cd327efa94a	d__Bacteria; p__Firmicutes; c__Clostridia; o__Lachnospirales; f__Lachnospiraceae
39ae15d1af23aeaeca38ba38f7595952	d__Bacteria; p__Firmicutes; c__Clostridia; o__Lachnospirales; f__Lachnospiraceae
073f8af5ef1611e3a2d7bf627e082949	d__Bacteria; p__Firmicutes; c__Clostridia; o__Lachnospirales; f__Lachnospiraceae; g__Moryella; s__human_gut
a5d7e1a133458530897155f47652e366	d__Bacteria; p__Firmicutes; c__Clostridia; o__Oscillospirales; f__Ruminococcaceae; g__UBA1819
77695fe6371acefc5dbe89739caeb822	d__Bacteria; p__Firmicutes; c__Clostridia; o__Oscillospirales; f__Ruminococcaceae; g__Faecalibacterium
e57979324f8a61b4d595b04248c8ea68	d__Bacteria; p__Firmicutes; c__Clostridia; o__Oscillospirales; f__Ruminococcaceae; g__Faecalibacterium
1b48de760c3613b5baa88d7292016616	d__Bacteria; p__Firmicutes; c__Clostridia; o__Oscillospirales; f__Ruminococcaceae; g__Faecalibacterium
8ec1b3332f9670ab33f0438b20bad2f9	d__Bacteria; p__Firmicutes; c__Clostridia; o__Oscillospirales; f__Ruminococcaceae; g__Faecalibacterium
516fb33378d106950a0407d4ae2c1336	d__Bacteria; p__Firmicutes; c__Clostridia; o__Lachnospirales; f__Defluviitaleaceae; g__Defluviitaleaceae_UCG-011; s__uncultured_bacterium
78b824cf7bb8132b2c9759b4747c730e	d__Bacteria; p__Firmicutes; c__Clostridia; o__Lachnospirales; f__Defluviitaleaceae; g__Defluviitaleaceae_UCG-011; s__uncultured_bacterium
a21aa039a6abde16232928e02e86fa31	d__Bacteria; p__Firmicutes; c__Clostridia; o__Oscillospirales; f__Ruminococcaceae; g__Paludicola; s__uncultured_Clostridiaceae
879b37a79d2a6cc8f3a6df631f1bf50d	d__Bacteria; p__Firmicutes; c__Clostridia; o__Oscillospirales; f__Ruminococcaceae; g__Ruminococcus; s__Ruminococcus_callidus
86cfc675dcb5792c04bb673336fd47c4	d__Bacteria; p__Firmicutes; c__Clostridia; o__Lachnospirales; f__Lachnospiraceae
df5db60380b47314824bafdf798b8c7f	d__Bacteria; p__Firmicutes; c__Clostridia; o__Peptostreptococcales-Tissierellales; f__Peptostreptococcales-Tissierellales; g__Parvimonas
0a375e8a12c60de3951e039755b6fee4	d__Bacteria; p__Firmicutes; c__Clostridia; o__Oscillospirales
0d6fbaa05b7023a009287a0c28f1a7f9	d__Bacteria; p__Firmicutes; c__Clostridia; o__Lachnospirales; f__Lachnospiraceae; g__Anaerostipes
f4225ee8315989de6e9d002b57d0a9c2	d__Bacteria; p__Firmicutes; c__Clostridia; o__Lachnospirales; f__Lachnospiraceae
bb6164a0d93e5b1c8aac4aa54e116179	d__Bacteria; p__Desulfobacterota; c__Desulfovibrionia; o__Desulfovibrionales; f__Desulfovibrionaceae; g__Desulfovibrio; s__metagenome
55648175aba397c4e7bf8bcf6bb9e814	d__Bacteria; p__Desulfobacterota; c__Desulfovibrionia; o__Desulfovibrionales; f__Desulfovibrionaceae; g__Desulfovibrio; s__bacterium
17f0f6a37c7426f710bceed9139f4524	d__Bacteria; p__Desulfobacterota; c__Desulfovibrionia; o__Desulfovibrionales; f__Desulfovibrionaceae; g__Bilophila
33dbe11037669145b255586b7c06ce6a	d__Bacteria; p__Firmicutes; c__Clostridia; o__Oscillospirales
aac46bc42d5f74a80adc6c3174da738c	d__Bacteria; p__Firmicutes; c__Clostridia; o__Oscillospirales; f__Butyricicoccaceae; g__Butyricicoccus
f515d8496def61ea3054fde391c8616a	d__Bacteria; p__Firmicutes; c__Clostridia; o__Oscillospirales; f__Butyricicoccaceae; g__Butyricicoccus
9303292a617185763f202cb9de1dc01c	d__Bacteria; p__Firmicutes; c__Clostridia
85a3f05e4fd0492b9873a5db085ecc15	d__Bacteria; p__Firmicutes; c__Clostridia; o__Monoglobales; f__Monoglobaceae; g__Monoglobus
e0934df0010f26110568d3e676258c99	d__Bacteria; p__Firmicutes; c__Clostridia; o__Monoglobales; f__Monoglobaceae; g__Monoglobus; s__uncultured_bacterium
97887eca1752a947e3689da8ed9dee75	d__Bacteria; p__Firmicutes; c__Clostridia; o__Oscillospirales; f__Butyricicoccaceae; g__Butyricicoccus
89b11556050aa99bb8ec8e94272f02e0	d__Bacteria; p__Firmicutes; c__Clostridia; o__Monoglobales; f__Monoglobaceae; g__Monoglobus
bea92134367358965ada1691a3f5a8e1	d__Bacteria; p__Firmicutes; c__Clostridia
f73f0d2a57a92cd8432fb06fe4d7dac1	d__Bacteria; p__Proteobacteria; c__Gammaproteobacteria; o__Pseudomonadales; f__Pseudomonadaceae; g__Pseudomonas
a5e34a0f547041e968c79b48d70b356c	d__Bacteria; p__Firmicutes; c__Clostridia; o__Lachnospirales; f__Lachnospiraceae; g__Butyrivibrio
3022b57d1527882e7fc90d4690788d6a	d__Bacteria; p__Firmicutes; c__Clostridia; o__Lachnospirales; f__Lachnospiraceae
a168981df5a720c7fe0f4a36d23f271c	d__Bacteria; p__Firmicutes; c__Clostridia; o__Lachnospirales; f__Lachnospiraceae; g__Hungatella
acfa59f508a247265ba35b4c950e9946	d__Bacteria; p__Firmicutes; c__Clostridia; o__Lachnospirales; f__Lachnospiraceae; g__Hungatella
6db2cc2b14c7c13468e5be8825bc4fc4	d__Bacteria; p__Firmicutes; c__Clostridia; o__Oscillospirales; f__UCG-010; g__UCG-010; s__gut_metagenome
d5095308f068bfe741e3516dac1fb21f	d__Bacteria; p__Firmicutes; c__Clostridia; o__Oscillospirales; f__UCG-010; g__UCG-010
2e23114fba4bd45fa62e837f3224c000	d__Bacteria; p__Firmicutes; c__Clostridia; o__Oscillospirales; f__Oscillospiraceae; g__Oscillibacter
d4c0f933a9773f44deb57ac26d5df110	d__Bacteria; p__Firmicutes; c__Clostridia; o__Oscillospirales; f__Oscillospiraceae; g__Oscillibacter
53555a1f4e1df0ebd27904f67b08b09d	d__Bacteria; p__Firmicutes; c__Clostridia; o__Oscillospirales; f__Oscillospiraceae
a0e02f385c1a98fb61e7f00225792bda	d__Bacteria; p__Firmicutes; c__Clostridia; o__Oscillospirales; f__Oscillospiraceae; g__Oscillibacter
e8e007729c7da9603b27abd054c50503	d__Bacteria; p__Firmicutes; c__Clostridia; o__Oscillospirales; f__Oscillospiraceae
de5430b812627d51615c4cfb703c6e15	d__Bacteria; p__Firmicutes; c__Clostridia; o__Oscillospirales; f__UCG-010; g__UCG-010; s__gut_metagenome
2127f178c7cfba4147e0b7b76ad4fecf	d__Bacteria; p__Firmicutes; c__Clostridia; o__Christensenellales; f__Christensenellaceae; g__Christensenellaceae_R-7_group
0e7a928de93a1e391e85e248770e1347	d__Bacteria; p__Firmicutes; c__Clostridia; o__Clostridia_vadinBB60_group; f__Clostridia_vadinBB60_group; g__Clostridia_vadinBB60_group
579fa19da30b8457beab697b55599184	d__Bacteria; p__Firmicutes; c__Clostridia; o__Oscillospirales; f__Oscillospiraceae; g__NK4A214_group
8968611a7b6ec6196318a0e60caf84bc	d__Bacteria; p__Firmicutes; c__Clostridia; o__Oscillospirales; f__Oscillospiraceae; g__UCG-005
02b952cd1c0544e51c4567a21aed9a40	d__Bacteria; p__Firmicutes; c__Clostridia; o__Oscillospirales; f__Oscillospiraceae; g__NK4A214_group
003d153fed4094457b0e0b05ab68e896	d__Bacteria; p__Firmicutes; c__Clostridia; o__Oscillospirales; f__Oscillospiraceae; g__NK4A214_group
ad079e5729c76fc8cf7c0efc9ce957ee	d__Bacteria; p__Firmicutes; c__Clostridia; o__Christensenellales; f__Christensenellaceae; g__uncultured
31f5bcf655bf1e3f2d4e6ea43c1f7ced	d__Bacteria; p__Firmicutes; c__Clostridia; o__Oscillospirales; f__Oscillospiraceae; g__NK4A214_group; s__gut_metagenome
7625637952d886b2bed9b5510891d667	d__Bacteria; p__Firmicutes; c__Clostridia; o__Oscillospirales; f__Oscillospiraceae
54092e46bd43b692be3428f6cb617df6	d__Bacteria; p__Firmicutes; c__Clostridia; o__Oscillospirales; f__Oscillospiraceae; g__NK4A214_group
36167698d549a946861e17b0513a024e	d__Bacteria; p__Firmicutes; c__Clostridia; o__Oscillospirales; f__UCG-010; g__UCG-010; s__unidentified
3cb9a0a6baa102280045d95a07c3aaf2	d__Bacteria; p__Firmicutes; c__Clostridia; o__Oscillospirales; f__UCG-010; g__UCG-010; s__unidentified
ddde8710104775dd0c0d3d1e0afa7f6c	d__Bacteria; p__Firmicutes; c__Clostridia; o__Christensenellales; f__Christensenellaceae; g__Christensenellaceae_R-7_group; s__uncultured_prokaryote
a531b7b5d81b82cc1a16f623b17c04b0	d__Bacteria; p__Firmicutes; c__Clostridia; o__Christensenellales; f__Christensenellaceae; g__Christensenellaceae_R-7_group; s__uncultured_prokaryote
6c4b7d53eabacb31d56175ed791bc9aa	d__Bacteria; p__Firmicutes; c__Clostridia; o__Christensenellales; f__Christensenellaceae; g__Christensenellaceae_R-7_group
c7e2838d65827706b317e70f3db7083a	d__Bacteria; p__Firmicutes; c__Clostridia; o__Christensenellales; f__Christensenellaceae; g__Christensenellaceae_R-7_group
d180a7ac7a71005d6d958be7fe7ede1d	d__Bacteria; p__Firmicutes; c__Clostridia; o__Christensenellales; f__Christensenellaceae; g__Christensenellaceae_R-7_group
c1d907b45bf8baf72adeb37dfc8c2e26	d__Bacteria; p__Firmicutes; c__Clostridia; o__Christensenellales; f__Christensenellaceae; g__Christensenellaceae_R-7_group
a1de41fc8d7f2f7812d39825694c55c4	d__Bacteria; p__Firmicutes; c__Clostridia; o__Christensenellales; f__Christensenellaceae; g__Christensenellaceae_R-7_group
be154ef43c407f22e867860cc8eed84a	d__Bacteria; p__Firmicutes; c__Clostridia; o__Oscillospirales; f__UCG-010; g__UCG-010
24d310030e8ce40d9da1781076379ada	d__Bacteria; p__Firmicutes; c__Clostridia; o__Oscillospirales; f__UCG-010; g__UCG-010; s__metagenome
f718136eaa24e104c098b72099145caa	d__Bacteria; p__Firmicutes; c__Clostridia; o__Oscillospirales; f__UCG-010; g__UCG-010
b2d2467463949508ce20442205293111	d__Bacteria; p__Firmicutes; c__Clostridia; o__Oscillospirales; f__UCG-010; g__UCG-010
f779ac60891c5d671cf0c240b4366c71	d__Bacteria; p__Firmicutes; c__Clostridia; o__Oscillospirales; f__UCG-010; g__UCG-010
00dfb19ae44d2e87db512cbfce481fb0	d__Bacteria; p__Firmicutes; c__Clostridia; o__Oscillospirales; f__UCG-010; g__UCG-010
3468fc0d18be68e2b2508e959c01d0a9	d__Bacteria; p__Firmicutes; c__Clostridia; o__Oscillospirales; f__UCG-010; g__UCG-010
fe6213cf865fb1e69bc6f145c3278748	d__Bacteria; p__Firmicutes; c__Clostridia; o__Oscillospirales; f__UCG-010; g__UCG-010
a1a83de2188aa81dd1d5ac992f3a824b	d__Bacteria; p__Firmicutes; c__Clostridia; o__Oscillospirales; f__UCG-010; g__UCG-010
790cf3564f3e1063280836aee30d1048	d__Bacteria; p__Firmicutes; c__Clostridia; o__Christensenellales; f__Christensenellaceae; g__Christensenellaceae_R-7_group; s__bacterium_YE57
4840fc9cacc3f2aee1be2f6f40e6a3ca	d__Bacteria; p__Firmicutes; c__Clostridia; o__Christensenellales; f__Christensenellaceae; g__Christensenellaceae_R-7_group; s__bacterium_YE57
ebb3ba111e1a243c9e2f03ebff440de9	d__Bacteria; p__Firmicutes; c__Clostridia; o__Oscillospirales; f__Oscillospiraceae
5da0f972a619ab47ef30b688747a3a17	d__Bacteria; p__Firmicutes; c__Clostridia; o__Oscillospirales; f__Oscillospiraceae
6343c73c77942166ef3465cce943e703	d__Bacteria; p__Firmicutes; c__Clostridia; o__Oscillospirales; f__Oscillospiraceae
fc6fb5e8ba100d656717ee51403551b8	d__Bacteria; p__Firmicutes; c__Clostridia; o__Oscillospirales; f__Oscillospiraceae; g__Intestinimonas; s__Intestinimonas_timonensis
affbda6b361fc360652ab452c76f321f	d__Bacteria; p__Firmicutes; c__Clostridia; o__Oscillospirales; f__Oscillospiraceae; g__UCG-002
44f948cdfeda78fc660070391c465570	d__Bacteria; p__Firmicutes; c__Clostridia; o__Oscillospirales; f__Oscillospiraceae; g__UCG-002
b4ef2c58a97e2d52b5dbf582000cae1f	d__Bacteria; p__Firmicutes; c__Clostridia; o__Oscillospirales; f__Oscillospiraceae; g__UCG-002
b1950405641f7956ab35c3951e39a909	d__Bacteria; p__Firmicutes; c__Clostridia; o__Oscillospirales; f__Oscillospiraceae
0d1b67acffc7e6d3c17cea04b91fe8af	d__Bacteria; p__Firmicutes; c__Clostridia; o__Oscillospirales; f__Oscillospiraceae; g__Colidextribacter
d2127a42c50be430533b072d787207e0	d__Bacteria; p__Firmicutes; c__Clostridia; o__Oscillospirales; f__Oscillospiraceae
ca13bf7a99bb6f849012869b0a74d2b2	d__Bacteria; p__Firmicutes; c__Clostridia; o__Oscillospirales; f__Oscillospiraceae
7ce9efb82157582cfc311a1221ebdf11	d__Bacteria; p__Firmicutes; c__Clostridia; o__Oscillospirales; f__Oscillospiraceae; g__Colidextribacter
d077099c5c45f8d1810bbe1ba3bca11d	d__Bacteria; p__Firmicutes; c__Clostridia; o__Oscillospirales; f__Oscillospiraceae; g__Colidextribacter
1ebe888a94979af3dae8cda04740e9c2	d__Bacteria; p__Firmicutes; c__Clostridia; o__Oscillospirales; f__Oscillospiraceae
48abc5937a7f4047a9e5905c9c19e41c	d__Bacteria; p__Firmicutes; c__Clostridia; o__Oscillospirales; f__Oscillospiraceae
7d25ad4c028479c98e026288639bd522	d__Bacteria; p__Firmicutes; c__Clostridia; o__Oscillospirales; f__Oscillospiraceae
fbd80324bf136fee6a07067dc616bad0	d__Bacteria; p__Firmicutes; c__Clostridia; o__Oscillospirales; f__Oscillospiraceae
de8ea4ce0d55199edca9b23e484ebaf5	d__Bacteria; p__Firmicutes; c__Clostridia; o__Oscillospirales; f__Oscillospiraceae
cdfbed904803f71a89e89428e0cd7e6c	d__Bacteria; p__Firmicutes; c__Clostridia; o__Oscillospirales; f__Oscillospiraceae
7bb506a7f5ac0290f8b6b8a65c38e7d8	d__Bacteria; p__Firmicutes; c__Clostridia; o__Oscillospirales; f__Oscillospiraceae
c1afc9d0136b915ffaf0817f03be8e5c	d__Bacteria; p__Firmicutes; c__Clostridia; o__Oscillospirales; f__Oscillospiraceae
0096f2428ff731f302fe061fe70010a9	d__Bacteria; p__Firmicutes; c__Clostridia; o__Oscillospirales; f__Oscillospiraceae
8181c250c87b26e3fe2be5861e283a2a	d__Bacteria; p__Firmicutes; c__Clostridia; o__Oscillospirales; f__Oscillospiraceae; g__UCG-002
74fd61584ab2fb0233b3b683e11edbc2	d__Bacteria; p__Firmicutes; c__Clostridia; o__Oscillospirales; f__Oscillospiraceae; g__UCG-002
f7500ef29fb44c58ebc7143a515eccd4	d__Bacteria; p__Firmicutes; c__Clostridia; o__Oscillospirales; f__Oscillospiraceae; g__UCG-002
4dccf7c0230d10ec117a3143066f27b7	d__Bacteria; p__Firmicutes; c__Clostridia; o__Oscillospirales; f__Oscillospiraceae; g__Flavonifractor
48e5615f80b34675bcb7ebb1ed938197	d__Bacteria; p__Firmicutes; c__Clostridia; o__Oscillospirales; f__Oscillospiraceae
9519e968c73e9daf68f6714244aca3a9	d__Bacteria; p__Firmicutes; c__Clostridia; o__Oscillospirales; f__Oscillospiraceae
fb6b582c528189b15ab2560cac8df0dc	d__Bacteria; p__Firmicutes; c__Clostridia; o__Oscillospirales; f__Oscillospiraceae; g__UCG-002
6e92ca6b0ee46ad26b8b6cc07ef4c91f	d__Bacteria; p__Firmicutes; c__Clostridia; o__Oscillospirales; f__UCG-010; g__UCG-010; s__unidentified
7f3ccaab34bae13afb2d8b704b6f90f2	d__Bacteria; p__Firmicutes; c__Clostridia; o__Oscillospirales; f__Oscillospiraceae; g__Pseudoflavonifractor
6749ecfdfc314f56e2ae15e8aed48630	d__Bacteria; p__Firmicutes; c__Clostridia; o__Christensenellales; f__Christensenellaceae; g__Christensenellaceae_R-7_group
9fcb43c0db0c9899a8414bc195477c2c	d__Bacteria; p__Firmicutes; c__Clostridia; o__Christensenellales; f__Christensenellaceae; g__Christensenellaceae_R-7_group
23b82520e8edbdcbe09f3e13c4be75dd	d__Bacteria; p__Firmicutes; c__Clostridia; o__Oscillospirales; f__UCG-010; g__UCG-010; s__uncultured_organism
5868eb7fb27cbd24d56c26ce2d0666ec	d__Bacteria; p__Firmicutes; c__Clostridia; o__Oscillospirales; f__Oscillospiraceae
997261eacf6aa67de3653c4779aeec96	d__Bacteria; p__Firmicutes; c__Clostridia; o__Oscillospirales; f__Oscillospiraceae; g__UCG-005
6395c05a9a32bd342951136bf68f6f5c	d__Bacteria; p__Firmicutes; c__Clostridia; o__Oscillospirales; f__Oscillospiraceae; g__UCG-005
14b26f22b21a3f0abcea1a6816f3f427	d__Bacteria; p__Firmicutes; c__Clostridia; o__Oscillospirales; f__Oscillospiraceae; g__UCG-005
aa5b155ad290484dfdfd45552d418eff	d__Bacteria; p__Firmicutes; c__Clostridia; o__Oscillospirales; f__Oscillospiraceae; g__UCG-005
e2586cd3fad7951af4f3727ee8179443	d__Bacteria; p__Firmicutes; c__Clostridia; o__Oscillospirales; f__Oscillospiraceae; g__UCG-005
942f097789d4b17911ca38be61a377c0	d__Bacteria; p__Firmicutes; c__Clostridia; o__Oscillospirales; f__Oscillospiraceae; g__UCG-005
6433be64a9f9c03d4b77a0233641cb45	d__Bacteria; p__Firmicutes; c__Clostridia; o__Oscillospirales; f__Oscillospiraceae; g__UCG-005
e5fdfa41face6cc67f2bb1c27b20a873	d__Bacteria; p__Firmicutes; c__Clostridia; o__Oscillospirales; f__Oscillospiraceae; g__UCG-005
a7d8795813f99ce47170270134db8f87	d__Bacteria; p__Firmicutes; c__Clostridia; o__Oscillospirales; f__Oscillospiraceae; g__UCG-005
8a6c41c854a9788d58b6095d5a959aae	d__Bacteria; p__Firmicutes; c__Clostridia; o__Oscillospirales; f__Oscillospiraceae; g__UCG-005
ad1dafe79a2de54bd7a54aa2da59ce6a	d__Bacteria; p__Firmicutes; c__Clostridia; o__Oscillospirales; f__Oscillospiraceae; g__UCG-005
2041a43d865d8e4aa76147ff530d7a7a	d__Bacteria; p__Firmicutes; c__Clostridia; o__Christensenellales; f__Christensenellaceae; g__Christensenellaceae_R-7_group
8e77d42bc8cc6c66e532ea33b8f69821	d__Bacteria; p__Firmicutes; c__Clostridia; o__Christensenellales; f__Christensenellaceae; g__Christensenellaceae_R-7_group
a37b5bcd73012b0f232498febf9771b7	d__Bacteria; p__Firmicutes; c__Clostridia; o__Christensenellales; f__Christensenellaceae; g__Christensenellaceae_R-7_group
63cc11beadef8cd3f2e255aa69263826	d__Bacteria; p__Firmicutes; c__Clostridia
9f815c96811be8cb3367b8d707ec8e32	d__Bacteria; p__Firmicutes; c__Clostridia; o__Christensenellales; f__Christensenellaceae; g__uncultured; s__uncultured_bacterium
b735c836a95ee0406c7ea366b7ed4ce0	d__Bacteria; p__Firmicutes; c__Clostridia; o__Christensenellales; f__Christensenellaceae; g__uncultured
4f3608bafee3a5a057f8a94e6094e0c4	d__Bacteria; p__Firmicutes; c__Clostridia; o__Christensenellales; f__Christensenellaceae
306364f171e1e2ccb3b23b52356a3710	d__Bacteria; p__Firmicutes; c__Clostridia; o__Oscillospirales; f__Oscillospiraceae; g__UCG-005; s__metagenome
025e8b2689236b0e15c8d7538e7f56e4	d__Bacteria; p__Firmicutes; c__Clostridia; o__Christensenellales; f__Christensenellaceae; g__Christensenellaceae_R-7_group
2eca536b0e600def015d40db9cf717ed	d__Bacteria; p__Firmicutes; c__Clostridia; o__Christensenellales; f__Christensenellaceae; g__Christensenellaceae_R-7_group; s__uncultured_marine
d58b2af33c6a3bf6df4236d8e4bbee64	d__Bacteria; p__Firmicutes; c__Clostridia; o__Christensenellales; f__Christensenellaceae; g__Christensenellaceae_R-7_group; s__uncultured_marine
c3c4c76fc9204354898a649538a5dc1a	d__Bacteria; p__Firmicutes; c__Clostridia; o__Oscillospirales; f__UCG-010; g__UCG-010
c142320f00ea5b21215000afb05385e0	d__Bacteria; p__Firmicutes; c__Clostridia; o__Oscillospirales; f__Oscillospiraceae
fad412df00e6142ce15ec75069a8930f	d__Bacteria; p__Firmicutes; c__Clostridia; o__Christensenellales; f__Christensenellaceae; g__uncultured
6ba6afcdcfdc15e04b6d2fc898c899b2	d__Bacteria; p__Firmicutes; c__Clostridia; o__Christensenellales; f__Christensenellaceae; g__Christensenellaceae_R-7_group
51a053b45b404af7d26593117bc4fab0	d__Bacteria; p__Firmicutes; c__Clostridia; o__Oscillospirales; f__Oscillospiraceae; g__UCG-005
688eff6440852c6f2362473bbaefdc0f	d__Bacteria; p__Firmicutes; c__Clostridia
1e1c29b4b593b96ab0d9d72c22946a85	d__Bacteria; p__Firmicutes; c__Clostridia; o__Oscillospirales; f__Ruminococcaceae
9880359762a151f247fa40528b57f3d6	d__Bacteria; p__Firmicutes; c__Negativicutes; o__Veillonellales-Selenomonadales; f__Veillonellaceae; g__Megasphaera
7e363287119e47591ccd4378fcab7f7e	d__Bacteria; p__Firmicutes; c__Negativicutes; o__Veillonellales-Selenomonadales; f__Veillonellaceae; g__Dialister; s__Dialister_propionicifaciens
f9467c54fb35646a6737fce720773bc0	d__Bacteria; p__Firmicutes; c__Negativicutes; o__Veillonellales-Selenomonadales; f__Veillonellaceae; g__Megasphaera; s__Megasphaera_hexanoica
8cbbc2cbfcd21278c1bd7b21ecdab124	d__Bacteria; p__Firmicutes; c__Negativicutes; o__Veillonellales-Selenomonadales; f__Veillonellaceae; g__Negativicoccus; s__uncultured_bacterium
8f42875bfb51ce6b6909d5987dbdf985	d__Bacteria; p__Firmicutes; c__Negativicutes; o__Acidaminococcales; f__Acidaminococcaceae; g__Acidaminococcus; s__uncultured_bacterium
339f20b3370dafeeb31d3908fa583bef	d__Bacteria; p__Firmicutes; c__Negativicutes; o__Acidaminococcales; f__Acidaminococcaceae; g__Acidaminococcus
bda05a27981bd2051a077d5cfc8910a5	d__Bacteria; p__Firmicutes; c__Negativicutes; o__Acidaminococcales; f__Acidaminococcaceae; g__Acidaminococcus
e2f455bc008ef27cc546c3e146642d96	d__Bacteria; p__Firmicutes; c__Negativicutes; o__Veillonellales-Selenomonadales; f__Veillonellaceae; g__Veillonella
6dee0909a7d242460c842c848c5f5073	d__Bacteria; p__Firmicutes; c__Clostridia; o__Peptococcales; f__Peptococcaceae; g__uncultured
c7eb25179060fb1ae774aee84f49a4dc	d__Bacteria; p__Firmicutes; c__Negativicutes; o__Veillonellales-Selenomonadales; f__Veillonellaceae; g__Dialister
674266c6c387beeb32778d80f662e2bf	d__Bacteria; p__Firmicutes; c__Negativicutes; o__Veillonellales-Selenomonadales; f__Veillonellaceae; g__Dialister
ae970e51612692bc89300f7e5d04ccb5	d__Bacteria; p__Firmicutes; c__Negativicutes; o__Veillonellales-Selenomonadales; f__Veillonellaceae; g__Dialister
2f00c32ae13406b3c3fadab268113aae	d__Bacteria; p__Firmicutes; c__Clostridia; o__Peptococcales; f__Peptococcaceae; g__Peptococcus; s__uncultured_bacterium
db65255589ab13735d80ba0e8bbb15ae	d__Bacteria; p__Firmicutes; c__Clostridia; o__Peptococcales; f__Peptococcaceae; g__uncultured; s__metagenome
74d89ea2dd78b1dc2d2ddc2e351b7138	d__Bacteria; p__Actinobacteriota; c__Coriobacteriia; o__Coriobacteriales; f__Atopobiaceae; g__Olsenella
0124199a86da99655b899f500e5f7171	d__Bacteria; p__Actinobacteriota; c__Coriobacteriia; o__Coriobacteriales; f__Coriobacteriaceae; g__Collinsella
28b46a1a2518fb7f11a3da65629ca44b	d__Bacteria; p__Firmicutes; c__Clostridia; o__Christensenellales; f__Christensenellaceae; g__Christensenellaceae_R-7_group
a8df5bbe765743de1920eb83e2776e86	d__Bacteria; p__Actinobacteriota; c__Actinobacteria; o__Actinomycetales; f__Actinomycetaceae; g__Actinomyces; s__Chlamydia_trachomatis
904ecbe25a4ff93f3d73f1c6b737d631	d__Bacteria; p__Actinobacteriota; c__Coriobacteriia; o__Coriobacteriales; f__Coriobacteriales_Incertae_Sedis; g__uncultured; s__gut_metagenome
db04e7f551eac5714ddf64db31706978	d__Bacteria; p__Actinobacteriota; c__Coriobacteriia; o__Coriobacteriales; f__Eggerthellaceae; g__uncultured; s__uncultured_bacterium
cda73388c07197bcf2389fc6d1ea3bf1	d__Bacteria; p__Actinobacteriota; c__Coriobacteriia; o__Coriobacteriales; f__Eggerthellaceae; g__uncultured; s__uncultured_bacterium
fe68eb2a65c4c629ccb9b3ca8017e457	d__Bacteria; p__Actinobacteriota; c__Coriobacteriia; o__Coriobacteriales; f__Eggerthellaceae; g__Eggerthella
18948cec989c5be46ef482c2398f23fa	d__Bacteria; p__Actinobacteriota; c__Coriobacteriia; o__Coriobacteriales; f__Eggerthellaceae
f7af640634a26dd9bc8b74d877a29df6	d__Bacteria; p__Actinobacteriota; c__Coriobacteriia; o__Coriobacteriales; f__Eggerthellaceae; g__Senegalimassilia
abadb1c3d64e82d61c8ee9f216319efb	d__Bacteria; p__Actinobacteriota; c__Coriobacteriia; o__Coriobacteriales; f__Eggerthellaceae; g__Enterorhabdus; s__uncultured_bacterium
a569e23d4ceac6e351acee46ddff2913	d__Bacteria; p__Actinobacteriota; c__Coriobacteriia; o__Coriobacteriales; f__Eggerthellaceae; g__Slackia; s__Slackia_isoflavoniconvertens
23ae56d31b6de895af31e641d00c2ee7	d__Bacteria; p__Actinobacteriota; c__Coriobacteriia; o__Coriobacteriales; f__Eggerthellaceae
869607e526d2261530819a372d4d3762	d__Bacteria; p__Actinobacteriota; c__Coriobacteriia; o__Coriobacteriales; f__Eggerthellaceae; g__Gordonibacter; s__Gordonibacter_pamelaeae
606fc33b1e68f7e3775fd41e971d808b	d__Bacteria; p__Proteobacteria; c__Gammaproteobacteria; o__Burkholderiales; f__Sutterellaceae; g__Parasutterella
9528e1203b0d688524221d5cb5f38ed8	d__Bacteria; p__Proteobacteria; c__Gammaproteobacteria; o__Burkholderiales; f__Sutterellaceae; g__Parasutterella; s__uncultured_organism
ed5bcdb6522972ff563e0fbdddb1a124	d__Bacteria; p__Proteobacteria; c__Gammaproteobacteria; o__Burkholderiales; f__Sutterellaceae; g__Sutterella; s__gut_metagenome
a82f691ea4c09fe13b3ec97941b9c35f	d__Bacteria; p__Proteobacteria; c__Gammaproteobacteria; o__Burkholderiales; f__Sutterellaceae; g__Sutterella; s__gut_metagenome
3249a297638b63bb98f5f80d3faefd95	d__Bacteria; p__Proteobacteria; c__Gammaproteobacteria; o__Burkholderiales; f__Oxalobacteraceae
9b057fdd6ef27ee0a0e05b1f486bd337	d__Bacteria; p__Proteobacteria; c__Gammaproteobacteria; o__Burkholderiales; f__Sutterellaceae; g__Parasutterella; s__Parasutterella_secunda
0ebbd778bff059f790902b60a977f517	d__Bacteria; p__Firmicutes; c__Clostridia; o__Oscillospirales; f__Ruminococcaceae; g__uncultured; s__uncultured_Ruminococcus
37b0f9a9e58ce74ef453233a2e217f6f	d__Bacteria; p__Firmicutes; c__Clostridia; o__Oscillospirales; f__[Eubacterium]_coprostanoligenes_group; g__[Eubacterium]_coprostanoligenes_group
41b652ea75bc7f782da781ec43542cef	d__Bacteria; p__Firmicutes; c__Clostridia; o__Oscillospirales; f__Ruminococcaceae
cef3d761b15f0350cb584fd90102bbdb	d__Bacteria; p__Firmicutes; c__Clostridia; o__Oscillospirales; f__Ruminococcaceae; g__Anaerotruncus; s__Anaerotruncus_sp.
5136c4477c286c21cc93f8e8de262796	d__Bacteria; p__Firmicutes; c__Clostridia; o__Oscillospirales; f__Ruminococcaceae; g__Negativibacillus
122ce0dc546640c8701a94239623d098	d__Bacteria; p__Firmicutes; c__Clostridia; o__Lachnospirales; f__Lachnospiraceae
e356c9231216436fc5c7b42d82791d77	d__Bacteria; p__Firmicutes; c__Clostridia; o__Lachnospirales; f__Lachnospiraceae
782597a46a3b33f0cc7a728fe3d102e2	d__Bacteria; p__Firmicutes; c__Clostridia; o__Oscillospirales; f__Ruminococcaceae
1318a8a1441c8a5d4f4990e1eab75245	d__Bacteria; p__Firmicutes; c__Clostridia; o__Oscillospirales; f__Ruminococcaceae
aac65944a90b8169101fb62ecd85f759	d__Bacteria; p__Firmicutes; c__Clostridia; o__Oscillospirales; f__[Eubacterium]_coprostanoligenes_group; g__[Eubacterium]_coprostanoligenes_group; s__uncultured_Clostridiales
8ef371a20c22a6d6bd39b6c280100b2c	d__Bacteria; p__Firmicutes; c__Clostridia; o__Oscillospirales; f__Ruminococcaceae
39c6448e12e2cfabfd4427f089a54cca	d__Bacteria; p__Firmicutes; c__Clostridia; o__Oscillospirales; f__Ruminococcaceae; g__uncultured; s__human_gut
d06a7c659726c2ef18f3d46c154cc4e5	d__Bacteria; p__Firmicutes; c__Clostridia; o__Oscillospirales; f__Ruminococcaceae; g__uncultured; s__human_gut
ec2914989cdbcda82b4a93d87701ddc5	d__Bacteria; p__Firmicutes; c__Clostridia; o__Oscillospirales; f__Ruminococcaceae
96e0f001c75700c08b860de1dd431dda	d__Bacteria; p__Firmicutes; c__Clostridia; o__Oscillospirales; f__Ruminococcaceae; g__Anaerotruncus
3be4c3a4461d8b60fe2350bf63030684	d__Bacteria; p__Firmicutes; c__Clostridia; o__Oscillospirales; f__Ruminococcaceae
4cf4728b6372d19b6047c095154b00b6	d__Bacteria; p__Firmicutes; c__Clostridia; o__Oscillospirales; f__Ruminococcaceae
74167dc758297b3ec1e16235800ee1b0	d__Bacteria; p__Firmicutes; c__Clostridia; o__Oscillospirales; f__Ruminococcaceae; g__DTU089
155f2e04d5901456f8b8f36b9d05971e	d__Bacteria; p__Firmicutes; c__Clostridia; o__Oscillospirales; f__Ruminococcaceae; g__DTU089
dfae91332bc4e9cb956e27614c50723a	d__Bacteria; p__Firmicutes; c__Clostridia; o__Oscillospirales; f__Ruminococcaceae
038b5d28c380392ecd88ffdc0573282f	d__Bacteria; p__Firmicutes; c__Clostridia; o__Oscillospirales; f__[Eubacterium]_coprostanoligenes_group; g__[Eubacterium]_coprostanoligenes_group; s__Eubacteriaceae_bacterium
1b0fc50d599495c39e312304c490e4cb	d__Bacteria; p__Firmicutes; c__Clostridia; o__Oscillospirales; f__Ruminococcaceae; g__DTU089
cc5680837e10962c7b3069728adae07e	d__Bacteria; p__Firmicutes; c__Clostridia; o__Oscillospirales; f__Ruminococcaceae
945bb33f2adda45effd7e899b38799b5	d__Bacteria; p__Firmicutes; c__Clostridia; o__Oscillospirales; f__Ruminococcaceae; g__Incertae_Sedis; s__[Clostridium]_leptum
3437afa75b64798c79050e63b9fe4f95	d__Bacteria; p__Firmicutes; c__Clostridia; o__Oscillospirales
0bd4c0ef8172bd54e201ae9dfd0305b9	d__Bacteria; p__Firmicutes; c__Clostridia; o__Oscillospirales; f__Ruminococcaceae
06a997e3066f1a3eacb450928424cf75	d__Bacteria; p__Firmicutes; c__Clostridia; o__Oscillospirales; f__Ruminococcaceae
19df0e0e08711bd419450cc85a75bfb1	d__Bacteria; p__Firmicutes; c__Clostridia; o__Oscillospirales; f__Ruminococcaceae; g__Incertae_Sedis; s__uncultured_organism
0fdc249db26057280d9fe0ac0de31757	d__Bacteria; p__Firmicutes; c__Clostridia; o__Oscillospirales; f__Ruminococcaceae
c67b4cb6f47acf56e0aca67ac0c5d8e9	d__Bacteria; p__Firmicutes; c__Clostridia; o__Oscillospirales; f__Ruminococcaceae; g__uncultured
ee9db6646b42d0c57f159d57ef52a8ee	d__Bacteria; p__Firmicutes; c__Clostridia; o__Oscillospirales; f__Ruminococcaceae; g__Subdoligranulum; s__uncultured_Subdoligranulum
ebf6450dbc4df70c2db85096b79dd6f1	d__Bacteria; p__Firmicutes; c__Clostridia; o__Oscillospirales; f__Ruminococcaceae; g__Subdoligranulum; s__uncultured_Subdoligranulum
40b20eade7e614e39ef023fb14ec732b	d__Bacteria; p__Firmicutes; c__Clostridia; o__Oscillospirales; f__Ruminococcaceae; g__uncultured; s__gut_metagenome
ca81ac6bdaebd8a32c141c336bc5d156	d__Bacteria; p__Firmicutes; c__Clostridia; o__Lachnospirales; f__Lachnospiraceae
191423f2efe2f2f694caa4f27a9eb05b	d__Bacteria; p__Firmicutes; c__Clostridia; o__Lachnospirales; f__Lachnospiraceae
712bf382b095b2b972c27256b664ce27	d__Bacteria; p__Firmicutes; c__Clostridia; o__Lachnospirales; f__Lachnospiraceae
eafa650e3ae13d3583eaeba8b0c795c2	d__Bacteria; p__Firmicutes; c__Clostridia; o__Lachnospirales; f__Lachnospiraceae
3ad58cacf4c6470787c52a5bea027563	d__Bacteria; p__Firmicutes; c__Clostridia; o__Oscillospirales; f__Ruminococcaceae
be98ae71be1c46f1d16bbe59e31f0dc2	d__Bacteria; p__Firmicutes; c__Clostridia; o__Oscillospirales; f__Ruminococcaceae; g__Subdoligranulum; s__bacterium_ic1395
a0f99935325570c136fde9d78cf020f2	d__Bacteria; p__Firmicutes; c__Clostridia; o__Oscillospirales; f__Ruminococcaceae; g__Subdoligranulum
b7d354218327512d42caf995ff5ae9e1	d__Bacteria; p__Firmicutes; c__Clostridia; o__Oscillospirales; f__Ruminococcaceae; g__Subdoligranulum
50b398fea2524f7f24b7b108b3d688f7	d__Bacteria; p__Firmicutes; c__Clostridia; o__Oscillospirales; f__Ruminococcaceae; g__Angelakisella; s__Ruminococcus_sp.
8196ce21a9d2176a602ab6e6cec6ea58	d__Bacteria; p__Firmicutes; c__Clostridia; o__Oscillospirales; f__Ruminococcaceae
79fa0657236b0077acf13eca184d38ee	d__Bacteria; p__Firmicutes; c__Clostridia; o__Oscillospirales; f__Ruminococcaceae
2e27c17ea13116600318a4502b8d5adb	d__Bacteria; p__Firmicutes; c__Clostridia; o__Oscillospirales; f__Ruminococcaceae
c3b88cba04b7aad7e7858bfafa920467	d__Bacteria; p__Firmicutes; c__Clostridia; o__Monoglobales; f__Monoglobaceae; g__Monoglobus
4fa960099d5ba573c89d6b2dc8d8d978	d__Bacteria; p__Firmicutes; c__Clostridia; o__Oscillospirales; f__Ruminococcaceae; g__CAG-352; s__uncultured_bacterium
373ea63271d78682b4db227bc840e299	d__Bacteria; p__Firmicutes; c__Clostridia; o__Monoglobales; f__Monoglobaceae; g__Monoglobus; s__uncultured_bacterium
95d025adb95969837d0586211ee2cd05	d__Bacteria; p__Firmicutes; c__Clostridia
40a703132d93fad823d095320abeca9e	d__Bacteria; p__Firmicutes; c__Clostridia; o__Oscillospirales; f__Ruminococcaceae
48e66b35f7c47c50c4967eebf13caa5e	d__Bacteria; p__Firmicutes; c__Clostridia; o__Monoglobales; f__Monoglobaceae; g__Monoglobus
ef35956db53aa49e98fbe719f67f8b08	d__Bacteria; p__Firmicutes; c__Clostridia; o__Oscillospirales; f__Ruminococcaceae; g__[Eubacterium]_siraeum_group
3fd9b6ba92799379c57c9b08ea298cc5	d__Bacteria; p__Firmicutes; c__Clostridia; o__Oscillospirales; f__Ruminococcaceae
fbcc713f6f9bd5486f440ddf534b00ac	d__Bacteria; p__Firmicutes; c__Clostridia; o__Oscillospirales; f__Ruminococcaceae; g__uncultured
fa0be46456a1ff156a24d6367630f9a5	d__Bacteria; p__Firmicutes; c__Bacilli; o__RF39; f__RF39; g__RF39
b6067b0aef1102c33a56614a9d3999b7	d__Bacteria; p__Firmicutes; c__Bacilli; o__RF39; f__RF39; g__RF39
9c4fb339291f27798e0ae37537010a42	d__Bacteria; p__Firmicutes; c__Bacilli; o__RF39; f__RF39; g__RF39
4d06d90e6fe25f7a5d519aa13c8c5bd0	Unassigned
668cd304c004acf8045ba9237ab149d3	d__Bacteria; p__Firmicutes; c__Clostridia; o__Lachnospirales; f__Lachnospiraceae; g__[Ruminococcus]_torques_group
1e4672fad7b1b1be269bb4bfbf0515a0	d__Bacteria; p__Firmicutes; c__Clostridia; o__Lachnospirales; f__Lachnospiraceae; g__Lachnospiraceae_ND3007_group
8efc497917c2272919398efa38107e9d	d__Bacteria; p__Actinobacteriota; c__Actinobacteria; o__Bifidobacteriales; f__Bifidobacteriaceae; g__Bifidobacterium
71de153a720cc394f2b036aebf147dcb	d__Bacteria; p__Firmicutes; c__Clostridia; o__Oscillospirales; f__Oscillospiraceae; g__UCG-002
edc04ee1e64bf57eb32860e4df4fee7d	d__Bacteria; p__Actinobacteriota; c__Coriobacteriia; o__Coriobacteriales; f__Coriobacteriaceae; g__Collinsella
6e3393ac04e75128c65ec557a9f59dfb	d__Bacteria; p__Firmicutes; c__Negativicutes; o__Veillonellales-Selenomonadales; f__Veillonellaceae; g__Dialister
314f5c28c8624218ea947f0aa5f4da02	d__Eukaryota
6eb0cd7db1c8656cfda637c386bcb85f	d__Archaea; p__Euryarchaeota; c__Methanobacteria; o__Methanobacteriales; f__Methanobacteriaceae; g__Methanobrevibacter
ab509004ff30a3049a0ee7321e095fd8	d__Bacteria; p__Campilobacterota; c__Campylobacteria; o__Campylobacterales; f__Helicobacteraceae; g__Helicobacter
f0a59d93ed13b7cde91c1d9221a312b2	d__Bacteria; p__Firmicutes; c__Bacilli; o__Lactobacillales; f__Lactobacillaceae; g__Lactobacillus
fce2bcca39ec7a45eb52f91569f4fe04	d__Bacteria; p__Firmicutes; c__Clostridia; o__Oscillospirales
fc56482b45c5eb19849006f603d68b71	d__Bacteria; p__Firmicutes; c__Clostridia; o__Oscillospirales; f__Ruminococcaceae; g__UBA1819
f11d4dbffe573b0251a5743d308b3e8f	d__Bacteria; p__Firmicutes; c__Clostridia; o__Monoglobales; f__Monoglobaceae; g__Monoglobus
c7e882196b5e738087fcb87bfc29d9cf	d__Bacteria; p__Firmicutes; c__Clostridia; o__Christensenellales; f__Christensenellaceae; g__Christensenellaceae_R-7_group
063c597400b735f2179de0ada69b78db	d__Bacteria; p__Firmicutes; c__Negativicutes; o__Veillonellales-Selenomonadales; f__Veillonellaceae; g__Dialister
01c62f5cf43c926994c8cc0dde578eb5	d__Bacteria; p__Actinobacteriota; c__Thermoleophilia; o__Gaiellales
3b4477143500c429de9f87287ac1981a	d__Bacteria; p__Firmicutes; c__Clostridia; o__Oscillospirales; f__Ruminococcaceae; g__uncultured; s__human_gut
488dcdbb5741593639dbe2aa4eb7b3d8	d__Bacteria; p__Firmicutes; c__Clostridia; o__Oscillospirales; f__Ruminococcaceae; g__uncultured; s__human_gut
e92937366114fbdbd045f07e3541dff8	d__Bacteria; p__Firmicutes; c__Clostridia; o__Oscillospirales; f__Ruminococcaceae; g__[Eubacterium]_siraeum_group; s__gut_metagenome
8ceed1955e101b1ca04cb286073eaac9	d__Bacteria; p__Cyanobacteria; c__Cyanobacteriia; o__Chloroplast; f__Chloroplast; g__Chloroplast
b925abc8bc949c2e4dbb0fc70a2acbe2	d__Bacteria; p__Firmicutes; c__Clostridia; o__Lachnospirales; f__Lachnospiraceae; g__[Eubacterium]_ventriosum_group
ea013b17ce242b324ee1c6714f8562f4	d__Bacteria; p__Firmicutes; c__Bacilli; o__Lactobacillales; f__Lactobacillaceae; g__Lactobacillus
5cae4e4bacf2b9daf3f30aa2018c7948	d__Bacteria; p__Firmicutes; c__Bacilli; o__Lactobacillales
0c8d2ff05aa9ac124d74593303b362f3	d__Bacteria; p__Firmicutes; c__Bacilli; o__Lactobacillales; f__Streptococcaceae; g__Streptococcus; s__Streptococcus_sobrinus
1bef6ea445f41d60772e8f873942a10c	d__Bacteria; p__Firmicutes; c__Bacilli; o__Erysipelotrichales; f__Erysipelotrichaceae; g__Turicibacter
2ef294c494cc3a738750de5afe384174	d__Bacteria; p__Firmicutes; c__Bacilli; o__Erysipelotrichales; f__Erysipelotrichaceae; g__Turicibacter
ad3c9c8fa9cb824b0ac6f040ceadb4bc	d__Bacteria; p__Firmicutes; c__Bacilli; o__Lactobacillales; f__Streptococcaceae; g__Streptococcus
6ed48986f0d9e303abb846750bb1016d	d__Bacteria; p__Firmicutes; c__Bacilli; o__Lactobacillales; f__Streptococcaceae; g__Streptococcus
06cfdbdc0f6b4d643efb9f59bdb5f199	d__Bacteria; p__Firmicutes; c__Bacilli; o__Erysipelotrichales; f__Erysipelotrichaceae; g__Holdemania
4cf4ea806863190b60e764d70990a68c	d__Bacteria; p__Firmicutes; c__Bacilli; o__Erysipelotrichales; f__Erysipelatoclostridiaceae; g__Erysipelotrichaceae_UCG-003
95ca9eabba3206d3644e9251e7d38070	d__Bacteria; p__Firmicutes; c__Bacilli; o__Erysipelotrichales; f__Erysipelatoclostridiaceae; g__Catenibacterium; s__uncultured_bacterium
27ed95c398a0683993173e07defe57c9	d__Bacteria; p__Firmicutes; c__Bacilli; o__Erysipelotrichales; f__Erysipelotrichaceae; g__Dielma
ac0d4b90511671f8ddb91b50ff9a762a	d__Bacteria; p__Firmicutes; c__Bacilli; o__Erysipelotrichales; f__Erysipelotrichaceae; g__Solobacterium
28b0b2175af36e0cafad6ed2df28a75c	d__Bacteria; p__Firmicutes; c__Bacilli; o__Erysipelotrichales; f__Erysipelatoclostridiaceae; g__Erysipelatoclostridium
23b57e57d3982d3d1af0da5512d484d4	d__Bacteria; p__Firmicutes; c__Bacilli; o__Erysipelotrichales; f__Erysipelotrichaceae; g__Holdemanella; s__uncultured_bacterium
5410a4352d3c7adc8c0716543c38dc15	d__Bacteria; p__Firmicutes; c__Bacilli; o__Erysipelotrichales; f__Erysipelotrichaceae
f38f9e300be5a8a035a28743a5bef1cf	d__Bacteria; p__Firmicutes; c__Bacilli; o__Erysipelotrichales; f__Erysipelotrichaceae; g__Holdemanella
c8f6d35966c68bad44f3801e50f6e263	d__Bacteria; p__Firmicutes; c__Clostridia; o__Clostridia_UCG-014; f__Clostridia_UCG-014; g__Clostridia_UCG-014
1369139f719ea2415b32e36508859512	d__Bacteria; p__Firmicutes; c__Clostridia; o__Clostridia_UCG-014; f__Clostridia_UCG-014; g__Clostridia_UCG-014
813da2d6e5739a5a562b6d38c51ea315	d__Bacteria; p__Firmicutes; c__Clostridia; o__Clostridia_UCG-014; f__Clostridia_UCG-014; g__Clostridia_UCG-014
aa54f5ceb06ec900ab68aec43d08670e	d__Bacteria; p__Firmicutes; c__Clostridia; o__Clostridia_UCG-014; f__Clostridia_UCG-014; g__Clostridia_UCG-014
8e959b6630136c4bf5eea717da49bbd5	d__Bacteria; p__Firmicutes; c__Clostridia; o__Clostridia_UCG-014; f__Clostridia_UCG-014; g__Clostridia_UCG-014
8e19f9b88cf4a6289324d01a82d6bca1	d__Bacteria; p__Firmicutes; c__Clostridia; o__Clostridia_UCG-014; f__Clostridia_UCG-014; g__Clostridia_UCG-014
e17660207ccc136dbefec4c436bc04fa	d__Bacteria; p__Firmicutes; c__Clostridia; o__Clostridia_UCG-014; f__Clostridia_UCG-014; g__Clostridia_UCG-014
efbcfc6dbc59d08ce26a0b2e68a9f187	d__Bacteria; p__Firmicutes; c__Clostridia; o__Clostridia_UCG-014; f__Clostridia_UCG-014; g__Clostridia_UCG-014
39004a4526595d45e3cf39648136122c	d__Bacteria; p__Firmicutes; c__Clostridia; o__Clostridia_UCG-014; f__Clostridia_UCG-014; g__Clostridia_UCG-014
cd7a722b0d9465d67846e010ae5d6912	d__Bacteria; p__Firmicutes; c__Clostridia; o__Clostridia_UCG-014; f__Clostridia_UCG-014; g__Clostridia_UCG-014
ccbb329ec6fad7fda874e06efbe02575	d__Bacteria; p__Firmicutes; c__Clostridia; o__Clostridia_UCG-014; f__Clostridia_UCG-014; g__Clostridia_UCG-014
2c0795b3b92b6eedbddc1e1f89d7bcfc	d__Bacteria; p__Firmicutes; c__Clostridia; o__Clostridia_UCG-014; f__Clostridia_UCG-014; g__Clostridia_UCG-014
5248364d027401785e7b29188b3e9073	d__Bacteria; p__Firmicutes; c__Clostridia; o__Clostridia_UCG-014; f__Clostridia_UCG-014; g__Clostridia_UCG-014
c0a1fbbf7236097544212ddcbfe91d51	d__Bacteria; p__Bacteroidota; c__Bacteroidia; o__Bacteroidales; f__Bacteroidaceae; g__Bacteroides; s__Bacteroides_plebeius
9a29133eed3aab4214130bf411c5f3df	d__Bacteria; p__Bacteroidota; c__Bacteroidia; o__Bacteroidales; f__Bacteroidaceae; g__Bacteroides; s__Bacteroides_massiliensis
9d558db7a10383bd13d8fdc2c5a627ef	d__Bacteria; p__Bacteroidota; c__Bacteroidia; o__Bacteroidales; f__Bacteroidaceae; g__Bacteroides
0d28016cf63b5efdd828f03304ab7434	d__Bacteria; p__Bacteroidota; c__Bacteroidia; o__Bacteroidales; f__Bacteroidaceae; g__Bacteroides
53205f3454a86637aabb7e96a2f1aed2	d__Bacteria; p__Bacteroidota; c__Bacteroidia; o__Bacteroidales; f__Bacteroidaceae; g__Bacteroides; s__Bacteroides_eggerthii
96809be218d7642eb819f1e2a80bbb39	d__Bacteria; p__Bacteroidota; c__Bacteroidia; o__Bacteroidales; f__Bacteroidaceae; g__Bacteroides
869a8426f7a3fdd4ef7e593de5377da7	d__Bacteria; p__Bacteroidota; c__Bacteroidia; o__Bacteroidales; f__Bacteroidaceae; g__Bacteroides
c885f58dc53c9fc365e10cccf11e7dd7	d__Bacteria; p__Bacteroidota; c__Bacteroidia; o__Bacteroidales; f__Bacteroidaceae; g__Bacteroides
e10ec25584f95d448ef036e97393e93f	d__Bacteria; p__Bacteroidota; c__Bacteroidia; o__Bacteroidales; f__Rikenellaceae; g__Alistipes
57aa84de65567551b625e09f3b2ca60a	d__Bacteria; p__Bacteroidota; c__Bacteroidia; o__Bacteroidales; f__Rikenellaceae; g__Alistipes; s__Alistipes_finegoldii
171e66257e4cbd4a1120ffd9845def43	d__Bacteria; p__Bacteroidota; c__Bacteroidia; o__Bacteroidales; f__Rikenellaceae; g__Alistipes
7d79426e91d9010fead8a7922830c802	d__Bacteria; p__Bacteroidota; c__Bacteroidia; o__Bacteroidales; f__Rikenellaceae; g__Alistipes
31dd5c1f3d9beb125b0ee0050747e1d0	d__Bacteria; p__Bacteroidota; c__Bacteroidia; o__Bacteroidales; f__Bacteroidaceae; g__Bacteroides
eb74d881c9ba057dd7b404498ea68817	d__Bacteria; p__Bacteroidota; c__Bacteroidia; o__Bacteroidales; f__Rikenellaceae; g__Alistipes
4185b7ef6a073a2d6e2e3224fe850c5a	d__Bacteria; p__Bacteroidota; c__Bacteroidia; o__Bacteroidales; f__Tannerellaceae; g__Parabacteroides; s__Parabacteroides_merdae
be1c99a66da9540c865364d1878645d8	d__Bacteria; p__Bacteroidota; c__Bacteroidia; o__Bacteroidales; f__Bacteroidaceae; g__Bacteroides
fc37e110793bcb40bdbd97b78255bb66	d__Bacteria; p__Bacteroidota; c__Bacteroidia; o__Bacteroidales; f__Bacteroidaceae; g__Bacteroides; s__Bacteroides_coprocola
abc5ca57179045bbe9fba9081e983c2f	d__Bacteria; p__Bacteroidota; c__Bacteroidia; o__Bacteroidales; f__Bacteroidaceae; g__Bacteroides
c9bd6c66d76fb15d41c52615aab66273	d__Bacteria; p__Bacteroidota; c__Bacteroidia; o__Bacteroidales; f__Bacteroidaceae; g__Bacteroides
049b343c7e3e304a252f16e3ce1f32b3	d__Bacteria; p__Bacteroidota; c__Bacteroidia; o__Bacteroidales; f__Prevotellaceae; g__Prevotella
6157fb2d96f21f203ec10ec4107e4149	d__Bacteria; p__Bacteroidota; c__Bacteroidia; o__Bacteroidales; f__Marinifilaceae; g__Butyricimonas
08d7fb272c54731ffd00b9f5bc0fb408	d__Bacteria; p__Bacteroidota; c__Bacteroidia; o__Bacteroidales; f__Bacteroidaceae; g__Bacteroides
3c1a58a0ed08b1d9a7df18dd20d003b1	d__Bacteria; p__Bacteroidota; c__Bacteroidia; o__Bacteroidales; f__Bacteroidaceae; g__Bacteroides
70c5efab14bd52cc23f79a4849ca436c	d__Bacteria; p__Bacteroidota; c__Bacteroidia; o__Bacteroidales; f__Bacteroidaceae; g__Bacteroides
3566345c5fe8fa5ab8179b889abe3b96	d__Bacteria; p__Bacteroidota; c__Bacteroidia; o__Bacteroidales; f__Bacteroidaceae; g__Bacteroides
1dc8953c39b2aebdb922f4a9c3a1fc56	d__Bacteria; p__Bacteroidota; c__Bacteroidia; o__Bacteroidales; f__Bacteroidaceae; g__Bacteroides
806cdbd6c4522a7134d6cfa8d4051f1b	d__Bacteria; p__Bacteroidota; c__Bacteroidia; o__Bacteroidales; f__Rikenellaceae; g__Alistipes; s__Alistipes_inops
a9bf9d1b7b7be672f61fb3370eb801d8	d__Bacteria; p__Bacteroidota; c__Bacteroidia; o__Bacteroidales; f__Prevotellaceae; g__Paraprevotella; s__uncultured_bacterium
59498cb21ea5d4b534f7dd231f68b49b	d__Bacteria; p__Bacteroidota; c__Bacteroidia; o__Bacteroidales; f__Prevotellaceae; g__Paraprevotella
04b24d7a5ff4642fc388e9f69cb5e3df	d__Bacteria; p__Bacteroidota; c__Bacteroidia; o__Bacteroidales; f__Prevotellaceae; g__Paraprevotella
d91354d06e9bcf7ce482bf65106bc6f7	d__Bacteria; p__Bacteroidota; c__Bacteroidia; o__Bacteroidales; f__Bacteroidaceae; g__Bacteroides
23905d82a1706e41c1ef85f41ca1c5f3	d__Bacteria; p__Bacteroidota; c__Bacteroidia; o__Bacteroidales; f__Tannerellaceae; g__Parabacteroides
9996f15c5d961e7620f9fee9843ec974	d__Bacteria; p__Bacteroidota; c__Bacteroidia; o__Bacteroidales; f__Tannerellaceae; g__Parabacteroides
055a1a840c97b547247861d2cf428e10	d__Bacteria; p__Bacteroidota; c__Bacteroidia; o__Bacteroidales; f__Tannerellaceae; g__Parabacteroides
144a32c8db025c01611cc5afe21fc37d	d__Bacteria; p__Bacteroidota; c__Bacteroidia; o__Bacteroidales; f__Barnesiellaceae; g__Barnesiella
b3da87bf6c753bc68ab11fe2aa71d6bf	d__Bacteria; p__Bacteroidota; c__Bacteroidia; o__Bacteroidales; f__Muribaculaceae; g__Muribaculaceae; s__uncultured_bacterium
e732c594baf5c7084fc3203471fcb092	d__Bacteria; p__Firmicutes; c__Clostridia; o__Oscillospirales; f__Ruminococcaceae
46f0405131433e180222473a47d14ff6	d__Bacteria; p__Firmicutes; c__Clostridia; o__Oscillospirales; f__Ruminococcaceae; g__Incertae_Sedis
77545b8a61924f4ef1fde21b5dd316eb	d__Bacteria; p__Firmicutes; c__Clostridia; o__Oscillospirales; f__Ruminococcaceae
358fe84256220182bd5ca8061a9806bb	d__Bacteria; p__Firmicutes; c__Clostridia; o__Oscillospirales; f__Ruminococcaceae
5920a3060b8d1be8f236793dd5aaedcf	d__Bacteria; p__Firmicutes; c__Clostridia; o__Oscillospirales; f__Ruminococcaceae
a616f91a9e78888a3545a82b95e7aca5	d__Bacteria; p__Firmicutes; c__Clostridia; o__Oscillospirales; f__Ruminococcaceae; g__Incertae_Sedis
71994c9a1810a1e6849e166c0c380326	d__Bacteria; p__Firmicutes; c__Clostridia; o__Lachnospirales; f__Lachnospiraceae; g__Dorea
bafce7e4ada586b2dbcf6be3a014a8c8	d__Bacteria; p__Firmicutes; c__Clostridia; o__Oscillospirales; f__Ruminococcaceae
cf0c1cdb11b62f3110afcc80e4260469	d__Bacteria; p__Firmicutes; c__Clostridia; o__Oscillospirales; f__Ruminococcaceae
0f11de255b337611ced383c1d71cb9de	d__Bacteria; p__Firmicutes; c__Clostridia; o__Lachnospirales; f__Lachnospiraceae
93ed11e06d3dcfb5e7db3ed58b200fee	d__Bacteria; p__Firmicutes; c__Clostridia; o__Lachnospirales; f__Lachnospiraceae; g__[Eubacterium]_eligens_group
e1c7e74fa5260605f64afc60143fc50c	d__Bacteria; p__Firmicutes; c__Clostridia; o__Lachnospirales; f__Lachnospiraceae; g__Lachnospira
295c2d7958c8ee918ed857de3953bb27	d__Bacteria; p__Firmicutes; c__Clostridia; o__Lachnospirales; f__Lachnospiraceae; g__Lachnospiraceae_ND3007_group
b2f52007c7c2406f427afaaf2370f054	d__Bacteria; p__Firmicutes; c__Clostridia; o__Lachnospirales; f__Lachnospiraceae
e24470f4870f90629c39cd9d31c55ccd	d__Bacteria; p__Firmicutes; c__Clostridia; o__Oscillospirales; f__Ruminococcaceae; g__Ruminococcus; s__Ruminococcus_bicirculans
200986c2e9c28da7c674d659ed7043c4	d__Bacteria; p__Firmicutes; c__Clostridia; o__Oscillospirales; f__Ruminococcaceae; g__Ruminococcus
0950fb51c04ebb0cce1cb11c5e6ff9b2	d__Bacteria; p__Firmicutes; c__Clostridia; o__Peptostreptococcales-Tissierellales; f__Anaerovoracaceae
511c29e0c21cc83f4265c32d6912b576	d__Bacteria; p__Firmicutes; c__Clostridia; o__Peptostreptococcales-Tissierellales; f__Anaerovoracaceae
604ea9b201d6f496035db8afd99c4aa8	d__Bacteria; p__Firmicutes; c__Clostridia; o__Peptostreptococcales-Tissierellales; f__Anaerovoracaceae; g__Family_XIII_AD3011_group; s__gut_metagenome
4afe230513309feb5a7e4ddfa0160f76	d__Bacteria; p__Firmicutes; c__Clostridia; o__Lachnospirales; f__Lachnospiraceae
af1c99464a75a937fbe5ef5c9b0a8819	d__Bacteria; p__Firmicutes; c__Clostridia; o__Lachnospirales; f__Lachnospiraceae
cdcd7d35d957c8f079bbdf694f1238f2	d__Bacteria; p__Firmicutes; c__Clostridia; o__Peptostreptococcales-Tissierellales; f__Anaerovoracaceae; g__Family_XIII_AD3011_group
4df2ff19aed9869f808419973b14a32b	d__Bacteria; p__Firmicutes; c__Clostridia; o__Peptostreptococcales-Tissierellales; f__Peptostreptococcaceae
b7d7dee03469d5c49c0f02d2fc7a0355	d__Bacteria; p__Firmicutes; c__Clostridia; o__Peptostreptococcales-Tissierellales; f__Peptostreptococcaceae; g__Intestinibacter
2a9ab4e1ea60e6afeeb9c19714c4cd41	d__Bacteria; p__Firmicutes; c__Clostridia; o__Peptostreptococcales-Tissierellales; f__Peptostreptococcaceae
13277eb19cd736e92c6f836cd907d964	d__Bacteria; p__Firmicutes; c__Clostridia; o__Oscillospirales; f__[Eubacterium]_coprostanoligenes_group; g__[Eubacterium]_coprostanoligenes_group; s__human_gut
0780d0b343c6233db47dacf93f3fee5f	d__Bacteria; p__Firmicutes; c__Clostridia; o__Oscillospirales; f__[Eubacterium]_coprostanoligenes_group; g__[Eubacterium]_coprostanoligenes_group; s__human_gut
1271e7452dba84e85eb1767e81d45aa2	d__Bacteria; p__Firmicutes; c__Clostridia; o__Lachnospirales; f__Lachnospiraceae
e656c219068279355862d00aec226a8a	d__Bacteria; p__Firmicutes; c__Clostridia; o__Peptostreptococcales-Tissierellales; f__Peptostreptococcaceae; g__Terrisporobacter
d5abcce28afba1dbd38cecb3a268c224	d__Bacteria; p__Firmicutes; c__Clostridia; o__Lachnospirales; f__Lachnospiraceae
05648f493f00f3338ac136ada23e7036	d__Bacteria; p__Firmicutes; c__Clostridia; o__Lachnospirales; f__Lachnospiraceae
6e68e9917a88e1e6e18a4da8e0dda3c9	d__Bacteria; p__Firmicutes; c__Clostridia; o__Lachnospirales; f__Lachnospiraceae; g__Agathobacter
3851f2c49b77ece4c32c8c621addabaf	d__Bacteria; p__Firmicutes; c__Clostridia; o__Lachnospirales; f__Lachnospiraceae; g__Agathobacter
eac7b4908d100574d29c3cde588e9963	d__Bacteria; p__Firmicutes; c__Clostridia; o__Lachnospirales; f__Lachnospiraceae; g__Lachnoclostridium
925e8d6257c1ead37e8b62199cf475c3	d__Bacteria; p__Firmicutes; c__Clostridia; o__Lachnospirales; f__Lachnospiraceae
ea896d1ecd6bf88977c45b8afe32abd9	d__Bacteria; p__Firmicutes; c__Clostridia; o__Oscillospirales; f__[Eubacterium]_coprostanoligenes_group; g__[Eubacterium]_coprostanoligenes_group
362cdb09a1bfd2b881451055b3c22ae1	d__Bacteria; p__Proteobacteria; c__Gammaproteobacteria; o__Enterobacterales; f__Enterobacteriaceae; g__Escherichia-Shigella
e7c91fc6f918c96f542ce2d6637ee963	d__Bacteria; p__Proteobacteria; c__Gammaproteobacteria; o__Enterobacterales; f__Enterobacteriaceae
280b90178b2c91c921ffc41b0ac869dd	d__Bacteria; p__Proteobacteria; c__Gammaproteobacteria; o__Enterobacterales; f__Enterobacteriaceae
7e2f99f1d88694545fd9427393dbf9a1	d__Bacteria; p__Proteobacteria; c__Gammaproteobacteria; o__Enterobacterales; f__Enterobacteriaceae
5c7dd0c49b0bc4f46a083484729fcfd2	d__Bacteria; p__Firmicutes; c__Clostridia; o__Lachnospirales; f__Lachnospiraceae; g__Epulopiscium
578ff2e15d91d468edc6e2467182c036	d__Bacteria; p__Actinobacteriota; c__Actinobacteria; o__Bifidobacteriales; f__Bifidobacteriaceae; g__Bifidobacterium
1d6db6c8a8b518323d011eeb89bd0620	d__Bacteria; p__Actinobacteriota; c__Actinobacteria; o__Bifidobacteriales; f__Bifidobacteriaceae; g__Bifidobacterium; s__Bifidobacterium_bifidum
d70ad668e487d629ddd04175d2ef94f7	d__Bacteria; p__Actinobacteriota; c__Actinobacteria; o__Bifidobacteriales; f__Bifidobacteriaceae; g__Bifidobacterium
af28cdc14160ad2caaf08088cf5eed9c	d__Bacteria; p__Actinobacteriota; c__Actinobacteria; o__Bifidobacteriales; f__Bifidobacteriaceae; g__Bifidobacterium
4f8bade946bfd18c9e6c14c6b0784065	d__Bacteria; p__Actinobacteriota; c__Actinobacteria; o__Bifidobacteriales; f__Bifidobacteriaceae; g__Scardovia; s__Scardovia_wiggsiae
c610c1f5884c02455ce5c4762c234d23	d__Bacteria; p__Firmicutes; c__Clostridia; o__Peptostreptococcales-Tissierellales; f__Anaerovoracaceae; g__Family_XIII_AD3011_group
54d60af3507e11ff4f4b7dc000584a99	d__Bacteria; p__Firmicutes; c__Clostridia; o__Peptostreptococcales-Tissierellales; f__Anaerovoracaceae; g__Family_XIII_UCG-001; s__uncultured_bacterium
512f56aee2fc4dab85893d4c28900f3a	d__Bacteria; p__Firmicutes; c__Clostridia; o__Lachnospirales; f__Lachnospiraceae; g__Lachnospiraceae_UCG-010; s__uncultured_organism
e559817e84eba9b7bfaa91ba0e32d3a2	d__Bacteria; p__Firmicutes; c__Clostridia; o__Lachnospirales; f__Lachnospiraceae; g__Lachnospiraceae_UCG-010; s__uncultured_bacterium
7ba7b9eaba4c0c087b1deef260808536	d__Bacteria; p__Firmicutes; c__Clostridia; o__Lachnospirales; f__Lachnospiraceae; g__Tyzzerella
25e3e74700fce639cfd32152229e5078	d__Bacteria; p__Firmicutes; c__Clostridia; o__Lachnospirales; f__Lachnospiraceae
36f1a860fb5c8b6cf25a6daf162b5e60	d__Bacteria; p__Firmicutes; c__Clostridia; o__Oscillospirales; f__[Eubacterium]_coprostanoligenes_group; g__[Eubacterium]_coprostanoligenes_group
62f041629c4c56ebf8d004e00df52806	d__Bacteria; p__Firmicutes; c__Clostridia; o__Oscillospirales; f__[Eubacterium]_coprostanoligenes_group; g__[Eubacterium]_coprostanoligenes_group
5d4c55cc5260e97df45349275296ed37	d__Bacteria; p__Firmicutes; c__Clostridia; o__Oscillospirales; f__[Eubacterium]_coprostanoligenes_group; g__[Eubacterium]_coprostanoligenes_group
2fcdbc0ae7d67d525d4c86c104ef0a0a	d__Bacteria; p__Firmicutes; c__Clostridia; o__Lachnospirales; f__Lachnospiraceae
10cca54977dc4829fcd89a146392570d	d__Bacteria; p__Firmicutes; c__Clostridia; o__Lachnospirales; f__Lachnospiraceae
e30798e3bf2b586b911623b310df5257	d__Bacteria; p__Firmicutes; c__Clostridia; o__Lachnospirales; f__Lachnospiraceae
191e37196614588b27f875a2453bc85a	d__Bacteria; p__Firmicutes; c__Clostridia; o__Lachnospirales; f__Lachnospiraceae
461e8912fb61ded51acaa68e0d618ea2	d__Bacteria; p__Firmicutes; c__Clostridia; o__Lachnospirales; f__Lachnospiraceae
72c84bfc22a5d79e54635f79fd9fa880	d__Bacteria; p__Firmicutes; c__Clostridia; o__Lachnospirales; f__Lachnospiraceae
c3331fd31fa85d31732bae23afe1c5a4	d__Bacteria; p__Firmicutes; c__Clostridia; o__Lachnospirales; f__Lachnospiraceae
d5041c8efa2bebfc9bff183226bafaf5	d__Bacteria; p__Firmicutes; c__Clostridia; o__Lachnospirales; f__Lachnospiraceae; g__[Eubacterium]_hallii_group
e13252ad8e83640785b9e0988cac9ac5	d__Bacteria; p__Firmicutes; c__Clostridia; o__Clostridiales; f__Clostridiaceae; g__Clostridium_sensu_stricto_1
08ff8bbf7aa316183fb804fa3d18d997	d__Bacteria; p__Firmicutes; c__Clostridia; o__Clostridiales; f__Clostridiaceae; g__Clostridium_sensu_stricto_1
2c57900869cc3b6b77447f78835388fb	d__Bacteria; p__Firmicutes; c__Clostridia; o__Lachnospirales; f__Lachnospiraceae
ec6f9ba0bf77b525e9921db8131c490c	d__Bacteria; p__Firmicutes; c__Clostridia; o__Lachnospirales; f__Lachnospiraceae; g__Blautia
29b5ee904fae01039e41cd279d610eae	d__Bacteria; p__Firmicutes; c__Clostridia; o__Lachnospirales; f__Lachnospiraceae; g__Blautia
0f3f35cb95e81189df4445b681f73b0e	d__Bacteria; p__Firmicutes; c__Clostridia; o__Lachnospirales; f__Lachnospiraceae; g__Coprococcus
19c3bee6f8df051824e01c18e7a3956b	d__Bacteria; p__Firmicutes; c__Clostridia; o__Lachnospirales; f__Lachnospiraceae; g__Blautia
63c8133d66c55852270ec356ba5c5e2b	d__Bacteria; p__Firmicutes; c__Clostridia; o__Lachnospirales; f__Lachnospiraceae; g__Blautia
1911edbbbbcb3bc7fc3cf4e09bd57ef3	d__Bacteria; p__Firmicutes; c__Clostridia; o__Lachnospirales; f__Lachnospiraceae; g__Blautia
61b7f8c378291550bc5bf6c7d5e595ae	d__Bacteria; p__Firmicutes; c__Clostridia; o__Lachnospirales; f__Lachnospiraceae; g__[Eubacterium]_ventriosum_group
add5751a70cd8f184529b7d52eb4a1bb	d__Bacteria; p__Firmicutes; c__Clostridia; o__Lachnospirales; f__Lachnospiraceae
cf27e6bb678d005669d7917cb8176edb	d__Bacteria; p__Firmicutes; c__Clostridia; o__Lachnospirales; f__Lachnospiraceae; g__GCA-900066575
bfde1ac96cb3d8dc72a76fc24bc050bd	d__Bacteria; p__Firmicutes; c__Clostridia; o__Peptostreptococcales-Tissierellales; f__Peptostreptococcales-Tissierellales; g__Peptoniphilus; s__Peptoniphilus_duerdenii
da204e453566c13d6b8d7d54ccbdda13	d__Bacteria; p__Firmicutes; c__Clostridia; o__Lachnospirales; f__Lachnospiraceae; g__Roseburia
822ad3da55383cda57c6d66e2b94b8ed	d__Bacteria; p__Firmicutes; c__Clostridia; o__Lachnospirales; f__Lachnospiraceae; g__Roseburia
579c35f69af1aa1e4140fbf3ec71f8bd	d__Bacteria; p__Firmicutes; c__Clostridia; o__Lachnospirales; f__Lachnospiraceae
5234dae4419a5c7ef470a353588839e4	d__Bacteria; p__Firmicutes; c__Clostridia; o__Lachnospirales; f__Lachnospiraceae
4d6181252fd39cba3da6dd05d77214a3	d__Bacteria; p__Firmicutes; c__Clostridia; o__Lachnospirales; f__Lachnospiraceae
933fd72ebd42e213854756d782a26b80	d__Bacteria; p__Firmicutes; c__Clostridia; o__Lachnospirales; f__Lachnospiraceae
e892eb0be113332dd8dd39b7e55e7c3f	d__Bacteria; p__Firmicutes; c__Clostridia; o__Lachnospirales; f__Lachnospiraceae
a5d4e7166b49ce01d2f12a043b9c8e16	d__Bacteria; p__Firmicutes; c__Clostridia; o__Lachnospirales; f__Lachnospiraceae
8d105ffac1b66655450d8f2bb05257d8	d__Bacteria; p__Firmicutes; c__Clostridia; o__Lachnospirales; f__Lachnospiraceae
2f6ccb89e6bbe49d38c09b9504780563	d__Bacteria; p__Firmicutes; c__Clostridia; o__Lachnospirales; f__Lachnospiraceae; g__Roseburia
e31131326ad5adf14b68a9be8a017a95	d__Bacteria; p__Firmicutes; c__Clostridia; o__Lachnospirales; f__Lachnospiraceae; g__Roseburia
d4392ad989049663a293c58aa2829e3c	d__Bacteria; p__Firmicutes; c__Clostridia; o__Lachnospirales; f__Lachnospiraceae; g__Roseburia
6b7090eef560f323ac3b58372009db53	d__Bacteria; p__Firmicutes; c__Clostridia; o__Lachnospirales; f__Lachnospiraceae; g__Roseburia
f52419cf0b3b81a882eea1cd9501e9a3	d__Bacteria; p__Firmicutes; c__Clostridia; o__Lachnospirales; f__Lachnospiraceae; g__Roseburia
5a781d80dc563da36c6fbbcc11492b82	d__Bacteria; p__Firmicutes; c__Clostridia; o__Lachnospirales; f__Lachnospiraceae
273ade7217b84cdf9978df6ed8b7026e	d__Bacteria; p__Firmicutes; c__Clostridia; o__Peptostreptococcales-Tissierellales; f__Peptostreptococcales-Tissierellales; g__Fenollaria
ddc1611aeec46dddf2dc96e9838b3069	d__Bacteria; p__Firmicutes; c__Clostridia; o__Lachnospirales; f__Lachnospiraceae; g__[Ruminococcus]_torques_group
3bcb0d6c0a7ae6ad047e756744679d5a	d__Bacteria; p__Firmicutes; c__Clostridia; o__Lachnospirales; f__Lachnospiraceae
08bbdb30473453d66af541881138a162	d__Bacteria; p__Firmicutes; c__Clostridia; o__Lachnospirales; f__Lachnospiraceae
cee6262187770fd5e81dc5a80ea2ae83	d__Bacteria; p__Firmicutes; c__Clostridia; o__Oscillospirales; f__Ruminococcaceae
bc032684d5146e1891aef31902bda6d3	d__Bacteria; p__Firmicutes; c__Clostridia; o__Oscillospirales; f__[Clostridium]_methylpentosum_group; g__[Clostridium]_methylpentosum_group; s__Ruminococcus_sp.
83fee1060722e675357ec06a989dc559	d__Bacteria; p__Firmicutes; c__Clostridia; o__Lachnospirales; f__Lachnospiraceae; g__Anaerostipes
87c064cc5af9e1b96cbc76a0b58ea096	d__Bacteria; p__Firmicutes; c__Clostridia; o__Lachnospirales; f__Lachnospiraceae
97d4e6a509f576f64e422258f9dcdbb4	d__Bacteria; p__Firmicutes; c__Clostridia; o__Lachnospirales; f__Lachnospiraceae
64d612b70f7579a80bd08b446dd90876	d__Bacteria; p__Firmicutes; c__Clostridia; o__Lachnospirales; f__Lachnospiraceae
8db0d17a2cbfe4c1887c8f5abae14f78	d__Bacteria; p__Firmicutes; c__Clostridia; o__Lachnospirales; f__Lachnospiraceae
055974f6da37e1ebd865f273c1f5ad22	d__Bacteria; p__Firmicutes; c__Clostridia; o__Lachnospirales; f__Lachnospiraceae
d9107c934d28df3367b8b3b25d448a12	d__Bacteria; p__Firmicutes; c__Clostridia; o__Lachnospirales; f__Lachnospiraceae
c14543b4ad099da5fbb4d03716dff60f	d__Bacteria; p__Firmicutes; c__Clostridia; o__Lachnospirales; f__Lachnospiraceae
a6f03d20ca4b1c3aa438177deb6c6061	d__Bacteria; p__Firmicutes; c__Clostridia; o__Lachnospirales; f__Lachnospiraceae
4dec8b244e5b347badc20c247a854b1c	d__Bacteria; p__Firmicutes; c__Clostridia; o__Lachnospirales; f__Lachnospiraceae
82f2f4e20f2c57a62629757fb2975abe	d__Bacteria; p__Firmicutes; c__Clostridia; o__Lachnospirales; f__Lachnospiraceae
92958dcd9ba9b4eeedd67649a296b568	d__Bacteria; p__Firmicutes; c__Clostridia; o__Lachnospirales; f__Lachnospiraceae
c45265615e8550db0a328f04de74a311	d__Bacteria; p__Firmicutes; c__Clostridia; o__Lachnospirales; f__Lachnospiraceae
dbbe5fadc15231731bf9f84010e1bc0a	d__Bacteria; p__Firmicutes; c__Clostridia; o__Lachnospirales; f__Lachnospiraceae; g__[Eubacterium]_ruminantium_group; s__uncultured_bacterium
54e29acba411e657dceb9d8006199b4f	d__Bacteria; p__Firmicutes; c__Clostridia; o__Lachnospirales; f__Lachnospiraceae
7edc38127bd6f9eab9ee90175a033328	d__Bacteria; p__Firmicutes; c__Clostridia; o__Lachnospirales; f__Lachnospiraceae
2294778c2f5bacdc99001b2638c4e0f3	d__Bacteria; p__Firmicutes; c__Clostridia; o__Lachnospirales; f__Lachnospiraceae
4da9148e5e1cd417dcaca83f97122db8	d__Bacteria; p__Firmicutes; c__Clostridia; o__Lachnospirales; f__Lachnospiraceae; g__Moryella; s__human_gut
ceba2e52eedb2232115f1a2cf1d824a0	d__Bacteria; p__Firmicutes; c__Clostridia; o__Oscillospirales; f__Ruminococcaceae; g__Faecalibacterium
3a255a07c285821f8c921e450079cf8c	d__Bacteria; p__Firmicutes; c__Clostridia; o__Oscillospirales; f__Ruminococcaceae; g__UBA1819
e0863bb9d91d4dbc9d2be670150c49cd	d__Bacteria; p__Firmicutes; c__Clostridia; o__Oscillospirales; f__Ruminococcaceae; g__Faecalibacterium
87169699533c00bb62ff945b277dc445	d__Bacteria; p__Firmicutes; c__Clostridia; o__Oscillospirales; f__Ruminococcaceae; g__Faecalibacterium
6d03829525ef1b5827803a5d2e3c0378	d__Bacteria; p__Firmicutes; c__Clostridia; o__Oscillospirales; f__Ruminococcaceae; g__Faecalibacterium
df932ccb7bcb25b54945a4dca9b04b8d	d__Bacteria; p__Firmicutes; c__Clostridia; o__Oscillospirales; f__Ruminococcaceae; g__Faecalibacterium
ab64e01589539edbf30ea1de8956a11b	d__Bacteria; p__Firmicutes; c__Clostridia; o__Oscillospirales; f__Ruminococcaceae; g__Faecalibacterium
4e551d1298c55358d4309a19f2de2cce	d__Bacteria; p__Firmicutes; c__Clostridia; o__Oscillospirales; f__Ruminococcaceae; g__Faecalibacterium
93e45eb18201bdd1b9a7d0d9c493bc43	d__Bacteria; p__Firmicutes; c__Clostridia; o__Lachnospirales; f__Lachnospiraceae
30178c806b5d5bf8afe067e5db8e78c5	d__Bacteria; p__Firmicutes; c__Clostridia; o__Lachnospirales; f__Defluviitaleaceae; g__Defluviitaleaceae_UCG-011; s__uncultured_bacterium
9ba7ef4d8a88c1c4d6e73caa055afdbd	d__Bacteria; p__Firmicutes; c__Clostridia; o__Oscillospirales; f__Ruminococcaceae; g__Ruminococcus; s__Ruminococcus_callidus
f6283c6b2b5371bf2671a7f192c35dbd	d__Bacteria; p__Firmicutes; c__Clostridia; o__Peptostreptococcales-Tissierellales; f__Peptostreptococcales-Tissierellales; g__Parvimonas
919adebb517e0e1dcfe369713c3f18b9	d__Bacteria; p__Firmicutes; c__Clostridia; o__Oscillospirales; f__Ruminococcaceae; g__Candidatus_Soleaferrea; s__Ruminococcaceae_bacterium
ab387137a7b15bd6a887ec483155fb76	d__Bacteria; p__Firmicutes; c__Clostridia; o__Lachnospirales; f__Lachnospiraceae
a6df01f42fe0a22ff9b9e7dda1fba1fb	d__Bacteria; p__Desulfobacterota; c__Desulfovibrionia; o__Desulfovibrionales; f__Desulfovibrionaceae; g__Desulfovibrio; s__uncultured_bacterium
1c5669d081d154427c1e06d69dfab4b9	d__Bacteria; p__Desulfobacterota; c__Desulfovibrionia; o__Desulfovibrionales; f__Desulfovibrionaceae; g__Desulfovibrio; s__bacterium
e91dd8072176c41d6373bfc1d3c6b0d5	d__Bacteria; p__Desulfobacterota; c__Desulfovibrionia; o__Desulfovibrionales; f__Desulfovibrionaceae; g__Bilophila
42f4b4afc186d4e916fbabf21bf73b9f	d__Bacteria; p__Actinobacteriota; c__Actinobacteria; o__Bifidobacteriales; f__Bifidobacteriaceae; g__Bifidobacterium; s__Bifidobacterium_pullorum
65be83e043d0109a8f7ae29705bddbe7	d__Bacteria; p__Firmicutes; c__Clostridia; o__Oscillospirales; f__Butyricicoccaceae; g__Butyricicoccus
12efb0ed712f5b9e6de69baad6a6be6f	d__Bacteria; p__Firmicutes; c__Clostridia; o__Oscillospirales; f__Butyricicoccaceae; g__Butyricicoccus
65a5ea9a18238469b5dbae2073c20258	d__Bacteria; p__Firmicutes; c__Clostridia; o__Monoglobales; f__Monoglobaceae; g__Monoglobus
c630d20633ff3bb6770f517ea07c64af	d__Bacteria; p__Firmicutes; c__Clostridia; o__Monoglobales; f__Monoglobaceae; g__Monoglobus
b66a098df67191ac340b9bfc31852c5e	d__Bacteria; p__Proteobacteria; c__Gammaproteobacteria; o__Pasteurellales; f__Pasteurellaceae; g__Haemophilus
68ac9e541c67e42e09242aec3ac15d33	d__Bacteria; p__Firmicutes; c__Clostridia; o__Lachnospirales; f__Lachnospiraceae; g__Butyrivibrio
95f46573b410e6a332e5f3a49e86a26a	d__Bacteria; p__Firmicutes; c__Clostridia; o__Lachnospirales; f__Lachnospiraceae; g__Hungatella
cec846411ac1f7076b2ab35ee4ae2bb9	d__Bacteria; p__Proteobacteria; c__Alphaproteobacteria; o__Rhizobiales; f__Beijerinckiaceae; g__Methylobacterium-Methylorubrum
fbdf6eb4ded21655351d64f43ec2a730	d__Bacteria; p__Proteobacteria; c__Gammaproteobacteria; o__Oceanospirillales; f__Halomonadaceae; g__Halomonas
06ab8968ee80f9b88bf59054a4a1496d	d__Bacteria; p__Firmicutes; c__Clostridia; o__Oscillospirales; f__UCG-010; g__UCG-010; s__gut_metagenome
30296c81a2cf06013ef6292a96bcc3a8	d__Bacteria; p__Firmicutes; c__Clostridia; o__Oscillospirales; f__Oscillospiraceae; g__Oscillibacter
010f5258a3acae24aac6e37d2516a69e	d__Bacteria; p__Firmicutes; c__Clostridia; o__Christensenellales; f__Christensenellaceae; g__Christensenellaceae_R-7_group
ca9fdb5a01606f3fa587f77dc0795732	d__Bacteria; p__Firmicutes; c__Clostridia; o__Clostridia_vadinBB60_group; f__Clostridia_vadinBB60_group; g__Clostridia_vadinBB60_group
0114bf1f59ec6af8d15e4d96aa946713	d__Bacteria; p__Firmicutes; c__Clostridia; o__Oscillospirales; f__Oscillospiraceae; g__NK4A214_group
d1a78f9920216e182c374e708353882f	d__Bacteria; p__Firmicutes; c__Clostridia; o__Oscillospirales; f__Oscillospiraceae; g__NK4A214_group
ee4e5d971647f74fb312c3416a349928	d__Bacteria; p__Firmicutes; c__Clostridia; o__Oscillospirales; f__Oscillospiraceae; g__NK4A214_group; s__gut_metagenome
0d56ad50b2601d34f03650dfff379878	d__Bacteria; p__Firmicutes; c__Clostridia; o__Oscillospirales; f__Oscillospiraceae; g__NK4A214_group
5e6c51e72c0c3b4aa02b96b19b371873	d__Bacteria; p__Firmicutes; c__Clostridia; o__Oscillospirales; f__UCG-010; g__UCG-010; s__unidentified
6aa298b7bd47ba18406a526cdef7fdac	d__Bacteria; p__Firmicutes; c__Clostridia; o__Christensenellales; f__Christensenellaceae; g__Christensenellaceae_R-7_group
e6ced6b0c37cb751aad7bd5e6531828c	d__Bacteria; p__Firmicutes; c__Clostridia; o__Christensenellales; f__Christensenellaceae; g__Christensenellaceae_R-7_group; s__uncultured_prokaryote
6733ca3edec49aad29403a7d8cb4af86	d__Bacteria; p__Firmicutes; c__Clostridia; o__Christensenellales; f__Christensenellaceae; g__Christensenellaceae_R-7_group
8dc66b6a06c536ff882a695e5ea84f9b	d__Bacteria; p__Firmicutes; c__Clostridia; o__Christensenellales; f__Christensenellaceae; g__Christensenellaceae_R-7_group
d289c3442f9fbb1a298138467f2fb107	d__Bacteria; p__Firmicutes; c__Clostridia; o__Christensenellales; f__Christensenellaceae; g__Christensenellaceae_R-7_group
93a3debefb42881f85f122f30b8f760a	d__Bacteria; p__Firmicutes; c__Clostridia; o__Christensenellales; f__Christensenellaceae; g__Christensenellaceae_R-7_group
95170ce04fb9336287d0c333fc318d16	d__Bacteria; p__Firmicutes; c__Clostridia; o__Christensenellales; f__Christensenellaceae; g__Christensenellaceae_R-7_group
3af90e61352b7addc33a469d7d5da351	d__Bacteria; p__Firmicutes; c__Clostridia; o__Oscillospirales; f__UCG-010; g__UCG-010
9a5b6bce7eff42028db2cb0c8f1dca20	d__Bacteria; p__Firmicutes; c__Clostridia; o__Oscillospirales; f__UCG-010; g__UCG-010; s__uncultured_organism
54386ec971f81f2fbc99aa434a0fce5b	d__Bacteria; p__Firmicutes; c__Clostridia; o__Oscillospirales; f__Oscillospiraceae
447e3e5788ea14ea17b4e0f62f65411c	d__Bacteria; p__Firmicutes; c__Clostridia; o__Oscillospirales; f__Oscillospiraceae
98ed6faf31c7b86177167ef11ae06070	d__Bacteria; p__Firmicutes; c__Clostridia; o__Oscillospirales; f__Oscillospiraceae; g__UCG-002
6fea4acef124ac7e992669dcdb450a62	d__Bacteria; p__Firmicutes; c__Clostridia; o__Oscillospirales; f__Oscillospiraceae; g__UCG-003
eff5505a99d5ad958a38a23f8b55b8aa	d__Bacteria; p__Firmicutes; c__Clostridia; o__Oscillospirales; f__Oscillospiraceae; g__Colidextribacter
dafb4698200a1673586c7e424be2cc98	d__Bacteria; p__Firmicutes; c__Clostridia; o__Oscillospirales; f__Oscillospiraceae
7c6ecbc46ac5d05055480f890356a182	d__Bacteria; p__Firmicutes; c__Clostridia; o__Oscillospirales; f__Oscillospiraceae
99fb86834a4775aad2268a67121bb5da	d__Bacteria; p__Firmicutes; c__Clostridia; o__Oscillospirales; f__Oscillospiraceae
2a88475152ca59b9ecfcc961c9d165bb	d__Bacteria; p__Firmicutes; c__Clostridia; o__Oscillospirales; f__Oscillospiraceae; g__Colidextribacter
23a7c5e1d005a7efb7965cd04287ecde	d__Bacteria; p__Firmicutes; c__Clostridia; o__Oscillospirales; f__Oscillospiraceae
120fe6fbb50073335082d4f3392ff051	d__Bacteria; p__Firmicutes; c__Clostridia; o__Oscillospirales; f__Oscillospiraceae
928e8653330aeda3e77223a8ed36cedc	d__Bacteria; p__Firmicutes; c__Clostridia; o__Oscillospirales; f__Oscillospiraceae
97b8d2746bdffab26e12920a8990493e	d__Bacteria; p__Firmicutes; c__Clostridia; o__Oscillospirales; f__Oscillospiraceae; g__UCG-002
88c5fd0d519d4b0407c998646618a613	d__Bacteria; p__Firmicutes; c__Clostridia; o__Oscillospirales; f__Oscillospiraceae; g__UCG-002
237be91e2e78fcee2619e00c97a15394	d__Bacteria; p__Firmicutes; c__Clostridia; o__Oscillospirales; f__Oscillospiraceae; g__Flavonifractor
21dcbe310e399ff7b62c9f7610e47ecd	d__Bacteria; p__Firmicutes; c__Clostridia; o__Oscillospirales; f__Oscillospiraceae; g__UCG-002
dd6ec6948f73978521d27bde7f16bb21	d__Bacteria; p__Firmicutes; c__Clostridia; o__Christensenellales; f__Christensenellaceae; g__Christensenellaceae_R-7_group
178704d4591302e47d8ca0b9007bb1a1	d__Bacteria; p__Firmicutes; c__Clostridia; o__Christensenellales; f__Christensenellaceae; g__Christensenellaceae_R-7_group
6f3e379744d9946a6fea95be49e201b3	d__Bacteria; p__Firmicutes; c__Clostridia; o__Oscillospirales; f__Oscillospiraceae
483a38cbe55bf43371a53be3f1d0c431	d__Bacteria; p__Firmicutes; c__Clostridia; o__Oscillospirales; f__Oscillospiraceae; g__UCG-005
e35da3b5a14b20fe41ebbd1df827d1bf	d__Bacteria; p__Firmicutes; c__Clostridia; o__Oscillospirales; f__Oscillospiraceae; g__UCG-005
617df9bc2954cbb63af5b278b6abee9f	d__Bacteria; p__Firmicutes; c__Clostridia; o__Oscillospirales; f__Oscillospiraceae
a5739de0191336786256ca572cf6a445	d__Bacteria; p__Firmicutes; c__Clostridia; o__Oscillospirales; f__Oscillospiraceae; g__UCG-005
924bd91a4dbdb19590c15ae2e5fca0cd	d__Bacteria; p__Firmicutes; c__Clostridia; o__Christensenellales; f__Christensenellaceae; g__Christensenellaceae_R-7_group
285f11a7c333034054fdacc80df1f68b	d__Bacteria; p__Firmicutes; c__Clostridia; o__Christensenellales; f__Christensenellaceae; g__Christensenellaceae_R-7_group
1039b6d6a8c4a96dfb438d053cc468ce	d__Bacteria; p__Firmicutes; c__Clostridia; o__Oscillospirales; f__Oscillospiraceae; g__UCG-005; s__metagenome
402432423c004ccacef6c842d294a427	d__Bacteria; p__Firmicutes; c__Clostridia; o__Christensenellales; f__Christensenellaceae; g__Christensenellaceae_R-7_group; s__uncultured_marine
2bd25b5093d584ea17e0711ceef77bd3	d__Bacteria; p__Firmicutes; c__Clostridia; o__Oscillospirales; f__Oscillospiraceae
8a35b7a2e566d0246f8cc775fe40775d	d__Bacteria; p__Firmicutes; c__Clostridia; o__Christensenellales; f__Christensenellaceae; g__uncultured
765ecf35e37920b8fc5a80062ae752a8	d__Bacteria; p__Firmicutes; c__Clostridia
70e6af2fc417d818d695992862731fd3	d__Bacteria; p__Firmicutes; c__Clostridia
0395503afe336137e6e70d14c596bd28	d__Bacteria; p__Firmicutes; c__Negativicutes; o__Veillonellales-Selenomonadales; f__Veillonellaceae; g__Allisonella; s__uncultured_bacterium
6e1b47b7d5b80e257295907485016dd4	d__Bacteria; p__Firmicutes; c__Negativicutes; o__Veillonellales-Selenomonadales; f__Veillonellaceae; g__Megasphaera
207ed7821904188339f5e4fb604bdc1b	d__Bacteria; p__Firmicutes; c__Negativicutes; o__Veillonellales-Selenomonadales; f__Veillonellaceae; g__Megasphaera
81bb0237a0752a59f6532572e18bfce7	d__Bacteria; p__Firmicutes; c__Negativicutes; o__Acidaminococcales; f__Acidaminococcaceae; g__Phascolarctobacterium; s__Ruminococcus_sp.
895b75351c3072172e73859a4b35c71d	d__Bacteria; p__Firmicutes; c__Negativicutes; o__Acidaminococcales; f__Acidaminococcaceae; g__Acidaminococcus
2d5725a1f377410abcb276437474f8b1	d__Bacteria; p__Firmicutes; c__Negativicutes; o__Veillonellales-Selenomonadales; f__Veillonellaceae; g__Veillonella
6090b98e302f781abbb8680f29f7707c	d__Bacteria; p__Firmicutes; c__Negativicutes; o__Veillonellales-Selenomonadales; f__Selenomonadaceae; g__Megamonas
608a65d93a21dd83b034161b0319c3f2	d__Bacteria; p__Firmicutes; c__Negativicutes; o__Veillonellales-Selenomonadales; f__Veillonellaceae; g__Dialister
0459df640c09d95f1f4bad2649858deb	d__Bacteria; p__Firmicutes; c__Negativicutes; o__Veillonellales-Selenomonadales; f__Veillonellaceae; g__Dialister
6daa0449190f1c8c726adbcf40fb19f5	d__Bacteria; p__Firmicutes; c__Negativicutes; o__Acidaminococcales; f__Acidaminococcaceae; g__Phascolarctobacterium
0e6d58f8f3804b520ec627c47ad8ba04	d__Bacteria; p__Firmicutes; c__Clostridia; o__Peptostreptococcales-Tissierellales; f__Anaerovoracaceae; g__[Eubacterium]_brachy_group; s__uncultured_bacterium
8ad08aec8878cdfad602744e342b3220	d__Bacteria; p__Actinobacteriota; c__Coriobacteriia; o__Coriobacteriales; f__Atopobiaceae; g__Coriobacteriaceae_UCG-003; s__uncultured_bacterium
ef57e1fcc8d2108d31f197b28f4461ac	d__Bacteria; p__Actinobacteriota; c__Coriobacteriia; o__Coriobacteriales; f__Coriobacteriaceae; g__Collinsella
1ebea94c05c234d4b6ede2480e9d5110	d__Bacteria; p__Actinobacteriota; c__Coriobacteriia; o__Coriobacteriales; f__Coriobacteriaceae; g__Collinsella
69b17875f680d2aa90e8425d35face78	d__Bacteria; p__Actinobacteriota; c__Coriobacteriia; o__Coriobacteriales; f__Coriobacteriaceae; g__Collinsella
428fbb1a821851868423670176837c40	d__Bacteria; p__Actinobacteriota; c__Coriobacteriia; o__Coriobacteriales; f__Eggerthellaceae; g__Eggerthella
6bc62b8f1c1e8f30c39a7224e65b00c4	d__Bacteria; p__Actinobacteriota; c__Coriobacteriia; o__Coriobacteriales; f__Eggerthellaceae; g__uncultured; s__metagenome
96790273cf6d336ccd3bfaada6e3a0b0	d__Bacteria; p__Actinobacteriota; c__Coriobacteriia; o__Coriobacteriales; f__uncultured; g__uncultured; s__uncultured_bacterium
606525ada8fcb84af49ed5bbb51d62a4	d__Bacteria; p__Actinobacteriota; c__Coriobacteriia; o__Coriobacteriales; f__Eggerthellaceae; g__Senegalimassilia
538635f00fe4a1ec2aca9a36d06262e6	d__Bacteria; p__Actinobacteriota; c__Coriobacteriia; o__Coriobacteriales; f__Eggerthellaceae; g__Senegalimassilia; s__uncultured_bacterium
94306d199fdf918dd0ddf5b98bf3ddd2	d__Bacteria; p__Actinobacteriota; c__Coriobacteriia; o__Coriobacteriales; f__Eggerthellaceae; g__Slackia; s__Slackia_isoflavoniconvertens
b66689aa15ed0da985ad176be329d3f8	d__Bacteria; p__Proteobacteria; c__Gammaproteobacteria; o__Burkholderiales; f__Sutterellaceae; g__Parasutterella
47960a710babce29bbc633060efca010	d__Bacteria; p__Proteobacteria; c__Gammaproteobacteria; o__Burkholderiales; f__Sutterellaceae; g__Sutterella
72282e409c6177aea3de297ef7e04541	d__Bacteria; p__Proteobacteria; c__Gammaproteobacteria; o__Burkholderiales; f__Sutterellaceae; g__Sutterella
0b80a11f65bf20f3c342983a80794944	d__Bacteria; p__Firmicutes; c__Clostridia; o__Oscillospirales; f__Ruminococcaceae; g__Anaerofilum
3df3321a941febcba66a42c22b778956	d__Bacteria; p__Firmicutes; c__Clostridia; o__Oscillospirales; f__Ruminococcaceae
fd3c0752e8055615242373b3cf0769f4	d__Bacteria; p__Firmicutes; c__Clostridia; o__Lachnospirales; f__Lachnospiraceae
0a783cc953441b7374c00a6efe8ba3b7	d__Bacteria; p__Firmicutes; c__Clostridia; o__Oscillospirales; f__Ruminococcaceae
4f62221b88b8be862d694ebfaed60b0c	d__Bacteria; p__Firmicutes; c__Clostridia; o__Oscillospirales; f__[Eubacterium]_coprostanoligenes_group; g__[Eubacterium]_coprostanoligenes_group; s__uncultured_Clostridiales
9566a79d20bc25b5af3a063a497a0146	d__Bacteria; p__Firmicutes; c__Clostridia; o__Oscillospirales; f__Ruminococcaceae; g__uncultured; s__human_gut
448a9591dcb8927ba566fcf643ffd2ee	d__Bacteria; p__Firmicutes; c__Clostridia; o__Oscillospirales; f__Ruminococcaceae; g__Anaerotruncus
449f9fa8c3cef16adfdbe84fd3bdd2c1	d__Bacteria; p__Firmicutes; c__Clostridia; o__Oscillospirales; f__Ruminococcaceae; g__DTU089
e91dd76e38c9b051b6449fd2da02d6eb	d__Bacteria; p__Firmicutes; c__Clostridia; o__Oscillospirales; f__Ruminococcaceae; g__DTU089
6d3bc883c21f765f893d731b853051f8	d__Bacteria; p__Firmicutes; c__Clostridia; o__Oscillospirales; f__[Eubacterium]_coprostanoligenes_group; g__[Eubacterium]_coprostanoligenes_group; s__Eubacteriaceae_bacterium
787cb6673e026ab7c47f63d8ea4750d0	d__Bacteria; p__Firmicutes; c__Clostridia; o__Oscillospirales; f__Ruminococcaceae; g__Incertae_Sedis; s__[Clostridium]_leptum
8a3ac834caee819b65acc3ec07e58020	d__Bacteria; p__Firmicutes; c__Clostridia; o__Oscillospirales; f__Ruminococcaceae
424723a5f53381e60d2c4b8a33bff0df	d__Bacteria; p__Firmicutes; c__Clostridia; o__Oscillospirales; f__Ruminococcaceae; g__Incertae_Sedis; s__uncultured_organism
a3b2b2c29d09fc7ecee8d874c52c8d10	d__Bacteria; p__Firmicutes; c__Clostridia; o__Oscillospirales; f__Ruminococcaceae
8f9bccf7aa0d6edc41afc38e0d5a4e16	d__Bacteria; p__Firmicutes; c__Clostridia; o__Oscillospirales; f__Ruminococcaceae; g__Anaerofilum
6f5c7cd75d01dcd1c9a40b0619fdc88e	d__Bacteria; p__Firmicutes; c__Clostridia; o__Oscillospirales; f__Ruminococcaceae; g__uncultured; s__gut_metagenome
c23bb5e9fdb194919d02f48361a4f249	d__Bacteria; p__Firmicutes; c__Clostridia; o__Oscillospirales; f__Ruminococcaceae
b9d3da48bc4a50be15b7eb7bd8088427	d__Bacteria; p__Firmicutes; c__Clostridia
8835a6c4a1161f4fb9ccaa12626604fd	d__Bacteria; p__Firmicutes; c__Clostridia; o__Oscillospirales; f__Ruminococcaceae; g__Subdoligranulum
fde480a29bbb51ee3198b79839a3d4a3	d__Bacteria; p__Firmicutes; c__Clostridia; o__Oscillospirales; f__Ruminococcaceae; g__Ruminococcus
d5ea3647ba1284b6442998abacc8bac1	d__Bacteria; p__Firmicutes; c__Clostridia; o__Oscillospirales; f__Ruminococcaceae; g__CAG-352; s__uncultured_bacterium
75b876d9826a871bbf52a749e3a82abf	d__Bacteria; p__Firmicutes; c__Clostridia; o__Oscillospirales; f__Ruminococcaceae; g__Ruminococcus
2796beaed7fffa8806c01ad81ebf449c	d__Bacteria; p__Firmicutes; c__Clostridia
79fc00ec50b5bd1311594b9100176e02	d__Bacteria; p__Firmicutes; c__Clostridia; o__Oscillospirales; f__Ruminococcaceae
a4d071dee8b620d81aa80e7f2328281c	d__Bacteria; p__Firmicutes; c__Clostridia; o__Oscillospirales; f__Ruminococcaceae; g__Ruminococcus
f160530aea8a9a58a064edc82d289e87	d__Bacteria; p__Firmicutes; c__Clostridia; o__Oscillospirales; f__Ruminococcaceae; g__Ruminococcus
78cd348d4ddd15a15fe33d188b49f2a2	d__Bacteria; p__Firmicutes; c__Clostridia; o__Oscillospirales; f__Ruminococcaceae; g__[Eubacterium]_siraeum_group
f18b13d8e10b0016e7f35b4bf9dfc3f5	d__Bacteria; p__Firmicutes; c__Clostridia; o__Oscillospirales; f__Ruminococcaceae; g__[Eubacterium]_siraeum_group
757db84fc937d05b9b86e62a1ca4c8f7	d__Bacteria; p__Firmicutes; c__Bacilli; o__RF39; f__RF39; g__RF39
68b944a754686d15ffdc3668ff5b1fca	d__Bacteria; p__Firmicutes; c__Bacilli; o__RF39; f__RF39; g__RF39
474dd9dba49ebf7d106e4d07ed51fe39	d__Bacteria; p__Bacteroidota; c__Bacteroidia; o__Bacteroidales; f__Barnesiellaceae; g__Barnesiella
9e153468a5fb244a1225eec6b778be9c	d__Bacteria; p__Firmicutes; c__Clostridia; o__Oscillospirales; f__Butyricicoccaceae; g__UCG-009
1575d616809485fc2faaecbfac9e5bdf	d__Bacteria; p__Proteobacteria; c__Gammaproteobacteria; o__Oceanospirillales; f__Halomonadaceae; g__Halomonas
5fe42b70201680cbad070fe07b4a587b	d__Bacteria; p__Firmicutes; c__Clostridia; o__Oscillospirales; f__Ruminococcaceae; g__Ruminococcus
9e8a6283f2f6db0d3698301adbeeb753	d__Bacteria; p__Firmicutes; c__Clostridia; o__Oscillospirales; f__Ruminococcaceae
711d17c2bac76c981c1400d1fd6936aa	d__Bacteria; p__Firmicutes; c__Clostridia
2d00376040c367fada89ffe72935f8ed	d__Bacteria; p__Firmicutes; c__Clostridia; o__Clostridia_UCG-014; f__Clostridia_UCG-014; g__Clostridia_UCG-014
84703da0cac8c2790e4e15201996cb4d	d__Bacteria; p__Firmicutes; c__Clostridia; o__Lachnospirales; f__Lachnospiraceae
e2edb29c64b61e3da14e105128a855f7	d__Bacteria; p__Firmicutes; c__Negativicutes; o__Veillonellales-Selenomonadales; f__Veillonellaceae; g__Megasphaera; s__Megasphaera_hexanoica
e356d655ce21707288d1db77ed3f602f	d__Bacteria; p__Firmicutes; c__Clostridia; o__Lachnospirales; f__Lachnospiraceae; g__Agathobacter
77f94c122b4bb6e850c3cb80751b4c0a	d__Bacteria; p__Firmicutes; c__Clostridia; o__Lachnospirales; f__Lachnospiraceae; g__Agathobacter
08a92997e9f68594604526164179a253	d__Bacteria; p__Firmicutes; c__Clostridia; o__Lachnospirales; f__Lachnospiraceae
25af83c834f664e96301e2b3f53536ec	d__Bacteria; p__Firmicutes; c__Clostridia; o__Lachnospirales; f__Lachnospiraceae; g__Roseburia
99dac94ed825dd215aba99b83869f66c	d__Bacteria; p__Desulfobacterota; c__Desulfovibrionia; o__Desulfovibrionales; f__Desulfovibrionaceae; g__Desulfovibrio; s__bacterium
3a4feeb76943db68fa088860d10f675f	d__Bacteria; p__Desulfobacterota; c__Desulfovibrionia; o__Desulfovibrionales; f__Desulfovibrionaceae; g__uncultured; s__uncultured_bacterium
754ff49e43234f383b535a35560e4350	d__Eukaryota
cdf91fee6569938e502c61d9f7b92b4c	d__Archaea; p__Euryarchaeota; c__Methanobacteria; o__Methanobacteriales; f__Methanobacteriaceae; g__Methanobrevibacter
c943cfccddc9dc24ceb1c908eb007708	d__Bacteria; p__Firmicutes; c__Bacilli; o__Erysipelotrichales; f__Erysipelotrichaceae; g__uncultured; s__uncultured_bacterium
a3f2a02d0473606e9daf376a28f269eb	d__Bacteria; p__Firmicutes; c__Clostridia; o__Lachnospirales; f__Lachnospiraceae; g__[Eubacterium]_ventriosum_group
25196f152865ad4f6332ea696a41a215	d__Bacteria; p__Firmicutes; c__Clostridia; o__Christensenellales; f__Christensenellaceae; g__Christensenellaceae_R-7_group; s__human_gut
744b9645f9bf4ab4ac83d8e2c3204bcb	d__Bacteria; p__Firmicutes; c__Bacilli; o__Lactobacillales; f__Lactobacillaceae; g__Lactobacillus; s__Lactobacillus_ruminis
bf3acea4949c9596b28fcaef34dd92b8	d__Bacteria; p__Firmicutes; c__Bacilli; o__Lactobacillales; f__Lactobacillaceae; g__Lactobacillus
3278e5e97fbb918de6b5b6f1def1b4c9	d__Bacteria; p__Firmicutes; c__Bacilli; o__Lactobacillales; f__Lactobacillaceae; g__Lactobacillus
e627ac773d6a6d79031ba9d3c8ec7bca	d__Bacteria; p__Firmicutes; c__Bacilli; o__Lactobacillales; f__Lactobacillaceae; g__Lactobacillus
8d03f31069368ba1dd8b509bf52d18c0	d__Bacteria; p__Firmicutes; c__Bacilli; o__Lactobacillales; f__Lactobacillaceae; g__Lactobacillus
18fcbb2e62b3eff6413fa241f0301b4c	d__Bacteria; p__Firmicutes; c__Bacilli; o__Lactobacillales; f__Lactobacillaceae; g__Lactobacillus
cf34bcc618867db6b774b1f3aa4ff9b6	d__Bacteria; p__Firmicutes; c__Bacilli; o__Lactobacillales
ecc29b5a2479012cf18e5dc107c22240	d__Bacteria; p__Firmicutes; c__Bacilli; o__Lactobacillales; f__Enterococcaceae; g__Enterococcus
e1e5f1f80a1b05f445fa5ded7d04c057	d__Bacteria; p__Firmicutes; c__Bacilli; o__Lactobacillales; f__Streptococcaceae; g__Streptococcus; s__Streptococcus_mutans
f62795e1454be02076adc700d91f4ff5	d__Bacteria; p__Firmicutes; c__Bacilli; o__Lactobacillales; f__Streptococcaceae; g__Streptococcus
f6b92fcf15d21a818f31d2116f15f392	d__Bacteria; p__Firmicutes; c__Bacilli; o__Lactobacillales; f__Streptococcaceae; g__Streptococcus
b70470fff09bec6de3e82a5cc1264ea6	d__Bacteria; p__Firmicutes; c__Bacilli; o__Lactobacillales; f__Streptococcaceae; g__Streptococcus
55fdfc0ad8c13076760f089cbda6234c	d__Bacteria; p__Firmicutes; c__Bacilli; o__Lactobacillales; f__Streptococcaceae; g__Streptococcus
bc5aee201bfc767780daf6c0dc26a992	d__Bacteria; p__Firmicutes; c__Bacilli; o__Erysipelotrichales; f__Erysipelotrichaceae; g__Holdemania
9e746c7aa958a4b2d05b88156e7cb6a0	d__Bacteria; p__Firmicutes; c__Bacilli; o__Erysipelotrichales; f__Erysipelatoclostridiaceae; g__Erysipelotrichaceae_UCG-003
90092a04cc11f61cd7d9fc025415d971	d__Bacteria; p__Firmicutes; c__Bacilli; o__Erysipelotrichales; f__Erysipelatoclostridiaceae; g__Catenibacterium; s__uncultured_bacterium
e3727dbc0f4ae31eeef45985a1cf97c3	d__Bacteria; p__Firmicutes; c__Bacilli; o__Erysipelotrichales; f__Erysipelatoclostridiaceae; g__Catenibacterium; s__uncultured_bacterium
9d4cb88502b56de1aacf205c3ef27bbb	d__Bacteria; p__Firmicutes; c__Bacilli; o__Erysipelotrichales; f__Erysipelotrichaceae; g__Solobacterium
e5185b77dc30847ae22c13807f29ffa1	d__Bacteria; p__Firmicutes; c__Bacilli; o__Erysipelotrichales; f__Erysipelatoclostridiaceae; g__Erysipelatoclostridium
a9f8efb84c34cc3f31c0ea08ab9d7aea	d__Bacteria; p__Firmicutes; c__Bacilli; o__Erysipelotrichales; f__Erysipelotrichaceae; g__[Clostridium]_innocuum_group
b7b8117d3c6b8e66c67280c9144b5e9b	d__Bacteria; p__Firmicutes; c__Bacilli; o__Erysipelotrichales; f__Erysipelotrichaceae; g__Merdibacter
a11f0407deaf4e873f60ac376c4c5f83	d__Bacteria; p__Firmicutes; c__Bacilli; o__Erysipelotrichales; f__Erysipelotrichaceae; g__Faecalitalea; s__gut_metagenome
6ca9b8852e11d61f00e974f04983d05b	d__Bacteria; p__Firmicutes; c__Bacilli; o__Erysipelotrichales; f__Erysipelotrichaceae; g__Holdemanella
2e60d0cf64eb246e1e1eb93c39d949ce	d__Bacteria; p__Firmicutes; c__Bacilli; o__Erysipelotrichales; f__Erysipelotrichaceae; g__Holdemanella
2166d5f68daca3b8924cd868b9808b70	d__Bacteria; p__Firmicutes; c__Bacilli; o__Erysipelotrichales; f__Erysipelotrichaceae; g__Holdemanella
1b73a008821b6aa0879aefc3ad09095b	d__Bacteria; p__Verrucomicrobiota; c__Verrucomicrobiae; o__Verrucomicrobiales; f__Akkermansiaceae; g__Akkermansia; s__uncultured_bacterium
6664806c7b0e70dda69a4a72e47990f3	d__Bacteria; p__Verrucomicrobiota; c__Verrucomicrobiae; o__Verrucomicrobiales; f__Akkermansiaceae; g__Akkermansia
f392b9733b27aaf284fb972174a370d1	d__Bacteria; p__Firmicutes; c__Clostridia; o__Clostridia_UCG-014; f__Clostridia_UCG-014; g__Clostridia_UCG-014
298b0561352a12dd27a64be1421e8147	d__Bacteria; p__Firmicutes; c__Clostridia; o__Clostridia_UCG-014; f__Clostridia_UCG-014; g__Clostridia_UCG-014
9eebc098c8d7250117857e6473bed022	d__Bacteria; p__Firmicutes; c__Clostridia; o__Clostridia_UCG-014; f__Clostridia_UCG-014; g__Clostridia_UCG-014
240ee02b865917c824c11059e07f67ee	d__Bacteria; p__Firmicutes; c__Clostridia; o__Clostridia_UCG-014; f__Clostridia_UCG-014; g__Clostridia_UCG-014; s__uncultured_bacterium
ea5e1d05b49b05426ab2202b2e889e95	d__Bacteria; p__Firmicutes; c__Clostridia; o__Clostridia_UCG-014; f__Clostridia_UCG-014; g__Clostridia_UCG-014
5063ad16dd1c3811969af053450526bf	d__Bacteria; p__Firmicutes; c__Clostridia; o__Clostridia_UCG-014; f__Clostridia_UCG-014; g__Clostridia_UCG-014
8169ebe3cc3f46725fed2b7dc3011d98	d__Bacteria; p__Firmicutes; c__Clostridia; o__Clostridia_UCG-014; f__Clostridia_UCG-014; g__Clostridia_UCG-014
c085b63781bf0bae82a64beb4bc5e892	d__Bacteria; p__Proteobacteria; c__Alphaproteobacteria; o__Rhodospirillales; f__uncultured; g__uncultured; s__gut_metagenome
7f5918fbb65c2972822b43291e351e5d	d__Bacteria; p__Bacteroidota; c__Bacteroidia; o__Bacteroidales; f__Prevotellaceae; g__Alloprevotella
31f5f03731b0ad27aa3d763440f27c6b	d__Bacteria; p__Bacteroidota; c__Bacteroidia; o__Bacteroidales; f__Bacteroidaceae; g__Bacteroides; s__Bacteroides_plebeius
ddd560882c1144aacf110598acc2b318	d__Bacteria; p__Bacteroidota; c__Bacteroidia; o__Bacteroidales; f__Bacteroidaceae; g__Bacteroides
0cfdfa71433f7e85bb33aab0ca0669b7	d__Bacteria; p__Bacteroidota; c__Bacteroidia; o__Bacteroidales; f__Bacteroidaceae; g__Bacteroides
2049a3fa313bc26e892d06f1da883e3f	d__Bacteria; p__Bacteroidota; c__Bacteroidia; o__Bacteroidales; f__Bacteroidaceae; g__Bacteroides
28d9fdd72fb2cc89f7e83d1afa417596	d__Bacteria; p__Bacteroidota; c__Bacteroidia; o__Bacteroidales; f__Bacteroidaceae; g__Bacteroides; s__Bacteroides_eggerthii
a6f6d2236cd64bf56c5afc9c6f62b638	d__Bacteria; p__Bacteroidota; c__Bacteroidia; o__Bacteroidales; f__Bacteroidaceae; g__Bacteroides
8983a8a0e9c71c1c1186c4c2d205976d	d__Bacteria; p__Bacteroidota; c__Bacteroidia; o__Bacteroidales; f__Bacteroidaceae; g__Bacteroides
19f995b23d1fc550c947aebfae8ecbd6	d__Bacteria; p__Bacteroidota; c__Bacteroidia; o__Bacteroidales; f__Prevotellaceae; g__Prevotella
276e78ddd738df37529f70ac7dae4443	d__Bacteria; p__Bacteroidota; c__Bacteroidia; o__Bacteroidales; f__Prevotellaceae; g__Prevotella
e53bc7e7c63a19716b5c0c69dd0882f3	d__Bacteria; p__Bacteroidota; c__Bacteroidia; o__Bacteroidales; f__Marinifilaceae; g__Odoribacter; s__uncultured_Odoribacter
e9dd6450b89293344c63cdc605ed77c4	d__Bacteria; p__Bacteroidota; c__Bacteroidia; o__Bacteroidales; f__Rikenellaceae; g__Alistipes; s__Alistipes_shahii
31f6fe44b2cf3a172c80913cf756f144	d__Bacteria; p__Bacteroidota; c__Bacteroidia; o__Bacteroidales; f__Rikenellaceae; g__Alistipes
83d95fcb60a1b6511eaea498f4db7e9d	d__Bacteria; p__Bacteroidota; c__Bacteroidia; o__Bacteroidales; f__Rikenellaceae; g__Alistipes; s__Alistipes_finegoldii
f3024dccee549358d3bfddf39b761bd0	d__Bacteria; p__Bacteroidota; c__Bacteroidia; o__Bacteroidales; f__Rikenellaceae; g__Alistipes
3c2aee071a81f9c28d17f8b76c1e0e60	d__Bacteria; p__Bacteroidota; c__Bacteroidia; o__Bacteroidales; f__Rikenellaceae; g__Alistipes
90683051f7c96ba2bf952eaf1edaaea2	d__Bacteria; p__Bacteroidota; c__Bacteroidia; o__Bacteroidales; f__Bacteroidaceae; g__Bacteroides
9d426a6242207dd6f5658b44419e36dc	d__Bacteria; p__Bacteroidota; c__Bacteroidia; o__Bacteroidales; f__Bacteroidaceae; g__Bacteroides
2b4dafe5fd97557ccebec495fe338766	d__Bacteria; p__Bacteroidota; c__Bacteroidia; o__Bacteroidales; f__Rikenellaceae; g__Alistipes
cd88f3f6d75bed47615fc66ef7c33b3f	d__Bacteria; p__Bacteroidota; c__Bacteroidia; o__Bacteroidales; f__Rikenellaceae; g__Alistipes
51ada1d1a6814ed8ac628f771c5112ae	d__Bacteria; p__Bacteroidota; c__Bacteroidia; o__Bacteroidales; f__Tannerellaceae; g__Parabacteroides; s__Parabacteroides_merdae
0df87d94f4c2f73a3fb71b38b27b816a	d__Bacteria; p__Bacteroidota; c__Bacteroidia; o__Bacteroidales; f__Tannerellaceae; g__Parabacteroides
84fa56d532fcbec6fac3f4a82ed9cf56	d__Bacteria; p__Bacteroidota; c__Bacteroidia; o__Bacteroidales; f__Rikenellaceae; g__Rikenellaceae_RC9_gut_group; s__uncultured_bacterium
9d5d3d7f5da52b7a27d732bd95c317db	d__Bacteria; p__Bacteroidota; c__Bacteroidia; o__Bacteroidales; f__Bacteroidaceae; g__Bacteroides
bf9d9f420aa0ae22cd4f932a5ede22c7	d__Bacteria; p__Bacteroidota; c__Bacteroidia; o__Bacteroidales; f__Bacteroidaceae; g__Bacteroides
7947eab76c32e4f760221e29221c9ace	d__Bacteria; p__Bacteroidota; c__Bacteroidia; o__Bacteroidales; f__Bacteroidaceae; g__Bacteroides
54c972deca40dfd65a3393461ba21581	d__Bacteria; p__Bacteroidota; c__Bacteroidia; o__Bacteroidales; f__Bacteroidaceae; g__Bacteroides
efa2c76d4584caf57a072bcb0106804a	d__Bacteria; p__Bacteroidota; c__Bacteroidia; o__Bacteroidales; f__Prevotellaceae; g__Prevotella
681fdf30d296d6d60c63ad8bbb6ff4d8	d__Bacteria; p__Bacteroidota; c__Bacteroidia; o__Bacteroidales; f__Prevotellaceae; g__Prevotella
f7db719978da7eb101f1e1a67d102d36	d__Bacteria; p__Bacteroidota; c__Bacteroidia; o__Bacteroidales; f__Prevotellaceae; g__Prevotella
8960182bde6c2eba7e012da97836b2ab	d__Bacteria; p__Bacteroidota; c__Bacteroidia; o__Bacteroidales
7d7410d09c038713eadcdcb743ce2d6a	d__Bacteria; p__Bacteroidota; c__Bacteroidia; o__Bacteroidales; f__Tannerellaceae
f84f361321047881493d729401768ce2	d__Bacteria; p__Bacteroidota; c__Bacteroidia; o__Bacteroidales; f__Marinifilaceae; g__Butyricimonas; s__Butyricimonas_virosa
3965afad2f07328f6fb78f0696e4d6ef	d__Bacteria; p__Bacteroidota; c__Bacteroidia; o__Bacteroidales; f__Marinifilaceae; g__Butyricimonas
b06f9327468023a3e1ca934d545403f7	d__Bacteria; p__Bacteroidota; c__Bacteroidia; o__Bacteroidales; f__Bacteroidaceae; g__Bacteroides
d8553dd15f222396bdce3f9f162a539a	d__Bacteria; p__Bacteroidota; c__Bacteroidia; o__Bacteroidales; f__Bacteroidaceae; g__Bacteroides
dd4e882107a749aa329a58e451d89ece	d__Bacteria; p__Bacteroidota; c__Bacteroidia; o__Bacteroidales; f__uncultured; g__uncultured; s__gut_metagenome
516dcfe3d6acf6869f3d024e71d266ae	d__Bacteria; p__Bacteroidota; c__Bacteroidia; o__Bacteroidales; f__Bacteroidaceae; g__Bacteroides
90121d2fd3bc601252f32c28962a4b52	d__Bacteria; p__Bacteroidota; c__Bacteroidia; o__Bacteroidales; f__Muribaculaceae; g__CAG-873; s__uncultured_bacterium
8bd4da60bc3ef0886f4c1e8993b06718	d__Bacteria; p__Bacteroidota; c__Bacteroidia; o__Bacteroidales; f__Rikenellaceae; g__Rikenellaceae_RC9_gut_group; s__uncultured_bacterium
95ea1f9e2fd06660ce554e0a9eed77d0	d__Bacteria; p__Bacteroidota; c__Bacteroidia; o__Bacteroidales; f__Rikenellaceae; g__Alistipes; s__Alistipes_inops
1fc3ef7484e738e504776675ceaa5ea1	d__Bacteria; p__Bacteroidota; c__Bacteroidia; o__Bacteroidales; f__Rikenellaceae; g__Rikenellaceae_RC9_gut_group
cfb7879e5ac9f68cea0dcd07d215e6e8	d__Bacteria; p__Bacteroidota; c__Bacteroidia; o__Bacteroidales; f__Prevotellaceae; g__Paraprevotella
e3266e6a068abe287e54bef37f9434b0	d__Bacteria; p__Bacteroidota; c__Bacteroidia; o__Bacteroidales; f__Prevotellaceae; g__Prevotellaceae_NK3B31_group
c40f1cb97164f66bfcef25748b0af44f	d__Bacteria; p__Bacteroidota; c__Bacteroidia; o__Bacteroidales; f__Muribaculaceae; g__CAG-873; s__uncultured_bacterium
e4dbf9a98eb3f8de26b9ff95ea8a5c38	d__Bacteria; p__Bacteroidota; c__Bacteroidia; o__Bacteroidales; f__Tannerellaceae; g__Parabacteroides
4051a4e5f8474616f30314458ac95816	d__Bacteria; p__Firmicutes; c__Clostridia; o__Oscillospirales; f__Oscillospiraceae
8d6964a45bd91cea140e47deb892a352	d__Bacteria; p__Bacteroidota; c__Bacteroidia; o__Bacteroidales; f__Barnesiellaceae; g__Barnesiella
203803c65711405701bd7ebcf96786ac	d__Bacteria; p__Firmicutes; c__Clostridia; o__Oscillospirales; f__Ruminococcaceae
251c20b11e2edeff7f2e39fa3744a1cf	d__Bacteria; p__Firmicutes; c__Clostridia; o__Oscillospirales; f__Ruminococcaceae
31a7ea8a85188a9802e8e21d12ca238e	d__Bacteria; p__Firmicutes; c__Clostridia; o__Oscillospirales; f__Ruminococcaceae; g__Incertae_Sedis
00056422e418a87ac4c64f5a1158188e	d__Bacteria; p__Firmicutes; c__Clostridia; o__Oscillospirales; f__Ruminococcaceae; g__Incertae_Sedis
c1d7edc080427c7f60a8410cf497a33b	d__Bacteria; p__Firmicutes; c__Clostridia; o__Peptococcales; f__Peptococcaceae; g__uncultured; s__uncultured_bacterium
b629217b2e0b6a10786dc4bde2d35f62	d__Bacteria; p__Firmicutes; c__Clostridia; o__Lachnospirales; f__Lachnospiraceae; g__Dorea
2e35019da6a7cbdd11d7563d915610cc	d__Bacteria; p__Firmicutes; c__Clostridia; o__Lachnospirales; f__Lachnospiraceae; g__[Eubacterium]_eligens_group
2a1f5004ce444b352b354cd7b47177f9	d__Bacteria; p__Firmicutes; c__Clostridia; o__Lachnospirales; f__Lachnospiraceae; g__Lachnospira
20c0ffbe4dfb218c659eeecea5f439b9	d__Bacteria; p__Firmicutes; c__Clostridia; o__Lachnospirales; f__Lachnospiraceae; g__Lachnospiraceae_ND3007_group
45a09a4f429f55a271d8bf5dfbd0b028	d__Bacteria; p__Firmicutes; c__Clostridia; o__Oscillospirales; f__Ruminococcaceae; g__Ruminococcus; s__Ruminococcus_bicirculans
0a0847118cff2bef5729c3d03bc94ec7	d__Bacteria; p__Firmicutes; c__Clostridia; o__Oscillospirales; f__Ruminococcaceae; g__Ruminococcus; s__Ruminococcus_bicirculans
4987792a5961f8e8d69cafb8b20f1df3	d__Bacteria; p__Firmicutes; c__Clostridia; o__Lachnospirales; f__Lachnospiraceae; g__Howardella; s__uncultured_organism
a06af78a79adc4d1802d2aef2f084678	d__Bacteria; p__Firmicutes; c__Clostridia; o__Oscillospirales; f__Ruminococcaceae; g__Ruminococcus
d707d8d827db03fe99e5dc4444ca5d40	d__Bacteria; p__Firmicutes; c__Clostridia; o__Peptostreptococcales-Tissierellales; f__Anaerovoracaceae
b23180d3719eadf641f0b7588127e5eb	d__Bacteria; p__Firmicutes; c__Clostridia; o__Peptostreptococcales-Tissierellales; f__Anaerovoracaceae; g__Family_XIII_AD3011_group
275f60c551e0fbbed3bb5cdfd0abe735	d__Bacteria; p__Firmicutes; c__Clostridia; o__Lachnospirales; f__Lachnospiraceae
e525ec9485c750982d5a2a8b1211253a	d__Bacteria; p__Firmicutes; c__Clostridia; o__Lachnospirales; f__Lachnospiraceae; g__uncultured; s__butyrate-producing_bacterium
cd1b0529dce9fc1962c4212ff7f3680c	d__Bacteria; p__Firmicutes; c__Clostridia; o__Peptostreptococcales-Tissierellales; f__Anaerovoracaceae; g__Family_XIII_AD3011_group
ffdedc4a75ea81b98f78d4b145c22640	d__Bacteria; p__Firmicutes; c__Clostridia; o__Peptostreptococcales-Tissierellales; f__Peptostreptococcaceae
c8ff54a60771c8c5af4c33b9c20406ac	d__Bacteria; p__Firmicutes; c__Clostridia; o__Peptostreptococcales-Tissierellales; f__Peptostreptococcaceae
f19fae2d9ff56061283ddfce60f51d8d	d__Bacteria; p__Firmicutes; c__Clostridia; o__Oscillospirales; f__[Eubacterium]_coprostanoligenes_group; g__[Eubacterium]_coprostanoligenes_group; s__human_gut
b7936ac225abfcacbd7d4f3cdb561226	d__Bacteria; p__Firmicutes; c__Clostridia; o__Lachnospirales; f__Lachnospiraceae
260589eb375880939d6761620de34518	d__Bacteria; p__Firmicutes; c__Clostridia; o__Lachnospirales; f__Lachnospiraceae
21d9c9e04192f0381a4a352dfa46dafe	d__Bacteria; p__Firmicutes; c__Clostridia; o__Lachnospirales; f__Lachnospiraceae; g__Agathobacter
d3315e78b3ff9afaa4e74ec38f01957d	d__Bacteria; p__Firmicutes; c__Clostridia; o__Lachnospirales; f__Lachnospiraceae
f78a12bcb61701d04b9ba6c54f7d1538	d__Bacteria; p__Firmicutes; c__Clostridia; o__Lachnospirales; f__Lachnospiraceae
12b52b827856dcbb6eac974563c64f9e	d__Bacteria; p__Firmicutes; c__Clostridia; o__Lachnospirales; f__Lachnospiraceae; g__Lachnoclostridium
6aa0711def94e776c688c2cc57a6fed9	d__Bacteria; p__Firmicutes; c__Clostridia; o__Oscillospirales; f__[Eubacterium]_coprostanoligenes_group; g__[Eubacterium]_coprostanoligenes_group
33509fe8be3846b2a851e369fee2affa	d__Bacteria; p__Proteobacteria; c__Gammaproteobacteria; o__Enterobacterales; f__Enterobacteriaceae
a49afa6897903895e08b53744139d2d0	d__Bacteria; p__Proteobacteria; c__Gammaproteobacteria; o__Enterobacterales; f__Enterobacteriaceae; g__Escherichia-Shigella
aab52b174022f44b330cef7fef209075	d__Bacteria; p__Proteobacteria; c__Gammaproteobacteria; o__Enterobacterales; f__Enterobacteriaceae
bbf02b0842fdab7af41631b80ec1db9b	d__Bacteria; p__Proteobacteria; c__Gammaproteobacteria; o__Enterobacterales; f__Enterobacteriaceae
3d1bb030538717852fad5d28a201994f	d__Bacteria; p__Proteobacteria; c__Gammaproteobacteria; o__Enterobacterales; f__Enterobacteriaceae
0a44e373153e0fbfcb35fc39f2aeca27	d__Bacteria; p__Firmicutes; c__Clostridia; o__Lachnospirales; f__Lachnospiraceae; g__Epulopiscium
0bbc183f2509362491c7e9411b817728	d__Bacteria; p__Actinobacteriota; c__Actinobacteria; o__Bifidobacteriales; f__Bifidobacteriaceae; g__Bifidobacterium
60d6d9222bf999ac9d7f3bce30873bfe	d__Bacteria; p__Actinobacteriota; c__Actinobacteria; o__Bifidobacteriales; f__Bifidobacteriaceae; g__Bifidobacterium; s__Bifidobacterium_bifidum
f733cde40fe3fd67125660ed93161cc2	d__Bacteria; p__Actinobacteriota; c__Actinobacteria; o__Bifidobacteriales; f__Bifidobacteriaceae; g__Bifidobacterium
5673cc01e8eca7dcc03c5177b1db83f9	d__Bacteria; p__Actinobacteriota; c__Actinobacteria; o__Bifidobacteriales; f__Bifidobacteriaceae; g__Bifidobacterium
718d0712714c4cd11248b13bc2cabd29	d__Bacteria; p__Firmicutes; c__Clostridia; o__Peptostreptococcales-Tissierellales; f__Anaerovoracaceae; g__Family_XIII_AD3011_group; s__uncultured_Eubacterium
db41603dabdeea7f33f03eb455a1155d	d__Bacteria; p__Firmicutes; c__Clostridia; o__Peptostreptococcales-Tissierellales; f__Anaerovoracaceae; g__Family_XIII_UCG-001; s__uncultured_bacterium
16db3aac26da17c2560e8006399df358	d__Bacteria; p__Firmicutes; c__Clostridia; o__Lachnospirales; f__Lachnospiraceae; g__Lachnospiraceae_UCG-010; s__uncultured_organism
b8aaa8ad391a708e8f0fbdd09a151817	d__Bacteria; p__Firmicutes; c__Clostridia; o__Lachnospirales; f__Lachnospiraceae; g__Tyzzerella
d60a92f7552f70673d95e416e46e4555	d__Bacteria; p__Firmicutes; c__Clostridia; o__Oscillospirales; f__[Eubacterium]_coprostanoligenes_group; g__[Eubacterium]_coprostanoligenes_group; s__uncultured_bacterium
140eb969db9a73da9a10861e448e1acf	d__Bacteria; p__Firmicutes; c__Clostridia; o__Lachnospirales; f__Lachnospiraceae
2066fefc918bb651e9d5668d4766b16b	d__Bacteria; p__Firmicutes; c__Clostridia; o__Oscillospirales; f__[Eubacterium]_coprostanoligenes_group; g__[Eubacterium]_coprostanoligenes_group
f2de3f9c6a37f59bbfc929281861c8f9	d__Bacteria; p__Firmicutes; c__Clostridia; o__Oscillospirales; f__[Eubacterium]_coprostanoligenes_group; g__[Eubacterium]_coprostanoligenes_group
14bad31d17139168040e9cd5e3c2ef7e	d__Bacteria; p__Firmicutes; c__Clostridia; o__Peptostreptococcales-Tissierellales; f__Anaerovoracaceae; g__Family_XIII_AD3011_group
d6078b5b2de957e31fad16fe021bdbd4	d__Bacteria; p__Firmicutes; c__Clostridia; o__Oscillospirales; f__[Eubacterium]_coprostanoligenes_group; g__[Eubacterium]_coprostanoligenes_group
986db28f9bfea750817ce591bab86db6	d__Bacteria; p__Firmicutes; c__Clostridia; o__Lachnospirales; f__Lachnospiraceae
81f65890a982a694fd29ee6deb28ac82	d__Bacteria; p__Firmicutes; c__Clostridia; o__Lachnospirales; f__Lachnospiraceae
40af7ea085dc500069ba4ddc2fb3764b	d__Bacteria; p__Firmicutes; c__Clostridia; o__Lachnospirales; f__Lachnospiraceae; g__[Eubacterium]_hallii_group
a6f0fdfc7ccc6a3c54fba0e1c6dc9f94	d__Bacteria; p__Firmicutes; c__Clostridia; o__Clostridiales; f__Clostridiaceae; g__Clostridium_sensu_stricto_1
936746a648c381b4484a3c7dbf560449	d__Bacteria; p__Firmicutes; c__Clostridia; o__Clostridiales; f__Clostridiaceae; g__Clostridium_sensu_stricto_3; s__iron-reducing_bacterium
2ac589b3bd5492fdfa59bcd803467be7	d__Bacteria; p__Firmicutes; c__Clostridia; o__Oscillospirales; f__Butyricicoccaceae; g__UCG-009; s__uncultured_organism
3826b12e6c8348e48217c87e2a185424	d__Bacteria; p__Firmicutes; c__Clostridia; o__Lachnospirales; f__Lachnospiraceae; g__Blautia
2dcc1f548f121e5257f2a55c1a04911d	d__Bacteria; p__Firmicutes; c__Clostridia; o__Lachnospirales; f__Lachnospiraceae; g__Blautia
393884adf96d61612127677883a91ca0	d__Bacteria; p__Firmicutes; c__Clostridia; o__Lachnospirales; f__Lachnospiraceae; g__Blautia
1809714d53e518b0eb821a711376098b	d__Bacteria; p__Firmicutes; c__Clostridia; o__Lachnospirales; f__Lachnospiraceae
333b413ed0b5be125b3c2ec28d3dd85d	d__Bacteria; p__Firmicutes; c__Clostridia; o__Lachnospirales; f__Lachnospiraceae; g__Blautia
09cdda353a5432d5d9bc26f766aecaca	d__Bacteria; p__Firmicutes; c__Clostridia; o__Lachnospirales; f__Lachnospiraceae; g__Blautia
bfdee7bba2c2ff9ea0a353f18269128d	d__Bacteria; p__Firmicutes; c__Clostridia; o__Lachnospirales; f__Lachnospiraceae; g__Blautia
bfaee3987121f0747bf8069315a81910	d__Bacteria; p__Firmicutes; c__Clostridia; o__Lachnospirales; f__Lachnospiraceae
4b8ff62b0c0c9069f4bd3a178aadecbb	d__Bacteria; p__Firmicutes; c__Clostridia; o__Lachnospirales; f__Lachnospiraceae; g__Frisingicoccus
d5a4e011401eecfe4cf35074ba795fdc	d__Bacteria; p__Firmicutes; c__Clostridia; o__Lachnospirales; f__Lachnospiraceae
c8439f0d79711381f7a9b42e8daa6378	d__Bacteria; p__Firmicutes; c__Clostridia; o__Lachnospirales; f__Lachnospiraceae
ed53cba0fb8873aef941138937bb2de4	d__Bacteria; p__Firmicutes; c__Clostridia; o__Lachnospirales; f__Lachnospiraceae
2007fa091bd74de9f792cd787b6f61d1	d__Bacteria; p__Firmicutes; c__Clostridia; o__Lachnospirales; f__Lachnospiraceae
6e9cd21b6d0b0d2aac7582db92169b6c	d__Bacteria; p__Firmicutes; c__Clostridia; o__Lachnospirales; f__Lachnospiraceae
8c342440467886ea5ec9faf6d000d356	d__Bacteria; p__Firmicutes; c__Clostridia; o__Lachnospirales; f__Lachnospiraceae
8036fe7773fefb012c7ff885f651b37c	d__Bacteria; p__Firmicutes; c__Clostridia; o__Lachnospirales; f__Lachnospiraceae
b49da8ec9d760a925bf75310a6441b73	d__Bacteria; p__Firmicutes; c__Clostridia; o__Lachnospirales; f__Lachnospiraceae; g__Roseburia
781f68c8e886f6db51c72dddd2d5212a	d__Bacteria; p__Firmicutes; c__Clostridia; o__Lachnospirales; f__Lachnospiraceae; g__Roseburia
d3ab19c526a5935caea7288a58fa8e32	d__Bacteria; p__Firmicutes; c__Clostridia; o__Lachnospirales; f__Lachnospiraceae; g__Roseburia
d3fb3606d4c96e67a5053029d8724d31	d__Bacteria; p__Firmicutes; c__Clostridia; o__Lachnospirales; f__Lachnospiraceae; g__Roseburia
aa1f9736d92fd712f6ac4fcc5718e952	d__Bacteria; p__Firmicutes; c__Clostridia; o__Lachnospirales; f__Lachnospiraceae
cd921b7182fddce08e6a24864a7a0a6f	d__Bacteria; p__Firmicutes; c__Clostridia; o__Peptostreptococcales-Tissierellales; f__Peptostreptococcales-Tissierellales; g__Fenollaria
dc405c0a4c3fd797445369a4e3db07fa	d__Bacteria; p__Firmicutes; c__Clostridia; o__Lachnospirales; f__Lachnospiraceae; g__[Ruminococcus]_torques_group
c867f060f4620b718ae9d90a2d28ae0c	d__Bacteria; p__Firmicutes; c__Clostridia; o__Lachnospirales; f__Lachnospiraceae
5f12f53fca31e4f63494f096bfffef65	d__Bacteria; p__Firmicutes; c__Clostridia; o__Lachnospirales; f__Lachnospiraceae
e3174ef276bb0e3acfbe1b88a729c95d	d__Bacteria; p__Firmicutes; c__Clostridia; o__Lachnospirales; f__Lachnospiraceae; g__Anaerostipes
9b8b4516c1cfcd1d9d91ca920f3ae82b	d__Bacteria; p__Firmicutes; c__Clostridia; o__Lachnospirales; f__Lachnospiraceae
961e736c05a36c86f7d7f658cb9535f4	d__Bacteria; p__Firmicutes; c__Clostridia; o__Lachnospirales; f__Lachnospiraceae
a98ff787491449fdff7ecea0f87dfd25	d__Bacteria; p__Firmicutes; c__Clostridia; o__Lachnospirales; f__Lachnospiraceae
4ab5b2b01422f502b86080b3cf1ad09f	d__Bacteria; p__Firmicutes; c__Clostridia; o__Lachnospirales; f__Lachnospiraceae
f91d180c404bd8149cc95c4d63bfd855	d__Bacteria; p__Firmicutes; c__Clostridia; o__Lachnospirales; f__Lachnospiraceae
048372e94e02e7886d0c4962f41a74bb	d__Bacteria; p__Firmicutes; c__Clostridia; o__Lachnospirales; f__Lachnospiraceae
fe4445dcfa48ed02ae2b8bc4e5bd976d	d__Bacteria; p__Firmicutes; c__Clostridia; o__Lachnospirales; f__Lachnospiraceae
a70b5c2bc22bdc60e0c81be4fdfe92f7	d__Bacteria; p__Firmicutes; c__Clostridia; o__Lachnospirales; f__Lachnospiraceae
3904eb34d64e229055f723085e2a5efb	d__Bacteria; p__Firmicutes; c__Clostridia; o__Lachnospirales; f__Lachnospiraceae
ca48fc64705e09710b68e52cb40324f3	d__Bacteria; p__Firmicutes; c__Clostridia; o__Lachnospirales; f__Lachnospiraceae
29a46e53eb40147196c3ffc3fddc2df1	d__Bacteria; p__Firmicutes; c__Clostridia; o__Lachnospirales; f__Lachnospiraceae
c7ff0b8714927fb995cd48690bf0cc90	d__Bacteria; p__Firmicutes; c__Clostridia; o__Lachnospirales; f__Lachnospiraceae
73bb3521a07898e63c500f60b166c14a	d__Bacteria; p__Firmicutes; c__Clostridia; o__Lachnospirales; f__Lachnospiraceae; g__Moryella; s__human_gut
54655e6ef5d58e2db9c02da68026156e	d__Bacteria; p__Firmicutes; c__Clostridia; o__Oscillospirales; f__Ruminococcaceae; g__UBA1819
aa82cf36e54d280dfaab37a488273fcb	d__Bacteria; p__Firmicutes; c__Clostridia; o__Oscillospirales; f__Ruminococcaceae; g__Faecalibacterium
6b1b1bab18d16155cbdc818bd47b6bdd	d__Bacteria; p__Firmicutes; c__Clostridia; o__Oscillospirales; f__Ruminococcaceae; g__Faecalibacterium
3d72f03c8a9c59da226009b65c6c6294	d__Bacteria; p__Firmicutes; c__Clostridia; o__Oscillospirales; f__Ruminococcaceae; g__Faecalibacterium
d4b33a9b5da2a258239afd2e26099efc	d__Bacteria; p__Firmicutes; c__Clostridia; o__Lachnospirales; f__Defluviitaleaceae; g__Defluviitaleaceae_UCG-011; s__uncultured_bacterium
f5170d1d923c022376af0e9fae09fbbb	d__Bacteria; p__Firmicutes; c__Clostridia; o__Oscillospirales; f__Ruminococcaceae; g__Ruminococcus; s__Ruminococcus_callidus
4042a15e4d5cd916bb54d17dca9e0925	d__Bacteria; p__Firmicutes; c__Clostridia; o__Peptostreptococcales-Tissierellales; f__Peptostreptococcales-Tissierellales; g__Parvimonas
a8efc48c35681a3b5756befe03c436f6	d__Bacteria; p__Firmicutes; c__Clostridia; o__Oscillospirales
86d61cc16ad146106bfe309c700c695f	d__Bacteria; p__Firmicutes; c__Clostridia; o__Oscillospirales; f__Ruminococcaceae; g__Candidatus_Soleaferrea; s__Ruminococcaceae_bacterium
b33fce956637f8b435d867f9ece38ce1	d__Bacteria; p__Desulfobacterota; c__Desulfovibrionia; o__Desulfovibrionales; f__Desulfovibrionaceae; g__Desulfovibrio; s__bacterium
0a7b8a03bfa9465b53f1f9b8c3c53247	d__Bacteria; p__Desulfobacterota; c__Desulfovibrionia; o__Desulfovibrionales; f__Desulfovibrionaceae; g__Bilophila
8ef1ecf6a2db17f2b3c84e22ae9af42b	d__Bacteria; p__Firmicutes; c__Clostridia; o__Oscillospirales; f__Butyricicoccaceae; g__Butyricicoccus
6e61f4e0b4ea47cd520a191415845585	d__Bacteria; p__Firmicutes; c__Clostridia; o__Monoglobales; f__Monoglobaceae; g__Monoglobus
fb7efbb46007de224f9ce753f391c4eb	d__Bacteria; p__Firmicutes; c__Clostridia; o__Monoglobales; f__Monoglobaceae; g__Monoglobus
a768647ff2983f447664c5a142bc9a17	d__Bacteria; p__Proteobacteria; c__Gammaproteobacteria; o__Pasteurellales; f__Pasteurellaceae; g__Haemophilus
633c1b96994da9e2162e5f08903b8a87	d__Bacteria; p__Firmicutes; c__Clostridia; o__Lachnospirales; f__Lachnospiraceae; g__Butyrivibrio
34e27ffe85135efa4d6f903cbf3870bd	d__Bacteria; p__Firmicutes; c__Clostridia; o__Lachnospirales; f__Lachnospiraceae; g__Hungatella
9bdd17715196aa91f73ca3c72eebad81	d__Bacteria; p__Proteobacteria; c__Alphaproteobacteria; o__Rhizobiales; f__Beijerinckiaceae; g__Methylobacterium-Methylorubrum
97f3607ce3bba19ff1997c0ba7f24e19	d__Bacteria; p__Firmicutes; c__Clostridia; o__Oscillospirales; f__Oscillospiraceae; g__Oscillibacter; s__human_gut
e98fc42c50cab365dceed63743ed85ad	d__Bacteria; p__Firmicutes; c__Clostridia; o__Oscillospirales; f__Oscillospiraceae; g__Oscillibacter
5d544bb57287b84808a666887ade649b	d__Bacteria; p__Firmicutes; c__Clostridia; o__Christensenellales; f__Christensenellaceae; g__Christensenellaceae_R-7_group
51dd4f9c373b919dbc4ec1181b4aff46	d__Bacteria; p__Firmicutes; c__Clostridia; o__Clostridia_vadinBB60_group; f__Clostridia_vadinBB60_group; g__Clostridia_vadinBB60_group; s__uncultured_organism
500f616b333c968fb7167e7ca9ae6d0e	d__Bacteria; p__Firmicutes; c__Clostridia; o__Oscillospirales; f__Oscillospiraceae; g__NK4A214_group
6b85ea960a9972a311f25d2915e33721	d__Bacteria; p__Firmicutes; c__Clostridia; o__Oscillospirales; f__Oscillospiraceae; g__NK4A214_group
2794f1f5e91e683db58a5ec843c45ec4	d__Bacteria; p__Firmicutes; c__Clostridia; o__Oscillospirales; f__Oscillospiraceae; g__NK4A214_group
30ea17a9f30d044ce4254aca2c69bb93	d__Bacteria; p__Firmicutes; c__Clostridia; o__Oscillospirales; f__UCG-010; g__UCG-010; s__unidentified
4e27da48caeee0db22efcb40aac1b48b	d__Bacteria; p__Firmicutes; c__Clostridia; o__Christensenellales; f__Christensenellaceae; g__Christensenellaceae_R-7_group
94171075f1d01a88852a15798256457f	d__Bacteria; p__Firmicutes; c__Clostridia; o__Christensenellales; f__Christensenellaceae; g__Christensenellaceae_R-7_group; s__uncultured_prokaryote
c633030c8b12688f25f9b578d8a9091c	d__Bacteria; p__Firmicutes; c__Clostridia; o__Christensenellales; f__Christensenellaceae; g__Christensenellaceae_R-7_group
8749b634a9e2ccc6e0afec8729148781	d__Bacteria; p__Firmicutes; c__Clostridia; o__Oscillospirales; f__UCG-010; g__UCG-010; s__gut_metagenome
020cac36a4b68b88e0af3ce8314849ba	d__Bacteria; p__Firmicutes; c__Clostridia; o__Oscillospirales; f__UCG-010; g__UCG-010
5848e3302ac958e3f2dbe8695c15bf05	d__Bacteria; p__Firmicutes; c__Clostridia; o__Christensenellales; f__Christensenellaceae; g__Christensenellaceae_R-7_group; s__bacterium_YE57
47499291d2208c5bb12d1f195746c9ee	d__Bacteria; p__Firmicutes; c__Clostridia; o__Christensenellales; f__Christensenellaceae; g__Christensenellaceae_R-7_group; s__bacterium_YE57
eaa14f68f1bdd6f128363ec874a2fbf3	d__Bacteria; p__Firmicutes; c__Clostridia; o__Oscillospirales; f__Oscillospiraceae
23e893795c306db6f9a986a928df113f	d__Bacteria; p__Firmicutes; c__Clostridia; o__Oscillospirales; f__Oscillospiraceae
1d3362642f52a2afee19f2d71c253287	d__Bacteria; p__Firmicutes; c__Clostridia; o__Oscillospirales; f__Oscillospiraceae
5676d42655fb41e924caa964c92e4196	d__Bacteria; p__Firmicutes; c__Clostridia; o__Oscillospirales; f__Oscillospiraceae; g__UCG-002
69b9c8ddbf7cfd050283ac8f9b788813	d__Bacteria; p__Firmicutes; c__Clostridia; o__Oscillospirales; f__Oscillospiraceae
7fb2f04d429001524a879f32477c7643	d__Bacteria; p__Firmicutes; c__Clostridia; o__Oscillospirales; f__Oscillospiraceae; g__Colidextribacter
0b327a4db8e5606f782e2a442bd06686	d__Bacteria; p__Firmicutes; c__Clostridia; o__Oscillospirales; f__Oscillospiraceae
74006fa6b46ab9ce3bdced49a73b4fdd	d__Bacteria; p__Firmicutes; c__Clostridia; o__Oscillospirales; f__Oscillospiraceae; g__Colidextribacter
26a85e54c6763c2ab81241e6646cef4b	d__Bacteria; p__Firmicutes; c__Clostridia; o__Oscillospirales; f__Oscillospiraceae
257ba4fd0ce3a22dd364d563c9ce46ee	d__Bacteria; p__Firmicutes; c__Clostridia; o__Oscillospirales; f__Oscillospiraceae; g__Colidextribacter
37c92f30861c71bbe94eef076263e2f6	d__Bacteria; p__Firmicutes; c__Clostridia; o__Oscillospirales; f__Oscillospiraceae
0b104cdf30dd7fecdc7ec0c9d49e76cf	d__Bacteria; p__Firmicutes; c__Clostridia; o__Oscillospirales; f__Oscillospiraceae
e452601b319defdce7435d385ae065b7	d__Bacteria; p__Firmicutes; c__Clostridia; o__Oscillospirales; f__Oscillospiraceae
45338e073545d4d9bd541bf5fb05c44c	d__Bacteria; p__Firmicutes; c__Clostridia; o__Oscillospirales; f__Oscillospiraceae; g__UCG-002
c8de11fe934d8c92fc2f52f3978da1b5	d__Bacteria; p__Firmicutes; c__Clostridia; o__Oscillospirales; f__Oscillospiraceae; g__UCG-002
81f124683cc886c43aec5a339be7859c	d__Bacteria; p__Firmicutes; c__Clostridia; o__Oscillospirales; f__Oscillospiraceae; g__UCG-002
9dc03c513712e1fa432908f943438e19	d__Bacteria; p__Firmicutes; c__Clostridia; o__Oscillospirales; f__Oscillospiraceae; g__Flavonifractor
3a62b786f314bcfbf1f6a32b91a61672	d__Bacteria; p__Firmicutes; c__Clostridia; o__Oscillospirales; f__Oscillospiraceae; g__UCG-002
6139628e967344f67eea3255c029abd9	d__Bacteria; p__Firmicutes; c__Clostridia; o__Christensenellales; f__Christensenellaceae; g__Christensenellaceae_R-7_group
56f93ebd66cc08f8c24bb333f0d512df	d__Bacteria; p__Firmicutes; c__Clostridia; o__Christensenellales; f__Christensenellaceae; g__Christensenellaceae_R-7_group
5fd8883f2043445a6ac4cc0b9d72fa95	d__Bacteria; p__Firmicutes; c__Clostridia; o__Oscillospirales; f__UCG-010; g__UCG-010; s__uncultured_organism
50a9f828c7ae2a8879442fafd7ce0a89	d__Bacteria; p__Firmicutes; c__Clostridia; o__Oscillospirales; f__Oscillospiraceae
36943739b390681e24ffadd7c6fca011	d__Bacteria; p__Firmicutes; c__Clostridia; o__Oscillospirales; f__Oscillospiraceae; g__UCG-005
dcfab43450b134cab499ad3306382bc4	d__Bacteria; p__Firmicutes; c__Clostridia; o__Oscillospirales; f__Oscillospiraceae; g__UCG-005
2688805cae608792331fdf477c955ce6	d__Bacteria; p__Firmicutes; c__Clostridia; o__Christensenellales; f__Christensenellaceae; g__Christensenellaceae_R-7_group
778508cb74752bb109dbfffa87f3ab08	d__Bacteria; p__Firmicutes; c__Clostridia; o__Christensenellales; f__Christensenellaceae; g__Christensenellaceae_R-7_group; s__uncultured_marine
dce03f18836417cbb3d9ced12d54837a	d__Bacteria; p__Firmicutes; c__Clostridia; o__Oscillospirales; f__UCG-010; g__UCG-010
1c6e709206c0394d96b6995d044d4e5c	d__Bacteria; p__Firmicutes; c__Clostridia; o__Oscillospirales; f__Oscillospiraceae; g__UCG-005
b357ff8822785c9b822d1f1aa5856693	d__Bacteria; p__Firmicutes; c__Clostridia; o__Christensenellales; f__Christensenellaceae; g__Christensenellaceae_R-7_group
7f997dc76a7377d4af7d4a8ad09eba0e	d__Bacteria; p__Firmicutes; c__Negativicutes; o__Veillonellales-Selenomonadales; f__Veillonellaceae; g__Allisonella; s__uncultured_bacterium
72c256f9791fe8d959a4b01f2795c770	d__Bacteria; p__Firmicutes; c__Negativicutes; o__Veillonellales-Selenomonadales; f__Veillonellaceae; g__Megasphaera
680db56cf298c3a342e39c7b79cf2bd8	d__Bacteria; p__Firmicutes; c__Negativicutes; o__Acidaminococcales; f__Acidaminococcaceae; g__Acidaminococcus; s__Acidaminococcus_fermentans
d52b2b16a1706c1a092254cddbc7436b	d__Bacteria; p__Firmicutes; c__Negativicutes; o__Acidaminococcales; f__Acidaminococcaceae; g__Acidaminococcus
bfd463b4aa7fa0087f2ece0dae347e42	d__Bacteria; p__Firmicutes; c__Negativicutes; o__Veillonellales-Selenomonadales; f__Veillonellaceae; g__Veillonella
d4f5246fa0a64760657885342fe99d3e	d__Bacteria; p__Firmicutes; c__Negativicutes; o__Veillonellales-Selenomonadales; f__Veillonellaceae; g__Veillonella
ec66b8954f2146ab2111127fbdabc221	d__Bacteria; p__Firmicutes; c__Negativicutes; o__Veillonellales-Selenomonadales; f__Veillonellaceae; g__Veillonella
92f074f4ac15e478020395f965a26f80	d__Bacteria; p__Firmicutes; c__Negativicutes; o__Veillonellales-Selenomonadales; f__Veillonellaceae; g__Dialister
f34716777d243e533f5b54bc7c72db31	d__Bacteria; p__Firmicutes; c__Negativicutes; o__Veillonellales-Selenomonadales; f__Veillonellaceae; g__Dialister
add33f26d54872c5086ae437ac815ae9	d__Bacteria; p__Firmicutes; c__Negativicutes; o__Acidaminococcales; f__Acidaminococcaceae; g__Phascolarctobacterium; s__uncultured_bacterium
f75b25632a358f0559c2d9433649770e	d__Bacteria; p__Firmicutes; c__Clostridia; o__Peptococcales; f__Peptococcaceae; g__uncultured; s__metagenome
7ccc0791d334c7bee25d998bd0ea3594	d__Bacteria; p__Actinobacteriota; c__Coriobacteriia; o__Coriobacteriales; f__Atopobiaceae; g__Atopobium
1ac350b6907d0268bd0b6146d1ab8665	d__Bacteria; p__Actinobacteriota; c__Coriobacteriia; o__Coriobacteriales; f__Coriobacteriaceae; g__Collinsella
9c90e44e0b4ae0e3fc10a5c7e4ed254e	d__Bacteria; p__Actinobacteriota; c__Coriobacteriia; o__Coriobacteriales; f__Coriobacteriaceae; g__Collinsella
2cd92f5abe12d070293f614f970fd038	d__Bacteria; p__Actinobacteriota; c__Coriobacteriia; o__Coriobacteriales; f__Eggerthellaceae; g__uncultured; s__uncultured_bacterium
9d3fe54577e7f65af7fae611d209eff2	d__Bacteria; p__Actinobacteriota; c__Coriobacteriia; o__Coriobacteriales
a2f5be04a75d81c1a50f75a20d9d1c49	d__Bacteria; p__Actinobacteriota; c__Coriobacteriia; o__Coriobacteriales; f__Eggerthellaceae; g__Senegalimassilia
896a8b4afda7908092a8061243e14694	d__Bacteria; p__Actinobacteriota; c__Coriobacteriia; o__Coriobacteriales; f__Eggerthellaceae; g__Senegalimassilia
a38a8ae20ba5e17faef06a87ee579a28	d__Bacteria; p__Actinobacteriota; c__Coriobacteriia; o__Coriobacteriales; f__Eggerthellaceae; g__Slackia; s__Slackia_isoflavoniconvertens
d5a19dc1f5a4c073607aaf2a28ab1242	d__Bacteria; p__Proteobacteria; c__Gammaproteobacteria; o__Burkholderiales; f__Sutterellaceae; g__Sutterella
1fd129834d974a915d418100c9a1cc4f	d__Bacteria; p__Proteobacteria; c__Gammaproteobacteria; o__Burkholderiales; f__Oxalobacteraceae
17e13e7f12ab14860343d0aa1be731d8	d__Bacteria; p__Proteobacteria; c__Gammaproteobacteria; o__Burkholderiales; f__Sutterellaceae; g__Sutterella
bc0a6f06bb360736564c167f1b5df7aa	d__Bacteria; p__Proteobacteria; c__Gammaproteobacteria; o__Burkholderiales; f__Sutterellaceae; g__Sutterella; s__uncultured_bacterium
d3d4e016b916f35d4e203474783e459c	d__Bacteria; p__Proteobacteria; c__Gammaproteobacteria; o__Burkholderiales
43b5c0e26f751aa6c4c68ca7c81ffab3	d__Bacteria; p__Firmicutes; c__Clostridia; o__Clostridia; f__Hungateiclostridiaceae
5990b5a88b5c5e59a6efad8b19b12d8c	d__Bacteria; p__Firmicutes; c__Clostridia; o__Lachnospirales; f__Lachnospiraceae
bfd8d8639bf9e6e1e4438820a21c53d1	d__Bacteria; p__Firmicutes; c__Clostridia; o__Oscillospirales; f__[Eubacterium]_coprostanoligenes_group; g__[Eubacterium]_coprostanoligenes_group; s__uncultured_Clostridiales
29615cbdd2593f5dcb2f0ee8dec560c3	d__Bacteria; p__Firmicutes; c__Clostridia; o__Oscillospirales; f__Ruminococcaceae; g__DTU089
627cf86df70faf69003ff39311cd5914	d__Bacteria; p__Firmicutes; c__Clostridia; o__Oscillospirales; f__Ruminococcaceae; g__Incertae_Sedis; s__[Clostridium]_leptum
e59568265f408fc6bcfbf81e73466e24	d__Bacteria; p__Firmicutes; c__Clostridia; o__Oscillospirales; f__Ruminococcaceae; g__Incertae_Sedis; s__uncultured_organism
6d552e9f80d09e970581ed206a2ee53f	d__Bacteria; p__Firmicutes; c__Clostridia; o__Oscillospirales; f__Ruminococcaceae
5e36a19e2d8fbd56f721a723c9c513b4	d__Bacteria; p__Firmicutes; c__Clostridia; o__Oscillospirales; f__Ruminococcaceae; g__Negativibacillus; s__uncultured_organism
5b64515224b18c5f2565cd4473a30b19	d__Bacteria; p__Firmicutes; c__Clostridia; o__Oscillospirales; f__Ruminococcaceae; g__uncultured; s__gut_metagenome
3aaaed7b6e4ec7d9457ad5230fa8da78	d__Bacteria; p__Firmicutes; c__Clostridia; o__Oscillospirales; f__Ruminococcaceae; g__Subdoligranulum
2349701079f80b6e53ace48657a8e0f9	d__Bacteria; p__Firmicutes; c__Clostridia; o__uncultured; f__uncultured; g__uncultured; s__uncultured_organism
bc5371e45cd9699081dc7431b6e3f6f4	d__Bacteria; p__Firmicutes; c__Clostridia; o__Monoglobales; f__Monoglobaceae; g__Monoglobus
33ffe1cd98f25fb0da8868b55123e9f4	d__Bacteria; p__Firmicutes; c__Clostridia; o__Oscillospirales; f__Ruminococcaceae; g__CAG-352; s__uncultured_bacterium
971b9e4ae7a0bc6bacd63e1dedaaacb2	d__Bacteria; p__Firmicutes; c__Clostridia
c3c205c2b8b98d23fd87d0851c700964	d__Bacteria; p__Firmicutes; c__Clostridia; o__Oscillospirales; f__Ruminococcaceae; g__[Eubacterium]_siraeum_group
1e0f0dc2233f569239e948d319f4a5b7	d__Bacteria; p__Firmicutes; c__Bacilli; o__Erysipelotrichales; f__Erysipelotrichaceae; g__Holdemania
93d30a9faca800646ad45720478e3543	d__Bacteria; p__Bacteroidota; c__Bacteroidia; o__Bacteroidales; f__Prevotellaceae; g__Alloprevotella
4221581e8bdb99a983e33d8edc0378a0	d__Bacteria; p__Bacteroidota; c__Bacteroidia; o__Bacteroidales; f__Bacteroidaceae; g__Bacteroides
ea8a9883c368bb41800b2ddf17be63f1	d__Bacteria; p__Bacteroidota; c__Bacteroidia; o__Bacteroidales; f__Rikenellaceae; g__Alistipes
f7813d3e24421cbe859d6cd5896e2353	d__Bacteria; p__Bacteroidota; c__Bacteroidia; o__Bacteroidales; f__Prevotellaceae; g__Prevotellaceae_NK3B31_group
d2438224e368d1c832b16c4483aca559	d__Bacteria; p__Firmicutes; c__Clostridia; o__Peptostreptococcales-Tissierellales; f__Anaerovoracaceae
45b10361be351415f00e5f9218faed97	d__Bacteria; p__Firmicutes; c__Clostridia; o__Peptostreptococcales-Tissierellales; f__Peptostreptococcaceae
80546e68b5e9f3ea58db1edd801ee078	d__Bacteria; p__Firmicutes; c__Clostridia; o__Lachnospirales; f__Lachnospiraceae
19a6a4405fb1e71b8f986a1aecfb4c58	d__Bacteria; p__Firmicutes; c__Clostridia; o__Lachnospirales; f__Lachnospiraceae; g__Lachnospiraceae_FCS020_group
cbbb93d0344fceb1103372db932e147d	d__Bacteria; p__Firmicutes; c__Clostridia; o__Oscillospirales; f__Ruminococcaceae; g__Candidatus_Soleaferrea; s__Ruminococcaceae_bacterium
5c984040432829927e98f96f4eaf2261	d__Bacteria; p__Proteobacteria; c__Gammaproteobacteria; o__Oceanospirillales; f__Halomonadaceae; g__Halomonas
f5871c7138b0e1c5848d0d937d5e35ac	d__Bacteria; p__Firmicutes; c__Clostridia; o__Oscillospirales; f__Oscillospiraceae; g__Oscillibacter
d21da4243a128c37a3b8aea59a5cccd4	d__Bacteria; p__Firmicutes; c__Clostridia; o__Oscillospirales; f__UCG-010; g__UCG-010
d2a9a76d3f38d87b82428afc45fe7e84	d__Bacteria; p__Firmicutes; c__Clostridia; o__Christensenellales; f__Christensenellaceae; g__uncultured
43bde7b0d7f649c4d012b3c39e55a0b6	d__Bacteria; p__Firmicutes; c__Clostridia; o__Christensenellales; f__Christensenellaceae; g__Christensenellaceae_R-7_group
987d7198830294957f87613032c316a3	d__Bacteria; p__Firmicutes; c__Clostridia; o__Oscillospirales; f__Oscillospiraceae; g__UCG-005
6e38ae5aae18436f2854d3463fc20818	d__Bacteria; p__Firmicutes; c__Clostridia; o__Christensenellales; f__Christensenellaceae; g__Christensenellaceae_R-7_group
05bf23f84ff6a3f50e6cb6fffbd242df	d__Bacteria; p__Firmicutes; c__Clostridia; o__Peptostreptococcales-Tissierellales; f__Anaerovoracaceae; g__[Eubacterium]_brachy_group; s__uncultured_bacterium
f1fdbc662f427a83fb64bb419165ec7b	d__Bacteria; p__Firmicutes; c__Clostridia; o__Peptococcales; f__Peptococcaceae; g__uncultured; s__uncultured_bacterium
d166630a8b04b1b899beb5dc7aff1d62	d__Bacteria; p__Actinobacteriota; c__Coriobacteriia; o__Coriobacteriales; f__Eggerthellaceae; g__Enterorhabdus; s__uncultured_bacterium
359bb22917df501356fc86a737466e4e	d__Bacteria; p__Firmicutes; c__Clostridia; o__Oscillospirales; f__Oscillospirales; g__Hydrogenoanaerobacterium; s__Selenomonadales_bacterium
43f09eee86e550fe9113e4494840c6d2	d__Bacteria; p__Firmicutes; c__Clostridia; o__Oscillospirales; f__Ruminococcaceae; g__Incertae_Sedis; s__[Clostridium]_leptum
da40b3ac12c8680ee8c0a17132f4f95a	d__Bacteria; p__Firmicutes; c__Clostridia
c6222c7f3ffdf5e80ba3f0ea752fdef3	d__Bacteria; p__Bacteroidota; c__Bacteroidia; o__Bacteroidales; f__Bacteroidaceae; g__Bacteroides
be218ab77eaa19dac100b7c38231ec42	d__Bacteria; p__Bacteroidota; c__Bacteroidia; o__Bacteroidales; f__Bacteroidaceae; g__Bacteroides
13de2be80753514a55440842ce9ff5f5	d__Bacteria; p__Firmicutes; c__Clostridia; o__Oscillospirales; f__Ruminococcaceae; g__Faecalibacterium
0dc10ff0ed1e7aceb92ad5e863aadb58	d__Bacteria; p__Bacteroidota; c__Bacteroidia; o__Bacteroidales; f__Bacteroidaceae; g__Bacteroides
7911206a29c99e3b6416795bb55b7317	Unassigned
f955194967173932ef7317d8e69c6cfd	Unassigned
4afbefdc4da91524b661e53677cb6d2b	d__Bacteria; p__Bacteroidota; c__Bacteroidia; o__Bacteroidales; f__Bacteroidaceae; g__Bacteroides
e86eb41f9869f6b97cbf08cdd4bcd49e	d__Eukaryota
2e67c734c7450f3fc071464223e9f267	d__Bacteria; p__Spirochaetota; c__Spirochaetia; o__Spirochaetales; f__Spirochaetaceae; g__uncultured; s__uncultured_bacterium
c1323f06d6afaa65493b4523cd163b23	d__Bacteria; p__Firmicutes; c__Clostridia
fb4477f81185f4057f0ada0bdc726bc3	d__Bacteria; p__Bacteroidota; c__Bacteroidia; o__Bacteroidales; f__Muribaculaceae; g__Muribaculaceae
748de66392fa754f95cff2bb82ac3e99	d__Bacteria; p__Firmicutes; c__Clostridia; o__Oscillospirales; f__Ruminococcaceae
ccb64839df9fec4934d8e4f3b01692aa	d__Bacteria; p__Firmicutes; c__Clostridia; o__Lachnospirales; f__Lachnospiraceae; g__Tyzzerella
b4282f1542e12730d31cbfb38a921cab	d__Bacteria; p__Firmicutes; c__Clostridia; o__Oscillospirales; f__Ruminococcaceae; g__UBA1819
673c36d54d82ae0383991fd453def0e1	d__Bacteria; p__Desulfobacterota; c__Desulfovibrionia; o__Desulfovibrionales; f__Desulfovibrionaceae; g__uncultured; s__uncultured_bacterium
91a29071a8642328e13126813f909dd3	d__Bacteria; p__Firmicutes; c__Clostridia; o__Oscillospirales; f__Oscillospiraceae; g__UCG-005; s__uncultured_bacterium
3c9c2bf58ca32c231d610d8d590134b8	d__Bacteria; p__Actinobacteriota; c__Coriobacteriia; o__Coriobacteriales; f__Eggerthellaceae; g__Eggerthella
ba37cd48936a6787048eb185a75127ed	d__Bacteria; p__Firmicutes; c__Clostridia; o__Oscillospirales; f__Ruminococcaceae
c4754e197debfcbf696b24098cd9b758	Unassigned
fc59dbdbb3827c96248b1d1815dac20f	d__Bacteria; p__Firmicutes; c__Clostridia; o__Lachnospirales; f__Lachnospiraceae
fdea604cd452ac2f0f2b9f97df64850c	d__Bacteria; p__Firmicutes; c__Clostridia; o__Lachnospirales; f__Lachnospiraceae
31af4c425793a3c1463d8a75e34c69d9	Unassigned
f313c43a6ab246115ecb5e13f1fa031a	Unassigned
cb29e36ba81d835f1d4518683e412410	d__Bacteria; p__Firmicutes; c__Clostridia; o__Lachnospirales; f__Lachnospiraceae; g__[Eubacterium]_ventriosum_group
51af68f7bf5cd9424b45e21ae6aec9c1	d__Bacteria; p__Firmicutes; c__Clostridia; o__Lachnospirales; f__Lachnospiraceae; g__[Eubacterium]_ventriosum_group
5723e2e3a6e5a0d8fa2601d2cffb1790	d__Bacteria; p__Firmicutes; c__Bacilli; o__Lactobacillales; f__Streptococcaceae; g__Lactococcus
406f526588ed71c326b9894b7b1f4aa0	d__Bacteria; p__Firmicutes; c__Bacilli; o__Lactobacillales; f__Streptococcaceae; g__Streptococcus
248fe66da238c9f626f558913faf06d9	d__Bacteria; p__Firmicutes; c__Bacilli; o__Erysipelotrichales; f__Erysipelotrichaceae; g__Holdemania
b466f3b238fcb6cff5887d16278623b9	d__Bacteria; p__Firmicutes; c__Bacilli; o__Erysipelotrichales; f__Erysipelatoclostridiaceae; g__Erysipelatoclostridium
53e33e1254d2350c3c5801ee54e1ca79	d__Bacteria; p__Firmicutes; c__Bacilli; o__Erysipelotrichales; f__Erysipelatoclostridiaceae; g__Erysipelotrichaceae_UCG-003
27a20661c9995af6e1b5be993a22806d	d__Bacteria; p__Firmicutes; c__Bacilli; o__Erysipelotrichales; f__Erysipelatoclostridiaceae; g__Catenibacterium; s__uncultured_bacterium
3f40d1021cdb0ff694925a65d531f637	d__Bacteria; p__Firmicutes; c__Bacilli; o__Erysipelotrichales; f__Erysipelatoclostridiaceae; g__Coprobacillus
ba6239b7bbe81324962740cc95dae2bc	d__Bacteria; p__Firmicutes; c__Bacilli; o__Erysipelotrichales; f__Erysipelatoclostridiaceae; g__Erysipelatoclostridium
700d05e07bbf5463e929f969a91f6ef6	d__Bacteria; p__Firmicutes; c__Bacilli; o__Erysipelotrichales; f__Erysipelotrichaceae; g__[Clostridium]_innocuum_group
2696da2010b743d185d8fa0764b6ed70	d__Bacteria; p__Firmicutes; c__Bacilli; o__Erysipelotrichales; f__Erysipelotrichaceae; g__Faecalitalea; s__Absiella_dolichum
741c17d1db2782fb6522856926e29a2a	d__Bacteria; p__Firmicutes; c__Bacilli; o__Erysipelotrichales; f__Erysipelotrichaceae; g__Merdibacter
1fe17c4ef112b715ff64075fbe9cdaa1	d__Bacteria; p__Firmicutes; c__Bacilli; o__Erysipelotrichales; f__Erysipelotrichaceae; g__Faecalitalea
5cf59bd5dab2b9eb863df74ae8504d95	d__Bacteria; p__Verrucomicrobiota; c__Verrucomicrobiae; o__Verrucomicrobiales; f__Akkermansiaceae; g__Akkermansia; s__uncultured_bacterium
7753c11836e966da4607ac7fba220db3	d__Bacteria; p__Verrucomicrobiota; c__Verrucomicrobiae; o__Verrucomicrobiales; f__Akkermansiaceae; g__Akkermansia
1d1837b74678a161c324db631054168f	d__Bacteria; p__Firmicutes; c__Clostridia; o__Clostridia_UCG-014; f__Clostridia_UCG-014; g__Clostridia_UCG-014
4e3fe6fb46426f5465239f00f1fcaca4	d__Bacteria; p__Firmicutes; c__Clostridia; o__Clostridia_UCG-014; f__Clostridia_UCG-014; g__Clostridia_UCG-014
1216cb2ba0ea8f7a62701fc612a8bcab	d__Bacteria; p__Firmicutes; c__Clostridia; o__Clostridia_UCG-014; f__Clostridia_UCG-014; g__Clostridia_UCG-014
fa2c5cc9f31e50fa58c48f2538817edc	d__Bacteria; p__Firmicutes; c__Clostridia; o__Clostridia_UCG-014; f__Clostridia_UCG-014; g__Clostridia_UCG-014
0e610263bd1dcd20d356770b655fc12e	d__Bacteria; p__Firmicutes; c__Clostridia; o__Clostridia_UCG-014; f__Clostridia_UCG-014; g__Clostridia_UCG-014
e7681b60e9d1b5e702c164b67449586e	d__Bacteria; p__Bacteroidota; c__Bacteroidia; o__Bacteroidales; f__Bacteroidaceae; g__Bacteroides; s__Bacteroides_plebeius
195c1103ea686468726114a77afed27b	d__Bacteria; p__Bacteroidota; c__Bacteroidia; o__Bacteroidales; f__Bacteroidaceae; g__Bacteroides
38ea9b2d3f1187a3be32e0414a071ea9	d__Bacteria; p__Bacteroidota; c__Bacteroidia; o__Bacteroidales; f__Bacteroidaceae; g__Bacteroides
6b35c00d9dd1ca4e01a17aedbfd92695	d__Bacteria; p__Bacteroidota; c__Bacteroidia; o__Bacteroidales; f__Rikenellaceae; g__Alistipes
ed7b3d242f1f2c21ce1425d4af9d7e31	d__Bacteria; p__Bacteroidota; c__Bacteroidia; o__Bacteroidales; f__Rikenellaceae; g__Alistipes
d23e8c1cb2c746cbd4fcdcaf4b081b6c	d__Bacteria; p__Bacteroidota; c__Bacteroidia; o__Bacteroidales; f__Bacteroidaceae; g__Bacteroides
7e59263b7df3a27877cdeaf1254584f3	d__Bacteria; p__Bacteroidota; c__Bacteroidia; o__Bacteroidales; f__Tannerellaceae; g__Parabacteroides; s__Parabacteroides_merdae
88a413e4c7455900f4354f564dceb90d	d__Bacteria; p__Bacteroidota; c__Bacteroidia; o__Bacteroidales; f__Tannerellaceae; g__Parabacteroides
5377230f40371a0ca6fd608f8ccc7d91	d__Bacteria; p__Bacteroidota; c__Bacteroidia; o__Bacteroidales; f__Bacteroidaceae; g__Bacteroides
3a96a4c85a9038fef5de9b147f684e69	d__Bacteria; p__Bacteroidota; c__Bacteroidia; o__Bacteroidales; f__Bacteroidaceae; g__Bacteroides
25a01726ef6d61286192754da42b82c3	d__Bacteria; p__Bacteroidota; c__Bacteroidia; o__Bacteroidales; f__Dysgonomonadaceae; g__Dysgonomonas; s__Dysgonomonas_capnocytophagoides
1b0d754e4de04a71d0059a9502f0af61	d__Bacteria; p__Bacteroidota; c__Bacteroidia; o__Bacteroidales; f__Bacteroidaceae; g__Bacteroides
56337b9d776c6e034944985b0822f0e2	d__Bacteria; p__Bacteroidota; c__Bacteroidia; o__Bacteroidales; f__Bacteroidaceae; g__Bacteroides
9aa5cd63fe79348776cfd867ca8277d9	d__Bacteria; p__Bacteroidota; c__Bacteroidia; o__Bacteroidales; f__Bacteroidaceae; g__Bacteroides
ee3c0353561a4c622601924b9b5ec357	d__Bacteria; p__Bacteroidota; c__Bacteroidia; o__Bacteroidales; f__Muribaculaceae; g__Muribaculaceae
5b38ff0d71a803491d077d9aaa0a576f	d__Bacteria; p__Bacteroidota; c__Bacteroidia; o__Bacteroidales; f__Prevotellaceae; g__Paraprevotella; s__uncultured_bacterium
376e6309d6661fd935f52c96bf749dc2	d__Bacteria; p__Bacteroidota; c__Bacteroidia; o__Bacteroidales; f__Tannerellaceae; g__Parabacteroides
808ea284f65ce11c8ce7e0fd24d14f8c	d__Bacteria; p__Bacteroidota; c__Bacteroidia; o__Bacteroidales; f__Bacteroidaceae; g__Bacteroides
f8995c7d64d3cec66e3b4882d33d9560	d__Bacteria; p__Bacteroidota; c__Bacteroidia; o__Bacteroidales; f__Barnesiellaceae; g__Barnesiella
c62769f5385377712cbf5e0d6e8e6b35	d__Bacteria; p__Bacteroidota; c__Bacteroidia; o__Bacteroidales; f__Barnesiellaceae; g__Barnesiella
d41c9d38e62ee4df1925b68549ac9b67	d__Bacteria; p__Firmicutes; c__Clostridia; o__Oscillospirales; f__Ruminococcaceae
609d7f3d1de373e9cb7825eccb9c74ed	d__Bacteria; p__Firmicutes; c__Clostridia; o__Oscillospirales; f__Ruminococcaceae; g__Incertae_Sedis; s__uncultured_bacterium
d738c537708110471fdf5974ae2040ac	d__Bacteria; p__Firmicutes; c__Clostridia; o__Lachnospirales; f__Lachnospiraceae
b757ad95ace9773d1f873b1d8bacaf21	d__Bacteria; p__Firmicutes; c__Clostridia; o__Lachnospirales; f__Lachnospiraceae; g__Dorea
6abdcabf8b84418e6c9dd56481275e97	d__Bacteria; p__Firmicutes; c__Clostridia; o__Oscillospirales; f__Ruminococcaceae
064ce2a2b21b7e6ed45970c8049d88cb	d__Bacteria; p__Firmicutes; c__Clostridia; o__Lachnospirales; f__Lachnospiraceae
1f485e2b3a5a324fd66162cb72a2f8ab	d__Bacteria; p__Firmicutes; c__Clostridia; o__Lachnospirales; f__Lachnospiraceae; g__[Eubacterium]_eligens_group
a238f84309e436e31e62f1cf41dad7a8	d__Bacteria; p__Firmicutes; c__Clostridia; o__Lachnospirales; f__Lachnospiraceae; g__Lachnospira
37d3cfb9da7b83b577593e55a227f1c2	d__Bacteria; p__Firmicutes; c__Clostridia; o__Lachnospirales; f__Lachnospiraceae; g__Lachnospiraceae_ND3007_group
e4cc9d9515e26c27c2d19bcfd8e71781	d__Bacteria; p__Firmicutes; c__Clostridia; o__Lachnospirales; f__Lachnospiraceae; g__Lachnospira
f416236d8237b8f1462b02ed816bcf22	d__Bacteria; p__Firmicutes; c__Clostridia; o__Lachnospirales; f__Lachnospiraceae
cff41fe8fc7018b7d0a12f6b86abe070	d__Bacteria; p__Firmicutes; c__Clostridia; o__Oscillospirales; f__Ruminococcaceae; g__Ruminococcus; s__Ruminococcus_bicirculans
4bf60f6f1753e38671942298178b5f4f	d__Bacteria; p__Firmicutes; c__Clostridia; o__Oscillospirales; f__Ruminococcaceae; g__Ruminococcus; s__gut_metagenome
711c1d118ed7e8f24f24650727fe022f	d__Bacteria; p__Firmicutes; c__Clostridia; o__Oscillospirales; f__Ruminococcaceae; g__Ruminococcus
6affa1acde416f708c49e830688b5f8d	d__Bacteria; p__Firmicutes; c__Clostridia; o__Peptostreptococcales-Tissierellales; f__Anaerovoracaceae
28a6b79cbffffce63f805e8413baf655	d__Bacteria; p__Firmicutes; c__Clostridia; o__Lachnospirales; f__Lachnospiraceae; g__Tyzzerella; s__Anaerotignum_lactatifermentans
02f1b67e153c5335dba9255bde0e51a1	d__Bacteria; p__Firmicutes; c__Clostridia; o__Lachnospirales; f__Lachnospiraceae
7ce5ffd77f4f9ae17dd0e26d99413053	d__Bacteria; p__Firmicutes; c__Clostridia; o__Peptostreptococcales-Tissierellales; f__Peptostreptococcaceae
9c4b046455f27f623335fa123f5a5a29	d__Bacteria; p__Firmicutes; c__Clostridia; o__Peptostreptococcales-Tissierellales; f__Peptostreptococcaceae
395e14a141148e96827981551c97f3f7	d__Bacteria; p__Firmicutes; c__Clostridia; o__Peptostreptococcales-Tissierellales; f__Peptostreptococcaceae
2f9ec0d4dc1523471755fe3b9d36b73f	d__Bacteria; p__Firmicutes; c__Clostridia; o__Oscillospirales; f__[Eubacterium]_coprostanoligenes_group; g__[Eubacterium]_coprostanoligenes_group; s__human_gut
b2e14bd0f39438a96aa18389860939d1	d__Bacteria; p__Firmicutes; c__Clostridia; o__Lachnospirales; f__Lachnospiraceae
6e58a722edad66199dfc6ddfa9499e88	d__Bacteria; p__Firmicutes; c__Clostridia; o__Lachnospirales; f__Lachnospiraceae
c2ae418cda19248a5a68f7c6d6cf80a3	d__Bacteria; p__Firmicutes; c__Clostridia; o__Lachnospirales; f__Lachnospiraceae; g__Agathobacter
10e7f93fa7f27bc04841ba7e0208f2b0	d__Bacteria; p__Firmicutes; c__Clostridia; o__Lachnospirales; f__Lachnospiraceae; g__Lachnoclostridium
6612e34a3d7c72cb49e77ae0d65ec37b	d__Bacteria; p__Firmicutes; c__Clostridia; o__Lachnospirales; f__Lachnospiraceae
7a30cb40fb4cef93225c3b5f1e0ba4fa	d__Bacteria; p__Firmicutes; c__Clostridia; o__Lachnospirales; f__Lachnospiraceae
a01f456068d44787df17492c43f6752b	d__Bacteria; p__Firmicutes; c__Clostridia; o__Lachnospirales; f__Lachnospiraceae
3ee70f0812c41ac9e2276ba980017a34	d__Bacteria; p__Firmicutes; c__Clostridia; o__Oscillospirales; f__[Eubacterium]_coprostanoligenes_group; g__[Eubacterium]_coprostanoligenes_group
1d0cf0c46a7a3bf723b9fc9f89cab2b8	d__Bacteria; p__Proteobacteria; c__Gammaproteobacteria; o__Enterobacterales; f__Enterobacteriaceae; g__Escherichia-Shigella
ebdc4052f94bbe63a31e4123e11cc7e5	d__Bacteria; p__Proteobacteria; c__Gammaproteobacteria; o__Enterobacterales
c4d482d6c7cdecbbaad878f332c5f27c	d__Bacteria; p__Proteobacteria; c__Gammaproteobacteria; o__Enterobacterales; f__Enterobacteriaceae; g__Escherichia-Shigella
48fc245be66e501a5870a8e8a14e3432	d__Bacteria; p__Proteobacteria; c__Gammaproteobacteria; o__Enterobacterales; f__Enterobacteriaceae
18d412a7a27bcbd1004900d617a537b6	d__Bacteria; p__Proteobacteria; c__Gammaproteobacteria; o__Enterobacterales; f__Enterobacteriaceae
ed3d3292124a5b6dbc0febe8e193803b	d__Bacteria; p__Actinobacteriota; c__Actinobacteria; o__Bifidobacteriales; f__Bifidobacteriaceae; g__Bifidobacterium
036d2404341369396ee97f58c2cc41c7	d__Bacteria; p__Firmicutes; c__Clostridia; o__Lachnospirales; f__Lachnospiraceae
8f7d723fa810620fc6258b969665dfb7	d__Bacteria; p__Firmicutes; c__Clostridia; o__Peptostreptococcales-Tissierellales; f__Anaerovoracaceae; g__Family_XIII_UCG-001; s__uncultured_bacterium
6f692bf061853c9bacc14cf7c6406929	d__Bacteria; p__Firmicutes; c__Clostridia; o__Lachnospirales; f__Lachnospiraceae; g__Anaerostignum
3506b15a9e128efea75135c4ee03ec03	d__Bacteria; p__Firmicutes; c__Clostridia; o__Lachnospirales; f__Lachnospiraceae; g__Lachnospiraceae_UCG-010; s__uncultured_bacterium
76e19c3210ecd4a5401092357e8f3b45	d__Bacteria; p__Firmicutes; c__Clostridia; o__Lachnospirales; f__Lachnospiraceae; g__Tyzzerella
e99ea3d499919634cd2ec12ff78cc08c	d__Bacteria; p__Firmicutes; c__Clostridia; o__Lachnospirales; f__Lachnospiraceae
17b2455473df0e5a179fe520438dfcee	d__Bacteria; p__Firmicutes; c__Clostridia; o__Oscillospirales; f__[Eubacterium]_coprostanoligenes_group; g__[Eubacterium]_coprostanoligenes_group
c7a8a81d4cdce4ac71c6d350b4b72694	d__Bacteria; p__Firmicutes; c__Clostridia; o__Oscillospirales; f__[Eubacterium]_coprostanoligenes_group; g__[Eubacterium]_coprostanoligenes_group
75f31034f12fe4089f8ea969647de0fe	d__Bacteria; p__Firmicutes; c__Clostridia; o__Lachnospirales; f__Lachnospiraceae
c65b9f1cd40b262c1d031cff2ff8f3be	d__Bacteria; p__Firmicutes; c__Clostridia; o__Lachnospirales; f__Lachnospiraceae
b235619444671e47bef8b85ae711a76e	d__Bacteria; p__Firmicutes; c__Clostridia; o__Lachnospirales; f__Lachnospiraceae
8ca597f3be7910e8555c069a4856eb8c	d__Bacteria; p__Firmicutes; c__Clostridia; o__Lachnospirales; f__Lachnospiraceae
391f831cbedd6e10ab460d331c79d71c	d__Bacteria; p__Firmicutes; c__Clostridia; o__Lachnospirales; f__Lachnospiraceae; g__[Eubacterium]_hallii_group
e030e905b4e7d326f4716ba6254fbd8e	d__Bacteria; p__Firmicutes; c__Clostridia; o__Clostridiales; f__Clostridiaceae; g__Clostridium_sensu_stricto_1
44a313b4bc4d2d81323ab37c3708fa60	d__Bacteria; p__Firmicutes; c__Clostridia; o__Clostridiales; f__Clostridiaceae; g__Clostridium_sensu_stricto_1
23809036bbe0a89de6fdc48684e40ab5	d__Bacteria; p__Firmicutes; c__Clostridia; o__Oscillospirales; f__Butyricicoccaceae; g__UCG-009
95f546517bdbbd1b085424ea8db70609	d__Bacteria; p__Firmicutes; c__Clostridia; o__Lachnospirales; f__Lachnospiraceae; g__Blautia
e4083228acb47dd961a5e73faff0c138	d__Bacteria; p__Firmicutes; c__Clostridia; o__Lachnospirales; f__Lachnospiraceae; g__Blautia
6033b0ff3996eca689543853ce5eb763	d__Bacteria; p__Firmicutes; c__Clostridia; o__Lachnospirales; f__Lachnospiraceae; g__Blautia
0f2e09fbb1dfd18ae692d0055e363b47	d__Bacteria; p__Firmicutes; c__Clostridia; o__Lachnospirales; f__Lachnospiraceae; g__Blautia
89200982d73d124aff395e1b7c92ee14	d__Bacteria; p__Firmicutes; c__Clostridia; o__Lachnospirales; f__Lachnospiraceae; g__Blautia
fd208106a2408d926dc13599364d8335	d__Bacteria; p__Firmicutes; c__Clostridia; o__Lachnospirales; f__Lachnospiraceae; g__Blautia
997cee146b6be984055788190426b400	d__Bacteria; p__Firmicutes; c__Clostridia; o__Lachnospirales; f__Lachnospiraceae; g__GCA-900066575
3a1358aa1ee586477488332467285e95	d__Bacteria; p__Firmicutes; c__Clostridia; o__Lachnospirales; f__Lachnospiraceae; g__Sellimonas
affd30687dcd2e273e7773f9a66bc08a	d__Bacteria; p__Firmicutes; c__Clostridia; o__Lachnospirales; f__Lachnospiraceae
c62b6b03aec582dd0724353d4cd67f3e	d__Bacteria; p__Firmicutes; c__Clostridia; o__Lachnospirales; f__Lachnospiraceae
e0ac89b78dc1366cee022af8df5eeae8	d__Bacteria; p__Firmicutes; c__Clostridia; o__Lachnospirales; f__Lachnospiraceae
2f04b2edda5165cab1c251d656736fe7	d__Bacteria; p__Firmicutes; c__Clostridia; o__Lachnospirales; f__Lachnospiraceae; g__Lachnospiraceae; s__Cuneatibacter_caecimuris
a5c2c500d12c7daaa1f581f8020a4e0a	d__Bacteria; p__Firmicutes; c__Clostridia; o__Lachnospirales; f__Lachnospiraceae
25e9f66972d4d34e0bd1ec9022844f7e	d__Bacteria; p__Firmicutes; c__Clostridia; o__Lachnospirales; f__Lachnospiraceae
a5a636c2ef9b9e3abc67df0a7935d5b5	d__Bacteria; p__Firmicutes; c__Clostridia; o__Lachnospirales; f__Lachnospiraceae
abd87a9c7a17cc28572781b58ff6a652	d__Bacteria; p__Firmicutes; c__Clostridia; o__Lachnospirales; f__Lachnospiraceae
ce232f55bcfc773b29277aa5f0660afc	d__Bacteria; p__Firmicutes; c__Clostridia; o__Lachnospirales; f__Lachnospiraceae
76a057087d2f33172a321dcb3579fba3	d__Bacteria; p__Firmicutes; c__Clostridia; o__Lachnospirales; f__Lachnospiraceae
a8866ee6c6308b1763f93e41808fe37e	d__Bacteria; p__Firmicutes; c__Clostridia; o__Lachnospirales; f__Lachnospiraceae; g__Roseburia
1c3401622513293fe9b5d37c1a6b4717	d__Bacteria; p__Firmicutes; c__Clostridia; o__Lachnospirales; f__Lachnospiraceae; g__Roseburia
e96d817df42f9440c8b955d81ee5319d	d__Bacteria; p__Firmicutes; c__Clostridia; o__Lachnospirales; f__Lachnospiraceae
c96d5590069fba7653f89dd62291a913	d__Bacteria; p__Firmicutes; c__Clostridia; o__Lachnospirales; f__Lachnospiraceae; g__[Ruminococcus]_torques_group
68e42fa9e63bf817f6ca36c4d9182c76	d__Bacteria; p__Firmicutes; c__Clostridia; o__Lachnospirales; f__Lachnospiraceae
3f3e0bdf4011a82d9a3b6ca1010addb8	d__Bacteria; p__Firmicutes; c__Clostridia; o__Lachnospirales; f__Lachnospiraceae
30f0e7f8b7c59e9dac575c739d742a79	d__Bacteria; p__Firmicutes; c__Clostridia; o__Oscillospirales; f__Ruminococcaceae
c04d128a17396bc9c14b791d2b42fec4	d__Bacteria; p__Firmicutes; c__Clostridia; o__Lachnospirales; f__Lachnospiraceae; g__Anaerostipes
4c143287c983b32873921e87d28469b2	d__Bacteria; p__Firmicutes; c__Clostridia; o__Lachnospirales; f__Lachnospiraceae
a8287593f984acde90305ca1d42e1f67	d__Bacteria; p__Firmicutes; c__Clostridia; o__Lachnospirales; f__Lachnospiraceae
e59c3319146159c6c578c41e0638247b	d__Bacteria; p__Firmicutes; c__Clostridia; o__Lachnospirales; f__Lachnospiraceae
2479a9fe3f995b0f66494bf6834971e9	d__Bacteria; p__Firmicutes; c__Clostridia; o__Lachnospirales; f__Lachnospiraceae
8ba9d7dd24b158d087b47ddd8b57902e	d__Bacteria; p__Firmicutes; c__Clostridia; o__Lachnospirales; f__Lachnospiraceae
b0abba69001f373d4d997ff6da225f95	d__Bacteria; p__Firmicutes; c__Clostridia; o__Lachnospirales; f__Lachnospiraceae
1f39885e78879d2a306bff94e16f88fe	d__Bacteria; p__Firmicutes; c__Clostridia; o__Lachnospirales; f__Lachnospiraceae
a0a9cd09011c192f8919f4160112f475	d__Bacteria; p__Firmicutes; c__Clostridia; o__Lachnospirales; f__Lachnospiraceae
8391cae59df80873ef5c5f8755882f7f	d__Bacteria; p__Firmicutes; c__Clostridia; o__Oscillospirales; f__Ruminococcaceae; g__UBA1819
5c67ca79588b609313b2b8068c0cfb54	d__Bacteria; p__Firmicutes; c__Clostridia; o__Oscillospirales; f__Ruminococcaceae; g__UBA1819
64cb909a2a6a7b068203eee1dcac5080	d__Bacteria; p__Firmicutes; c__Clostridia; o__Oscillospirales; f__Ruminococcaceae; g__Faecalibacterium
70fd688a77692e28f1103897643c007e	d__Bacteria; p__Firmicutes; c__Clostridia; o__Oscillospirales; f__Ruminococcaceae; g__Faecalibacterium
8a8a0a6e2e4144aa99af3d2275b72e2a	d__Bacteria; p__Firmicutes; c__Clostridia; o__Oscillospirales; f__Ruminococcaceae; g__Faecalibacterium
da17202f2ae3699128ad49c697fe34fa	d__Bacteria; p__Firmicutes; c__Clostridia; o__Lachnospirales; f__Defluviitaleaceae; g__Defluviitaleaceae_UCG-011; s__uncultured_bacterium
c2a2997141d1c1481663bbfaa91f9db6	d__Bacteria; p__Firmicutes; c__Clostridia; o__Oscillospirales; f__Ruminococcaceae; g__Faecalibacterium
d0be89185ca655304bd9d728ac60ea14	d__Bacteria; p__Firmicutes; c__Clostridia; o__Oscillospirales; f__Ruminococcaceae; g__Ruminococcus
25db077104d763c20045ef1da95392aa	d__Bacteria; p__Desulfobacterota; c__Desulfovibrionia; o__Desulfovibrionales; f__Desulfovibrionaceae; g__Bilophila
c7013b0466dd8912b5f053461a18f847	d__Bacteria; p__Firmicutes; c__Clostridia; o__Oscillospirales; f__Butyricicoccaceae; g__Butyricicoccus
ec4d7f11a584e2fa5be423c24a3352f8	d__Bacteria; p__Firmicutes; c__Clostridia; o__Oscillospirales; f__Butyricicoccaceae; g__Butyricicoccus
6d0188cd7bf37f267706d73d18b7117e	d__Bacteria; p__Firmicutes; c__Clostridia; o__Oscillospirales; f__Butyricicoccaceae; g__Butyricicoccus
ff3d5dfa09301ea9ee9c18f463ad224a	d__Bacteria; p__Firmicutes; c__Clostridia; o__Monoglobales; f__Monoglobaceae; g__Monoglobus
c1dd2da55ee825f1b00ee6fc205d4adf	d__Bacteria; p__Proteobacteria; c__Gammaproteobacteria; o__Pasteurellales; f__Pasteurellaceae; g__Haemophilus
7e9053139f8e0934145716b259f65f55	d__Bacteria; p__Firmicutes; c__Clostridia; o__Lachnospirales; f__Lachnospiraceae; g__Hungatella
45bacf149644d6583e7630090a4180f5	d__Bacteria; p__Firmicutes; c__Clostridia; o__Oscillospirales; f__Oscillospiraceae; g__Oscillibacter
473cc3ff0011c9557e35a5d740c35f62	d__Bacteria; p__Firmicutes; c__Clostridia; o__Oscillospirales; f__Oscillospiraceae
c041e8e7430d197ed5d1843a4db16eff	d__Bacteria; p__Firmicutes; c__Clostridia; o__Oscillospirales; f__Oscillospiraceae; g__Oscillibacter
cb9d23a1cdbd35c0606c9b30f1e4fb22	d__Bacteria; p__Firmicutes; c__Clostridia; o__Christensenellales; f__Christensenellaceae; g__Christensenellaceae_R-7_group
2bccf55cef3b9f25f74e89c7ba61c36e	d__Bacteria; p__Firmicutes; c__Clostridia; o__Oscillospirales; f__Oscillospiraceae; g__NK4A214_group
4351eeca63a07eacbafa15f14ee14746	d__Bacteria; p__Firmicutes; c__Clostridia; o__Oscillospirales; f__Oscillospiraceae; g__NK4A214_group; s__gut_metagenome
6ff1460ceeb905f6910419017d4b5e76	d__Bacteria; p__Firmicutes; c__Clostridia; o__Christensenellales; f__Christensenellaceae; g__Christensenellaceae_R-7_group; s__uncultured_prokaryote
aa2569d97aad5f25789850d504099c8b	d__Bacteria; p__Firmicutes; c__Clostridia; o__Christensenellales; f__Christensenellaceae; g__Christensenellaceae_R-7_group; s__uncultured_prokaryote
4cc6c28ed5ebc698a880696d33157e46	d__Bacteria; p__Firmicutes; c__Clostridia; o__Oscillospirales; f__Oscillospiraceae
62a710763720f5682507bf334f9b19d7	d__Bacteria; p__Firmicutes; c__Clostridia; o__Oscillospirales; f__Oscillospiraceae; g__Intestinimonas
3f2d24596e91c41fe4ef61ed6c59e5a8	d__Bacteria; p__Firmicutes; c__Clostridia; o__Oscillospirales; f__Oscillospiraceae; g__UCG-002
e9ca7add090e6054c35373474aef4810	d__Bacteria; p__Firmicutes; c__Clostridia; o__Oscillospirales; f__Oscillospiraceae
f594eaba5cc99a8dece075e60b6c0a10	d__Bacteria; p__Firmicutes; c__Clostridia; o__Oscillospirales; f__Oscillospiraceae; g__Colidextribacter
35433484072105736b0376a832711bb3	d__Bacteria; p__Firmicutes; c__Clostridia; o__Oscillospirales; f__Oscillospiraceae
61bbb6608aef9e032ed91f71c3c2e4d8	d__Bacteria; p__Firmicutes; c__Clostridia; o__Oscillospirales; f__Oscillospiraceae
dc0d6b079236ce0de339949172a9c5dc	d__Bacteria; p__Firmicutes; c__Clostridia; o__Oscillospirales; f__Oscillospiraceae; g__UCG-002
6765dde1088d890ede6aa7212904962d	d__Bacteria; p__Firmicutes; c__Clostridia; o__Oscillospirales; f__Oscillospiraceae; g__Flavonifractor
7b4f93bcec4501c6f2ee76b794ae4ed5	d__Bacteria; p__Firmicutes; c__Clostridia; o__Oscillospirales; f__Oscillospiraceae
092de32df1a3b6ef0bf6cd979280b1d1	d__Bacteria; p__Firmicutes; c__Clostridia; o__Oscillospirales; f__Oscillospiraceae
7f75f4e3033f1bea1188a3f1391a208e	d__Bacteria; p__Firmicutes; c__Clostridia; o__Oscillospirales; f__Oscillospiraceae; g__Pseudoflavonifractor
dde7e69ea3d9fb49617ba5c8bef3616a	d__Bacteria; p__Firmicutes; c__Clostridia; o__Oscillospirales; f__Oscillospiraceae
acda25be5903dc9d7f295bedd64ccfd0	d__Bacteria; p__Firmicutes; c__Clostridia; o__Christensenellales; f__Christensenellaceae; g__Christensenellaceae_R-7_group; s__uncultured_marine
b49c035aa11e66d8b56cedaf3c950ad2	d__Bacteria; p__Firmicutes; c__Clostridia; o__Christensenellales; f__Christensenellaceae; g__uncultured
954b9193b6d169237ffc91eea76407cc	d__Bacteria; p__Firmicutes; c__Clostridia; o__Christensenellales; f__Christensenellaceae; g__Christensenellaceae_R-7_group
91bbe5ff35ede1995b63e899c266bc9d	d__Bacteria; p__Firmicutes; c__Negativicutes; o__Acidaminococcales; f__Acidaminococcaceae; g__Acidaminococcus
db5955bbb3ba14f2535635579603dddc	d__Bacteria; p__Firmicutes; c__Negativicutes; o__Veillonellales-Selenomonadales; f__Veillonellaceae; g__Veillonella
cae74060d2eaa0bb5d6ca5b572945de0	d__Bacteria; p__Firmicutes; c__Negativicutes; o__Veillonellales-Selenomonadales; f__Veillonellaceae; g__Dialister
d75f9d5abe10a4e380c2db437f1ef2ab	d__Bacteria; p__Firmicutes; c__Negativicutes; o__Veillonellales-Selenomonadales; f__Veillonellaceae; g__Dialister
40b936b2918ac66a578f9164e588949b	d__Bacteria; p__Firmicutes; c__Negativicutes; o__Veillonellales-Selenomonadales; f__Veillonellaceae; g__Dialister; s__Dialister_succinatiphilus
820865b28df64bbbbd662827d38f90f4	d__Bacteria; p__Firmicutes; c__Clostridia; o__Peptococcales; f__Peptococcaceae; g__uncultured; s__uncultured_bacterium
56d3aeecb8fdd60ba4851984e3e03026	d__Bacteria; p__Firmicutes; c__Clostridia; o__Peptococcales; f__Peptococcaceae; g__uncultured; s__uncultured_bacterium
f0b489b19c9c242580f8f99482fa39b3	d__Bacteria; p__Actinobacteriota; c__Coriobacteriia; o__Coriobacteriales; f__Coriobacteriaceae; g__Collinsella
2cfcac09bfe82cc299a3b8fd29e75eee	d__Bacteria; p__Proteobacteria; c__Gammaproteobacteria; o__Burkholderiales; f__Sutterellaceae; g__Parasutterella
a7e100ae7ff4a90b031314397a45b91a	d__Bacteria; p__Proteobacteria; c__Gammaproteobacteria; o__Burkholderiales; f__Sutterellaceae; g__Sutterella
1655ead745bcd88a533aa94f9324a872	d__Bacteria; p__Proteobacteria; c__Gammaproteobacteria; o__Burkholderiales; f__Sutterellaceae; g__Sutterella
d2c0e67b57b05f011aa15f4139bcdeed	d__Bacteria; p__Proteobacteria; c__Gammaproteobacteria; o__Burkholderiales; f__Sutterellaceae; g__Sutterella
725d767efd664e8a1700dfb7f4c80476	d__Bacteria; p__Firmicutes; c__Clostridia; o__Oscillospirales; f__Ruminococcaceae
59147eab296f928b2776551865994549	d__Bacteria; p__Firmicutes; c__Clostridia; o__Lachnospirales; f__Lachnospiraceae
ee7c185cc49bd85b4b01c65c0813e9ab	d__Bacteria; p__Firmicutes; c__Clostridia; o__Oscillospirales; f__[Eubacterium]_coprostanoligenes_group; g__[Eubacterium]_coprostanoligenes_group; s__uncultured_Clostridiales
234a3754b3bb109e99a8646a3d45b347	d__Bacteria; p__Firmicutes; c__Clostridia; o__Oscillospirales; f__Ruminococcaceae; g__uncultured; s__human_gut
2c708b0b6686f7847cefadf1c7555db7	d__Bacteria; p__Firmicutes; c__Clostridia; o__Oscillospirales; f__Ruminococcaceae; g__Anaerotruncus
cfc1e0999cd9aaa5a97fe1f6f419241b	d__Bacteria; p__Firmicutes; c__Clostridia; o__Oscillospirales; f__Ruminococcaceae; g__DTU089
f4012e77e82ea03977041811dcce0cbe	d__Bacteria; p__Firmicutes; c__Clostridia; o__Oscillospirales; f__Ruminococcaceae; g__Incertae_Sedis
07b924db8adcea24e6d792215e4d8dbd	d__Bacteria; p__Firmicutes; c__Clostridia; o__Oscillospirales
b40bc3e1c340aa3609b0ddc44e629f9a	d__Bacteria; p__Firmicutes; c__Clostridia; o__Oscillospirales
b0ce71aabc362dd8fae48c85fd6c1355	d__Bacteria; p__Firmicutes; c__Clostridia; o__Oscillospirales; f__Ruminococcaceae; g__Incertae_Sedis; s__uncultured_organism
8b1987fd25c81ca9afcb3d99e423d109	d__Bacteria; p__Firmicutes; c__Clostridia; o__Oscillospirales; f__Ruminococcaceae; g__Subdoligranulum
9aff8c77511a1d209b030c6f46f0eb67	d__Bacteria; p__Firmicutes; c__Clostridia; o__Oscillospirales; f__Ruminococcaceae; g__Ruminococcus
40c778a3ebff78473811a5aa3ec01115	d__Bacteria; p__Firmicutes; c__Clostridia; o__Monoglobales; f__Monoglobaceae; g__Monoglobus
a9a10e64cdf309e518fa2dc86d4cbceb	d__Bacteria; p__Firmicutes; c__Clostridia; o__Oscillospirales; f__Ruminococcaceae; g__Ruminococcus
4a7d981ae3f860dae0e6a268070c79ae	d__Bacteria; p__Firmicutes; c__Clostridia; o__Oscillospirales; f__Ruminococcaceae; g__CAG-352
f5fca490aed2ae770e7ce7149603eea7	d__Bacteria; p__Firmicutes; c__Clostridia; o__Oscillospirales; f__Ruminococcaceae; g__[Eubacterium]_siraeum_group
b07abf9191aa48fca40dc1fd7baf51a2	d__Bacteria; p__Firmicutes; c__Bacilli; o__RF39; f__RF39; g__RF39; s__uncultured_bacterium
31ead80d1e2bb0c931c51b9407794f40	d__Bacteria; p__Firmicutes; c__Clostridia; o__Oscillospirales; f__Ruminococcaceae; g__Faecalibacterium
aa7d42b0da6aa0221ae2b51e3c1b3982	d__Bacteria; p__Firmicutes; c__Bacilli; o__Erysipelotrichales; f__Erysipelatoclostridiaceae; g__Erysipelatoclostridium; s__Massiliomicrobiota_timonensis
4142d905be316a3a2d2c93827dcfafe3	d__Bacteria; p__Bacteroidota; c__Bacteroidia; o__Bacteroidales; f__Bacteroidaceae; g__Bacteroides
ae6c265a3225df33368752dd4f109f84	d__Bacteria; p__Firmicutes; c__Clostridia; o__Oscillospirales; f__Ruminococcaceae; g__Faecalibacterium
1c2542a1e88f67d84447257bcb9f8461	d__Bacteria; p__Bacteroidota; c__Bacteroidia; o__Bacteroidales; f__Bacteroidaceae; g__Bacteroides
c982dc0126ede8b28379bf1f85078a51	d__Bacteria; p__Firmicutes; c__Clostridia
eb790a953be172d937fa71c7ed25f56a	d__Bacteria; p__Firmicutes; c__Clostridia; o__Lachnospirales; f__Lachnospiraceae; g__Agathobacter
09fd58acd278f28e2c60171be9656349	d__Bacteria; p__Firmicutes; c__Clostridia; o__Oscillospirales; f__Ruminococcaceae; g__CAG-352; s__uncultured_bacterium
c714769282d931570d33c2ce5d680c05	d__Bacteria; p__Actinobacteriota; c__Actinobacteria; o__Bifidobacteriales; f__Bifidobacteriaceae; g__Bifidobacterium
7463d395a365d780ded7e68491e79713	d__Bacteria; p__Firmicutes; c__Clostridia; o__Clostridiales; f__Clostridiaceae; g__Clostridium_sensu_stricto_1
91b477ecd4d28bbbd27d1bd79bcdbfae	d__Bacteria; p__Firmicutes; c__Clostridia; o__Lachnospirales; f__Lachnospiraceae
d5d533aa901dec007111026dad77864b	d__Bacteria; p__Desulfobacterota; c__Desulfovibrionia; o__Desulfovibrionales; f__Desulfovibrionaceae; g__Desulfovibrio; s__metagenome
b60249b4ab6323c61f5120e177a4ba5f	d__Bacteria; p__Desulfobacterota; c__Desulfovibrionia; o__Desulfovibrionales; f__Desulfovibrionaceae; g__uncultured; s__uncultured_bacterium
cd2926f967dbdf0ac2b078957a7c626e	d__Bacteria; p__Firmicutes; c__Clostridia; o__Christensenellales; f__Christensenellaceae; g__Christensenellaceae_R-7_group
6a8231ea23e9c90cbfeabb45f93a0541	d__Bacteria; p__Firmicutes; c__Clostridia; o__Oscillospirales; f__UCG-010; g__UCG-010; s__uncultured_organism
79ebb6397d284283db5c2e41b834dc4b	d__Bacteria; p__Actinobacteriota; c__Coriobacteriia; o__Coriobacteriales; f__Coriobacteriales_Incertae_Sedis; g__uncultured; s__gut_metagenome
417bb91763ff675860d275d349841df3	d__Bacteria; p__Firmicutes; c__Clostridia; o__Oscillospirales; f__Ruminococcaceae; g__CAG-352; s__uncultured_bacterium
a37d86fa72573c6a1ed8acdb4f3d8606	d__Bacteria; p__Firmicutes; c__Clostridia; o__Oscillospirales; f__Ruminococcaceae; g__Ruminococcus
9be42224ace70b1a684a4547e34ff653	d__Bacteria; p__Firmicutes; c__Clostridia
49f54a414dafbfae0f394e5144b02074	d__Bacteria; p__Firmicutes; c__Clostridia; o__Lachnospirales; f__Lachnospiraceae
d80fa9b24efe5f33e291e760bd007627	d__Bacteria; p__Firmicutes; c__Clostridia; o__Lachnospirales; f__Lachnospiraceae; g__[Eubacterium]_ventriosum_group
7745246af689c6d2fede0357781bdfae	d__Bacteria; p__Firmicutes; c__Clostridia; o__Lachnospirales; f__Lachnospiraceae; g__[Eubacterium]_ventriosum_group; s__uncultured_organism
8567d63ff1b69280eaad0017af8b1a8f	d__Bacteria; p__Firmicutes; c__Clostridia; o__Christensenellales; f__Christensenellaceae; g__Christensenellaceae_R-7_group; s__human_gut
c7d17a996f79bc1c9e65f2306ca7f317	d__Bacteria; p__Firmicutes; c__Bacilli; o__Lactobacillales; f__Lactobacillaceae; g__Lactobacillus
46b9a81d9d1489f5ae207d08722dbe40	d__Bacteria; p__Firmicutes; c__Bacilli; o__Lactobacillales; f__Lactobacillaceae; g__Lactobacillus
26cf7813fc40502bc0b01a06e344eafb	d__Bacteria; p__Firmicutes; c__Bacilli; o__Lactobacillales; f__Lactobacillaceae; g__Lactobacillus
420c646c31cc0c218521b7e0b5fdb8e9	d__Bacteria; p__Firmicutes; c__Bacilli; o__Lactobacillales
809e8bbd3cb677933e6840dc40c41d01	d__Bacteria; p__Firmicutes; c__Bacilli; o__Lactobacillales; f__Streptococcaceae; g__Streptococcus
5fdc8acda423effd6180a65077ad2cd6	d__Bacteria; p__Firmicutes; c__Bacilli; o__Lactobacillales; f__Streptococcaceae; g__Streptococcus
f36171cb9bc153231407ed2e53974b80	d__Bacteria; p__Firmicutes; c__Bacilli; o__Lactobacillales; f__Streptococcaceae; g__Streptococcus; s__Streptococcus_peroris
224a62460a8f6c332fe7ed10dacf4022	d__Bacteria; p__Firmicutes; c__Bacilli; o__Lactobacillales; f__Streptococcaceae; g__Streptococcus
be0a8d2c9ee090da978e5d5895d73f39	d__Bacteria; p__Firmicutes; c__Bacilli; o__Erysipelotrichales; f__Erysipelatoclostridiaceae; g__Erysipelatoclostridium; s__Massiliomicrobiota_timonensis
8b2251f7bcc51a6b978bed1288354d71	d__Bacteria; p__Firmicutes; c__Bacilli; o__Erysipelotrichales; f__Erysipelotrichaceae; g__Holdemania
1682d758873b70149b4c8a11a82c6d80	d__Bacteria; p__Firmicutes; c__Bacilli; o__Erysipelotrichales; f__Erysipelatoclostridiaceae; g__Erysipelatoclostridium
1b756ed6163276d1ab33f9b4b2a6b58e	d__Bacteria; p__Firmicutes; c__Bacilli; o__Erysipelotrichales; f__Erysipelatoclostridiaceae; g__Erysipelotrichaceae_UCG-003
a5c262eb75527c261e142567e5e0ea86	d__Bacteria; p__Firmicutes; c__Bacilli; o__Erysipelotrichales; f__Erysipelatoclostridiaceae; g__Erysipelotrichaceae_UCG-003
29718a3c0f7a3487b6226789d295d0f5	d__Bacteria; p__Firmicutes; c__Bacilli; o__Erysipelotrichales; f__Erysipelatoclostridiaceae; g__Catenibacterium
eed99c39bafece63af913441ff0b8dcd	d__Bacteria; p__Firmicutes; c__Bacilli; o__Erysipelotrichales; f__Erysipelotrichaceae; g__Dielma
d7a65db06b2900aa4761db349eb79d11	d__Bacteria; p__Firmicutes; c__Bacilli; o__Erysipelotrichales; f__Erysipelatoclostridiaceae; g__Erysipelatoclostridium
c1db5e3c74cc24e08a09ebfa395b93f0	d__Bacteria; p__Firmicutes; c__Bacilli; o__Erysipelotrichales; f__Erysipelatoclostridiaceae; g__Erysipelatoclostridium; s__[Clostridium]_saccharogumia
f615f6003e1b751cc271d6dbf0de0692	d__Bacteria; p__Firmicutes; c__Bacilli; o__Erysipelotrichales; f__Erysipelotrichaceae; g__Merdibacter
404f932e9c3bb155320202d6835ea81f	d__Bacteria; p__Firmicutes; c__Bacilli; o__Erysipelotrichales; f__Erysipelotrichaceae; g__Holdemanella
72bd12b9b181ca2e19c2a6b615f6d6a2	d__Bacteria; p__Firmicutes; c__Bacilli; o__Erysipelotrichales; f__Erysipelotrichaceae
f6a56ce3a91432520fa26c03b12fe696	d__Bacteria; p__Firmicutes; c__Bacilli; o__Erysipelotrichales; f__Erysipelotrichaceae; g__Holdemanella
65da6f27c5b11aa58aa5520c1779a7b0	d__Bacteria; p__Firmicutes; c__Bacilli; o__Erysipelotrichales; f__Erysipelotrichaceae; g__Holdemanella
957361a5e626d78235dde8a3f75ceff6	d__Bacteria; p__Firmicutes; c__Bacilli; o__Erysipelotrichales; f__Erysipelotrichaceae; g__Faecalitalea
3ceae4fa22229ceb0f7babcfefb8b89f	d__Bacteria; p__Cyanobacteria; c__Vampirivibrionia; o__Gastranaerophilales; f__Gastranaerophilales; g__Gastranaerophilales; s__uncultured_bacterium
0cf460bcb02036f3ed15a5e72f3d9b47	d__Bacteria; p__Verrucomicrobiota; c__Verrucomicrobiae; o__Verrucomicrobiales; f__Akkermansiaceae; g__Akkermansia; s__uncultured_bacterium
d3d85276f29a334606bb173d534eedb9	d__Bacteria; p__Firmicutes; c__Clostridia; o__Clostridia_UCG-014; f__Clostridia_UCG-014; g__Clostridia_UCG-014; s__uncultured_bacterium
a1f1f2edc02d2df3dec445a4e6a32ba0	d__Bacteria; p__Firmicutes; c__Clostridia; o__Clostridia_UCG-014; f__Clostridia_UCG-014; g__Clostridia_UCG-014
d239048637e20639aa2802529d8d3746	d__Bacteria; p__Firmicutes; c__Clostridia; o__Clostridia_UCG-014; f__Clostridia_UCG-014; g__Clostridia_UCG-014
53b830a3e2f10f08d6c5517ea9bad30e	d__Bacteria; p__Firmicutes; c__Clostridia; o__Clostridia_UCG-014; f__Clostridia_UCG-014; g__Clostridia_UCG-014
546b2163886d0d10a29cc8913cc4a791	d__Bacteria; p__Firmicutes; c__Clostridia; o__Clostridia_UCG-014; f__Clostridia_UCG-014; g__Clostridia_UCG-014
1f57cd7e5ebd96251dc991dd3fcdc28c	d__Bacteria; p__Firmicutes; c__Clostridia; o__Clostridia_UCG-014; f__Clostridia_UCG-014; g__Clostridia_UCG-014
e562234bb4a2e98a3e24f5cc985bdd5b	d__Bacteria; p__Firmicutes; c__Clostridia; o__Clostridia_UCG-014; f__Clostridia_UCG-014; g__Clostridia_UCG-014
cb40cd4e1a54470935d76647d3fb1efd	d__Bacteria; p__Firmicutes; c__Clostridia; o__Clostridia_UCG-014; f__Clostridia_UCG-014; g__Clostridia_UCG-014
36ea4bc4a9a1bedad8fc8806d0801bd7	d__Bacteria; p__Firmicutes; c__Clostridia; o__Clostridia_UCG-014; f__Clostridia_UCG-014; g__Clostridia_UCG-014
192cf83da8c469eb7500746d66dab63e	d__Bacteria; p__Firmicutes; c__Clostridia; o__Clostridia_UCG-014; f__Clostridia_UCG-014; g__Clostridia_UCG-014
8181cd98eaf205b3044406637fa35d43	d__Bacteria; p__Firmicutes; c__Clostridia; o__Clostridia_UCG-014; f__Clostridia_UCG-014; g__Clostridia_UCG-014
e0ca9146c50c631c5b3566d9a4e3e400	d__Bacteria; p__Firmicutes; c__Clostridia; o__Clostridia_UCG-014; f__Clostridia_UCG-014; g__Clostridia_UCG-014
968823bdc34931b8c2047d965e1363f1	d__Bacteria; p__Firmicutes; c__Clostridia; o__Clostridia_UCG-014; f__Clostridia_UCG-014; g__Clostridia_UCG-014
f3ec544278b0c459267c2c96a2969be6	d__Bacteria; p__Firmicutes; c__Clostridia; o__Clostridia_UCG-014; f__Clostridia_UCG-014; g__Clostridia_UCG-014
3878022b09b1ce14f1060788510f3712	d__Bacteria; p__Firmicutes; c__Clostridia; o__Clostridia_UCG-014; f__Clostridia_UCG-014; g__Clostridia_UCG-014
225f4fbb5e169bfa5008d802577c96c9	d__Bacteria; p__Firmicutes; c__Clostridia; o__Clostridia_UCG-014; f__Clostridia_UCG-014; g__Clostridia_UCG-014
d9689acb4b5166f165279b960520912f	d__Bacteria; p__Firmicutes; c__Clostridia; o__Clostridia_UCG-014; f__Clostridia_UCG-014; g__Clostridia_UCG-014
0978299e60baf9b781aab2b15cc51739	d__Bacteria; p__Firmicutes; c__Clostridia; o__Clostridia_UCG-014; f__Clostridia_UCG-014; g__Clostridia_UCG-014
80ef3210ab69f8af3b51d8a9d263af8c	d__Bacteria; p__Firmicutes; c__Clostridia; o__Clostridia_UCG-014; f__Clostridia_UCG-014; g__Clostridia_UCG-014
ed25e9921e2f1daf0cfd3fad6ff51012	d__Bacteria; p__Bacteroidota; c__Bacteroidia; o__Bacteroidales; f__Bacteroidaceae; g__Bacteroides; s__Bacteroides_plebeius
936793746221c829d0330c2e6398d5af	d__Bacteria; p__Bacteroidota; c__Bacteroidia; o__Bacteroidales; f__Bacteroidaceae; g__Bacteroides; s__Bacteroides_massiliensis
5a9a61bb31ccd3ffa3ddb63d4e5914b3	d__Bacteria; p__Bacteroidota; c__Bacteroidia; o__Bacteroidales; f__Bacteroidaceae; g__Bacteroides
4fbe087c659f817da9307238c14558eb	d__Bacteria; p__Bacteroidota; c__Bacteroidia; o__Bacteroidales; f__Bacteroidaceae; g__Bacteroides
ac7678315515d19b79954f17f49d50dd	d__Bacteria; p__Bacteroidota; c__Bacteroidia; o__Bacteroidales; f__Bacteroidaceae; g__Bacteroides; s__Bacteroides_eggerthii
ebb3cefe40ec08de0f60e6b844bab2fa	d__Bacteria; p__Bacteroidota; c__Bacteroidia; o__Bacteroidales; f__Bacteroidaceae; g__Bacteroides; s__Bacteroides_clarus
e45bee1e52dbd1cb7f91f56d5555e977	d__Bacteria; p__Bacteroidota; c__Bacteroidia; o__Bacteroidales; f__Bacteroidaceae; g__Bacteroides
f1e8d026cd1a8b56fb97962868dba8f0	d__Bacteria; p__Bacteroidota; c__Bacteroidia; o__Bacteroidales; f__Bacteroidaceae; g__Bacteroides
047ec99dba9cdb0729f7837e34481da5	d__Bacteria; p__Bacteroidota; c__Bacteroidia; o__Bacteroidales; f__Bacteroidaceae; g__Bacteroides
76370fddf4a98342a2e2df1ec0001a9b	d__Bacteria; p__Bacteroidota; c__Bacteroidia; o__Bacteroidales; f__Marinifilaceae; g__Odoribacter; s__uncultured_Odoribacter
d0b7abd5d89e11933d6675dc72b7f72a	d__Bacteria; p__Bacteroidota; c__Bacteroidia; o__Bacteroidales; f__Rikenellaceae; g__Alistipes; s__Alistipes_shahii
f1b67c21cb664ddc98c015a1a0c85d2e	d__Bacteria; p__Bacteroidota; c__Bacteroidia; o__Bacteroidales; f__Rikenellaceae; g__Alistipes; s__Alistipes_shahii
1166bcdebe53baa08ff2fa8ddc25be9f	d__Bacteria; p__Bacteroidota; c__Bacteroidia; o__Bacteroidales; f__Rikenellaceae; g__Alistipes
1efdd9da2ffdfbb69d20a14af3b398e5	d__Bacteria; p__Bacteroidota; c__Bacteroidia; o__Bacteroidales; f__Rikenellaceae; g__Alistipes
eae2e00f95e7c6693f58e71f44d1fe6e	d__Bacteria; p__Bacteroidota; c__Bacteroidia; o__Bacteroidales; f__Rikenellaceae; g__Alistipes; s__Alistipes_finegoldii
742ffd90c513c59d9a90190927e7e9df	d__Bacteria; p__Bacteroidota; c__Bacteroidia; o__Bacteroidales; f__Rikenellaceae; g__Alistipes
daaa6731e9ba042e01ef6452715822d0	d__Bacteria; p__Bacteroidota; c__Bacteroidia; o__Bacteroidales; f__Rikenellaceae; g__Alistipes
fd392578abd918923776aba4972b0e92	d__Bacteria; p__Bacteroidota; c__Bacteroidia; o__Bacteroidales; f__Bacteroidaceae; g__Bacteroides
41d7708ccc1410ed9085cb7eff4d7125	d__Bacteria; p__Bacteroidota; c__Bacteroidia; o__Bacteroidales; f__Rikenellaceae; g__Alistipes
097bdb74963e3a03d8102acbf196b5df	d__Bacteria; p__Bacteroidota; c__Bacteroidia; o__Bacteroidales; f__Rikenellaceae; g__Alistipes
14f6b1aaa1923b7776e155b27a1caec4	d__Bacteria; p__Bacteroidota; c__Bacteroidia; o__Bacteroidales; f__Tannerellaceae; g__Parabacteroides; s__Parabacteroides_merdae
f06fa415cdf99e01dfffd8d4584d1e22	d__Bacteria; p__Bacteroidota; c__Bacteroidia; o__Bacteroidales; f__Bacteroidaceae; g__Bacteroides
62b12d0f1973edfdb310f68797d9c890	d__Bacteria; p__Bacteroidota; c__Bacteroidia; o__Bacteroidales; f__Bacteroidaceae; g__Bacteroides; s__Bacteroides_coprocola
81a7379d0827c64d941dc2f47e984267	d__Bacteria; p__Bacteroidota; c__Bacteroidia; o__Bacteroidales; f__Bacteroidaceae; g__Bacteroides
5bf11f0afe7a957a09ee00e5c930eb60	d__Bacteria; p__Bacteroidota; c__Bacteroidia; o__Bacteroidales; f__Marinifilaceae; g__Butyricimonas
c442e61d6b70074c1b7970f6d7c37d09	d__Bacteria; p__Bacteroidota; c__Bacteroidia; o__Bacteroidales; f__Marinifilaceae; g__Butyricimonas
e76664e3e4bfb393dca3041b74dd036e	d__Bacteria; p__Bacteroidota; c__Bacteroidia; o__Bacteroidales; f__Bacteroidaceae; g__Bacteroides
62e5d6c5fd2687ce9623fd8cbef73448	d__Bacteria; p__Bacteroidota; c__Bacteroidia; o__Bacteroidales; f__Bacteroidaceae; g__Bacteroides
3a0e330a90b033b391709fab46fdda11	d__Bacteria; p__Bacteroidota; c__Bacteroidia; o__Bacteroidales; f__Bacteroidaceae; g__Bacteroides
237ef4e4b568073a7cc647484f7aebe6	d__Bacteria; p__Bacteroidota; c__Bacteroidia; o__Bacteroidales; f__Bacteroidaceae; g__Bacteroides; s__Bacteroides_kribbi
e5a0f513f0379b28cdb8932d18e59daa	d__Bacteria; p__Bacteroidota; c__Bacteroidia; o__Bacteroidales; f__Bacteroidaceae; g__Bacteroides
d0a3058303f7f1384515a8a57d038cf4	d__Bacteria; p__Bacteroidota; c__Bacteroidia; o__Bacteroidales; f__uncultured; g__uncultured; s__gut_metagenome
63b4e198a1e41fff0214a70d95c97bf7	d__Bacteria; p__Bacteroidota; c__Bacteroidia; o__Bacteroidales; f__Bacteroidaceae; g__Bacteroides
b5ba03a3838858abcda71eb21cf5fa11	d__Bacteria; p__Bacteroidota; c__Bacteroidia; o__Bacteroidales; f__Barnesiellaceae; g__Coprobacter
48b2c2ed883c63cc0c8cca5e6fefe7f4	d__Bacteria; p__Bacteroidota; c__Bacteroidia; o__Bacteroidales; f__Rikenellaceae; g__Rikenellaceae_RC9_gut_group; s__uncultured_bacterium
9285c0cd7dc566a25776b95f11a09590	d__Bacteria; p__Bacteroidota; c__Bacteroidia; o__Bacteroidales; f__Rikenellaceae; g__Alistipes; s__Alistipes_inops
41d1bb09c09951179e266f5c8dbfe585	d__Bacteria; p__Bacteroidota; c__Bacteroidia; o__Bacteroidales; f__Prevotellaceae; g__Paraprevotella; s__uncultured_bacterium
246371691711899e1200f8f47474dd6c	d__Bacteria; p__Bacteroidota; c__Bacteroidia; o__Bacteroidales; f__Muribaculaceae; g__CAG-873; s__uncultured_bacterium
7591e5ffd2216bff2a3747ad96a57323	d__Bacteria; p__Bacteroidota; c__Bacteroidia; o__Bacteroidales; f__Tannerellaceae; g__Parabacteroides
911f4a8399834ae624ad8d4f1e44a427	d__Bacteria; p__Bacteroidota; c__Bacteroidia; o__Bacteroidales; f__Bacteroidaceae; g__Bacteroides
5fb70a7cfa7d777c37e98931137881dc	d__Bacteria; p__Bacteroidota; c__Bacteroidia; o__Bacteroidales; f__Barnesiellaceae; g__Barnesiella
1e01661f615add84053f39894f09726b	d__Bacteria; p__Bacteroidota; c__Bacteroidia; o__Bacteroidales; f__Barnesiellaceae; g__Barnesiella
6f8cb1545ad9895ace0a50383b0294d6	d__Bacteria; p__Firmicutes; c__Clostridia; o__Oscillospirales; f__Ruminococcaceae
30471891cc40978e62ab8f01b3de4fd3	d__Bacteria; p__Firmicutes; c__Clostridia; o__Oscillospirales; f__Ruminococcaceae; g__Incertae_Sedis
053df6b242aba0cbbe157ef1caefc4fd	d__Bacteria; p__Firmicutes; c__Clostridia; o__Oscillospirales; f__Ruminococcaceae
8df829d37444ac9ccedf2731c973d26d	d__Bacteria; p__Firmicutes; c__Clostridia; o__Oscillospirales; f__Ruminococcaceae
52984aebbac517d9c25c91ea9f6ea58b	d__Bacteria; p__Firmicutes; c__Clostridia; o__Oscillospirales; f__Ruminococcaceae; g__Incertae_Sedis
e152bb1082f0a82d7af80c82e1369a14	d__Bacteria; p__Firmicutes; c__Clostridia; o__Oscillospirales; f__Ruminococcaceae; g__Incertae_Sedis; s__uncultured_bacterium
9c60a422ce78af739f1dee4f27da6269	d__Bacteria; p__Firmicutes; c__Clostridia; o__Oscillospirales; f__Ruminococcaceae; g__Incertae_Sedis
9cb6378cf52ccc8f31ff89343a2fbd2b	d__Bacteria; p__Firmicutes; c__Clostridia; o__Lachnospirales; f__Lachnospiraceae; g__Dorea
9045c025f20ec0a37596eaa55dd5e506	d__Bacteria; p__Firmicutes; c__Clostridia; o__Oscillospirales; f__Ruminococcaceae
fed68f3cf046ccf886a7f6546005bc41	d__Bacteria; p__Firmicutes; c__Clostridia; o__Oscillospirales
b3b121674b6f3c6a2f5edd5fbf10b044	d__Bacteria; p__Firmicutes; c__Clostridia; o__Lachnospirales; f__Lachnospiraceae; g__[Eubacterium]_eligens_group
071ef1c6a142feebf9c94fe5be4cc287	d__Bacteria; p__Firmicutes; c__Clostridia; o__Lachnospirales; f__Lachnospiraceae; g__Lachnospira
f9b1449a4a1348333e95ba2bd23cf682	d__Bacteria; p__Firmicutes; c__Clostridia; o__Lachnospirales; f__Lachnospiraceae; g__Lachnospira
848e1e98d1cbe40310d71d6ef7081b0d	d__Bacteria; p__Firmicutes; c__Clostridia; o__Lachnospirales; f__Lachnospiraceae; g__Lachnospiraceae_ND3007_group
c1e60b074dca404367938c0978662302	d__Bacteria; p__Firmicutes; c__Clostridia; o__Lachnospirales; f__Lachnospiraceae
1f8926d76d0a4403a46c906cc5cf9f3c	d__Bacteria; p__Firmicutes; c__Clostridia; o__Oscillospirales; f__Ruminococcaceae; g__Ruminococcus; s__Ruminococcus_bicirculans
b7a6e41ec6bdc47e4117954b4acf0e42	d__Bacteria; p__Firmicutes; c__Clostridia; o__Oscillospirales; f__Ruminococcaceae; g__Ruminococcus; s__Ruminococcus_bicirculans
0014cfb172f5e2688527a6aaef4fb317	d__Bacteria; p__Firmicutes; c__Clostridia; o__Lachnospirales; f__Lachnospiraceae; g__Howardella; s__uncultured_organism
172421f58ffe8cc90127e85be0c15d41	d__Bacteria; p__Firmicutes; c__Clostridia; o__Oscillospirales; f__Ruminococcaceae; g__Ruminococcus
3ad0dc50cc14663a51898fe63b045ab2	d__Bacteria; p__Firmicutes; c__Clostridia; o__Peptostreptococcales-Tissierellales; f__Anaerovoracaceae
f1b7163ef9d9c00b655b2fc7b0452d27	d__Bacteria; p__Firmicutes; c__Clostridia; o__Lachnospirales; f__Lachnospiraceae; g__Tyzzerella; s__Anaerotignum_lactatifermentans
14ba054d8413551f8292e3f10c8089ac	d__Bacteria; p__Firmicutes; c__Clostridia; o__Peptostreptococcales-Tissierellales; f__Peptostreptococcaceae
602c91b92ca1a411f3d31c8c957aa5cb	d__Bacteria; p__Firmicutes; c__Clostridia; o__Peptostreptococcales-Tissierellales; f__Peptostreptococcaceae
2f1764d21770ac5e71b1dd54afafac11	d__Bacteria; p__Firmicutes; c__Clostridia; o__Oscillospirales; f__[Eubacterium]_coprostanoligenes_group; g__[Eubacterium]_coprostanoligenes_group; s__human_gut
aaa50ce2d8720496a68fc66265550fe9	d__Bacteria; p__Firmicutes; c__Clostridia; o__Lachnospirales; f__Lachnospiraceae
3b4647fcb5d654ba94fa32e0ad550aae	d__Bacteria; p__Firmicutes; c__Clostridia; o__Lachnospirales; f__Lachnospiraceae
009ecff46c99c2ef90b7a1e59d460ada	d__Bacteria; p__Firmicutes; c__Clostridia; o__Lachnospirales; f__Lachnospiraceae
fc1c35bb53532e5a73027461761f0db3	d__Bacteria; p__Firmicutes; c__Clostridia; o__Lachnospirales; f__Lachnospiraceae
85ec3337d43827fe8362d0f3966d4fa9	d__Bacteria; p__Firmicutes; c__Clostridia; o__Lachnospirales; f__Lachnospiraceae; g__Dorea
b8dbfcdf7d3fae99265b74b9dccb5b00	d__Bacteria; p__Firmicutes; c__Clostridia; o__Lachnospirales; f__Lachnospiraceae
5e7fd96c24a3695fef9621ed6e3ba0aa	d__Bacteria; p__Firmicutes; c__Clostridia; o__Lachnospirales; f__Lachnospiraceae; g__Agathobacter
b577f37d8b8cf0d33871d4148a2adf7d	d__Bacteria; p__Firmicutes; c__Clostridia; o__Lachnospirales; f__Lachnospiraceae; g__Lachnoclostridium
3495d08d0260f8910b25a0c6d451d0ce	d__Bacteria; p__Firmicutes; c__Clostridia; o__Oscillospirales; f__[Eubacterium]_coprostanoligenes_group; g__[Eubacterium]_coprostanoligenes_group
cf1c78e35fbb1bf35214ed073a9b7893	d__Bacteria; p__Proteobacteria; c__Gammaproteobacteria; o__Enterobacterales; f__Enterobacteriaceae
13f43fab0bb0c360ae74c6b5aa08713a	d__Bacteria; p__Proteobacteria; c__Gammaproteobacteria; o__Enterobacterales; f__Enterobacteriaceae; g__Escherichia-Shigella
c762fba3749b8744a385581567124f9a	d__Bacteria; p__Proteobacteria; c__Gammaproteobacteria; o__Enterobacterales; f__Enterobacteriaceae
e595ce3df9a83f3c24e751ab23b84625	d__Bacteria; p__Proteobacteria; c__Gammaproteobacteria; o__Enterobacterales; f__Enterobacteriaceae
a401cc58d56f3dfb068bf48b335b15af	d__Bacteria; p__Proteobacteria; c__Gammaproteobacteria; o__Enterobacterales; f__Enterobacteriaceae
bb547fe2556432a2d0e3625d3ab78474	d__Bacteria; p__Firmicutes; c__Clostridia; o__Lachnospirales; f__Lachnospiraceae; g__Epulopiscium
4a8b71b569e95ed776fa622a75788573	d__Bacteria; p__Actinobacteriota; c__Actinobacteria; o__Micrococcales; f__Micrococcaceae; g__Rothia
c897bb107df09042d24795359bdd5711	d__Bacteria; p__Actinobacteriota; c__Actinobacteria; o__Bifidobacteriales; f__Bifidobacteriaceae; g__Bifidobacterium
6debd1408bc107915cbd4f350195d311	d__Bacteria; p__Actinobacteriota; c__Actinobacteria; o__Bifidobacteriales; f__Bifidobacteriaceae; g__Bifidobacterium
6d87b6fc4eaa8d5178234f464a33edea	d__Bacteria; p__Actinobacteriota; c__Actinobacteria; o__Bifidobacteriales; f__Bifidobacteriaceae; g__Bifidobacterium
1b949d9e49d9d4bb914d0b2e110e8e3a	d__Bacteria; p__Firmicutes; c__Clostridia; o__Peptostreptococcales-Tissierellales; f__Anaerovoracaceae; g__Family_XIII_UCG-001; s__uncultured_bacterium
ff4079314d6ec734aa7dff2617ab6d71	d__Bacteria; p__Firmicutes; c__Clostridia; o__Peptostreptococcales-Tissierellales; f__Anaerovoracaceae; g__Family_XIII_UCG-001; s__uncultured_bacterium
9e81b6dfdbf20f44f10485701221d60f	d__Bacteria; p__Firmicutes; c__Clostridia; o__Lachnospirales; f__Lachnospiraceae; g__Lachnospiraceae_UCG-010; s__uncultured_bacterium
b75db8b5b434fadb0bc698c9ad9da4ba	d__Bacteria; p__Firmicutes; c__Clostridia; o__Lachnospirales; f__Lachnospiraceae; g__Lachnospiraceae_UCG-010; s__uncultured_organism
6a140ae17bfc4987c4ae87af3c26e57d	d__Bacteria; p__Firmicutes; c__Clostridia; o__Lachnospirales; f__Lachnospiraceae; g__Tyzzerella
0795ad6f298473e8eb390393b3b442f8	d__Bacteria; p__Firmicutes; c__Clostridia; o__Lachnospirales; f__Lachnospiraceae
5a1789fe20b8f8fa912ffb69040e4100	d__Bacteria; p__Firmicutes; c__Clostridia; o__Oscillospirales; f__[Eubacterium]_coprostanoligenes_group; g__[Eubacterium]_coprostanoligenes_group
805afa9c8ec7c31f24c7c9c045fb766b	d__Bacteria; p__Firmicutes; c__Clostridia; o__Oscillospirales; f__[Eubacterium]_coprostanoligenes_group; g__[Eubacterium]_coprostanoligenes_group
8323b7549763ba77b0580556b114b684	d__Bacteria; p__Firmicutes; c__Clostridia; o__Oscillospirales; f__[Eubacterium]_coprostanoligenes_group; g__[Eubacterium]_coprostanoligenes_group
ed3a7b964a15a687c9ca296758d93890	d__Bacteria; p__Firmicutes; c__Clostridia; o__Peptostreptococcales-Tissierellales; f__Anaerovoracaceae; g__Family_XIII_AD3011_group
cc64f98d9f4207c5eb152726798636e2	d__Bacteria; p__Firmicutes; c__Clostridia; o__Lachnospirales; f__Lachnospiraceae; g__Lachnospiraceae_UCG-010
4d7e6136ac2ba4e2c75e53d4b3b4b0ba	d__Bacteria; p__Firmicutes; c__Clostridia; o__Oscillospirales; f__Butyricicoccaceae; g__UCG-009
b030d7e48d03863266ab7089844c3565	d__Bacteria; p__Firmicutes; c__Clostridia; o__Oscillospirales; f__[Eubacterium]_coprostanoligenes_group; g__[Eubacterium]_coprostanoligenes_group
80300fe8f3c2d793a5b18354251d8eb0	d__Bacteria; p__Firmicutes; c__Clostridia; o__Lachnospirales; f__Lachnospiraceae
50166add82ab804dbbe7d32fd2e8b063	d__Bacteria; p__Firmicutes; c__Clostridia; o__Lachnospirales; f__Lachnospiraceae
c71fe22a5705a327f204a3c260f82fbb	d__Bacteria; p__Firmicutes; c__Clostridia; o__Lachnospirales; f__Lachnospiraceae
b1d84c93f0e7c9346e28c39b8fb070a9	d__Bacteria; p__Firmicutes; c__Clostridia; o__Lachnospirales; f__Lachnospiraceae
4a9797b3d55ddfe66c16097031d3fa38	d__Bacteria; p__Firmicutes; c__Clostridia; o__Lachnospirales; f__Lachnospiraceae
2429ad6f9daf22fbf40198d6724ecb8d	d__Bacteria; p__Firmicutes; c__Clostridia; o__Lachnospirales; f__Lachnospiraceae
3e0ef4f13c201b603f64d29181ef61b9	d__Bacteria; p__Firmicutes; c__Clostridia; o__Lachnospirales; f__Lachnospiraceae; g__[Eubacterium]_hallii_group
bc16677809f57229c1376d4d63d141f1	d__Bacteria; p__Proteobacteria; c__Gammaproteobacteria; o__Alteromonadales; f__Alteromonadaceae; g__Alteromonas
6dcf1b34dc1a3a77206d73c9018b1d42	d__Bacteria; p__Firmicutes; c__Clostridia; o__Lachnospirales; f__Lachnospiraceae; g__Blautia
64a193033c72a6a28a8b5300decc99f9	d__Bacteria; p__Firmicutes; c__Clostridia; o__Lachnospirales; f__Lachnospiraceae; g__Blautia
0635bf9df0fe98f60da917399a1d785b	d__Bacteria; p__Firmicutes; c__Clostridia; o__Lachnospirales; f__Lachnospiraceae; g__Coprococcus
d9671621f6ed0cb5f962a67e40b3c64a	d__Bacteria; p__Firmicutes; c__Clostridia; o__Lachnospirales; f__Lachnospiraceae; g__Blautia
8777d1c72a8f892211757e406fba520c	d__Bacteria; p__Firmicutes; c__Clostridia; o__Lachnospirales; f__Lachnospiraceae; g__Blautia
7f79803fb0d5d1ad63a25d2ed11124da	d__Bacteria; p__Firmicutes; c__Clostridia; o__Lachnospirales; f__Lachnospiraceae; g__Blautia
222e26e461b40d54a798345fe1c1a17d	d__Bacteria; p__Firmicutes; c__Clostridia; o__Lachnospirales; f__Lachnospiraceae; g__[Eubacterium]_ventriosum_group
9b09526ba74dffb03695a9540a294a5a	d__Bacteria; p__Firmicutes; c__Clostridia; o__Lachnospirales; f__Lachnospiraceae
d3341d1112ffe555d4d243766af1fca5	d__Bacteria; p__Firmicutes; c__Clostridia; o__Lachnospirales; f__Lachnospiraceae; g__Sellimonas
1ca364f237584aa23ede43e021e10d14	d__Bacteria; p__Firmicutes; c__Clostridia; o__Lachnospirales; f__Lachnospiraceae; g__Frisingicoccus
d5aa6db363c20cbcf58f6a03907adb61	d__Bacteria; p__Firmicutes; c__Clostridia; o__Lachnospirales; f__Lachnospiraceae
7b8ab17c4475bd365ee4870f11b8ce10	d__Bacteria; p__Firmicutes; c__Clostridia; o__Lachnospirales; f__Lachnospiraceae
b4bf08ff39fe8bc8ed7cf6257089a19c	d__Bacteria; p__Firmicutes; c__Clostridia; o__Lachnospirales; f__Lachnospiraceae
ff20e80de60a94e2e91359e84371e68d	d__Bacteria; p__Firmicutes; c__Clostridia; o__Lachnospirales; f__Lachnospiraceae
10571f28b941c04e8223711f6d0ffbfd	d__Bacteria; p__Firmicutes; c__Clostridia; o__Lachnospirales; f__Lachnospiraceae
0434212e3c28e370dc242bce17ba4bde	d__Bacteria; p__Firmicutes; c__Clostridia; o__Lachnospirales; f__Lachnospiraceae
0b2044e3741200470f9a419cef2c99df	d__Bacteria; p__Firmicutes; c__Clostridia; o__Lachnospirales; f__Lachnospiraceae
3bed2522654fff20751ce47351bfc5ea	d__Bacteria; p__Firmicutes; c__Clostridia; o__Lachnospirales; f__Lachnospiraceae
c5b156d480c8aef1d1d30b4c024d3b36	d__Bacteria; p__Firmicutes; c__Clostridia; o__Lachnospirales; f__Lachnospiraceae; g__Roseburia
f242f538170b4560fdd864d302bb5e14	d__Bacteria; p__Firmicutes; c__Clostridia; o__Lachnospirales; f__Lachnospiraceae; g__Roseburia
71b47f1212064b9221ea1d83c64ed7c4	d__Bacteria; p__Firmicutes; c__Clostridia; o__Lachnospirales; f__Lachnospiraceae; g__Roseburia
cd215df582dbb41199fd4c3bd850794d	d__Bacteria; p__Firmicutes; c__Clostridia; o__Lachnospirales; f__Lachnospiraceae
360b1ad0e404d25296cdc80a46ded99e	d__Bacteria; p__Firmicutes; c__Clostridia; o__Lachnospirales; f__Lachnospiraceae
58550b9d99f58a313c443c2889a9e3c0	d__Bacteria; p__Firmicutes; c__Clostridia; o__Lachnospirales; f__Lachnospiraceae
c4affa6f7bf39de23c52588d14bc90d7	d__Bacteria; p__Firmicutes; c__Clostridia; o__Peptostreptococcales-Tissierellales; f__Peptostreptococcales-Tissierellales; g__Fenollaria
f72e6785142da583f22a765c5f3b274d	d__Bacteria; p__Firmicutes; c__Clostridia; o__Lachnospirales; f__Lachnospiraceae; g__[Ruminococcus]_torques_group
2cc9572a683f98948bd3f81ea71ac615	d__Bacteria; p__Firmicutes; c__Clostridia; o__Lachnospirales; f__Lachnospiraceae
7919f2a7ec6186b6e6235120558853c6	d__Bacteria; p__Firmicutes; c__Clostridia; o__Lachnospirales; f__Lachnospiraceae
e8a630245b81d148c3827324be486e68	d__Bacteria; p__Firmicutes; c__Clostridia; o__Lachnospirales; f__Lachnospiraceae
1d6040e2c8aa9aaf4d18876816420803	d__Bacteria; p__Firmicutes; c__Clostridia; o__Lachnospirales; f__Lachnospiraceae
db9dc457869288c03053567545673930	d__Bacteria; p__Firmicutes; c__Clostridia; o__Oscillospirales; f__Ruminococcaceae
e46a55abbd84d63cdae2c83b1359fe62	d__Bacteria; p__Firmicutes; c__Clostridia; o__Oscillospirales; f__Ruminococcaceae
a2e2ddf237e4cbb4ea1655ccbeb32a4b	d__Bacteria; p__Firmicutes; c__Clostridia; o__Oscillospirales; f__[Clostridium]_methylpentosum_group; g__[Clostridium]_methylpentosum_group; s__Ruminococcus_sp.
96b514ee428fe02f080a34acbf96daba	d__Bacteria; p__Firmicutes; c__Clostridia; o__Lachnospirales; f__Lachnospiraceae; g__Anaerostipes
1f82fe9696b92452fa4f1bd84b8eabb9	d__Bacteria; p__Firmicutes; c__Clostridia; o__Lachnospirales; f__Lachnospiraceae
04bc75906188a616dd98697078558312	d__Bacteria; p__Firmicutes; c__Clostridia; o__Lachnospirales; f__Lachnospiraceae
8ee131a6786b35191bf173239c0dba1d	d__Bacteria; p__Firmicutes; c__Clostridia; o__Lachnospirales; f__Lachnospiraceae
359ceeef24fea7ca64bf1d2ed17bac21	d__Bacteria; p__Firmicutes; c__Clostridia; o__Lachnospirales; f__Lachnospiraceae
4e4d23a70328281b96959285235785b7	d__Bacteria; p__Firmicutes; c__Clostridia; o__Lachnospirales; f__Lachnospiraceae
0aa51181b1be51d9f1319a946ca73129	d__Bacteria; p__Firmicutes; c__Clostridia; o__Lachnospirales; f__Lachnospiraceae
5bcb0ec2c82b2e1a70f1c21240d713dd	d__Bacteria; p__Firmicutes; c__Clostridia; o__Lachnospirales; f__Lachnospiraceae
d4ab27e9199ead9ddbf81f6dbf87a515	d__Bacteria; p__Firmicutes; c__Clostridia; o__Lachnospirales; f__Lachnospiraceae
d6e30cb00d86c31ba82f6d04bd9f7cd1	d__Bacteria; p__Firmicutes; c__Clostridia; o__Lachnospirales; f__Lachnospiraceae
1fa82be52ee1cddaa4cd8d8b1a480e7a	d__Bacteria; p__Firmicutes; c__Clostridia; o__Lachnospirales; f__Lachnospiraceae
ec9b85dd480bfa5f211cd6b44f73b3b2	d__Bacteria; p__Firmicutes; c__Clostridia; o__Lachnospirales; f__Lachnospiraceae
cc60fa70fccdac1c3bf0cd8f830064b0	d__Bacteria; p__Firmicutes; c__Clostridia; o__Lachnospirales; f__Lachnospiraceae; g__Coprococcus
2a43b7a49717680028a15ddc026521a1	d__Bacteria; p__Firmicutes; c__Clostridia; o__Lachnospirales; f__Lachnospiraceae
8038aff5351333a5204c6dc8c5ae9c30	d__Bacteria; p__Firmicutes; c__Clostridia; o__Lachnospirales; f__Lachnospiraceae
c4a2372ecd778ce2a10cd6bb8b2644bb	d__Bacteria; p__Firmicutes; c__Clostridia; o__Lachnospirales; f__Lachnospiraceae
34812017527f1c80d3ffcac078dfc519	d__Bacteria; p__Firmicutes; c__Clostridia; o__Lachnospirales; f__Lachnospiraceae; g__[Eubacterium]_ruminantium_group
a92185d19e4806c6f59a5c65bd4e7ef7	d__Bacteria; p__Firmicutes; c__Clostridia; o__Lachnospirales; f__Lachnospiraceae
dd9a6e5199eed80bfec33eaaffea35b3	d__Bacteria; p__Firmicutes; c__Clostridia; o__Lachnospirales; f__Lachnospiraceae
88a279409bd0b9e45a1749b84ce7c520	d__Bacteria; p__Firmicutes; c__Clostridia; o__Lachnospirales; f__Lachnospiraceae
c71862c5b5576a73870bec4d3bdabd76	d__Bacteria; p__Firmicutes; c__Clostridia; o__Lachnospirales; f__Lachnospiraceae; g__Moryella; s__human_gut
198fd023d4c1dd71e821a814a80f9f10	d__Bacteria; p__Firmicutes; c__Clostridia; o__Oscillospirales; f__Ruminococcaceae; g__Fournierella; s__uncultured_organism
8c26e62a64e03c2c2df1c002cbd3a1bd	d__Bacteria; p__Firmicutes; c__Clostridia; o__Oscillospirales; f__Ruminococcaceae; g__UBA1819
d6913d237e0730ef5895214a9d7cca0d	d__Bacteria; p__Firmicutes; c__Clostridia; o__Oscillospirales; f__Ruminococcaceae; g__Faecalibacterium
93aa581ef3d0241204533b05e5312a9d	d__Bacteria; p__Firmicutes; c__Clostridia; o__Oscillospirales; f__Ruminococcaceae; g__Faecalibacterium
15b0fb4748ff7e62fd66d40cd53b491d	d__Bacteria; p__Firmicutes; c__Clostridia; o__Oscillospirales; f__Ruminococcaceae; g__Faecalibacterium
b885267f7b579a058ba1f1341bc32dc5	d__Bacteria; p__Firmicutes; c__Clostridia; o__Oscillospirales; f__Ruminococcaceae; g__Faecalibacterium
f8cd14338fb389ee944c7a744a8f585e	d__Bacteria; p__Firmicutes; c__Clostridia; o__Oscillospirales; f__Ruminococcaceae; g__Faecalibacterium
a51c2746e5cfb836619a5519457a0880	d__Bacteria; p__Firmicutes; c__Clostridia; o__Lachnospirales; f__Defluviitaleaceae; g__Defluviitaleaceae_UCG-011; s__uncultured_bacterium
0f0c3f0b843849c5fda7bace9abea685	d__Bacteria; p__Firmicutes; c__Clostridia; o__Oscillospirales; f__Ruminococcaceae; g__Ruminococcus; s__Ruminococcus_callidus
39042e0944639b786a15f526a95d40b7	d__Bacteria; p__Firmicutes; c__Clostridia; o__Oscillospirales; f__Ruminococcaceae; g__Ruminococcus; s__Ruminococcus_callidus
1355b9f57b9acc1a4acca13b48cce94d	d__Bacteria; p__Firmicutes; c__Clostridia; o__Lachnospirales; f__Lachnospiraceae; g__Roseburia
a2769171d4bc7155d5423a561e620cdf	d__Bacteria; p__Firmicutes; c__Clostridia; o__Lachnospirales; f__Lachnospiraceae
eacd2558f0944a6c794891fd588dd4c7	d__Bacteria; p__Firmicutes; c__Clostridia; o__Lachnospirales; f__Lachnospiraceae; g__Anaerostipes
d991de0e19c38202ea6078c79fc9facb	d__Bacteria; p__Firmicutes; c__Clostridia; o__Lachnospirales; f__Defluviitaleaceae; g__Defluviitaleaceae_UCG-011; s__uncultured_bacterium
868d880f77f62726556e18a07b93b503	d__Bacteria; p__Desulfobacterota; c__Desulfovibrionia; o__Desulfovibrionales; f__Desulfovibrionaceae; g__Desulfovibrio; s__metagenome
5d8ceccfe3648a6c1b3b09f1aa8e7b34	d__Bacteria; p__Desulfobacterota; c__Desulfovibrionia; o__Desulfovibrionales; f__Desulfovibrionaceae; g__Desulfovibrio; s__metagenome
92f9ec27969a2811f7910fdf9b6a86aa	d__Bacteria; p__Desulfobacterota; c__Desulfovibrionia; o__Desulfovibrionales; f__Desulfovibrionaceae; g__Desulfovibrio; s__bacterium
e3b42ddea25fc347b7332e44f3a2257b	d__Bacteria; p__Desulfobacterota; c__Desulfovibrionia; o__Desulfovibrionales; f__Desulfovibrionaceae; g__Bilophila
041cda8fa83d655c8436ebcdd7602948	d__Bacteria; p__Firmicutes; c__Clostridia; o__Oscillospirales; f__Butyricicoccaceae; g__Butyricicoccus
ee04a471868527787afe11d11f08d8f7	d__Bacteria; p__Firmicutes; c__Clostridia; o__Oscillospirales; f__Butyricicoccaceae; g__Butyricicoccus
10419abafd2346d599813466eb04e888	d__Bacteria; p__Firmicutes; c__Clostridia
969e283e1a70c445ab98c78ed9324176	d__Bacteria; p__Firmicutes; c__Clostridia; o__Oscillospirales; f__Butyricicoccaceae; g__Butyricicoccus
41e99b978b942c74cb16d286282aa0f1	d__Bacteria; p__Firmicutes; c__Clostridia; o__Monoglobales; f__Monoglobaceae; g__Monoglobus
ba1af885d862d8cd08f7a3267363c2ab	d__Bacteria; p__Proteobacteria; c__Gammaproteobacteria; o__Pasteurellales; f__Pasteurellaceae; g__Haemophilus
20f0d402c78320b7ba77a6e8ad1cb92d	d__Bacteria; p__Proteobacteria; c__Gammaproteobacteria; o__Pasteurellales; f__Pasteurellaceae
16d6e1e0ac70db5aaf610f308dc2d32a	d__Bacteria; p__Firmicutes; c__Clostridia; o__Lachnospirales; f__Lachnospiraceae; g__Butyrivibrio; s__Butyrivibrio_crossotus
992674d10cdf4da6d538d18810c58863	d__Bacteria; p__Firmicutes; c__Clostridia; o__Lachnospirales; f__Lachnospiraceae; g__Hungatella
4ccded99a7df9786b16e7c58d2409d46	d__Bacteria; p__Proteobacteria; c__Gammaproteobacteria; o__Oceanospirillales; f__Halomonadaceae; g__Halomonas
d8fadc93457b18fd210cdcb1d5f2686c	d__Bacteria; p__Firmicutes; c__Clostridia; o__Oscillospirales; f__Oscillospiraceae; g__Oscillospira
dbac53652df76e7935da3ac28620d1e3	d__Bacteria; p__Firmicutes; c__Clostridia; o__Oscillospirales; f__Oscillospiraceae; g__Oscillibacter
a19f5d627dedfe4f57d1becfc2b4f66a	d__Bacteria; p__Firmicutes; c__Clostridia; o__Christensenellales; f__Christensenellaceae; g__Christensenellaceae_R-7_group
c3072feecb05cefeb63dcc8440c56402	d__Bacteria; p__Firmicutes; c__Clostridia; o__Clostridia_vadinBB60_group; f__Clostridia_vadinBB60_group; g__Clostridia_vadinBB60_group; s__gut_metagenome
ebdd8f855539e09f7cacbbcf5d5ccdf6	d__Bacteria; p__Firmicutes; c__Clostridia; o__Oscillospirales; f__Oscillospiraceae; g__Intestinimonas
08ab75f10060bd0357134092292c9443	d__Bacteria; p__Firmicutes; c__Clostridia; o__Oscillospirales; f__Oscillospiraceae; g__NK4A214_group
96a91b53defe538ac8dbba45571d9a10	d__Bacteria; p__Firmicutes; c__Clostridia; o__Oscillospirales; f__Oscillospiraceae; g__NK4A214_group
ced001338d8b31590afe5c03d9a38095	d__Bacteria; p__Firmicutes; c__Clostridia; o__Oscillospirales; f__Oscillospiraceae; g__NK4A214_group; s__gut_metagenome
70744bbb610f773bcfc8ea727ff849c1	d__Bacteria; p__Firmicutes; c__Clostridia; o__Oscillospirales; f__Oscillospiraceae; g__NK4A214_group
067bde8ed61706c7f78bf2df93220308	d__Bacteria; p__Firmicutes; c__Clostridia; o__Oscillospirales; f__Oscillospiraceae; g__NK4A214_group
e0b25d9b2b09cfd0073ca356b278929c	d__Bacteria; p__Firmicutes; c__Clostridia; o__Oscillospirales; f__UCG-010; g__UCG-010; s__unidentified
195fff8718e16209c7158dda5a49bf3a	d__Bacteria; p__Firmicutes; c__Clostridia; o__Christensenellales; f__Christensenellaceae; g__Christensenellaceae_R-7_group
0d4946b34be7dec670f616299b676080	d__Bacteria; p__Firmicutes; c__Clostridia; o__Christensenellales; f__Christensenellaceae; g__Christensenellaceae_R-7_group; s__uncultured_prokaryote
7c0b3bedfbdabcf7754c8b99a72addd0	d__Bacteria; p__Firmicutes; c__Clostridia; o__Christensenellales; f__Christensenellaceae; g__Christensenellaceae_R-7_group; s__uncultured_prokaryote
7857fbb1c59cf9050d9ebe70636f1cec	d__Bacteria; p__Firmicutes; c__Clostridia; o__Christensenellales; f__Christensenellaceae; g__Christensenellaceae_R-7_group
70468322ac2b0c1d17d5b05e217d55bd	d__Bacteria; p__Firmicutes; c__Clostridia; o__Christensenellales; f__Christensenellaceae; g__Christensenellaceae_R-7_group
281fa62bcbe603f5e883f3390542d9d5	d__Bacteria; p__Firmicutes; c__Clostridia; o__Christensenellales; f__Christensenellaceae; g__Christensenellaceae_R-7_group
65bb78300e70d061d08601459e5352e0	d__Bacteria; p__Firmicutes; c__Clostridia; o__Christensenellales; f__Christensenellaceae; g__Christensenellaceae_R-7_group
63f3dad994645efa6b5a316fc25d24da	d__Bacteria; p__Firmicutes; c__Clostridia; o__Christensenellales; f__Christensenellaceae; g__Christensenellaceae_R-7_group
732ce8597f6fd22ef65f70a5c27583ec	d__Bacteria; p__Firmicutes; c__Clostridia; o__Christensenellales; f__Christensenellaceae; g__Christensenellaceae_R-7_group
44a511b1b8647646861d11f3bc92e250	d__Bacteria; p__Firmicutes; c__Clostridia; o__Christensenellales; f__Christensenellaceae; g__Christensenellaceae_R-7_group
ad6656b5e97ad28957511c89da7125ea	d__Bacteria; p__Firmicutes; c__Clostridia
91c4bacc762995d504355c5c75d8d5ed	d__Bacteria; p__Firmicutes; c__Clostridia; o__Oscillospirales; f__UCG-010; g__UCG-010
efd34a184ef8a4585f1cbe5104b7ae32	d__Bacteria; p__Firmicutes; c__Clostridia; o__Oscillospirales; f__UCG-010; g__UCG-010
7dfbf575295be2e5303331c3396d19ac	d__Bacteria; p__Firmicutes; c__Clostridia; o__Oscillospirales; f__UCG-010; g__UCG-010
5b0a470073a8003705b641f5c53961bf	d__Bacteria; p__Firmicutes; c__Clostridia; o__Oscillospirales; f__Oscillospiraceae
93775d1b845345aad6b1c790cc3d9ceb	d__Bacteria; p__Firmicutes; c__Clostridia; o__Oscillospirales; f__Oscillospiraceae; g__UCG-002
753dd135bd111ebc7d08687f649ab2d5	d__Bacteria; p__Firmicutes; c__Clostridia; o__Oscillospirales; f__Oscillospiraceae; g__Intestinimonas
6b79c9fb1a5a98f6daff64107a286a3d	d__Bacteria; p__Firmicutes; c__Clostridia; o__Oscillospirales; f__Oscillospiraceae
f4a9509b1bbcf44f870a6894ffec3a99	d__Bacteria; p__Firmicutes; c__Clostridia; o__Oscillospirales; f__Oscillospiraceae; g__UCG-002
81a168acb519fee216f6baf76fd58793	d__Bacteria; p__Firmicutes; c__Clostridia; o__Oscillospirales; f__Oscillospiraceae
7ea649737e9538f6d526153038563d5f	d__Bacteria; p__Firmicutes; c__Clostridia; o__Oscillospirales; f__Oscillospiraceae; g__UCG-003
446c0a0d93ca34338bfb95e02f7dbffe	d__Bacteria; p__Firmicutes; c__Clostridia; o__Oscillospirales; f__Oscillospiraceae; g__Colidextribacter
a407613de420985ba20ee62ae6d54c65	d__Bacteria; p__Firmicutes; c__Clostridia; o__Oscillospirales; f__Oscillospiraceae
693d9a3b2704e5d033f885b291b6f71e	d__Bacteria; p__Firmicutes; c__Clostridia; o__Oscillospirales; f__Oscillospiraceae
127962968177951b47b4f504257e596f	d__Bacteria; p__Firmicutes; c__Clostridia; o__Oscillospirales; f__Oscillospiraceae
98fa318dc3841b8dfc633314ece3dfaf	d__Bacteria; p__Firmicutes; c__Clostridia; o__Oscillospirales; f__Oscillospiraceae; g__Colidextribacter
9aca9015e6eb8665275645238edd8c5d	d__Bacteria; p__Firmicutes; c__Clostridia; o__Oscillospirales; f__Oscillospiraceae
c9b32b255a3dfd33cf86487747531a53	d__Bacteria; p__Firmicutes; c__Clostridia; o__Oscillospirales; f__Oscillospiraceae
8f78c6b0a31d0355f722d0b4d618b086	d__Bacteria; p__Firmicutes; c__Clostridia; o__Oscillospirales; f__Oscillospiraceae
e200fa2f2dfb0b95e5e7a89972314c97	d__Bacteria; p__Firmicutes; c__Clostridia; o__Oscillospirales; f__Oscillospiraceae; g__UCG-002
9c869eeac701a8725f54a0dd367d4a8b	d__Bacteria; p__Firmicutes; c__Clostridia; o__Oscillospirales; f__Oscillospiraceae; g__UCG-002
b1f53e2875b37880c392e1fa97571070	d__Bacteria; p__Firmicutes; c__Clostridia; o__Oscillospirales; f__Oscillospiraceae; g__Flavonifractor
cebcba54afdd97c19f36a6b68a1ddf97	d__Bacteria; p__Firmicutes; c__Clostridia; o__Oscillospirales; f__Oscillospiraceae
e8e40101ac914c30e1dcc50b7912b6ba	d__Bacteria; p__Firmicutes; c__Clostridia; o__Christensenellales; f__Christensenellaceae; g__Christensenellaceae_R-7_group
bcecf7d72d7b5abc2c0bbfbdd0a08c76	d__Bacteria; p__Firmicutes; c__Clostridia; o__Oscillospirales; f__Oscillospiraceae
81a46499049e9fd376fee67eb9ce5a69	d__Bacteria; p__Firmicutes; c__Clostridia; o__Oscillospirales; f__Oscillospiraceae; g__UCG-005
9a298f1d154d4965adfb9430d548c512	d__Bacteria; p__Firmicutes; c__Clostridia; o__Oscillospirales; f__Oscillospiraceae
d90d80d700b0c0025e4d72efebd322ef	d__Bacteria; p__Firmicutes; c__Clostridia; o__Oscillospirales; f__Oscillospiraceae
e44188001b3aad1f6ec1123e98683ab8	d__Bacteria; p__Firmicutes; c__Clostridia; o__Oscillospirales; f__Oscillospiraceae; g__UCG-005
2e483dcecfa151d219e993ca961531c0	d__Bacteria; p__Firmicutes; c__Clostridia; o__Oscillospirales; f__Oscillospiraceae; g__UCG-005
06b2ad3d6d3f578c02deb77d6059e52c	d__Bacteria; p__Firmicutes; c__Clostridia
c259db4f412cbca93e49cc4e396927da	d__Bacteria; p__Firmicutes; c__Clostridia
9c2fca67bded7b49324bf17c68f82da0	d__Bacteria; p__Firmicutes; c__Clostridia; o__Christensenellales; f__Christensenellaceae; g__Christensenellaceae_R-7_group
06038699edaa1111b6ac020b3d4eb477	d__Bacteria; p__Firmicutes; c__Clostridia; o__Oscillospirales; f__Oscillospiraceae; g__UCG-005; s__metagenome
f543c0c58b116c1e63ee445e4d1e1447	d__Bacteria; p__Firmicutes; c__Clostridia; o__Christensenellales; f__Christensenellaceae; g__Christensenellaceae_R-7_group
b75b065a68ee44df43edc0bd37310556	d__Bacteria; p__Firmicutes; c__Clostridia; o__Christensenellales; f__Christensenellaceae
4083772980ff1cc52ea5f66a7008734a	d__Bacteria; p__Firmicutes; c__Clostridia; o__Christensenellales; f__Christensenellaceae; g__Christensenellaceae_R-7_group; s__uncultured_marine
a24700f13d25be776bac1b352f46fbdc	d__Bacteria; p__Firmicutes; c__Clostridia; o__Oscillospirales; f__Oscillospiraceae
c23eaba61800d94244d5dc43fac75b86	d__Bacteria; p__Firmicutes; c__Clostridia
5b22f7280cdea1d9e3bcc13e795b3940	d__Bacteria; p__Firmicutes; c__Clostridia; o__Oscillospirales; f__Oscillospiraceae; g__UCG-005
d03a4baf6f4853b398453401dde10b23	d__Bacteria; p__Firmicutes; c__Clostridia; o__Christensenellales; f__Christensenellaceae; g__Christensenellaceae_R-7_group
38272a70d6205eda7d59e776afd7d6bb	d__Bacteria; p__Firmicutes; c__Clostridia
5287d45e89c547a9d12df06556e36bb0	d__Bacteria; p__Firmicutes; c__Negativicutes; o__Acidaminococcales; f__Acidaminococcaceae; g__Acidaminococcus
117282e0dee3319483b101cbfcc17d24	d__Bacteria; p__Firmicutes; c__Negativicutes; o__Veillonellales-Selenomonadales; f__Veillonellaceae; g__Veillonella
b7b787b7959691d929d352a7449cc27f	d__Bacteria; p__Firmicutes; c__Negativicutes; o__Acidaminococcales; f__Acidaminococcaceae; g__Phascolarctobacterium; s__uncultured_Firmicutes
3e66ea36b29e958bb5501aae51b1a62e	d__Bacteria; p__Firmicutes; c__Negativicutes; o__Veillonellales-Selenomonadales; f__Veillonellaceae; g__Dialister
7fc58758ee416320a93408b13c70d9fa	d__Bacteria; p__Firmicutes; c__Clostridia; o__Peptococcales; f__Peptococcaceae; g__Peptococcus; s__uncultured_organism
197a24d0691117d0384194b8b0c5420f	d__Bacteria; p__Firmicutes; c__Clostridia; o__Peptococcales; f__Peptococcaceae; g__uncultured
96d6fd532e866e350824e5b1e4ae2110	d__Bacteria; p__Actinobacteriota; c__Coriobacteriia; o__Coriobacteriales; f__Atopobiaceae; g__Atopobium
d2c14433d80f645c869ab39d0f052890	d__Bacteria; p__Actinobacteriota; c__Coriobacteriia; o__Coriobacteriales; f__Coriobacteriaceae; g__Collinsella
0717a7a90a1dafb048f86510cc847f38	d__Bacteria; p__Actinobacteriota; c__Coriobacteriia; o__Coriobacteriales; f__Coriobacteriaceae; g__Collinsella
8908025ab9edb3b08e6910fffb04779f	d__Bacteria; p__Cyanobacteria; c__Cyanobacteriia; o__Chloroplast; f__Chloroplast; g__Chloroplast
11780ff153b226ca8ed1ad6f23620338	d__Bacteria; p__Actinobacteriota; c__Coriobacteriia; o__Coriobacteriales; f__Eggerthellaceae
a413311a75bdb68f24dd45497c47d31b	d__Bacteria; p__Actinobacteriota; c__Coriobacteriia; o__Coriobacteriales; f__Eggerthellaceae; g__Adlercreutzia
3ce013efccb6e3a9375fbd94ea1083fc	d__Bacteria; p__Actinobacteriota; c__Coriobacteriia; o__Coriobacteriales; f__Eggerthellaceae; g__Enterorhabdus; s__uncultured_bacterium
b92743d1d6c9fd62cc7500c8a3b2285d	d__Bacteria; p__Actinobacteriota; c__Coriobacteriia; o__Coriobacteriales; f__Coriobacteriales_Incertae_Sedis; g__uncultured; s__uncultured_organism
7ec5b4fdabcb6c225c6c5fa237e42caf	d__Bacteria; p__Actinobacteriota; c__Coriobacteriia; o__Coriobacteriales; f__Eggerthellaceae; g__Slackia; s__Slackia_isoflavoniconvertens
cbd35dbcf85766d9ed95c858258a50e9	d__Bacteria; p__Proteobacteria; c__Gammaproteobacteria; o__Burkholderiales; f__Sutterellaceae; g__Parasutterella
23bbfdb05b56b0c0636f2d04e75a12cb	d__Bacteria; p__Proteobacteria; c__Gammaproteobacteria; o__Burkholderiales; f__Sutterellaceae; g__Sutterella
083b14c559b0e0bef1163e91964574d7	d__Bacteria; p__Proteobacteria; c__Gammaproteobacteria; o__Burkholderiales; f__Sutterellaceae; g__Sutterella
d37008e2ee776d3ccd5f7e059c52383c	d__Bacteria; p__Proteobacteria; c__Gammaproteobacteria; o__Burkholderiales; f__Sutterellaceae; g__Sutterella
14598039750b675ecda174523bee4c97	d__Bacteria; p__Firmicutes; c__Clostridia; o__Oscillospirales; f__Ruminococcaceae; g__Anaerofilum; s__metagenome
913d88e1af034327e1add1bea8feb2b3	d__Bacteria; p__Firmicutes; c__Clostridia; o__Lachnospirales; f__Lachnospiraceae
38e9dc5a573feb2111173f302e6edd48	d__Bacteria; p__Firmicutes; c__Clostridia
bc3c67450430880adc41cd3a1481300e	d__Bacteria; p__Firmicutes; c__Clostridia; o__Oscillospirales; f__[Eubacterium]_coprostanoligenes_group; g__[Eubacterium]_coprostanoligenes_group; s__uncultured_Clostridiales
d86bd85815a941a8d4dc45b5dcd60b97	d__Bacteria; p__Firmicutes; c__Clostridia; o__Oscillospirales; f__Ruminococcaceae; g__uncultured; s__human_gut
754d297135a7dd671d5f4867d5c93a3b	d__Bacteria; p__Firmicutes; c__Clostridia; o__Oscillospirales; f__Ruminococcaceae; g__uncultured; s__human_gut
4e01428370064f4f55307f9f5028d42b	d__Bacteria; p__Firmicutes; c__Clostridia; o__Oscillospirales; f__Ruminococcaceae; g__Anaerotruncus; s__Anaerotruncus_sp.
0da16df08c084ea20c87cd05514e037c	d__Bacteria; p__Firmicutes; c__Clostridia; o__Oscillospirales; f__Ruminococcaceae
bc6e097cf28a0339456da1c1e47898e6	d__Bacteria; p__Firmicutes; c__Clostridia; o__Oscillospirales; f__Ruminococcaceae; g__Anaerotruncus
57996418d6af301b8c90538b6fd4dcc5	d__Bacteria; p__Firmicutes; c__Clostridia; o__Oscillospirales; f__Ruminococcaceae
147cbcd389d5a3073cd3bc3f90bdb28c	d__Bacteria; p__Firmicutes; c__Clostridia; o__Oscillospirales; f__Ruminococcaceae; g__DTU089
83cfdaac9642f41d98bcfe8c9e1e25b2	d__Bacteria; p__Firmicutes; c__Clostridia
e590aee4a71446b55da2117a750e4dc4	d__Bacteria; p__Firmicutes; c__Clostridia; o__Oscillospirales; f__Ruminococcaceae
45058f45f56228a4ae6ed44aad5acf27	d__Bacteria; p__Firmicutes; c__Clostridia; o__Oscillospirales; f__Ruminococcaceae; g__uncultured
6deb88c8e7b9b43c37ecba55f9a61f11	d__Bacteria; p__Firmicutes; c__Clostridia; o__Oscillospirales; f__Ruminococcaceae; g__Incertae_Sedis; s__[Clostridium]_leptum
fcb06aaaa9551bad762e228abd9e3c98	d__Bacteria; p__Firmicutes; c__Clostridia; o__Oscillospirales
d015c9c68773081ec69d2354d66f9a5c	d__Bacteria; p__Firmicutes; c__Clostridia; o__Oscillospirales; f__Ruminococcaceae; g__Incertae_Sedis; s__uncultured_organism
b16d54f172b24fd1cbae38afc5034b14	d__Bacteria; p__Firmicutes; c__Clostridia; o__Oscillospirales; f__Ruminococcaceae
2287e210dc8651e3d4cb261f9ad1ca5b	d__Bacteria; p__Firmicutes; c__Clostridia; o__Oscillospirales; f__Ruminococcaceae; g__Negativibacillus; s__uncultured_organism
ea86a719433831030ac90b29e3c96b07	d__Bacteria; p__Firmicutes; c__Clostridia; o__Oscillospirales; f__Ruminococcaceae; g__uncultured; s__gut_metagenome
0e14a76c1a7871a23a05b77b5edec3df	d__Bacteria; p__Firmicutes; c__Clostridia; o__Oscillospirales; f__Ruminococcaceae
3e3440203848fd42450fbe0a2ebd45d8	d__Bacteria; p__Firmicutes; c__Clostridia; o__Oscillospirales; f__Ruminococcaceae
8ba0b27c9f02e0c02ac0b06ac4a63082	d__Bacteria; p__Firmicutes; c__Clostridia; o__Oscillospirales; f__Ruminococcaceae; g__Subdoligranulum
6726b5a5da3d3c6419aea671f27af165	d__Bacteria; p__Firmicutes; c__Clostridia; o__Oscillospirales; f__Ruminococcaceae; g__Subdoligranulum
37ae972ecb19c1da9aae19a24037dea4	d__Bacteria; p__Firmicutes; c__Clostridia; o__Oscillospirales; f__Ruminococcaceae; g__Subdoligranulum
38f0219e929d05f84c28109167dbd5bc	d__Bacteria; p__Firmicutes; c__Clostridia; o__Oscillospirales; f__Ruminococcaceae; g__Ruminococcus
6549f405ec8a70687ea6a2a4b4962445	d__Bacteria; p__Firmicutes; c__Clostridia; o__Oscillospirales; f__Ruminococcaceae; g__Subdoligranulum
91ca5dfcd03857fe8c52c759ab89e921	d__Bacteria; p__Firmicutes; c__Clostridia; o__Monoglobales; f__Monoglobaceae; g__Monoglobus
9a6b5371218f5a0f77823febdc376b0e	d__Bacteria; p__Firmicutes; c__Clostridia; o__Oscillospirales; f__Ruminococcaceae; g__CAG-352; s__uncultured_bacterium
fe225ebf20eaa0a0cf6e2ad33df6d83d	d__Bacteria; p__Firmicutes; c__Clostridia
7e1dca9876b644e66d2e123423a8fbd6	d__Bacteria; p__Firmicutes; c__Clostridia; o__Oscillospirales; f__Ruminococcaceae; g__Ruminococcus
cac2d643532a7362d40cd9ebef1193f4	d__Bacteria; p__Firmicutes; c__Clostridia; o__Oscillospirales; f__Ruminococcaceae; g__Ruminococcus
ca72e2d9bf6524a4410ff1c15599f548	d__Bacteria; p__Firmicutes; c__Clostridia; o__Oscillospirales; f__Ruminococcaceae; g__[Eubacterium]_siraeum_group; s__gut_metagenome
b28d29fa33952c39f59e84f2fb43be2f	d__Bacteria; p__Firmicutes; c__Clostridia; o__Oscillospirales; f__Ruminococcaceae; g__[Eubacterium]_siraeum_group
a6505b2c22c83ae60ba3ea8d10dbb280	d__Bacteria; p__Firmicutes; c__Clostridia; o__Oscillospirales
23447763ad0ff97957d90a6bb326e36c	d__Bacteria; p__Firmicutes; c__Clostridia; o__Oscillospirales; f__Ruminococcaceae
66a98b792a8be37cad565255d9356c46	d__Bacteria; p__Firmicutes; c__Clostridia; o__Oscillospirales; f__Ruminococcaceae; g__uncultured
c219123599a20d317ebc2b4ce8119c42	d__Bacteria; p__Firmicutes; c__Bacilli; o__RF39; f__RF39; g__RF39; s__uncultured_bacterium
4c369c291489c5266d2250f52dad6d0a	d__Bacteria; p__Firmicutes; c__Bacilli; o__RF39; f__RF39; g__RF39; s__uncultured_bacterium
b8f57145fbbbcb65e6a08a282e3de910	d__Bacteria; p__Firmicutes; c__Bacilli; o__RF39; f__RF39; g__RF39; s__uncultured_bacterium
cf02ad8b286649af20d2c977c3464d7b	d__Bacteria; p__Firmicutes; c__Clostridia; o__Clostridia_UCG-014; f__Clostridia_UCG-014; g__Clostridia_UCG-014
9967f77428700d37f430265759b1037c	d__Bacteria; p__Firmicutes; c__Clostridia; o__Clostridia_UCG-014; f__Clostridia_UCG-014; g__Clostridia_UCG-014
35130e036bddc17461b2d081e1d81744	d__Bacteria; p__Firmicutes; c__Clostridia; o__Clostridia_UCG-014; f__Clostridia_UCG-014; g__Clostridia_UCG-014
14d37ed585d80cbdf695f16d56c893e9	d__Bacteria; p__Bacteroidota; c__Bacteroidia; o__Bacteroidales; f__Prevotellaceae; g__Prevotella
ebba19c7324fbae3764fdd1737d472be	d__Bacteria; p__Firmicutes; c__Clostridia; o__Lachnospirales; f__Defluviitaleaceae; g__Defluviitaleaceae_UCG-011; s__uncultured_bacterium
d031a61e012654ecb4327ffaf81afc09	d__Bacteria; p__Desulfobacterota; c__Desulfovibrionia; o__Desulfovibrionales; f__Desulfovibrionaceae; g__Desulfovibrio; s__metagenome
e4a83d89c68f601a75ee2f34de0add11	d__Bacteria; p__Actinobacteriota; c__Coriobacteriia; o__Coriobacteriales; f__Eggerthellaceae; g__Slackia; s__Slackia_isoflavoniconvertens
3682ab39cc96959e151716a1d67244b3	d__Bacteria; p__Firmicutes; c__Bacilli; o__Erysipelotrichales; f__Erysipelotrichaceae; g__Holdemania
eec62bdedf353c58df24fceec94bb279	d__Bacteria; p__Proteobacteria; c__Gammaproteobacteria; o__Pasteurellales; f__Pasteurellaceae; g__Haemophilus
e8c184b9673e1f66821dce2ccd106430	d__Bacteria; p__Firmicutes; c__Clostridia; o__Christensenellales; f__Christensenellaceae; g__Christensenellaceae_R-7_group
80dde2595ee6d400d983d85552860099	d__Bacteria; p__Firmicutes; c__Clostridia; o__Oscillospirales; f__Oscillospiraceae; g__UCG-005
7127f223041b1cc2431bf36bcfaa38cc	d__Bacteria; p__Firmicutes; c__Clostridia; o__Christensenellales; f__Christensenellaceae; g__Christensenellaceae_R-7_group
da416ec0b19755d77edfef298fdcbf99	d__Bacteria; p__Firmicutes; c__Clostridia; o__Christensenellales; f__Christensenellaceae; g__Christensenellaceae_R-7_group
f2f52360bc80b8bcc6f3f3b96ec96674	d__Bacteria; p__Firmicutes; c__Clostridia; o__Oscillospirales; f__Oscillospiraceae; g__UCG-005
5109b6e6326a7630cbf1575098cbdf5f	d__Bacteria; p__Actinobacteriota; c__Coriobacteriia; o__Coriobacteriales; f__Eggerthellaceae; g__Slackia; s__Slackia_isoflavoniconvertens
7b4e9d5de52bf8e579725fc09d242431	d__Bacteria; p__Firmicutes; c__Clostridia
deea3bf70ae1abad988a27dc1f26c278	d__Bacteria; p__Firmicutes; c__Bacilli; o__Lactobacillales; f__Lactobacillaceae; g__Lactobacillus
4c8f359469ea04b81c9708ad98d5615c	d__Bacteria; p__Firmicutes; c__Bacilli; o__Lactobacillales; f__Streptococcaceae; g__Streptococcus
3fdb958ad60a7328e0bab672588079a6	d__Bacteria; p__Firmicutes; c__Bacilli; o__Erysipelotrichales; f__Erysipelatoclostridiaceae; g__Erysipelatoclostridium
35fa438cad3d0ac01fe0055a61033804	d__Bacteria; p__Firmicutes; c__Clostridia; o__Clostridia_UCG-014; f__Clostridia_UCG-014; g__Clostridia_UCG-014
42f3c0070807b85391eb8e895b06a5bf	d__Bacteria; p__Firmicutes; c__Clostridia; o__Oscillospirales; f__[Eubacterium]_coprostanoligenes_group; g__[Eubacterium]_coprostanoligenes_group
56fd5d230b651133c7dd45e175233db8	d__Bacteria; p__Bacteroidota; c__Bacteroidia; o__Bacteroidales; f__Bacteroidaceae; g__Bacteroides
0fe29e302219f9935d1a28e955421120	d__Bacteria; p__Firmicutes; c__Clostridia; o__Oscillospirales; f__Oscillospiraceae; g__UCG-002
d44b264ecbe315be757222dda796b853	d__Bacteria; p__Firmicutes; c__Clostridia; o__Oscillospirales; f__[Eubacterium]_coprostanoligenes_group; g__[Eubacterium]_coprostanoligenes_group
48b966683c0f78bb128387b53718e9ec	d__Bacteria; p__Firmicutes; c__Clostridia; o__Oscillospirales; f__Oscillospiraceae; g__UCG-002
8467bfff952002d66562d3c7a59285d2	d__Bacteria; p__Bacteroidota; c__Bacteroidia; o__Bacteroidales; f__Bacteroidaceae; g__Bacteroides
d7a84c574d44a03a935cce1ca39ed3c8	d__Bacteria; p__Firmicutes; c__Clostridia; o__Oscillospirales; f__Oscillospiraceae; g__UCG-002
d9a3090934a28637617a49b575c29f12	d__Bacteria; p__Firmicutes; c__Clostridia; o__Oscillospirales; f__[Eubacterium]_coprostanoligenes_group; g__[Eubacterium]_coprostanoligenes_group; s__gut_metagenome
e3488c441d596c36727260d56ce62346	d__Bacteria; p__Firmicutes; c__Clostridia; o__Oscillospirales; f__[Eubacterium]_coprostanoligenes_group; g__[Eubacterium]_coprostanoligenes_group
011d20682a5ccea3d3b559fccde8fcc5	d__Archaea; p__Euryarchaeota; c__Methanobacteria; o__Methanobacteriales; f__Methanobacteriaceae; g__Methanobrevibacter
b8db284bcc998a66b9028f150cd03dd8	d__Bacteria; p__Firmicutes; c__Clostridia
e39bfaafdbb95238aedc43bd9c8729ab	d__Bacteria; p__Proteobacteria; c__Gammaproteobacteria; o__Aeromonadales; f__Succinivibrionaceae; g__Succinivibrio; s__uncultured_bacterium
20715f717807c23c05d1261e35188828	d__Bacteria; p__Firmicutes; c__Clostridia; o__Lachnospirales; f__Lachnospiraceae; g__[Eubacterium]_ventriosum_group
1628682efd9c881ac1dd7aa56f1b04b8	d__Bacteria; p__Firmicutes; c__Clostridia; o__Lachnospirales; f__Lachnospiraceae; g__[Eubacterium]_ventriosum_group
ed596128e3e0ed7b3cbae4ab487c4367	d__Bacteria; p__Firmicutes; c__Clostridia; o__Clostridia_vadinBB60_group; f__Clostridia_vadinBB60_group; g__Clostridia_vadinBB60_group; s__uncultured_Thermoanaerobacterales
2771cff0bf474721ceacdc38f0e7b302	d__Bacteria; p__Firmicutes; c__Clostridia; o__Christensenellales; f__Christensenellaceae; g__Christensenellaceae_R-7_group; s__human_gut
8316f526ed754dc4924fef036fd10cdc	d__Bacteria; p__Firmicutes; c__Clostridia; o__Christensenellales; f__Christensenellaceae
2aba1820038fbbdc6d401d0f149d808c	d__Bacteria; p__Firmicutes; c__Bacilli; o__Lactobacillales; f__Lactobacillaceae; g__Lactobacillus
9675d9044e0c4aadfbc9987f0fd776f6	d__Bacteria; p__Firmicutes; c__Bacilli; o__Lactobacillales; f__Streptococcaceae; g__Lactococcus
f1ebdc622e2b3a83c6abeaeca47d17db	d__Bacteria; p__Firmicutes; c__Bacilli; o__Lactobacillales; f__Enterococcaceae; g__Enterococcus
0ef0db5f03ce12afdf6a16f356ca8813	d__Bacteria; p__Firmicutes; c__Bacilli; o__Lactobacillales; f__Streptococcaceae; g__Streptococcus
049e7a2025942031f25f707285c246f2	d__Bacteria; p__Firmicutes; c__Bacilli; o__Erysipelotrichales; f__Erysipelotrichaceae; g__Turicibacter
85867f807cd60e08e7496655b77b9e35	d__Bacteria; p__Firmicutes; c__Bacilli; o__Erysipelotrichales; f__Erysipelotrichaceae; g__Turicibacter
279c13df6a7fc345bd56f07c9f6f8d26	d__Bacteria; p__Firmicutes; c__Bacilli; o__Lactobacillales; f__Streptococcaceae; g__Streptococcus
ef6ca1abcf23fa5aeb6006af3b35305f	d__Bacteria; p__Firmicutes; c__Bacilli; o__Lactobacillales; f__Streptococcaceae; g__Streptococcus
2e50baca324ec0c17ba84031bf5a72aa	d__Bacteria; p__Firmicutes; c__Bacilli; o__Erysipelotrichales; f__Erysipelatoclostridiaceae; g__Erysipelatoclostridium; s__Massiliomicrobiota_sp.
f70a9f0da2140678485a643969ce9337	d__Bacteria; p__Firmicutes; c__Bacilli; o__Erysipelotrichales; f__Erysipelotrichaceae; g__Holdemania
8f5266820a2ee0fb3648b611a27ac0fa	d__Bacteria; p__Firmicutes; c__Bacilli; o__Erysipelotrichales; f__Erysipelotrichaceae; g__Holdemania
4322060818ed3b62eb6dedf0b4f0e526	d__Bacteria; p__Firmicutes; c__Bacilli; o__Erysipelotrichales; f__Erysipelotrichaceae; g__Holdemania
7b5f031c34316e699140ee206cb7bf02	d__Bacteria; p__Firmicutes; c__Bacilli; o__Erysipelotrichales; f__Erysipelatoclostridiaceae; g__Erysipelatoclostridium
49b06fbc70f511de88fe8d29607bf7ba	d__Bacteria; p__Firmicutes; c__Bacilli; o__Erysipelotrichales; f__Erysipelatoclostridiaceae; g__Erysipelotrichaceae_UCG-003
617b3355dfbb309e6b11800fdaa421a9	d__Bacteria; p__Firmicutes; c__Bacilli; o__Erysipelotrichales; f__Erysipelatoclostridiaceae; g__Coprobacillus
98985651cce8868761f3be6dfafa1e69	d__Bacteria; p__Firmicutes; c__Bacilli; o__Erysipelotrichales; f__Erysipelotrichaceae; g__Dielma
9340aadeb20f62b1b74269ce5c06e437	d__Bacteria; p__Firmicutes; c__Bacilli; o__Erysipelotrichales; f__Erysipelatoclostridiaceae; g__Erysipelatoclostridium
2b0e1ab5c3cf5097be54e784f6e56bb7	d__Bacteria; p__Firmicutes; c__Bacilli; o__Erysipelotrichales; f__Erysipelatoclostridiaceae; g__Erysipelatoclostridium; s__[Clostridium]_saccharogumia
8a9743b32c811e6d201804634e6ea943	d__Bacteria; p__Firmicutes; c__Bacilli; o__Erysipelotrichales; f__Erysipelotrichaceae; g__Dielma; s__Dielma_sp.
9158c3cdfb33441519468001c22262d0	d__Bacteria; p__Firmicutes; c__Bacilli; o__Erysipelotrichales; f__Erysipelotrichaceae; g__[Clostridium]_innocuum_group
ea7111421c81f8dfd3479726d4712ffd	d__Bacteria; p__Firmicutes; c__Bacilli; o__Erysipelotrichales; f__Erysipelotrichaceae
c16386c8abe79b0897e87af4875d6f43	d__Bacteria; p__Firmicutes; c__Bacilli; o__Erysipelotrichales; f__Erysipelotrichaceae; g__Faecalitalea; s__Absiella_dolichum
14a3cc79dddc1890044cb82a6056f4f1	d__Bacteria; p__Firmicutes; c__Bacilli; o__Erysipelotrichales; f__Erysipelotrichaceae; g__Merdibacter
7672facc3f03f69171a176c985fc1325	d__Bacteria; p__Firmicutes; c__Bacilli; o__Erysipelotrichales; f__Erysipelotrichaceae; g__Faecalitalea; s__gut_metagenome
14c771c7f2774bf0413fcbbd7db85b68	d__Bacteria; p__Firmicutes; c__Bacilli; o__Erysipelotrichales; f__Erysipelotrichaceae; g__Holdemanella
f03b98c3cb2021cbde2eb20dd591bb95	d__Bacteria; p__Verrucomicrobiota; c__Verrucomicrobiae; o__Verrucomicrobiales; f__Akkermansiaceae; g__Akkermansia; s__uncultured_bacterium
66206cd0c9d52d25191b6cd9db1345da	d__Bacteria; p__Verrucomicrobiota; c__Verrucomicrobiae; o__Verrucomicrobiales; f__Akkermansiaceae; g__Akkermansia
300fb2636342af8d9226b33851c5f75f	d__Bacteria; p__Firmicutes; c__Clostridia; o__Clostridia_UCG-014; f__Clostridia_UCG-014; g__Clostridia_UCG-014
4dc447f5620f0b7ae68eea1635fb18b7	d__Bacteria; p__Firmicutes; c__Clostridia; o__Clostridia_UCG-014; f__Clostridia_UCG-014; g__Clostridia_UCG-014
8527be28e495aff9fca8931b46a0fa03	d__Bacteria; p__Firmicutes; c__Clostridia; o__Clostridia_UCG-014; f__Clostridia_UCG-014; g__Clostridia_UCG-014
50e5eef4f5c89db9e78508cc0f4be5a1	d__Bacteria; p__Firmicutes; c__Clostridia; o__Clostridia_UCG-014; f__Clostridia_UCG-014; g__Clostridia_UCG-014
ceefd2d7a78d7925bdc03dfb050de87d	d__Bacteria; p__Firmicutes; c__Clostridia; o__Clostridia_UCG-014; f__Clostridia_UCG-014; g__Clostridia_UCG-014
7a8c9aae930ff6aaac238370be9074dc	d__Bacteria; p__Firmicutes; c__Clostridia; o__Clostridia_UCG-014; f__Clostridia_UCG-014; g__Clostridia_UCG-014
58a528ec98d1faec81be152779977f67	d__Bacteria; p__Firmicutes; c__Clostridia; o__Clostridia_UCG-014; f__Clostridia_UCG-014; g__Clostridia_UCG-014
1f10141811a848c938e39edb3b820cf7	d__Bacteria; p__Firmicutes; c__Clostridia; o__Clostridia_UCG-014; f__Clostridia_UCG-014; g__Clostridia_UCG-014
9cc195f191578f1e171483df08527f22	d__Bacteria; p__Proteobacteria; c__Alphaproteobacteria; o__Rhodospirillales; f__uncultured; g__uncultured; s__gut_metagenome
a28b2ec0ade91fa85b2a6befbb01e605	d__Bacteria; p__Proteobacteria; c__Alphaproteobacteria; o__Rhodospirillales; f__uncultured; g__uncultured; s__Azospirillum_sp.
8048a8659ce009070f2df1f34b055dc9	d__Bacteria; p__Bacteroidota; c__Bacteroidia; o__Bacteroidales; f__Prevotellaceae; g__Alloprevotella
191cfaf6e7dab9f55fea827cf4754029	d__Bacteria; p__Bacteroidota; c__Bacteroidia; o__Bacteroidales; f__Bacteroidaceae; g__Bacteroides; s__Bacteroides_plebeius
4eade4201cfd56f338ba0274d928d01d	d__Bacteria; p__Bacteroidota; c__Bacteroidia; o__Bacteroidales; f__Bacteroidaceae; g__Bacteroides; s__Bacteroides_massiliensis
b76d9326048d6869ab10c52d0e5f460e	d__Bacteria; p__Bacteroidota; c__Bacteroidia; o__Bacteroidales; f__Bacteroidaceae; g__Bacteroides
7f3cb3de74b046b4d02fdc40d2bd881a	d__Bacteria; p__Bacteroidota; c__Bacteroidia; o__Bacteroidales; f__Bacteroidaceae; g__Bacteroides
8254c81234bf962cc6db8b224dacd482	d__Bacteria; p__Bacteroidota; c__Bacteroidia; o__Bacteroidales; f__Bacteroidaceae; g__Bacteroides; s__Bacteroides_eggerthii
dfc64c087a75bbcf2dee5f830f1dd036	d__Bacteria; p__Bacteroidota; c__Bacteroidia; o__Bacteroidales; f__Bacteroidaceae; g__Bacteroides; s__Bacteroides_clarus
9be75a856c17a19276b911671db471ab	d__Bacteria; p__Bacteroidota; c__Bacteroidia; o__Bacteroidales; f__Bacteroidaceae; g__Bacteroides
1143426beb5b3cb4f1a5e3f5c0b157e7	d__Bacteria; p__Bacteroidota; c__Bacteroidia; o__Bacteroidales; f__Bacteroidaceae; g__Bacteroides
a7c80ab6189812779b1997cfc8b01fbc	d__Bacteria; p__Bacteroidota; c__Bacteroidia; o__Bacteroidales; f__Bacteroidaceae; g__Bacteroides
d26373f334b1412b2a7cb21fdc904922	d__Bacteria; p__Bacteroidota; c__Bacteroidia; o__Bacteroidales; f__Prevotellaceae; g__Prevotella
7bd272e7f43ddc9901fa7c404682c9ab	d__Bacteria; p__Bacteroidota; c__Bacteroidia; o__Bacteroidales; f__Marinifilaceae; g__Odoribacter; s__uncultured_Odoribacter
c1942291d6140b4e35a9073174c4f1b3	d__Bacteria; p__Bacteroidota; c__Bacteroidia; o__Bacteroidales; f__Rikenellaceae; g__Alistipes
87675ab4e4f8b8fe186ebec5f3f42366	d__Bacteria; p__Bacteroidota; c__Bacteroidia; o__Bacteroidales; f__Rikenellaceae; g__Alistipes
18f444ed68c3017932288dd8a13bcc48	d__Bacteria; p__Bacteroidota; c__Bacteroidia; o__Bacteroidales; f__Rikenellaceae; g__Alistipes
67b20c8ab277b76086ef11eeedc6cadf	d__Bacteria; p__Bacteroidota; c__Bacteroidia; o__Bacteroidales; f__Rikenellaceae; g__Alistipes
276b1d73f70a6bfd14451bde78df3f44	d__Bacteria; p__Bacteroidota; c__Bacteroidia; o__Bacteroidales; f__Rikenellaceae; g__Alistipes; s__Alistipes_finegoldii
3241804fc7dd7b73ed97104cf3a260c0	d__Bacteria; p__Bacteroidota; c__Bacteroidia; o__Bacteroidales; f__Rikenellaceae; g__Alistipes; s__Alistipes_indistinctus
37566b17da02843afa0712079372769e	d__Bacteria; p__Bacteroidota; c__Bacteroidia; o__Bacteroidales; f__Rikenellaceae; g__Alistipes
9e4a360545a156275b42042c556e56da	d__Bacteria; p__Bacteroidota; c__Bacteroidia; o__Bacteroidales; f__Rikenellaceae; g__Alistipes
41b3e76a2ad35dd063529f2ac775fcc0	d__Bacteria; p__Bacteroidota; c__Bacteroidia; o__Bacteroidales; f__Rikenellaceae; g__Alistipes
9b7a5a8dd96a1e324663a075eb81a88f	d__Bacteria; p__Bacteroidota; c__Bacteroidia; o__Bacteroidales; f__Bacteroidaceae; g__Bacteroides
1dd84e4e2515399dbf736ec265fbd3ac	d__Bacteria; p__Bacteroidota; c__Bacteroidia; o__Bacteroidales; f__Rikenellaceae; g__Alistipes
ffc498da7ddf911821ded8a06a4c08db	d__Bacteria; p__Bacteroidota; c__Bacteroidia; o__Bacteroidales; f__Rikenellaceae; g__Alistipes; s__Alistipes_sp.
0e1cf1b98d8f6ed3dce68085bfed88de	d__Bacteria; p__Bacteroidota; c__Bacteroidia; o__Bacteroidales; f__Tannerellaceae; g__Parabacteroides; s__Parabacteroides_merdae
0ebaa19cffcd872dc8b88f3ad9a24574	d__Bacteria; p__Bacteroidota; c__Bacteroidia; o__Bacteroidales; f__Tannerellaceae; g__Parabacteroides; s__Parabacteroides_johnsonii
15235fd84f3917585d9a2ead84f8fa5e	d__Bacteria; p__Bacteroidota; c__Bacteroidia; o__Bacteroidales; f__Tannerellaceae; g__Parabacteroides
44744af9dc11eb3f17bb2225aa2fc3bf	d__Bacteria; p__Bacteroidota; c__Bacteroidia; o__Bacteroidales; f__Tannerellaceae
28ac32500d9c2f3c446dcd54e692098c	d__Bacteria; p__Bacteroidota; c__Bacteroidia; o__Bacteroidales; f__Bacteroidaceae; g__Bacteroides
7f225e633e5ecf45557a963f2b62beac	d__Bacteria; p__Bacteroidota; c__Bacteroidia; o__Bacteroidales; f__Bacteroidaceae; g__Bacteroides; s__Bacteroides_coprophilus
6760b76ef7f85e5f1f3838733329f5ef	d__Bacteria; p__Bacteroidota; c__Bacteroidia; o__Bacteroidales; f__Bacteroidaceae; g__Bacteroides
e8343150dc5449e25e7a3252ed6445d0	d__Bacteria; p__Bacteroidota; c__Bacteroidia; o__Bacteroidales; f__Bacteroidaceae; g__Bacteroides
2b6d86c27691daee6aa314aa52e7e03d	d__Bacteria; p__Bacteroidota; c__Bacteroidia; o__Bacteroidales; f__Prevotellaceae; g__Prevotella
1240a19d8dbec977aaf853c88ac1657c	d__Bacteria; p__Bacteroidota; c__Bacteroidia; o__Bacteroidales; f__Marinifilaceae; g__Butyricimonas; s__Butyricimonas_virosa
81562faf831f939d4247883bbca0bed6	d__Bacteria; p__Bacteroidota; c__Bacteroidia; o__Bacteroidales; f__Bacteroidaceae; g__Bacteroides
7d7bff881f2cdfa4b5ad889d456ce29c	d__Bacteria; p__Bacteroidota; c__Bacteroidia; o__Bacteroidales; f__Bacteroidaceae; g__Bacteroides
c8ed23e1d436f93503b229085da4e747	d__Bacteria; p__Bacteroidota; c__Bacteroidia; o__Bacteroidales; f__Bacteroidaceae; g__Bacteroides
0572da48e4dee61b47a8da2156e51a97	d__Bacteria; p__Bacteroidota; c__Bacteroidia; o__Bacteroidales; f__uncultured; g__uncultured; s__gut_metagenome
4bae9f1925d5e816db99ab4c314b844b	d__Bacteria; p__Bacteroidota; c__Bacteroidia; o__Bacteroidales; f__Marinifilaceae; g__Butyricimonas
793745beea12a971a3c30d3d87016a2b	d__Bacteria; p__Bacteroidota; c__Bacteroidia; o__Bacteroidales; f__Marinifilaceae; g__uncultured; s__uncultured_organism
c6284d95bd16a52a7d7dd2c4eb6e2a1a	d__Bacteria; p__Bacteroidota; c__Bacteroidia; o__Bacteroidales; f__Bacteroidaceae; g__Bacteroides
b57d38068eccea9ef6ff732e8777da61	d__Bacteria; p__Bacteroidota; c__Bacteroidia; o__Bacteroidales; f__Bacteroidaceae; g__Bacteroides
2dd903712813f17313b1e57d4d6e07c9	d__Bacteria; p__Bacteroidota; c__Bacteroidia; o__Bacteroidales; f__Muribaculaceae; g__CAG-873; s__uncultured_bacterium
efe1011d2d55ee139166eb4bec3bd409	d__Bacteria; p__Bacteroidota; c__Bacteroidia; o__Bacteroidales; f__Rikenellaceae; g__Alistipes; s__Alistipes_inops
c95ddf06b09688f6abbffdd3e7b44904	d__Bacteria; p__Bacteroidota; c__Bacteroidia; o__Bacteroidales; f__Prevotellaceae; g__Paraprevotella; s__uncultured_bacterium
5910f85f1bd82c912df05e4ce502cfd8	d__Bacteria; p__Bacteroidota; c__Bacteroidia; o__Bacteroidales; f__Prevotellaceae; g__Paraprevotella
43dd76afe49bf04f0a0905427c857a6b	d__Bacteria; p__Bacteroidota; c__Bacteroidia; o__Bacteroidales; f__Barnesiellaceae; g__Coprobacter; s__Coprobacter_secundus
5992d3f833d54f2dbbdeae3a4fa00189	d__Bacteria; p__Bacteroidota; c__Bacteroidia; o__Bacteroidales; f__Tannerellaceae; g__Parabacteroides
16128ebda5c7c006512cef48dc0edcab	d__Bacteria; p__Firmicutes; c__Clostridia
d6300c2e77ad2d6d9abbff9d7823498f	d__Bacteria; p__Bacteroidota; c__Bacteroidia; o__Bacteroidales; f__Tannerellaceae; g__Parabacteroides
f3a88aea29147df8bc45873193fe9867	d__Bacteria; p__Bacteroidota; c__Bacteroidia; o__Bacteroidales; f__Barnesiellaceae; g__Barnesiella
c346615ade53e7308d85b569d229b5bd	d__Bacteria; p__Bacteroidota; c__Bacteroidia; o__Bacteroidales; f__Barnesiellaceae; g__Barnesiella
98afda914192f803b8d6c1c5c7d5f0c8	d__Bacteria; p__Patescibacteria; c__Saccharimonadia; o__Saccharimonadales; f__Saccharimonadaceae
057ced986fca3fa695d5c4b09eff8c8b	d__Bacteria; p__Firmicutes; c__Clostridia; o__Oscillospirales; f__Ruminococcaceae
1d5fec1d7c05888c570d97693ade97a5	d__Bacteria; p__Firmicutes; c__Clostridia; o__Oscillospirales; f__Ruminococcaceae; g__Incertae_Sedis
7ba045706f3a6ed4eba7cfee9fa62169	d__Bacteria; p__Firmicutes; c__Clostridia; o__Oscillospirales; f__Ruminococcaceae
5ff2384d0a7e0bffa084d5802841b5fc	d__Bacteria; p__Firmicutes; c__Clostridia; o__Oscillospirales; f__Ruminococcaceae; g__Incertae_Sedis
d646360c8fd24c9d692146d52ebfc842	d__Bacteria; p__Firmicutes; c__Clostridia; o__Oscillospirales; f__Ruminococcaceae; g__Incertae_Sedis; s__uncultured_bacterium
ee2f10f89340b4b75d3e0b9a4f7efddb	d__Bacteria; p__Firmicutes; c__Clostridia
90c0cb93ba7a5fdf4800d92bbfdd87e2	d__Bacteria; p__Firmicutes; c__Incertae_Sedis; o__DTU014; f__DTU014; g__DTU014; s__unidentified
079bda877dae160abd8aa004b938bf52	d__Bacteria; p__Firmicutes; c__Clostridia; o__Lachnospirales; f__Lachnospiraceae; g__Dorea
da6a36752e569ad87b10f280c099bd20	d__Bacteria; p__Firmicutes; c__Clostridia; o__Oscillospirales; f__Ruminococcaceae
bb0513999b8bad23b6dead0fe2fedff4	d__Bacteria; p__Firmicutes; c__Clostridia; o__Oscillospirales; f__Ruminococcaceae
91b6b3ac7c882146641e568a99919c32	d__Bacteria; p__Firmicutes; c__Clostridia; o__Lachnospirales; f__Lachnospiraceae
9f57a3332d817a50d48ba0ae1e28aec2	d__Bacteria; p__Firmicutes; c__Clostridia; o__Lachnospirales; f__Lachnospiraceae; g__[Eubacterium]_eligens_group
55d09fbfb650749b616fe60e6934b11f	d__Bacteria; p__Firmicutes; c__Clostridia; o__Lachnospirales; f__Lachnospiraceae; g__Lachnospira
dbdc76af65325607a3e03b765baaa5d2	d__Bacteria; p__Firmicutes; c__Clostridia; o__Lachnospirales; f__Lachnospiraceae; g__Lachnospiraceae_ND3007_group
3cad65b886f5191895dd2cc1c873db81	d__Bacteria; p__Firmicutes; c__Clostridia; o__Oscillospirales; f__Ruminococcaceae; g__Ruminococcus; s__Ruminococcus_bicirculans
356374d224888ac2cbe8d4eee4e9df72	d__Bacteria; p__Firmicutes; c__Clostridia; o__Lachnospirales; f__Lachnospiraceae; g__Howardella; s__uncultured_organism
4d5fdad20d7abfa1d2f468c8cae96f9c	d__Bacteria; p__Firmicutes; c__Clostridia; o__Oscillospirales; f__Ruminococcaceae; g__Ruminococcus
711098e8ab09d64490a870c0e08b3622	d__Bacteria; p__Firmicutes; c__Clostridia; o__Peptostreptococcales-Tissierellales; f__Anaerovoracaceae
4362541ba168a93af0e06c014eebd145	d__Bacteria; p__Firmicutes; c__Clostridia; o__Peptostreptococcales-Tissierellales; f__Anaerovoracaceae
0246f0cab48ae4c006ec408d6d3d6364	d__Bacteria; p__Firmicutes; c__Clostridia; o__Peptostreptococcales-Tissierellales; f__Anaerovoracaceae; g__Family_XIII_AD3011_group; s__gut_metagenome
13fe3039ba175867510d7a873c677004	d__Bacteria; p__Firmicutes; c__Clostridia; o__Peptostreptococcales-Tissierellales; f__Anaerovoracaceae; g__[Eubacterium]_nodatum_group; s__Ihubacter_massiliensis
58e3400326d1149f56f3d4d29c22c0b3	d__Bacteria; p__Firmicutes; c__Clostridia; o__Lachnospirales; f__Lachnospiraceae; g__Tyzzerella; s__Anaerotignum_lactatifermentans
29a2088b98fc30437da6bcf7fb632c66	d__Bacteria; p__Firmicutes; c__Clostridia; o__Peptostreptococcales-Tissierellales; f__Anaerovoracaceae; g__Family_XIII_UCG-001; s__uncultured_bacterium
a3474f115d589dcd80826885f6298b01	d__Bacteria; p__Firmicutes; c__Clostridia; o__Peptostreptococcales-Tissierellales; f__Peptostreptococcaceae
972bb1f98e8bf17631de4789eb5f0507	d__Bacteria; p__Firmicutes; c__Clostridia; o__Peptostreptococcales-Tissierellales; f__Peptostreptococcaceae
3e48dc6f59e0904e96075abacc619893	d__Bacteria; p__Firmicutes; c__Clostridia; o__Oscillospirales; f__[Eubacterium]_coprostanoligenes_group; g__[Eubacterium]_coprostanoligenes_group; s__human_gut
9594b377bd4cac9a627f76ad79aebe0a	d__Bacteria; p__Firmicutes; c__Clostridia; o__Lachnospirales; f__Lachnospiraceae
743f33da0ad6f2c1ef31ec791a7f1ab9	d__Bacteria; p__Firmicutes; c__Clostridia; o__Lachnospirales; f__Lachnospiraceae
33feed5c1c26980ab9371a4f7e2161f0	d__Bacteria; p__Firmicutes; c__Clostridia; o__Lachnospirales; f__Lachnospiraceae
ea1ac441a1642c50e0dcb75d5946fb0c	d__Bacteria; p__Firmicutes; c__Clostridia; o__Lachnospirales; f__Lachnospiraceae
1a2c5823b6e5ab00d54deb52cb71d52b	d__Bacteria; p__Actinobacteriota; c__Actinobacteria; o__Actinomycetales; f__Actinomycetaceae; g__Actinomyces
27b630f7af622eeb1f0118b724c17a11	d__Bacteria; p__Firmicutes; c__Clostridia; o__Lachnospirales; f__Lachnospiraceae; g__Lachnoclostridium
a47c89c96a46a749aee30d42952b9099	d__Bacteria; p__Firmicutes; c__Clostridia; o__Lachnospirales; f__Lachnospiraceae
6bc8f1ac028c527bf84bc1431b281888	d__Bacteria; p__Firmicutes; c__Clostridia; o__Lachnospirales; f__Lachnospiraceae
fa66e51f954ef88f47766fa9922e159f	d__Bacteria; p__Firmicutes; c__Clostridia; o__Lachnospirales; f__Lachnospiraceae
c5fa410deba7d2814b70452bbaec5255	d__Bacteria; p__Firmicutes; c__Clostridia; o__Oscillospirales; f__[Eubacterium]_coprostanoligenes_group; g__[Eubacterium]_coprostanoligenes_group
24161d34769cd93805eb64b12ec174b2	d__Bacteria; p__Proteobacteria; c__Gammaproteobacteria; o__Enterobacterales; f__Enterobacteriaceae
5a75fc7b694a8f12b532fc3ce1adc04c	d__Bacteria; p__Proteobacteria; c__Gammaproteobacteria; o__Enterobacterales; f__Enterobacteriaceae; g__Escherichia-Shigella
2280a6828a4ae20a36d1e5d17cdb9d56	d__Bacteria; p__Proteobacteria; c__Gammaproteobacteria; o__Enterobacterales; f__Enterobacteriaceae; g__Escherichia-Shigella
8c5cd3a1cce796aaa76ff0eb6763b3ae	d__Bacteria; p__Proteobacteria; c__Gammaproteobacteria; o__Enterobacterales; f__Enterobacteriaceae
6d700bc069f9c9213a84b1b5741ad390	d__Bacteria; p__Proteobacteria; c__Gammaproteobacteria; o__Enterobacterales; f__Enterobacteriaceae
d8353cfb12c9b19d6a0ad690486ce343	d__Bacteria; p__Proteobacteria; c__Gammaproteobacteria; o__Enterobacterales; f__Enterobacteriaceae
5db87e2e97c72989a11ac280347ece9e	d__Bacteria; p__Proteobacteria; c__Gammaproteobacteria; o__Enterobacterales; f__Enterobacteriaceae
79e162fad0f69479e9fcc36816bbb820	d__Bacteria; p__Firmicutes; c__Clostridia; o__Lachnospirales; f__Lachnospiraceae; g__Epulopiscium
6742fd2000803682944f8d4a29d4f3e7	d__Bacteria; p__Actinobacteriota; c__Actinobacteria; o__Bifidobacteriales; f__Bifidobacteriaceae; g__Bifidobacterium
577022d55341fc9659b8636f4d3b75a3	d__Bacteria; p__Firmicutes; c__Clostridia; o__Lachnospirales; f__Lachnospiraceae; g__Lachnoclostridium
26db10dbd2e141831e5247b08b9af3ac	d__Bacteria; p__Actinobacteriota; c__Actinobacteria; o__Bifidobacteriales; f__Bifidobacteriaceae; g__Bifidobacterium
3141e9e644d2b5bab0ab39d5fb67debc	d__Bacteria; p__Actinobacteriota; c__Actinobacteria; o__Bifidobacteriales; f__Bifidobacteriaceae; g__Bifidobacterium
18c1eb8d6e0b8ba05d0ba41561b7dc0d	d__Bacteria; p__Firmicutes; c__Clostridia; o__Peptostreptococcales-Tissierellales; f__Anaerovoracaceae
d67cf3ab7c3cfb9aabe841763f1b01c3	d__Bacteria; p__Firmicutes; c__Clostridia; o__Peptostreptococcales-Tissierellales; f__Anaerovoracaceae; g__Family_XIII_UCG-001; s__uncultured_bacterium
7a84f36cb7b96ae3fb18921500de93c8	d__Bacteria; p__Firmicutes; c__Clostridia
a19aad439670d0176c522d9ea0f30fe2	d__Bacteria; p__Firmicutes; c__Clostridia; o__Lachnospirales; f__Lachnospiraceae; g__Lachnospiraceae_UCG-010; s__uncultured_organism
7be44967b39e73be42292916905e58b1	d__Bacteria; p__Firmicutes; c__Clostridia; o__Lachnospirales; f__Lachnospiraceae; g__Lachnospiraceae_UCG-010; s__uncultured_bacterium
5bf2da6784eecc2446959ccbe7ad0e7a	d__Bacteria; p__Firmicutes; c__Clostridia; o__Lachnospirales; f__Lachnospiraceae; g__GCA-900066755
e3b182c9cf5d0f32cd6ad08c427b11d5	d__Bacteria; p__Firmicutes; c__Clostridia; o__Lachnospirales; f__Lachnospiraceae; g__Tyzzerella
9d24a575953a387b8a44ff4d785460a7	d__Bacteria; p__Firmicutes; c__Clostridia; o__Oscillospirales; f__[Eubacterium]_coprostanoligenes_group; g__[Eubacterium]_coprostanoligenes_group; s__uncultured_bacterium
727ab61f25b0bf03657af96dfc5e4fee	d__Bacteria; p__Firmicutes; c__Clostridia; o__Lachnospirales; f__Lachnospiraceae
1c2d2e962db245ee73b4283031e42586	d__Bacteria; p__Firmicutes; c__Clostridia; o__Lachnospirales; f__Lachnospiraceae
d642c407c73e9d4e1979541c20a2aaf9	d__Bacteria; p__Firmicutes; c__Clostridia; o__Oscillospirales; f__[Eubacterium]_coprostanoligenes_group; g__[Eubacterium]_coprostanoligenes_group
55871ff63ce6710ca17088f61be342e3	d__Bacteria; p__Firmicutes; c__Clostridia; o__Oscillospirales; f__[Eubacterium]_coprostanoligenes_group; g__[Eubacterium]_coprostanoligenes_group
c8ad172e3a72f7a3898f4fb1a0c848bc	d__Bacteria
8d37ecb5cb4e0d66f709d84fe2ae9abb	d__Bacteria; p__Firmicutes; c__Clostridia; o__Oscillospirales; f__Butyricicoccaceae; g__UCG-009
e034ca46d5a8ddbe0cf449ed3891ce66	d__Bacteria; p__Firmicutes; c__Clostridia; o__Oscillospirales; f__[Eubacterium]_coprostanoligenes_group; g__[Eubacterium]_coprostanoligenes_group
11138d05c9bf21c1fe20a0e7940c677d	d__Bacteria; p__Firmicutes; c__Clostridia; o__Lachnospirales; f__Lachnospiraceae
7eb304a80dfbfad4b8dc66fb8fb4783a	d__Bacteria; p__Firmicutes; c__Clostridia; o__Lachnospirales; f__Lachnospiraceae
ae38a374c93c0f16529ddbbe5dff7da0	d__Bacteria; p__Firmicutes; c__Clostridia; o__Lachnospirales; f__Lachnospiraceae; g__[Eubacterium]_hallii_group
e2c40cc13ce14c3336d58517b87ee07b	d__Bacteria; p__Firmicutes; c__Clostridia; o__Clostridiales; f__Clostridiaceae; g__Clostridium_sensu_stricto_3; s__iron-reducing_bacterium
691ce3d5069df6dfc8934550e12d5ccb	d__Bacteria; p__Firmicutes; c__Clostridia; o__Clostridiales; f__Clostridiaceae; g__Clostridium_sensu_stricto_1
e7edb4f1751267846372d97c6769cda7	d__Bacteria; p__Firmicutes; c__Clostridia; o__Oscillospirales; f__[Clostridium]_methylpentosum_group; g__[Clostridium]_methylpentosum_group; s__[Clostridium]_methylpentosum
b5f5f0a7e5cd3d7bf7549376d4fd7461	d__Bacteria; p__Firmicutes; c__Clostridia; o__Lachnospirales; f__Lachnospiraceae; g__Blautia
d21bda8279eadc629533007a7e3c6aee	d__Bacteria; p__Firmicutes; c__Clostridia; o__Lachnospirales; f__Lachnospiraceae; g__Blautia
de4640a9902bcc40f947fcdd53297d46	d__Bacteria; p__Firmicutes; c__Clostridia; o__Lachnospirales; f__Lachnospiraceae; g__Blautia
8578b0167a4ebb7d0cdd3ca019b5d2e1	d__Bacteria; p__Firmicutes; c__Clostridia; o__Lachnospirales; f__Lachnospiraceae; g__Coprococcus
6b12e248bb2d6f73732e34402f32fe55	d__Bacteria; p__Firmicutes; c__Clostridia; o__Lachnospirales; f__Lachnospiraceae; g__Blautia
a39b7d6b96d9e14de7e978b8ebfbc1df	d__Bacteria; p__Firmicutes; c__Clostridia; o__Lachnospirales; f__Lachnospiraceae; g__Blautia
ee7874c4db079e3065345f980681e24d	d__Bacteria; p__Firmicutes; c__Clostridia; o__Lachnospirales; f__Lachnospiraceae
d331238fab44c847e041fca3cb074738	d__Bacteria; p__Firmicutes; c__Clostridia; o__Lachnospirales; f__Lachnospiraceae
460d2c183006e58c0b0ca2ae240c6d2c	d__Bacteria; p__Firmicutes; c__Clostridia; o__Lachnospirales; f__Lachnospiraceae
db68dacccd61cd2fe8e45cc42d5f4dd3	d__Bacteria; p__Firmicutes; c__Clostridia; o__Lachnospirales; f__Lachnospiraceae
f3cd1e79c58da952057f5023adb9cc4e	d__Bacteria; p__Firmicutes; c__Clostridia; o__Lachnospirales; f__Lachnospiraceae
3382beecee57185224c23fb5d7bf643a	d__Bacteria; p__Firmicutes; c__Clostridia; o__Lachnospirales; f__Lachnospiraceae; g__Frisingicoccus
780e8e5790b4ba16b0ae07d9366b7c99	d__Bacteria; p__Firmicutes; c__Clostridia; o__Lachnospirales; f__Lachnospiraceae
b67200d9a9ae9377eb61e1add879a9b3	d__Bacteria; p__Firmicutes; c__Clostridia; o__Lachnospirales; f__Lachnospiraceae
213f6fdfbfcb1a1c8cc02defc2a693d8	d__Bacteria; p__Firmicutes; c__Clostridia; o__Lachnospirales; f__Lachnospiraceae
996bf79fc2972cab39d8b9a222890a84	d__Bacteria; p__Firmicutes; c__Clostridia; o__Lachnospirales; f__Lachnospiraceae
352a137dc82ed7f329b25704901ebf45	d__Bacteria; p__Firmicutes; c__Clostridia; o__Lachnospirales; f__Lachnospiraceae
4697c60fdbf0d8b6e32bf4b55748fdb3	d__Bacteria; p__Firmicutes; c__Clostridia; o__Lachnospirales; f__Lachnospiraceae
eddff08e069dcf9bd98870d720ec1fe3	d__Bacteria; p__Firmicutes; c__Clostridia; o__Lachnospirales; f__Lachnospiraceae
89a08f4d2b86f9f79a42648e5a25dee2	d__Bacteria; p__Firmicutes; c__Clostridia; o__Lachnospirales; f__Lachnospiraceae
6269f70e421884a23b592bd8da6b2e1c	d__Bacteria; p__Firmicutes; c__Clostridia; o__Lachnospirales; f__Lachnospiraceae
6bfb2915bf0942133d235b02be6858f9	d__Bacteria; p__Firmicutes; c__Clostridia; o__Lachnospirales; f__Lachnospiraceae
e9e9a69b260185375cf97a1da33da69d	d__Bacteria; p__Firmicutes; c__Clostridia; o__Lachnospirales; f__Lachnospiraceae
95a8cea9d83be324cf6519acae3d50b8	d__Bacteria; p__Firmicutes; c__Clostridia; o__Lachnospirales; f__Lachnospiraceae
c4a1dc054f96becfadbb403d2c80fd8a	d__Bacteria; p__Firmicutes; c__Clostridia; o__Lachnospirales; f__Lachnospiraceae
0d06fad0a8db7d5e3143db1203256ed5	d__Bacteria; p__Firmicutes; c__Clostridia; o__Lachnospirales; f__Lachnospiraceae
5cabf7757828bd0e40cda2b32f5d0e36	d__Bacteria; p__Firmicutes; c__Clostridia; o__Lachnospirales; f__Lachnospiraceae; g__Roseburia
f99792a9dee1bc614f6eb2b2185545ae	d__Bacteria; p__Firmicutes; c__Clostridia; o__Lachnospirales; f__Lachnospiraceae; g__Roseburia
54f52303c38f67e19e29aa2e79051c09	d__Bacteria; p__Firmicutes; c__Clostridia; o__Lachnospirales; f__Lachnospiraceae; g__Roseburia
4084d2413b708681fc21059d41bcc709	d__Bacteria; p__Firmicutes; c__Clostridia; o__Lachnospirales; f__Lachnospiraceae
0bfeb08a6b0ae304c5af6abc37b70c94	d__Bacteria; p__Firmicutes; c__Clostridia; o__Lachnospirales; f__Lachnospiraceae
a915c501919bf0775185f94984c6c0fe	d__Bacteria; p__Firmicutes; c__Clostridia; o__Lachnospirales; f__Lachnospiraceae
2aa0d4da3a32de728ad224532b308838	d__Bacteria; p__Firmicutes; c__Clostridia; o__Peptostreptococcales-Tissierellales; f__Peptostreptococcales-Tissierellales; g__Fenollaria
7e6cb302bb6bc8b71275c58a096725c6	d__Bacteria; p__Firmicutes; c__Clostridia; o__Lachnospirales; f__Lachnospiraceae; g__[Ruminococcus]_torques_group
9ea2fccaf1a24c2a6e352c6d9c0c0405	d__Bacteria; p__Firmicutes; c__Clostridia; o__Lachnospirales; f__Lachnospiraceae
a7fec09406fa8c26bff9543261c0e465	d__Bacteria; p__Firmicutes; c__Clostridia; o__Lachnospirales; f__Lachnospiraceae
3fee8882bd7027844a002c142fcbe029	d__Bacteria; p__Firmicutes; c__Clostridia; o__Oscillospirales; f__Ruminococcaceae
b087a23899ce83e87e3a9c143bf7404c	d__Bacteria; p__Firmicutes; c__Clostridia; o__Oscillospirales; f__[Clostridium]_methylpentosum_group; g__[Clostridium]_methylpentosum_group; s__Ruminococcus_sp.
7eba190e864afacce64acc54a8d2c02e	d__Bacteria; p__Firmicutes; c__Clostridia; o__Oscillospirales; f__[Clostridium]_methylpentosum_group; g__[Clostridium]_methylpentosum_group; s__uncultured_bacterium
004a4fa987b370d1ed37538638c43077	d__Bacteria; p__Firmicutes; c__Clostridia; o__Oscillospirales; f__Ruminococcaceae; g__Paludicola; s__uncultured_bacterium
f4e03594a38e581bfea287640e6b8567	d__Bacteria; p__Firmicutes; c__Clostridia; o__Lachnospirales; f__Lachnospiraceae; g__Anaerostipes
18290579e486b98962596a6ae2c92976	d__Bacteria; p__Firmicutes; c__Clostridia; o__Lachnospirales; f__Lachnospiraceae
0975c47d597cf4cd2948b2cff4a1ea3d	d__Bacteria; p__Firmicutes; c__Clostridia; o__Lachnospirales; f__Lachnospiraceae; g__Anaerostipes
ba3ba94e082fe2e29e5b64931fe6741d	d__Bacteria; p__Firmicutes; c__Clostridia; o__Lachnospirales; f__Lachnospiraceae
f2142e2a3160a7ea7cb5ce3315ce699c	d__Bacteria; p__Firmicutes; c__Clostridia; o__Lachnospirales; f__Lachnospiraceae
bc3a9a57ccca1d07740293c73e5055d9	d__Bacteria; p__Firmicutes; c__Clostridia; o__Lachnospirales; f__Lachnospiraceae
1aab54ad09d80b599ebc4a9a8ef9d63e	d__Bacteria; p__Firmicutes; c__Clostridia; o__Lachnospirales; f__Lachnospiraceae
a21a0e70c39660193f339a22e7423ea4	d__Bacteria; p__Firmicutes; c__Clostridia; o__Lachnospirales; f__Lachnospiraceae
61a673acf23fa21a6e2a5ed63049e228	d__Bacteria; p__Firmicutes; c__Clostridia; o__Lachnospirales; f__Lachnospiraceae
8ded644e9827999c0a7bdf78650ae163	d__Bacteria; p__Firmicutes; c__Clostridia; o__Lachnospirales; f__Lachnospiraceae
528f5357655c2fd706eb363fdbff711c	d__Bacteria; p__Firmicutes; c__Clostridia; o__Lachnospirales; f__Lachnospiraceae
d785eda475d40759c2e83fe727991e43	d__Bacteria; p__Firmicutes; c__Clostridia; o__Lachnospirales; f__Lachnospiraceae
749be2453ac62e1a66fe5f7f88d9b8b0	d__Bacteria; p__Firmicutes; c__Clostridia; o__Lachnospirales; f__Lachnospiraceae
7420d01ba08ed747962f2609bca9587c	d__Bacteria; p__Firmicutes; c__Clostridia; o__Lachnospirales; f__Lachnospiraceae; g__Coprococcus
17aed6e33577efd8cf42a05b5e62f14e	d__Bacteria; p__Firmicutes; c__Clostridia; o__Lachnospirales; f__Lachnospiraceae
27d402df20e6e476883620c563a74d19	d__Bacteria; p__Firmicutes; c__Clostridia; o__Lachnospirales; f__Lachnospiraceae
73c6cc3a50b819bf3c240e5a55f8c50a	d__Bacteria; p__Firmicutes; c__Clostridia; o__Lachnospirales; f__Lachnospiraceae
54a1678f25f71e319ef52b5fa5fd8a8b	d__Bacteria; p__Firmicutes; c__Clostridia; o__Lachnospirales; f__Lachnospiraceae
7ccf9470edb445ec9880b24f93ed04ae	d__Bacteria; p__Firmicutes; c__Clostridia; o__Lachnospirales; f__Lachnospiraceae; g__[Eubacterium]_ruminantium_group
1e373f4bab8641ebeac25ddf0726f518	d__Bacteria; p__Firmicutes; c__Clostridia; o__Lachnospirales; f__Lachnospiraceae
cf5e807e597371f9ee40223a78348dc8	d__Bacteria; p__Firmicutes; c__Clostridia; o__Lachnospirales; f__Lachnospiraceae
be66b085c4346888616640639690e871	d__Bacteria; p__Firmicutes; c__Clostridia; o__Lachnospirales; f__Lachnospiraceae
6750f9996be9f2c740a881ed3c9679e2	d__Bacteria; p__Firmicutes; c__Clostridia; o__Lachnospirales; f__Lachnospiraceae; g__Moryella; s__human_gut
7889c6f07ce292ede473ca1c171743d8	d__Bacteria; p__Firmicutes; c__Clostridia; o__Oscillospirales; f__Ruminococcaceae; g__UBA1819
0403ba3fbc39e7b6c6820bcbe6e2e419	d__Bacteria; p__Firmicutes; c__Clostridia; o__Oscillospirales; f__Ruminococcaceae; g__Faecalibacterium
2a825df314b1d33791e8dc243c597645	d__Bacteria; p__Firmicutes; c__Clostridia; o__Oscillospirales; f__Ruminococcaceae; g__Faecalibacterium
f949b80c131f2dc3b78914b52469510b	d__Bacteria; p__Firmicutes; c__Clostridia; o__Oscillospirales; f__Ruminococcaceae; g__Faecalibacterium
fbdf4331f2daad68efa9e10a81c90b31	d__Bacteria; p__Firmicutes; c__Clostridia; o__Oscillospirales; f__Ruminococcaceae; g__Faecalibacterium
bd664d9e59ddfda55c38136865261e8f	d__Bacteria; p__Firmicutes; c__Clostridia; o__Oscillospirales; f__Ruminococcaceae
1181bd106f52461712a514bb966d98cc	d__Bacteria; p__Firmicutes; c__Clostridia; o__Lachnospirales; f__Lachnospiraceae
2885fdc10e273503805722cc757207aa	d__Bacteria; p__Firmicutes; c__Clostridia; o__Lachnospirales; f__Defluviitaleaceae; g__Defluviitaleaceae_UCG-011; s__uncultured_bacterium
700f2c1913b91d1f834ddbdd36e4673d	d__Bacteria; p__Firmicutes; c__Clostridia; o__Lachnospirales; f__Defluviitaleaceae; g__Defluviitaleaceae_UCG-011; s__uncultured_bacterium
d0df7e8644088796730c5daf0ccce883	d__Bacteria; p__Firmicutes; c__Clostridia; o__Lachnospirales; f__Defluviitaleaceae; g__Defluviitaleaceae_UCG-011; s__uncultured_bacterium
d1b36504ec3be898e14b72b82eac6bcf	d__Bacteria; p__Firmicutes; c__Clostridia; o__Oscillospirales; f__Ruminococcaceae; g__Ruminococcus; s__Ruminococcus_callidus
3a78311ac2c070117f2f8a117c2699fa	d__Bacteria; p__Firmicutes; c__Clostridia; o__Oscillospirales
b5412d8e5a44852c058c3c8b90a7f65d	d__Bacteria; p__Firmicutes; c__Clostridia; o__Lachnospirales; f__Lachnospiraceae
8bac47230c413b39f03b5161a5d21bfc	d__Bacteria; p__Desulfobacterota; c__Desulfovibrionia; o__Desulfovibrionales; f__Desulfovibrionaceae; g__Desulfovibrio; s__metagenome
a0ca72aaa0a3d0287b933292ad0bf8db	d__Bacteria; p__Desulfobacterota; c__Desulfovibrionia; o__Desulfovibrionales; f__Desulfovibrionaceae; g__Desulfovibrio; s__bacterium
e4855d8d6a35dbfb640bead75f7a489a	d__Bacteria; p__Desulfobacterota; c__Desulfovibrionia; o__Desulfovibrionales; f__Desulfovibrionaceae; g__Bilophila
7486f071326f5a6104b994af42d163d0	d__Bacteria; p__Firmicutes; c__Clostridia
cb019056b8df54181f6d087e48949ba9	d__Bacteria; p__Firmicutes; c__Clostridia; o__Oscillospirales; f__Butyricicoccaceae; g__Butyricicoccus
623ec56af9181f17c6ba1a5434613ca0	d__Bacteria; p__Firmicutes; c__Clostridia; o__Oscillospirales; f__Butyricicoccaceae; g__Butyricicoccus
e4665ebd575799bc8eed8e235e3b4077	d__Bacteria; p__Firmicutes; c__Clostridia; o__Oscillospirales; f__Butyricicoccaceae; g__Butyricicoccus
f362cadfdaac2322cac1cf8f11590b09	d__Bacteria; p__Firmicutes; c__Clostridia
714023252317ef6b80ba77d30ed1ae0b	d__Bacteria; p__Firmicutes; c__Clostridia
78186583c6e876b3a4bbf99a24ed9943	d__Bacteria; p__Firmicutes; c__Clostridia; o__Monoglobales; f__Monoglobaceae; g__Monoglobus
d1abc832940d5d2b73c5570600891c09	d__Bacteria; p__Firmicutes; c__Clostridia; o__Oscillospirales; f__Butyricicoccaceae; g__Butyricicoccus
b23be698dec1a0816e233f33ffd55705	d__Bacteria; p__Firmicutes; c__Clostridia; o__Oscillospirales; f__Butyricicoccaceae; g__Butyricicoccus
fdff8cf236faa9029719ef1d8e1f586f	d__Bacteria; p__Firmicutes; c__Clostridia; o__Oscillospirales; f__Butyricicoccaceae; g__Butyricicoccus
f32b2c50f3a6ef47a5b1ef774672d040	d__Bacteria; p__Firmicutes; c__Clostridia; o__Monoglobales; f__Monoglobaceae; g__Monoglobus
8610bccae3d7f7f6f01292c944fff124	d__Bacteria; p__Firmicutes; c__Clostridia; o__Monoglobales; f__Monoglobaceae; g__Monoglobus
fde0ef7bf067de94b2ee2f7bb8cf1c89	d__Bacteria; p__Proteobacteria; c__Gammaproteobacteria; o__Pasteurellales; f__Pasteurellaceae; g__Haemophilus
57ca9e1c789c3cd609ef35be56d9c601	d__Bacteria; p__Proteobacteria; c__Gammaproteobacteria; o__Pasteurellales; f__Pasteurellaceae; g__Haemophilus
a75c0726649b9c9ffe2f7e246fe858d0	d__Bacteria; p__Firmicutes; c__Clostridia; o__Monoglobales; f__Monoglobaceae; g__Monoglobus; s__uncultured_bacterium
e26869cf987a6486bfbbaa986f8e8044	d__Bacteria; p__Firmicutes; c__Clostridia; o__Clostridia; f__Hungateiclostridiaceae
ba2ce908685d108ed6b73e1f51991b16	d__Bacteria; p__Actinobacteriota; c__Coriobacteriia; o__Coriobacteriales; f__Atopobiaceae; g__uncultured; s__uncultured_bacterium
0f037f8e995b573e1235a2ede2b27985	d__Bacteria; p__Firmicutes; c__Clostridia; o__Lachnospirales; f__Lachnospiraceae; g__Butyrivibrio
2d4e552ca642603f9800bd772407aecc	d__Bacteria; p__Firmicutes; c__Clostridia; o__Lachnospirales; f__Lachnospiraceae
08b60418ac4d4a27b964239fbe1de8a2	d__Bacteria; p__Firmicutes; c__Clostridia; o__Lachnospirales; f__Lachnospiraceae; g__Hungatella
80c39937ac723d00822aebd6845f656b	d__Bacteria; p__Firmicutes; c__Clostridia; o__Lachnospirales; f__Lachnospiraceae; g__Hungatella
444c551150146e30143c7d6a65f7d2d3	d__Bacteria; p__Firmicutes; c__Clostridia; o__Oscillospirales; f__UCG-010; g__UCG-010; s__gut_metagenome
70c14f9daed49062746f3aa1c8d75465	d__Bacteria; p__Firmicutes; c__Clostridia; o__Oscillospirales; f__Oscillospiraceae; g__Oscillibacter
38d03701607c5333f424ba96510bf7be	d__Bacteria; p__Firmicutes; c__Clostridia; o__Oscillospirales; f__Oscillospiraceae; g__Oscillibacter; s__human_gut
9c02edd23ea2f41fb253f3102cf58f1f	d__Bacteria; p__Firmicutes; c__Clostridia; o__Oscillospirales; f__Oscillospiraceae; g__Oscillibacter
f2b832da720f417f0751fa82f81f6440	d__Bacteria; p__Firmicutes; c__Clostridia; o__Christensenellales; f__Christensenellaceae; g__Christensenellaceae_R-7_group
35f80850b202127fb8711a6e77083124	d__Bacteria; p__Firmicutes; c__Clostridia; o__Clostridia_vadinBB60_group; f__Clostridia_vadinBB60_group; g__Clostridia_vadinBB60_group; s__uncultured_organism
d149a3be3fb9b1bc5381a439465240aa	d__Bacteria; p__Firmicutes; c__Clostridia; o__Oscillospirales; f__Oscillospiraceae; g__NK4A214_group
4ea34a692d9be14d2bb273f43675df06	d__Bacteria; p__Firmicutes; c__Clostridia; o__Oscillospirales; f__Oscillospiraceae; g__NK4A214_group
f3de56ec64f4094f89d3a99d32b889b9	d__Bacteria; p__Firmicutes; c__Clostridia; o__Oscillospirales; f__Oscillospiraceae; g__NK4A214_group
c548bb2d7a24c28c301d957a688d0981	d__Bacteria; p__Firmicutes; c__Clostridia; o__Oscillospirales; f__Oscillospiraceae; g__NK4A214_group
ff2dc2fa0eb1bdd9f2cf6bebe92c7c42	d__Bacteria; p__Firmicutes; c__Clostridia; o__Oscillospirales; f__Oscillospiraceae; g__NK4A214_group; s__gut_metagenome
48b13a458f288b0485ef39491567e322	d__Bacteria; p__Firmicutes; c__Clostridia; o__Oscillospirales; f__Oscillospiraceae; g__NK4A214_group
9a622436fe0d379b4d89b416a59ac5a4	d__Bacteria; p__Firmicutes; c__Clostridia; o__Oscillospirales; f__UCG-010; g__UCG-010; s__unidentified
56984a3605a7b8d87409bd806017b2de	d__Bacteria; p__Firmicutes; c__Clostridia; o__Christensenellales; f__Christensenellaceae; g__Christensenellaceae_R-7_group
1159244575ea4294a41ec2dfb4868c90	d__Bacteria; p__Firmicutes; c__Clostridia; o__Christensenellales; f__Christensenellaceae; g__Christensenellaceae_R-7_group; s__uncultured_prokaryote
6c658c439f97e47a35051312a17ab9e2	d__Bacteria; p__Firmicutes; c__Clostridia; o__Christensenellales; f__Christensenellaceae; g__Christensenellaceae_R-7_group; s__uncultured_prokaryote
0624c1b278ab4a126cea72891d083b3d	d__Bacteria; p__Firmicutes; c__Clostridia; o__Christensenellales; f__Christensenellaceae; g__Christensenellaceae_R-7_group
12429b58119742476dcc0363847b994b	d__Bacteria; p__Firmicutes; c__Clostridia; o__Christensenellales; f__Christensenellaceae; g__Christensenellaceae_R-7_group
61f07c4f7d43717fc1e192df5c5c646a	d__Bacteria; p__Firmicutes; c__Clostridia; o__Christensenellales; f__Christensenellaceae; g__Christensenellaceae_R-7_group
37f6d34806b6f447e380f90650380440	d__Bacteria; p__Firmicutes; c__Clostridia; o__Christensenellales; f__Christensenellaceae; g__Christensenellaceae_R-7_group
a0284293bf4557f9483d73eb86e0ed89	d__Bacteria; p__Firmicutes; c__Clostridia; o__Christensenellales; f__Christensenellaceae; g__Christensenellaceae_R-7_group
6ec24787b29275a2373ceb27ef6ca1b7	d__Bacteria; p__Firmicutes; c__Clostridia; o__Oscillospirales; f__UCG-010; g__UCG-010
f9f7dbce8cfb13ff80e61e9dd2ab9060	d__Bacteria; p__Firmicutes; c__Clostridia; o__Oscillospirales; f__UCG-010; g__UCG-010
caa900bc7322441d6df54bcf75a21c22	d__Bacteria; p__Firmicutes; c__Clostridia; o__Christensenellales; f__Christensenellaceae; g__Christensenellaceae_R-7_group; s__bacterium_YE57
3f4fe23c5b976880adde8b81127a068d	d__Bacteria; p__Firmicutes; c__Clostridia; o__Oscillospirales; f__Oscillospiraceae
04d7a4cc709b357095251c2b74b17492	d__Bacteria; p__Firmicutes; c__Clostridia; o__Oscillospirales; f__Oscillospiraceae; g__Intestinimonas
3e29be1bfb648d3e8dbea94d547165d2	d__Bacteria; p__Firmicutes; c__Clostridia; o__Oscillospirales; f__Oscillospiraceae
8b6381fe89fb949de9cb73b1e2b1b651	d__Bacteria; p__Firmicutes; c__Clostridia; o__Oscillospirales; f__Oscillospiraceae; g__UCG-002
51c1a11160c95336043887c6b46844d4	d__Bacteria; p__Firmicutes; c__Clostridia; o__Oscillospirales; f__Oscillospiraceae; g__Colidextribacter
0bab08ccc9504b3e6127e4afca7a7a76	d__Bacteria; p__Firmicutes; c__Clostridia; o__Oscillospirales; f__Oscillospiraceae
41a5dd720b6fcb2c546b9a76fa1d8310	d__Bacteria; p__Firmicutes; c__Clostridia; o__Oscillospirales; f__Oscillospiraceae
93a773eda10b4ee9e65f19e27dd04848	d__Bacteria; p__Firmicutes; c__Clostridia; o__Oscillospirales; f__Oscillospiraceae; g__Colidextribacter
ccadddc83f13eb554885311037df23e0	d__Bacteria; p__Firmicutes; c__Clostridia; o__Oscillospirales; f__Oscillospiraceae
ecee6bbc8ad2b5dd8a08b1ed5abf3214	d__Bacteria; p__Firmicutes; c__Clostridia; o__Oscillospirales; f__Oscillospiraceae; g__Colidextribacter
f7a54ef21325256a9f963afc988a61d2	d__Bacteria; p__Firmicutes; c__Clostridia; o__Oscillospirales; f__Oscillospiraceae
ef934d8e3384c8204ce80e2be72a1581	d__Bacteria; p__Firmicutes; c__Clostridia; o__Oscillospirales; f__Oscillospiraceae; g__Oscillibacter
c0b9804120d59f4493606066ed1877ec	d__Bacteria; p__Firmicutes; c__Clostridia; o__Oscillospirales; f__Oscillospiraceae
1f7d23bf7d452177e63759871680290d	d__Bacteria; p__Firmicutes; c__Clostridia; o__Oscillospirales; f__Oscillospiraceae
2cc4829d87714fee16411b5938e2cf16	d__Bacteria; p__Firmicutes; c__Clostridia; o__Oscillospirales; f__Oscillospiraceae
b26993335fef4510653919778d117b7c	d__Bacteria; p__Firmicutes; c__Clostridia; o__Oscillospirales; f__Oscillospiraceae
3eb93a23ab3cc5d680fb3e7784a233a3	d__Bacteria; p__Firmicutes; c__Clostridia; o__Oscillospirales; f__Oscillospiraceae; g__UCG-002
52ac7b4d6448ebd520beb8fbd7f79669	d__Bacteria; p__Firmicutes; c__Clostridia; o__Oscillospirales; f__Oscillospiraceae; g__UCG-002
13450da96214de6d4c64219234176a16	d__Bacteria; p__Firmicutes; c__Clostridia; o__Oscillospirales; f__Oscillospiraceae; g__Flavonifractor
8d866e02ac79f9befb57a5df6336f284	d__Bacteria; p__Firmicutes; c__Clostridia; o__Oscillospirales; f__Oscillospiraceae; g__UCG-002
7c20a31639a8c47db7eb7d7867777719	d__Bacteria; p__Firmicutes; c__Clostridia; o__Oscillospirales; f__UCG-010; g__UCG-010; s__unidentified
99664dd59a45e5a227321dfd28b9bac5	d__Bacteria; p__Firmicutes; c__Clostridia; o__Oscillospirales; f__Oscillospiraceae; g__Pseudoflavonifractor
04c3c7adb66df0717d6e6de19f9ca81f	d__Bacteria; p__Firmicutes; c__Clostridia; o__Oscillospirales; f__Oscillospiraceae
3a1a50b7c490ff56f80b700616f1cccb	d__Bacteria; p__Firmicutes; c__Clostridia; o__Christensenellales; f__Christensenellaceae; g__Christensenellaceae_R-7_group
a906f9d4eeafd538937c7e4b92c52e14	d__Bacteria; p__Firmicutes; c__Clostridia; o__Christensenellales; f__Christensenellaceae; g__Christensenellaceae_R-7_group
29cec75b56bd6accd58a7f7c9604b040	d__Bacteria; p__Firmicutes; c__Clostridia; o__Christensenellales; f__Christensenellaceae
2fbac3feaa9636cf4b340d68bc99fcc1	d__Bacteria; p__Firmicutes; c__Clostridia; o__Oscillospirales; f__UCG-010; g__UCG-010; s__uncultured_organism
658547fe53360a676df6149918f7110a	d__Bacteria; p__Firmicutes; c__Clostridia; o__Oscillospirales; f__Oscillospiraceae
4546acbe93724e88b915f200e64255ab	d__Bacteria; p__Firmicutes; c__Clostridia; o__Oscillospirales; f__Oscillospiraceae; g__UCG-005
ff3c9eace556ae0d608b0c5f4413ab4a	d__Bacteria; p__Firmicutes; c__Clostridia; o__Oscillospirales; f__Oscillospiraceae; g__UCG-005
035105064ace31c49d5a480a01014b48	d__Bacteria; p__Firmicutes; c__Clostridia; o__Oscillospirales; f__Oscillospiraceae
9b41a96043ecb75b3fc917666c7e3b12	d__Bacteria; p__Firmicutes; c__Clostridia; o__Oscillospirales; f__Oscillospiraceae; g__UCG-005
85ff592115e5fbbad44a447dc115025b	d__Bacteria; p__Firmicutes; c__Clostridia; o__Oscillospirales; f__Oscillospiraceae; g__UCG-005
3937f3ed6fa7f55733d025b20a776865	d__Bacteria; p__Firmicutes; c__Clostridia; o__Oscillospirales; f__Oscillospiraceae; g__UCG-005
c69b16dcfdeff4fb83a080e32f5761f2	d__Bacteria; p__Firmicutes; c__Clostridia; o__Christensenellales; f__Christensenellaceae; g__Christensenellaceae_R-7_group
cb35ec0c916557fcb9df09762ad99c79	d__Bacteria; p__Firmicutes; c__Clostridia; o__Christensenellales; f__Christensenellaceae; g__Christensenellaceae_R-7_group
4248f06560c237debf95e83fad90e89d	d__Bacteria; p__Firmicutes; c__Clostridia; o__Christensenellales; f__Christensenellaceae; g__Christensenellaceae_R-7_group
e2dfd357bf9c1b13af53cddb07af9fa9	d__Bacteria; p__Firmicutes; c__Clostridia
f61e99abd36425a95b544a95976ab8af	d__Bacteria; p__Firmicutes; c__Clostridia; o__Christensenellales; f__Christensenellaceae
7767f9de3986005c52d3104b184a1072	d__Bacteria; p__Firmicutes; c__Clostridia; o__Oscillospirales; f__Oscillospiraceae; g__UCG-005; s__metagenome
3969c79bde5f2a07b15564edd0109581	d__Bacteria; p__Firmicutes; c__Clostridia; o__Christensenellales; f__Christensenellaceae; g__Christensenellaceae_R-7_group; s__uncultured_marine
dcc3dbaa1cff5c928376925d1055ca0e	d__Bacteria; p__Firmicutes; c__Clostridia; o__Oscillospirales; f__Oscillospiraceae
a69562ef74436d17fd7b869f3660a67f	d__Bacteria; p__Firmicutes; c__Clostridia; o__Christensenellales; f__Christensenellaceae
184ea0718310050a0f2aa93d25dfb4ea	d__Bacteria; p__Firmicutes; c__Clostridia; o__Christensenellales; f__Christensenellaceae; g__Christensenellaceae_R-7_group
b0c7f9d69509c23ffc793d04437b852a	d__Bacteria; p__Firmicutes; c__Clostridia; o__Christensenellales; f__Christensenellaceae; g__Christensenellaceae_R-7_group
b1d15e7aadc33524261176604a28ee11	d__Bacteria; p__Firmicutes; c__Clostridia; o__Oscillospirales; f__Oscillospiraceae
837963fcc3287c86def95dd3d3654cbc	d__Bacteria; p__Firmicutes; c__Clostridia
1a41a740078a26b184cf8abccb8cf99c	d__Bacteria; p__Firmicutes; c__Clostridia; o__Oscillospirales; f__Ruminococcaceae
e2cfba54b91860eae9b7d062714b8a48	d__Bacteria; p__Firmicutes; c__Negativicutes; o__Veillonellales-Selenomonadales; f__Veillonellaceae; g__Megasphaera
0769e19f063a9402919237eeaa94365a	d__Bacteria; p__Firmicutes; c__Negativicutes; o__Veillonellales-Selenomonadales; f__Veillonellaceae; g__Megasphaera
679435602928a716ae887c32310e8b46	d__Bacteria; p__Firmicutes; c__Negativicutes; o__Veillonellales-Selenomonadales; f__Veillonellaceae; g__Megasphaera; s__Megasphaera_hexanoica
d735d34847a559e224b459275b775851	d__Bacteria; p__Firmicutes; c__Negativicutes; o__Veillonellales-Selenomonadales; f__Veillonellaceae; g__Megasphaera; s__Megasphaera_hexanoica
f3589e1c6e627d9bf5d6039818a333db	d__Bacteria; p__Firmicutes; c__Negativicutes; o__Acidaminococcales; f__Acidaminococcaceae; g__Phascolarctobacterium; s__Ruminococcus_sp.
52504a201609c8ada537774461595b2c	d__Bacteria; p__Firmicutes; c__Negativicutes; o__Acidaminococcales; f__Acidaminococcaceae; g__Acidaminococcus
1cf21feded247395b374a2f56851587a	d__Bacteria; p__Firmicutes; c__Negativicutes; o__Veillonellales-Selenomonadales; f__Veillonellaceae; g__Veillonella
0094caba29ca8fd99a4d97725c1cd8f0	d__Bacteria; p__Firmicutes; c__Clostridia; o__Peptococcales; f__Peptococcaceae; g__uncultured
c66761d7c2730391009338d016e65df7	d__Bacteria; p__Firmicutes; c__Negativicutes; o__Veillonellales-Selenomonadales; f__Veillonellaceae; g__Dialister
b67b3abd1de4426d07b345e53e15c566	d__Bacteria; p__Firmicutes; c__Negativicutes; o__Veillonellales-Selenomonadales; f__Veillonellaceae; g__Dialister
4e03e56547a8f7fb77dd891ca29a24a4	d__Bacteria; p__Firmicutes; c__Negativicutes; o__Veillonellales-Selenomonadales; f__Veillonellaceae; g__Dialister
06afc87dc0f90799ba2826b8f2c327f1	d__Bacteria; p__Firmicutes; c__Negativicutes; o__Acidaminococcales; f__Acidaminococcaceae; g__Phascolarctobacterium; s__uncultured_bacterium
b614255148b59a732c6a564d98c95739	d__Bacteria; p__Firmicutes; c__Clostridia; o__Peptococcales; f__Peptococcaceae; g__uncultured; s__metagenome
1c1eb0747d482253a0a44b1fc6210a22	d__Bacteria; p__Firmicutes; c__Clostridia; o__Peptococcales; f__Peptococcaceae; g__uncultured
ae757bd4390d07481ec29847dd2b93ca	d__Bacteria; p__Firmicutes; c__Clostridia; o__Peptococcales; f__Peptococcaceae; g__uncultured
016aef2ababed851e484bbd41e49dfb8	d__Bacteria; p__Firmicutes; c__Clostridia; o__Peptostreptococcales-Tissierellales; f__Anaerovoracaceae; g__[Eubacterium]_brachy_group; s__uncultured_bacterium
1937c07762e406916e4a20624bc0f6c6	d__Bacteria; p__Actinobacteriota; c__Coriobacteriia; o__Coriobacteriales; f__Atopobiaceae; g__Libanicoccus
8dc989c5caca6690d2ba167a2a223980	d__Bacteria; p__Actinobacteriota; c__Coriobacteriia; o__Coriobacteriales; f__Coriobacteriaceae; g__Collinsella
b280597836868d44469f45b1a1c3e44e	d__Bacteria; p__Actinobacteriota; c__Coriobacteriia; o__Coriobacteriales; f__Eggerthellaceae
38756ddf87eeae71a132d4150c474ba0	d__Bacteria; p__Actinobacteriota; c__Coriobacteriia; o__Coriobacteriales; f__Eggerthellaceae; g__uncultured; s__uncultured_bacterium
b66778cd98ad655663034047654b3d2e	d__Bacteria; p__Actinobacteriota; c__Coriobacteriia; o__Coriobacteriales; f__Eggerthellaceae; g__Eggerthella
bab0e17501e1ddde2952a9390fcac871	d__Bacteria; p__Actinobacteriota; c__Coriobacteriia; o__Coriobacteriales; f__uncultured; g__uncultured; s__uncultured_bacterium
2da465210cbfeb694e649902b77e4b1d	d__Bacteria; p__Actinobacteriota; c__Coriobacteriia; o__Coriobacteriales; f__Eggerthellaceae; g__Enterorhabdus; s__uncultured_bacterium
f6d201846ffd8994c7146ac8d38657bf	d__Bacteria; p__Actinobacteriota; c__Coriobacteriia; o__Coriobacteriales; f__Eggerthellaceae; g__Slackia; s__Slackia_isoflavoniconvertens
99a0ce89fc1be107f1f8e97c660802cd	d__Bacteria; p__Proteobacteria; c__Gammaproteobacteria; o__Burkholderiales; f__Sutterellaceae; g__Parasutterella
6337bae9ecebdef4ba5014ef0088ac55	d__Bacteria; p__Proteobacteria; c__Gammaproteobacteria; o__Burkholderiales; f__Sutterellaceae; g__Parasutterella
9cba3cb604de2422d23a0e50e74facd3	d__Bacteria; p__Proteobacteria; c__Gammaproteobacteria; o__Burkholderiales; f__Sutterellaceae; g__Sutterella
87c9c8cbcdddc98413e2f827e113e314	d__Bacteria; p__Proteobacteria; c__Gammaproteobacteria; o__Burkholderiales; f__Oxalobacteraceae
98b20308abe58e310e35d448cc75d2ac	d__Bacteria; p__Proteobacteria; c__Gammaproteobacteria; o__Burkholderiales; f__Sutterellaceae; g__Sutterella
d436e94603b0016c00e579a225494355	d__Bacteria; p__Proteobacteria; c__Gammaproteobacteria; o__Burkholderiales; f__Sutterellaceae; g__Sutterella
3325f9e2763d6da8656748bb0f093df4	d__Bacteria; p__Firmicutes; c__Clostridia; o__Oscillospirales; f__[Eubacterium]_coprostanoligenes_group; g__[Eubacterium]_coprostanoligenes_group
c65a15d252141e1101596d26ae253997	d__Bacteria; p__Firmicutes; c__Clostridia; o__Oscillospirales; f__Ruminococcaceae; g__Anaerofilum
c70ef9f12470b0ba142e24b33c7a82e2	d__Bacteria; p__Firmicutes; c__Clostridia; o__Oscillospirales; f__Ruminococcaceae
67ef583944ff176a82f012f845decffe	d__Bacteria; p__Firmicutes; c__Clostridia; o__Oscillospirales; f__Ruminococcaceae; g__Anaerotruncus; s__Anaerotruncus_sp.
cb958377d69abf085693b22bbf823723	d__Bacteria; p__Firmicutes; c__Clostridia; o__Oscillospirales; f__Ruminococcaceae; g__Phocea; s__Anaerotruncus_sp.
2438ab2b88bb141167e6d3f4c02d2f8f	d__Bacteria; p__Firmicutes; c__Clostridia
7d03264cf431c5aaed74ac782d4287d1	d__Bacteria; p__Firmicutes; c__Clostridia; o__Oscillospirales; f__Ruminococcaceae
ed49375ebb9292a72406d354800c12ea	d__Bacteria; p__Firmicutes; c__Clostridia; o__Oscillospirales; f__[Eubacterium]_coprostanoligenes_group; g__[Eubacterium]_coprostanoligenes_group; s__uncultured_Clostridiales
830a57ed6973e632fbe2264b4bff81ea	d__Bacteria; p__Firmicutes; c__Clostridia; o__Oscillospirales; f__[Eubacterium]_coprostanoligenes_group; g__[Eubacterium]_coprostanoligenes_group; s__uncultured_Clostridiales
e28753b6dd4f88257b2423c7f755d625	d__Bacteria; p__Firmicutes; c__Clostridia; o__Oscillospirales; f__Ruminococcaceae; g__uncultured; s__human_gut
7a64f2aa4d269c71ff80d0c19919eb99	d__Bacteria; p__Firmicutes; c__Clostridia; o__Oscillospirales; f__Ruminococcaceae; g__Anaerotruncus; s__Anaerotruncus_sp.
8e76ce4231616f0a6e8b4803f6894a77	d__Bacteria; p__Firmicutes; c__Clostridia; o__Oscillospirales; f__Ruminococcaceae
39ad9054d5277a6742b7e1ad2c1c25bb	d__Bacteria; p__Firmicutes; c__Clostridia; o__Oscillospirales; f__Ruminococcaceae; g__Anaerotruncus
192c9c01327b0807ccaa2b2e0d3d05fb	d__Bacteria; p__Firmicutes; c__Clostridia; o__Oscillospirales; f__Ruminococcaceae; g__DTU089
9d0ac09d5cbbb875f515abc615d9b781	d__Bacteria; p__Firmicutes; c__Clostridia; o__Oscillospirales; f__Ruminococcaceae
9457d64892170cac79835d099d83cf85	d__Bacteria; p__Firmicutes; c__Clostridia; o__Oscillospirales; f__[Eubacterium]_coprostanoligenes_group; g__[Eubacterium]_coprostanoligenes_group; s__Eubacteriaceae_bacterium
898924cc848a140a80c55947dd11899b	d__Bacteria; p__Firmicutes; c__Clostridia; o__Oscillospirales; f__Ruminococcaceae; g__Incertae_Sedis
1975850d4cbf691b4b01b82a0a6cfada	d__Bacteria; p__Firmicutes; c__Clostridia; o__Oscillospirales; f__Ruminococcaceae; g__Incertae_Sedis
55ac0e9ae318f2c863b9582da5ebfce0	d__Bacteria; p__Firmicutes; c__Clostridia; o__Oscillospirales; f__Ruminococcaceae; g__Incertae_Sedis
70ed37b906904a2cb11748cb7f64300b	d__Bacteria; p__Firmicutes; c__Clostridia; o__Oscillospirales; f__Ruminococcaceae; g__Incertae_Sedis; s__[Clostridium]_leptum
3f19d26c30ff88ccbf26d7babe5068a7	d__Bacteria; p__Firmicutes; c__Clostridia; o__Oscillospirales; f__Ruminococcaceae
4046c031294ceceea69de5ab4698bbb6	d__Bacteria; p__Firmicutes; c__Clostridia; o__Oscillospirales; f__Ruminococcaceae; g__Incertae_Sedis; s__uncultured_organism
a9832354716faa04d564d178f40df1ba	d__Bacteria; p__Firmicutes; c__Clostridia; o__Oscillospirales; f__Ruminococcaceae; g__uncultured
3a02c7dd18e12a3fd755bc93ade2d8c6	d__Bacteria; p__Firmicutes; c__Clostridia; o__Oscillospirales; f__Ruminococcaceae
b0848e7564b3a7c5123613ff6bf85536	d__Bacteria; p__Firmicutes; c__Clostridia; o__Oscillospirales; f__Ruminococcaceae; g__Negativibacillus; s__uncultured_organism
e72fc303c7642584c7c055dd60a28b90	d__Bacteria; p__Firmicutes; c__Clostridia; o__Oscillospirales; f__Ruminococcaceae; g__uncultured; s__gut_metagenome
c9cd0fd9ea341e6de11258285f8f79bb	d__Bacteria; p__Firmicutes; c__Clostridia; o__Lachnospirales; f__Lachnospiraceae
a5afbbb6ba6d842f2869b69a500a380e	d__Bacteria; p__Firmicutes; c__Clostridia; o__Lachnospirales; f__Lachnospiraceae
3143d35aa7183b65df290abd13765eb7	d__Bacteria; p__Firmicutes; c__Clostridia; o__Lachnospirales; f__Lachnospiraceae
542c1c6a93a6a5ba3bcca3af7fecc9fa	d__Bacteria; p__Firmicutes; c__Clostridia; o__Lachnospirales; f__Lachnospiraceae
eb2a14d969ea8bcaa0fedba9b50da2a9	d__Bacteria; p__Firmicutes; c__Clostridia; o__Lachnospirales; f__Lachnospiraceae
3b2d1f83fe010018275bab9f401f3430	d__Bacteria; p__Firmicutes; c__Clostridia; o__Oscillospirales; f__Ruminococcaceae; g__Subdoligranulum
b499dd849bbbf154ad755732aead40a6	d__Bacteria; p__Firmicutes; c__Clostridia; o__Oscillospirales; f__Ruminococcaceae; g__Ruminococcus
b8d8a9fc1de4e3bd5520f05453b6882c	d__Bacteria; p__Firmicutes; c__Clostridia; o__Oscillospirales; f__Ruminococcaceae; g__Ruminococcus
bb929f945c6e0591d812b219d9ec97bc	d__Bacteria; p__Firmicutes; c__Clostridia; o__Oscillospirales; f__Ruminococcaceae
4965f121c4dd7bad8d400e06dd41c43e	d__Bacteria; p__Firmicutes; c__Clostridia; o__Oscillospirales; f__Ruminococcaceae; g__CAG-352; s__uncultured_bacterium
ad6214c55df993fa64ff9ddc4c7fc118	d__Bacteria; p__Firmicutes; c__Clostridia
0534172dd2b106b1b4b17e8eba5c9353	d__Bacteria; p__Firmicutes; c__Clostridia; o__Oscillospirales; f__Ruminococcaceae
7a2bd688499c7eb974a814f52dca2b35	d__Bacteria; p__Firmicutes; c__Clostridia; o__Oscillospirales; f__Ruminococcaceae; g__Ruminococcus
28f4eba3d99d40b4fc9963599fd1a79d	d__Bacteria; p__Firmicutes; c__Clostridia; o__Monoglobales; f__Monoglobaceae; g__Monoglobus
96bb7162a089e2f64851dff5a47ec2a7	d__Bacteria; p__Firmicutes; c__Clostridia; o__Oscillospirales; f__Ruminococcaceae; g__[Eubacterium]_siraeum_group
e9975b3cf5dbc23e65417daa7da45328	d__Bacteria; p__Firmicutes; c__Clostridia; o__Oscillospirales; f__Ruminococcaceae; g__[Eubacterium]_siraeum_group
fea283cf2464e6dd540d5a041f69579f	d__Bacteria; p__Firmicutes; c__Clostridia; o__Oscillospirales; f__Ruminococcaceae
fa1e02ea395694e01a496c35e3cb4767	d__Bacteria; p__Firmicutes; c__Clostridia; o__Oscillospirales; f__Ruminococcaceae
aead02cc076be3e543dc01ced19ecc1a	d__Bacteria; p__Firmicutes; c__Clostridia; o__Oscillospirales; f__[Clostridium]_methylpentosum_group; g__[Clostridium]_methylpentosum_group; s__uncultured_organism
a0c97ff88262bfad60b662fac5a6f276	d__Bacteria; p__Bacteroidota; c__Bacteroidia; o__Bacteroidales; f__Marinifilaceae; g__Odoribacter; s__uncultured_Odoribacter
2d260fcc2f0c05e960268ed38613c021	d__Bacteria; p__Actinobacteriota; c__Actinobacteria; o__Bifidobacteriales; f__Bifidobacteriaceae; g__Bifidobacterium
f4691df250934a1a790e409c61abfa7d	d__Bacteria; p__Firmicutes; c__Clostridia; o__Lachnospirales; f__Lachnospiraceae; g__Moryella; s__human_gut
a7a59e62aabfe88d1c35b75314cbb40a	d__Bacteria; p__Firmicutes; c__Clostridia; o__Christensenellales; f__Christensenellaceae; g__Christensenellaceae_R-7_group
2634d2f03964b2a9140519df40e8ea6c	d__Bacteria; p__Firmicutes; c__Clostridia; o__Oscillospirales; f__Oscillospiraceae
2877c8a1abb4351e53dd2385dfa0eb08	d__Bacteria; p__Firmicutes; c__Clostridia; o__Oscillospirales; f__Oscillospiraceae
e7fcfe162467291964122710dea31e05	d__Bacteria; p__Firmicutes; c__Clostridia; o__Oscillospirales; f__Oscillospiraceae
0f4158d582f7fdda8ce88f3e2086364b	d__Bacteria; p__Firmicutes; c__Negativicutes; o__Veillonellales-Selenomonadales; f__Veillonellaceae; g__Megasphaera; s__uncultured_organism
14fad06860bb92b669afdfaaacdbf919	d__Bacteria; p__Firmicutes; c__Clostridia; o__Oscillospirales; f__Ruminococcaceae; g__uncultured; s__human_gut
27c5ebe06cc678cb4561b776dbd52fcc	d__Bacteria; p__Firmicutes; c__Clostridia; o__Oscillospirales; f__Ruminococcaceae; g__Negativibacillus
ecacb2574192842bd19ed53a529deef1	d__Bacteria; p__Bacteroidota; c__Bacteroidia; o__Bacteroidales
eb14fc8fe349457726444b9fbb970c93	d__Bacteria; p__Bacteroidota; c__Bacteroidia; o__Bacteroidales; f__Marinifilaceae; g__Butyricimonas
aeaac4426bf07318936b54ef748caf77	d__Bacteria; p__Bacteroidota; c__Bacteroidia; o__Bacteroidales; f__Barnesiellaceae; g__Barnesiella
52e134b1160c4991b4b8cd1650e4ad6a	d__Bacteria; p__Firmicutes; c__Clostridia; o__Oscillospirales
9e4957429d1efe05bf9c5e4e416f75dc	d__Bacteria; p__Firmicutes; c__Clostridia
a5840af9a06c7880cc4152bf674fc38f	d__Bacteria; p__Firmicutes; c__Clostridia; o__Lachnospirales; f__Lachnospiraceae; g__[Bacteroides]_pectinophilus_group; s__uncultured_bacterium
a0b09e4d92f43b6f7f86d397b04f576f	d__Bacteria; p__Firmicutes; c__Clostridia; o__Peptostreptococcales-Tissierellales; f__Peptostreptococcales-Tissierellales; g__Ezakiella
f871381c559cbe97f375aac5d75b2dc7	d__Bacteria; p__Firmicutes; c__Clostridia; o__Peptostreptococcales-Tissierellales; f__Peptostreptococcaceae; g__Intestinibacter
8a5511bb6cbf06878457b51e9f3c5bee	d__Bacteria; p__Actinobacteriota; c__Actinobacteria; o__Bifidobacteriales; f__Bifidobacteriaceae; g__Bifidobacterium
71e832165088a045cd2705fc915b0c0f	d__Bacteria; p__Firmicutes; c__Clostridia; o__Clostridiales; f__Clostridiaceae; g__Candidatus_Arthromitus; s__uncultured_bacterium
531de1bc3165b488421b4bbc25be0645	d__Bacteria; p__Firmicutes; c__Clostridia; o__Lachnospirales; f__Defluviitaleaceae; g__Defluviitaleaceae_UCG-011; s__uncultured_bacterium
20cd8692859207fa830d67c749f0f54f	d__Bacteria; p__Desulfobacterota; c__Desulfovibrionia; o__Desulfovibrionales; f__Desulfovibrionaceae; g__Desulfovibrio; s__metagenome
71d8298fa635b54ae72be6a2233d019f	d__Bacteria; p__Firmicutes; c__Clostridia
af4afe526bde66ad16c7d811513e99bf	d__Bacteria; p__Proteobacteria; c__Gammaproteobacteria; o__Pseudomonadales; f__Pseudomonadaceae; g__Pseudomonas
5fce207c8d0539e5512146701cd288d4	d__Bacteria; p__Firmicutes; c__Clostridia; o__Oscillospirales; f__Oscillospiraceae; g__Oscillibacter
c08f0d27ff2e203540fcecb20697872d	d__Bacteria; p__Firmicutes; c__Clostridia; o__Clostridia_vadinBB60_group; f__Clostridia_vadinBB60_group; g__Clostridia_vadinBB60_group
dbaf2111a5cc60c88867553948a7d378	d__Bacteria; p__Firmicutes; c__Clostridia; o__Clostridia_vadinBB60_group; f__Clostridia_vadinBB60_group; g__Clostridia_vadinBB60_group
d14d81d513298e5d38057b89a8f27453	d__Bacteria; p__Firmicutes; c__Clostridia; o__Oscillospirales; f__Oscillospiraceae
a396f3679c75fde223f6fdc21eb1dd1c	d__Bacteria; p__Firmicutes; c__Clostridia; o__Christensenellales; f__Christensenellaceae; g__Christensenellaceae_R-7_group
f865d8160318f53386906b459c7ac0d2	d__Bacteria; p__Firmicutes; c__Clostridia
d3de20490c56c9dfba2c5a0664b7f056	d__Bacteria; p__Firmicutes; c__Negativicutes; o__Veillonellales-Selenomonadales; f__Veillonellaceae; g__Allisonella; s__uncultured_bacterium
a962fbd14e794efb7695d225486e850b	d__Bacteria; p__Firmicutes; c__Negativicutes; o__Acidaminococcales; f__Acidaminococcaceae; g__Succiniclasticum
ba79081626e5126ce6d625209690e957	d__Bacteria; p__Firmicutes; c__Clostridia; o__Peptostreptococcales-Tissierellales; f__Anaerovoracaceae; g__[Eubacterium]_brachy_group; s__uncultured_bacterium
3786505946292d0ecdb4aa9a4f59c6f0	d__Bacteria; p__Actinobacteriota; c__Coriobacteriia; o__Coriobacteriales; f__Atopobiaceae; g__Atopobium
563b6ed3d147cd52d3dacd8b8e3deaaa	d__Bacteria; p__Firmicutes; c__Clostridia; o__Christensenellales; f__Christensenellaceae; g__Christensenellaceae_R-7_group
1dacd9dff9bb88c0c8e218119992b739	d__Bacteria; p__Actinobacteriota; c__Coriobacteriia; o__Coriobacteriales; f__Eggerthellaceae; g__Senegalimassilia; s__uncultured_bacterium
2b3d34f4080c7f5a61afd92305c803e5	d__Bacteria; p__Actinobacteriota; c__Coriobacteriia; o__Coriobacteriales; f__Eggerthellaceae; g__Slackia; s__Slackia_isoflavoniconvertens
abae679daf49891606118fba6828a52d	d__Bacteria; p__Firmicutes; c__Clostridia; o__Oscillospirales; f__Ruminococcaceae; g__Anaerotruncus; s__Anaerotruncus_sp.
ea1ec59d555b6dc756ac6a8dae8f91c8	d__Bacteria; p__Firmicutes; c__Clostridia; o__Oscillospirales; f__Ruminococcaceae
cc672516c2ad4e043b83f4dfd0919b58	d__Bacteria; p__Firmicutes; c__Clostridia; o__Monoglobales; f__Monoglobaceae; g__Monoglobus
9c4e048b54264854b5a8489765cad0fc	d__Bacteria; p__Firmicutes; c__Clostridia; o__Oscillospirales; f__Ruminococcaceae
c4b616de570a3bf0f2c7000b7c95b23e	d__Bacteria; p__Firmicutes; c__Bacilli; o__RF39; f__RF39; g__RF39
b020955957ed2a5be79a79a33e662dba	d__Bacteria; p__Firmicutes; c__Bacilli; o__RF39; f__RF39; g__RF39; s__gut_metagenome
e08a0c7eeecd9bad06616dd3fdbd3571	d__Bacteria; p__Firmicutes; c__Bacilli; o__RF39; f__RF39; g__RF39
1c0a408166559f5197017c8d5e75b371	d__Bacteria; p__Firmicutes; c__Bacilli; o__RF39; f__RF39; g__RF39
f44704c88863e6eb4545d64a8a5ea485	d__Bacteria; p__Bacteroidota; c__Bacteroidia; o__Bacteroidales; f__Bacteroidaceae; g__Bacteroides
a23a1d8d241d2234659119cde323910f	d__Bacteria; p__Bacteroidota; c__Bacteroidia; o__Bacteroidales; f__Bacteroidaceae; g__Bacteroides
7006e512ca3befe50ce4bbb9f3054094	Unassigned
880ffad27f0689c77da1d31ea5f82246	d__Archaea; p__Euryarchaeota; c__Methanobacteria; o__Methanobacteriales; f__Methanobacteriaceae; g__Methanobrevibacter
a0e1c78fa24d6667b949df9f25f05235	d__Bacteria; p__Firmicutes; c__Clostridia
77c4d985969967b3d3fcfb58f7563e9a	d__Bacteria; p__Firmicutes; c__Clostridia; o__Clostridia_UCG-014; f__Clostridia_UCG-014; g__Clostridia_UCG-014
1fba2eae4e178eed47238512efac523f	d__Bacteria; p__Bacteroidota; c__Bacteroidia; o__Bacteroidales; f__Tannerellaceae; g__Parabacteroides
1ab28c90575c65a67a685b6359372380	d__Bacteria; p__Bacteroidota; c__Bacteroidia; o__Bacteroidales; f__Marinifilaceae; g__Butyricimonas
dd7762177292d5d156c1ba0b6aabf97b	d__Bacteria; p__Bacteroidota; c__Bacteroidia; o__Bacteroidales; f__Muribaculaceae; g__Muribaculaceae
1c4f3a30ba60e50ebb6ee40d96104628	d__Bacteria; p__Thermotogota; c__Thermotogae; o__Petrotogales; f__Petrotogaceae; g__AUTHM297
528ddebd8abe941fbbc0d12a01a732b8	d__Bacteria; p__Firmicutes; c__Clostridia; o__Oscillospirales; f__Oscillospiraceae; g__UCG-002
43bb041cd357039face20e7bea990bfa	d__Bacteria; p__Firmicutes; c__Clostridia; o__Oscillospirales; f__[Eubacterium]_coprostanoligenes_group; g__[Eubacterium]_coprostanoligenes_group
35a2e1bfb638c8eeae58491ff490a1e9	d__Bacteria; p__Firmicutes; c__Clostridia; o__Lachnospirales; f__Lachnospiraceae; g__Lachnospiraceae_UCG-010; s__uncultured_organism
877eb6116b570c4a560be2e702b46d5a	d__Bacteria; p__Firmicutes; c__Clostridia; o__Lachnospirales; f__Lachnospiraceae; g__Lachnospiraceae_NK4A136_group
2fcea73ae36d5ae7e2cb78860623a214	d__Bacteria; p__Firmicutes; c__Clostridia; o__Lachnospirales; f__Lachnospiraceae; g__[Eubacterium]_hallii_group
7d4d0ce64b9de3d9aab47001571afd23	d__Eukaryota
c1f012fd6c961f606b3a8454a77a3d53	Unassigned
c1236fcd204602ec03abf307333c4718	Unassigned
c9aa9ab042a9de086a7fea10cf8427a8	d__Bacteria; p__Firmicutes; c__Clostridia
dd64b5c548b66a201052780c669a36a9	d__Bacteria; p__Firmicutes; c__Clostridia
0d6b446d8a2d1dacea800248b43634a6	d__Bacteria; p__Firmicutes; c__Bacilli; o__Erysipelotrichales; f__Erysipelotrichaceae; g__uncultured; s__uncultured_bacterium
d1db0ac20c155b996f03071dfa689fcd	d__Bacteria; p__Firmicutes; c__Clostridia; o__Lachnospirales; f__Lachnospiraceae
f36011141f7f38d08b201bd6d40cc006	d__Bacteria; p__Firmicutes; c__Clostridia; o__Lachnospirales; f__Lachnospiraceae; g__[Eubacterium]_ventriosum_group
d897733fb51c34c1be1b3e9ff44e6fc1	d__Bacteria; p__Firmicutes; c__Clostridia; o__Christensenellales; f__Christensenellaceae; g__Christensenellaceae_R-7_group; s__human_gut
8076227f26d173459df8b24b2f3f1f1e	d__Bacteria; p__Firmicutes; c__Bacilli; o__Lactobacillales; f__Lactobacillaceae; g__Lactobacillus
e69b0024ba6efcfb6d82ac3efb33b772	d__Bacteria; p__Firmicutes; c__Bacilli; o__Lactobacillales; f__Lactobacillaceae; g__Lactobacillus
49cffda9a51ee92d346a2f7dbdda854c	d__Bacteria; p__Firmicutes; c__Bacilli; o__Lactobacillales; f__Lactobacillaceae; g__Lactobacillus
a56b54af82c06d6011e69d6b73377efe	d__Bacteria; p__Firmicutes; c__Bacilli; o__Lactobacillales; f__Lactobacillaceae; g__Lactobacillus
b647cee3df35848206a2e7632adfb1e2	d__Bacteria; p__Firmicutes; c__Bacilli; o__Lactobacillales
2584752f9bd7e49c9d60cee936995cdd	d__Bacteria; p__Firmicutes; c__Bacilli; o__Staphylococcales; f__Gemellaceae; g__Gemella
bcdcb69c630bd76aa7f05c306bd64b51	d__Bacteria; p__Firmicutes; c__Bacilli; o__Lactobacillales; f__Enterococcaceae; g__Enterococcus
ca8a516a5d556741c6b2ac75583a7a6e	d__Bacteria; p__Firmicutes; c__Bacilli; o__Erysipelotrichales; f__Erysipelotrichaceae; g__Turicibacter
a11590a9cd56a31d81be9efe586aaace	d__Bacteria; p__Firmicutes; c__Bacilli; o__Lactobacillales; f__Streptococcaceae; g__Streptococcus
d823723799ece20ad15d13efa14ab13e	d__Bacteria; p__Firmicutes; c__Bacilli; o__Lactobacillales; f__Streptococcaceae; g__Streptococcus
47574174db5a16e30f6f2506257a1a8c	d__Bacteria; p__Firmicutes; c__Bacilli; o__Lactobacillales; f__Streptococcaceae; g__Streptococcus
6fa2121833c8a8ede33fdb6c9cbf2de6	d__Bacteria; p__Firmicutes; c__Bacilli; o__Erysipelotrichales; f__Erysipelatoclostridiaceae; g__Erysipelatoclostridium; s__Massiliomicrobiota_timonensis
ca0ca5d50baf45120807ee064edf8ab7	d__Bacteria; p__Firmicutes; c__Bacilli; o__Erysipelotrichales; f__Erysipelotrichaceae; g__Holdemania
5cf6a5028b9f7f7483b14fd439d4aad4	d__Bacteria; p__Firmicutes; c__Bacilli; o__Erysipelotrichales; f__Erysipelatoclostridiaceae; g__Erysipelatoclostridium
7dda5a982ef3aae74a0a31ecec659787	d__Bacteria; p__Firmicutes; c__Bacilli; o__Erysipelotrichales; f__Erysipelatoclostridiaceae; g__Erysipelotrichaceae_UCG-003
e0836ed359f0e4f07b528d73049bff32	d__Bacteria; p__Firmicutes; c__Bacilli; o__Erysipelotrichales; f__Erysipelatoclostridiaceae; g__Erysipelotrichaceae_UCG-003
0ba95f3c7cc4e8e88128845148c8f740	d__Bacteria; p__Firmicutes; c__Bacilli; o__Erysipelotrichales; f__Erysipelatoclostridiaceae; g__Coprobacillus
6579a9cdbc4c772619f41e568c0a673f	d__Bacteria; p__Firmicutes; c__Bacilli; o__Erysipelotrichales; f__Erysipelotrichaceae; g__Dielma
e3c72c03d1e9892de981e47c37b2a24f	d__Bacteria; p__Firmicutes; c__Bacilli; o__Erysipelotrichales; f__Erysipelotrichaceae; g__Solobacterium
8d2b495bf8bc314aea61c68cb649c14e	d__Bacteria; p__Firmicutes; c__Bacilli; o__Erysipelotrichales; f__Erysipelatoclostridiaceae; g__Erysipelatoclostridium
ee2f6cdb01edcc1b90645d9a48d4c726	d__Bacteria; p__Firmicutes; c__Bacilli; o__Erysipelotrichales; f__Erysipelatoclostridiaceae; g__Erysipelatoclostridium; s__Clostridiaceae_bacterium
e166509c1c1afaeadb6e858f26852986	d__Bacteria; p__Firmicutes; c__Bacilli; o__Erysipelotrichales; f__Erysipelatoclostridiaceae; g__Erysipelatoclostridium; s__[Clostridium]_saccharogumia
112ccc4be1f7a8429c2049fad13703a6	d__Bacteria; p__Firmicutes; c__Bacilli; o__Erysipelotrichales; f__Erysipelotrichaceae; g__[Clostridium]_innocuum_group
0644035d4d6b7b18d74b7699a688606b	d__Bacteria; p__Firmicutes; c__Bacilli; o__Erysipelotrichales; f__Erysipelotrichaceae; g__Holdemanella
225f35971ea24aeb54a7088b254490d8	d__Bacteria; p__Firmicutes; c__Bacilli; o__Erysipelotrichales; f__Erysipelotrichaceae
5cd9366fc0c55355dc257d574d06c532	d__Bacteria; p__Firmicutes; c__Bacilli; o__Erysipelotrichales; f__Erysipelotrichaceae; g__Holdemanella
0ca3397cc189419beaf4ae675fe6e10b	d__Bacteria; p__Firmicutes; c__Bacilli; o__Erysipelotrichales; f__Erysipelotrichaceae; g__Erysipelotrichaceae; s__Faecalitalea_sp.
52270187990b8a8ff336a436e35e04df	d__Bacteria; p__Verrucomicrobiota; c__Verrucomicrobiae; o__Verrucomicrobiales; f__Akkermansiaceae; g__Akkermansia
469ab8cd257af0549a1d0278e6481532	d__Bacteria; p__Firmicutes; c__Clostridia; o__Clostridia_UCG-014; f__Clostridia_UCG-014; g__Clostridia_UCG-014
ce4d5b0446a15ed76cff9df601eae245	d__Bacteria; p__Firmicutes; c__Clostridia; o__Clostridia_UCG-014; f__Clostridia_UCG-014; g__Clostridia_UCG-014
13795d7d028907e2ae3869d0617db9d3	d__Bacteria; p__Firmicutes; c__Clostridia; o__Clostridia_UCG-014; f__Clostridia_UCG-014; g__Clostridia_UCG-014
b4d1a413aefd0bed238b61971d4f975a	d__Bacteria; p__Firmicutes; c__Clostridia; o__Clostridia_UCG-014; f__Clostridia_UCG-014; g__Clostridia_UCG-014
e0ad2e1f86ce8750fe9a45b25bd30ec9	d__Bacteria; p__Firmicutes; c__Clostridia; o__Clostridia_UCG-014; f__Clostridia_UCG-014; g__Clostridia_UCG-014
f081f3553a4f0b5f05f9c3f9b5806490	d__Bacteria; p__Firmicutes; c__Clostridia; o__Clostridia_UCG-014; f__Clostridia_UCG-014; g__Clostridia_UCG-014
be5298bcac09975851a395bbde622f69	d__Bacteria; p__Firmicutes; c__Clostridia; o__Clostridia_UCG-014; f__Clostridia_UCG-014; g__Clostridia_UCG-014
9e5f5ce87b7e67589fe96da09b31a48e	d__Bacteria; p__Firmicutes; c__Clostridia; o__Clostridia_UCG-014; f__Clostridia_UCG-014; g__Clostridia_UCG-014
5fa3288a1db485f3b8378c92118d4a50	d__Bacteria; p__Firmicutes; c__Clostridia; o__Clostridia_UCG-014; f__Clostridia_UCG-014; g__Clostridia_UCG-014
e43b68f937204d681ae8817d1e9b3e7d	d__Bacteria; p__Firmicutes; c__Clostridia; o__Clostridia_UCG-014; f__Clostridia_UCG-014; g__Clostridia_UCG-014
9f17d567230ee83d8f7277509d0e6775	d__Bacteria; p__Firmicutes; c__Clostridia; o__Clostridia_UCG-014; f__Clostridia_UCG-014; g__Clostridia_UCG-014
3cabb44a177aab905f95ab25346311d4	d__Bacteria; p__Firmicutes; c__Clostridia; o__Clostridia_UCG-014; f__Clostridia_UCG-014; g__Clostridia_UCG-014
1846ae2a8a2e06fea61ea82f4fa434e4	d__Bacteria; p__Firmicutes; c__Clostridia; o__Clostridia_UCG-014; f__Clostridia_UCG-014; g__Clostridia_UCG-014
c18a0f060fd596d8155e1193e266e12f	d__Bacteria; p__Firmicutes; c__Clostridia; o__Clostridia_UCG-014; f__Clostridia_UCG-014; g__Clostridia_UCG-014
6d3e5f78473f6a12a710e4e94dfa8dcf	d__Bacteria; p__Firmicutes; c__Clostridia; o__Clostridia_UCG-014; f__Clostridia_UCG-014; g__Clostridia_UCG-014
4efad725d3366e31e686be5e294a72ba	d__Bacteria; p__Firmicutes; c__Clostridia; o__Clostridia_UCG-014; f__Clostridia_UCG-014; g__Clostridia_UCG-014
e302cab2c35a25b972c9837a3cf431d1	d__Bacteria; p__Firmicutes; c__Clostridia; o__Clostridia_UCG-014; f__Clostridia_UCG-014; g__Clostridia_UCG-014
9b93573dd39434532acdd4678e15f8c5	d__Bacteria; p__Proteobacteria; c__Alphaproteobacteria; o__Rhodospirillales; f__uncultured; g__uncultured; s__gut_metagenome
93e59b6f449baa1c3d2ed8ea464da1a0	d__Bacteria; p__Bacteroidota; c__Bacteroidia; o__Bacteroidales; f__Bacteroidaceae; g__Bacteroides; s__Bacteroides_plebeius
5b99e6ff1faff132f4b4962a5180b62b	d__Bacteria; p__Bacteroidota; c__Bacteroidia; o__Bacteroidales; f__Bacteroidaceae; g__Bacteroides; s__Bacteroides_massiliensis
9b632f8238cde032c2e0d99cb96f3749	d__Bacteria; p__Bacteroidota; c__Bacteroidia; o__Bacteroidales; f__Bacteroidaceae; g__Bacteroides
3717c53ee9c4248a19f11cc309d45040	d__Bacteria; p__Bacteroidota; c__Bacteroidia; o__Bacteroidales; f__Bacteroidaceae; g__Bacteroides
4fd4b7bff9e1130e5a592c1d1da9d034	d__Bacteria; p__Bacteroidota; c__Bacteroidia; o__Bacteroidales; f__Bacteroidaceae; g__Bacteroides
3563bfafaf9e1dd356c6f850d6197078	d__Bacteria; p__Bacteroidota; c__Bacteroidia; o__Bacteroidales; f__Rikenellaceae; g__Alistipes; s__Alistipes_shahii
e590960f0d9087ff1fadd1068e079f12	d__Bacteria; p__Bacteroidota; c__Bacteroidia; o__Bacteroidales; f__Rikenellaceae; g__Alistipes
e7b78d7eb287450cf2ef358a430a3647	d__Bacteria; p__Bacteroidota; c__Bacteroidia; o__Bacteroidales; f__Rikenellaceae; g__Alistipes
653e2067a9c3c2c7fa8d38adac57aebf	d__Bacteria; p__Bacteroidota; c__Bacteroidia; o__Bacteroidales; f__Rikenellaceae; g__Alistipes; s__Alistipes_finegoldii
e2a70b7d8ff8e59d2c9fb51f3eba05bd	d__Bacteria; p__Bacteroidota; c__Bacteroidia; o__Bacteroidales; f__Rikenellaceae; g__Alistipes; s__Alistipes_indistinctus
43ac94fbac42a4597ba2c335493f5dec	d__Bacteria; p__Bacteroidota; c__Bacteroidia; o__Bacteroidales; f__Rikenellaceae; g__Alistipes
c1328c331ab5bedbfb1378282cd81682	d__Bacteria; p__Bacteroidota; c__Bacteroidia; o__Bacteroidales; f__Rikenellaceae; g__Alistipes
c82be364ad1902228df8ce58dc098b39	d__Bacteria; p__Bacteroidota; c__Bacteroidia; o__Bacteroidales; f__Bacteroidaceae; g__Bacteroides
13968a84035b2a615e1845bc86aa9fb8	d__Bacteria; p__Bacteroidota; c__Bacteroidia; o__Bacteroidales; f__Bacteroidaceae; g__Bacteroides
b49cb5e09beb5d429c2e2772a7b95b01	d__Bacteria; p__Bacteroidota; c__Bacteroidia; o__Bacteroidales; f__Rikenellaceae; g__Rikenellaceae_RC9_gut_group; s__uncultured_bacterium
3714cab2a7ab5b7f72fb90c1582df633	d__Bacteria; p__Bacteroidota; c__Bacteroidia; o__Bacteroidales; f__Marinifilaceae; g__Odoribacter; s__Odoribacter_splanchnicus
09febe83b8b955450b443df28d8a89ed	d__Bacteria; p__Bacteroidota; c__Bacteroidia; o__Bacteroidales; f__Tannerellaceae; g__Parabacteroides; s__Parabacteroides_merdae
be93eaee894b3408a23139a191ccafdf	d__Bacteria; p__Bacteroidota; c__Bacteroidia; o__Bacteroidales; f__Tannerellaceae; g__Parabacteroides; s__Parabacteroides_johnsonii
ac97df813c97c750076999c61d530583	d__Bacteria; p__Bacteroidota; c__Bacteroidia; o__Bacteroidales; f__Tannerellaceae; g__Parabacteroides
c8406bb0be9360c54a08a40b2ca61da2	d__Bacteria; p__Bacteroidota; c__Bacteroidia; o__Bacteroidales; f__Bacteroidaceae; g__Bacteroides
897453b29aa2313840c996b475308ddf	d__Bacteria; p__Bacteroidota; c__Bacteroidia; o__Bacteroidales; f__Bacteroidaceae; g__Bacteroides; s__bacterium_NLAE-zl-H496
b68e572f3efe8decab38a792261502e7	d__Bacteria; p__Bacteroidota; c__Bacteroidia; o__Bacteroidales; f__Bacteroidaceae; g__Bacteroides
2c85814a5c8f6f087ec9f42dcf7234a0	d__Bacteria; p__Bacteroidota; c__Bacteroidia; o__Bacteroidales; f__Bacteroidaceae; g__Bacteroides
0f2576c851948468ee02bf393c551ea5	d__Bacteria; p__Bacteroidota; c__Bacteroidia; o__Bacteroidales; f__Prevotellaceae; g__Prevotella
a24f82e4f37d3e1e0695a58b1ae1deab	d__Bacteria; p__Bacteroidota; c__Bacteroidia; o__Bacteroidales; f__Prevotellaceae
8f56bf984210f835ef96be3913392b1c	d__Bacteria; p__Bacteroidota; c__Bacteroidia; o__Bacteroidales; f__Tannerellaceae
bd99b86e7e26675c1c27bd2ff973082e	d__Bacteria; p__Bacteroidota; c__Bacteroidia; o__Bacteroidales; f__Marinifilaceae; g__Butyricimonas; s__uncultured_organism
d85fba00feeada65110aa0f2546e374e	d__Bacteria; p__Bacteroidota; c__Bacteroidia; o__Bacteroidales; f__Marinifilaceae; g__Butyricimonas
c37c719ccb2e78b20400de6a1c144173	d__Bacteria; p__Bacteroidota; c__Bacteroidia; o__Bacteroidales; f__Bacteroidaceae; g__Bacteroides
44a7ec1a993a6652a799b9bd5b98418b	d__Bacteria; p__Bacteroidota; c__Bacteroidia; o__Bacteroidales; f__Bacteroidaceae; g__Bacteroides
b29f2d6989fec56a15b73aee7d75939c	d__Bacteria; p__Bacteroidota; c__Bacteroidia; o__Bacteroidales; f__Muribaculaceae; g__Muribaculaceae; s__uncultured_Porphyromonadaceae
22c0f982bf515702b393ff808ada4026	d__Bacteria; p__Bacteroidota; c__Bacteroidia; o__Bacteroidales; f__Bacteroidaceae; g__Bacteroides
932d7cec8d759e8b5d0842f40f3ebf9b	d__Bacteria; p__Bacteroidota; c__Bacteroidia; o__Bacteroidales; f__Prevotellaceae; g__Paraprevotella
c76146f6d163eca67d00d6aeb45f2a23	d__Bacteria; p__Bacteroidota; c__Bacteroidia; o__Bacteroidales; f__Tannerellaceae; g__Parabacteroides
32bacdbd17f57d92f5baf0c3a3456473	d__Bacteria; p__Bacteroidota; c__Bacteroidia; o__Bacteroidales; f__Barnesiellaceae; g__Barnesiella
1b9f4a633e058928f27265798dc37fd9	d__Bacteria; p__Bacteroidota; c__Bacteroidia; o__Bacteroidales; f__Barnesiellaceae; g__Barnesiella
358363edd7c882eebdd9ef1c460853a9	d__Bacteria; p__Patescibacteria; c__Saccharimonadia; o__Saccharimonadales; f__Saccharimonadaceae; g__TM7x
195f8f7c0b27460242ddf30facab8db5	d__Bacteria; p__Patescibacteria; c__Saccharimonadia; o__Saccharimonadales; f__Saccharimonadaceae; g__Saccharimonadaceae
fcca414bd668e5190fbb6e55fd5066bf	d__Bacteria; p__Firmicutes; c__Clostridia; o__Oscillospirales; f__Ruminococcaceae; g__Incertae_Sedis
611faeab4a3e50e2b608718fe5113b80	d__Bacteria; p__Firmicutes; c__Clostridia; o__Oscillospirales; f__Ruminococcaceae; g__Incertae_Sedis
b59df623eb004a390acdcddb41479821	d__Bacteria; p__Firmicutes; c__Clostridia; o__Oscillospirales; f__Ruminococcaceae
7878f63c11199b86cec795c455e9e610	d__Bacteria; p__Firmicutes; c__Clostridia; o__Oscillospirales; f__Ruminococcaceae
1af9deeb7fd38c5d727ae3c5c7b3c6cc	d__Bacteria; p__Firmicutes; c__Clostridia; o__Oscillospirales; f__Ruminococcaceae; g__Incertae_Sedis
c2e47088324c80f5502b77c8b3c4569a	d__Bacteria; p__Firmicutes; c__Clostridia; o__Oscillospirales; f__Ruminococcaceae; g__Incertae_Sedis
516bd26945306389c01d503842f0a4a6	d__Bacteria; p__Firmicutes; c__Clostridia; o__Oscillospirales; f__Oscillospiraceae; g__UCG-005
18109991a4c3ed168286929c9d7d1b01	d__Bacteria; p__Firmicutes; c__Clostridia; o__Lachnospirales; f__Lachnospiraceae; g__Dorea
d2001e1caa60a127be3f162cab53b586	d__Bacteria; p__Firmicutes; c__Clostridia; o__Oscillospirales; f__Ruminococcaceae
0297f7568f5dbe0da5228919698a3d25	d__Bacteria; p__Firmicutes; c__Clostridia; o__Lachnospirales; f__Lachnospiraceae
8fc6c14828ed9e5e19ba9bb3a9abc51d	d__Bacteria; p__Firmicutes; c__Clostridia; o__Lachnospirales; f__Lachnospiraceae; g__[Eubacterium]_eligens_group
1e0ad24c9db1204a4b4311c2a8e12ffd	d__Bacteria; p__Firmicutes; c__Clostridia; o__Lachnospirales; f__Lachnospiraceae; g__Lachnospira
2a320114e6762515fc660bd4d6a96eb7	d__Bacteria; p__Firmicutes; c__Clostridia; o__Lachnospirales; f__Lachnospiraceae; g__Lachnospiraceae_ND3007_group
dd5d2262c81ca2b9f5bcaf3176dac4ef	d__Bacteria; p__Firmicutes; c__Clostridia; o__Oscillospirales; f__Ruminococcaceae; g__Ruminococcus; s__Ruminococcus_bicirculans
eaf00fb1d1f31cf10ba8cbfbfa84bc00	d__Bacteria; p__Firmicutes; c__Clostridia; o__Oscillospirales; f__Ruminococcaceae; g__Ruminococcus; s__gut_metagenome
53074d4e2de88b1c21abd555feae5d5d	d__Bacteria; p__Firmicutes; c__Clostridia; o__Oscillospirales; f__Ruminococcaceae; g__Ruminococcus
1e0d91c67a773d9d0f0395c4bfe545bf	d__Bacteria; p__Firmicutes; c__Clostridia; o__Peptostreptococcales-Tissierellales; f__Anaerovoracaceae
861228a8d03dc37996de9a7604d72a32	d__Bacteria; p__Firmicutes; c__Clostridia; o__Peptostreptococcales-Tissierellales; f__Anaerovoracaceae
25fa16525ff2b96131cf311c06c427ae	d__Bacteria; p__Firmicutes; c__Clostridia; o__Peptostreptococcales-Tissierellales; f__Anaerovoracaceae; g__Family_XIII_AD3011_group; s__gut_metagenome
5194772766ec3b74cf5774e43ffe796d	d__Bacteria; p__Firmicutes; c__Clostridia; o__Peptostreptococcales-Tissierellales; f__Anaerovoracaceae; g__Family_XIII_AD3011_group; s__uncultured_organism
f7bb42c9c6e6697ac14c4f1d388afa7e	d__Bacteria; p__Firmicutes; c__Clostridia; o__Peptostreptococcales-Tissierellales; f__Anaerovoracaceae; g__Family_XIII_AD3011_group; s__uncultured_organism
d7f6bd033487ace4eaa4903288fedff0	d__Bacteria; p__Firmicutes; c__Clostridia; o__Lachnospirales; f__Lachnospiraceae; g__Tyzzerella; s__Anaerotignum_lactatifermentans
434cf4ea980bfd6084759265dc1ac13f	d__Bacteria; p__Firmicutes; c__Clostridia; o__Lachnospirales; f__Lachnospiraceae
f5abd9147e70d7291486cff32184c50b	d__Bacteria; p__Firmicutes; c__Clostridia; o__Peptostreptococcales-Tissierellales; f__Peptostreptococcaceae
a43cd1d43472b87819b3a94e6bfee171	d__Bacteria; p__Firmicutes; c__Clostridia; o__Peptostreptococcales-Tissierellales; f__Peptostreptococcaceae
c2fc00048c0b5a94957a326973339b7d	d__Bacteria; p__Firmicutes; c__Clostridia; o__Oscillospirales; f__[Eubacterium]_coprostanoligenes_group; g__[Eubacterium]_coprostanoligenes_group; s__human_gut
0dcae7fae9ad3fbd76e2459d60bbe008	d__Bacteria; p__Firmicutes; c__Clostridia; o__Lachnospirales; f__Lachnospiraceae
956bf62648b6650f0e53239e8d560b3c	d__Bacteria; p__Firmicutes; c__Clostridia; o__Lachnospirales; f__Lachnospiraceae
1633fd0a13d2f4bfb74f5aff47667192	d__Bacteria; p__Firmicutes; c__Clostridia; o__Lachnospirales; f__Lachnospiraceae
3ab2938667581da0caea21296b3dfd6e	d__Bacteria; p__Firmicutes; c__Clostridia; o__Lachnospirales; f__Lachnospiraceae; g__Agathobacter
5839fbc3d2e72c38e53a9fe10b6b26d9	d__Bacteria; p__Actinobacteriota; c__Actinobacteria; o__Micrococcales; f__Intrasporangiaceae
69ce51271eef3489683003074087514c	d__Bacteria; p__Firmicutes; c__Clostridia; o__Lachnospirales; f__Lachnospiraceae
83b2d7f8bb9222f17b85e203054245fd	d__Bacteria; p__Firmicutes; c__Clostridia; o__Lachnospirales; f__Lachnospiraceae; g__Lachnoclostridium
1f7982fad5d0be55ff4baeeb4a227c5a	d__Bacteria; p__Firmicutes; c__Clostridia; o__Lachnospirales; f__Lachnospiraceae
14ed82695e7f9c075c83598fe9cf83f7	d__Bacteria; p__Firmicutes; c__Clostridia; o__Oscillospirales; f__[Eubacterium]_coprostanoligenes_group; g__[Eubacterium]_coprostanoligenes_group
29ffd29f8df86564a2e5eaa2a5f9271e	d__Bacteria; p__Proteobacteria; c__Gammaproteobacteria; o__Enterobacterales; f__Enterobacteriaceae; g__Escherichia-Shigella
80bc2fa38025e971b1e55e62c37c77ba	d__Bacteria; p__Proteobacteria; c__Gammaproteobacteria; o__Enterobacterales; f__Enterobacteriaceae; g__Escherichia-Shigella
59675c3c6dbb79c6eb5d43852cc9439e	d__Bacteria; p__Proteobacteria; c__Gammaproteobacteria; o__Enterobacterales; f__Enterobacteriaceae
44707107b47f8b0e843b864bdad235a5	d__Bacteria; p__Proteobacteria; c__Gammaproteobacteria; o__Enterobacterales; f__Enterobacteriaceae
aaaaab25e7296e40705f5572c0f1bdbc	d__Bacteria; p__Proteobacteria; c__Gammaproteobacteria; o__Enterobacterales; f__Enterobacteriaceae
34151988a9261f097cf81f06f5828393	d__Bacteria; p__Firmicutes; c__Clostridia; o__Lachnospirales; f__Lachnospiraceae; g__Epulopiscium
20fb393093f4797beae77976dca36bc8	d__Bacteria; p__Actinobacteriota; c__Actinobacteria; o__Micrococcales; f__Micrococcaceae; g__Rothia
d3501a242015aa6f51f57fdf0d4d0f64	d__Bacteria; p__Actinobacteriota; c__Actinobacteria; o__Bifidobacteriales; f__Bifidobacteriaceae; g__Bifidobacterium; s__Bifidobacterium_scardovii
3342325d8c2d2fbe27a2a9dcf4172785	d__Bacteria; p__Actinobacteriota; c__Actinobacteria; o__Bifidobacteriales; f__Bifidobacteriaceae; g__Bifidobacterium
b27de1ad7ab25492b3aa3a8c6b922fc6	d__Bacteria; p__Actinobacteriota; c__Actinobacteria; o__Bifidobacteriales; f__Bifidobacteriaceae; g__Bifidobacterium; s__Bifidobacterium_breve
541f9f7d7e826e94cd123a486e0b3be4	d__Bacteria; p__Actinobacteriota; c__Actinobacteria; o__Bifidobacteriales; f__Bifidobacteriaceae; g__Bifidobacterium; s__Bifidobacterium_bifidum
725939e98ee331a24a105315f71acb4b	d__Bacteria; p__Actinobacteriota; c__Actinobacteria; o__Bifidobacteriales; f__Bifidobacteriaceae; g__Bifidobacterium
5968e11f302d0e54bbc95c4139305039	d__Bacteria; p__Actinobacteriota; c__Actinobacteria; o__Bifidobacteriales; f__Bifidobacteriaceae; g__Bifidobacterium
95de45ddcfcec397700a7bdeea195c4f	d__Bacteria; p__Actinobacteriota; c__Actinobacteria; o__Bifidobacteriales; f__Bifidobacteriaceae; g__Bifidobacterium
80d671529bb90b8aaae1aa718e57b8b5	d__Bacteria; p__Actinobacteriota; c__Actinobacteria; o__Bifidobacteriales; f__Bifidobacteriaceae; g__Bifidobacterium
a455c9469756712b1f3af7577b570aaf	d__Bacteria; p__Firmicutes; c__Clostridia; o__Lachnospirales; f__Lachnospiraceae
9121bb6baa353d72c736d5e7aacf8b85	d__Bacteria; p__Firmicutes; c__Clostridia; o__Peptostreptococcales-Tissierellales; f__Anaerovoracaceae; g__Family_XIII_UCG-001; s__uncultured_bacterium
1d8014772f1747baf023e57e2e1258b0	d__Bacteria; p__Firmicutes; c__Clostridia; o__Peptostreptococcales-Tissierellales; f__Anaerovoracaceae; g__Family_XIII_UCG-001; s__uncultured_bacterium
43a4580f07880724409b4f66f777460a	d__Bacteria; p__Firmicutes; c__Clostridia; o__Lachnospirales; f__Lachnospiraceae; g__Lachnospiraceae_UCG-010; s__uncultured_organism
4e8acb0a7599ffbec4434052f5eba144	d__Bacteria; p__Firmicutes; c__Clostridia; o__Lachnospirales; f__Lachnospiraceae; g__Lachnospiraceae_UCG-010; s__uncultured_bacterium
19e57bc1a1e736297fbf9b3f55528ac8	d__Bacteria; p__Firmicutes; c__Clostridia; o__Lachnospirales; f__Lachnospiraceae; g__GCA-900066755
913b02279761ab4f679ef286446b34c4	d__Bacteria; p__Firmicutes; c__Clostridia; o__Lachnospirales; f__Lachnospiraceae
ad9747e437f05935d00a3898ac910124	d__Bacteria; p__Firmicutes; c__Clostridia; o__Lachnospirales; f__Lachnospiraceae
4efe0eb8268b4364529c6fb5c13e0db4	d__Bacteria; p__Firmicutes; c__Clostridia; o__Oscillospirales; f__[Eubacterium]_coprostanoligenes_group; g__[Eubacterium]_coprostanoligenes_group
f7c4a2cfcafc1e0cfd2051bc835fedf6	d__Bacteria; p__Firmicutes; c__Clostridia; o__Oscillospirales; f__[Eubacterium]_coprostanoligenes_group; g__[Eubacterium]_coprostanoligenes_group
f7287fe328d3e5b674edefb89c60d617	d__Bacteria; p__Firmicutes; c__Clostridia; o__Oscillospirales; f__[Eubacterium]_coprostanoligenes_group; g__[Eubacterium]_coprostanoligenes_group
91f6d469d4f42d130c251b674c88d173	d__Bacteria; p__Firmicutes; c__Clostridia; o__Oscillospirales; f__[Eubacterium]_coprostanoligenes_group; g__[Eubacterium]_coprostanoligenes_group
e54e49e5fd3be096f41a41e7e9a52628	d__Bacteria; p__Firmicutes; c__Clostridia; o__Lachnospirales; f__Lachnospiraceae
f00863fcc795a50c0338670d0644f652	d__Bacteria; p__Firmicutes; c__Clostridia; o__Lachnospirales; f__Lachnospiraceae
b04d314d8cc63f7556a783e323c99103	d__Bacteria; p__Firmicutes; c__Clostridia; o__Lachnospirales; f__Lachnospiraceae
244ca1f2c667d0b73e8325f597f1dd67	d__Bacteria; p__Firmicutes; c__Clostridia; o__Lachnospirales; f__Lachnospiraceae
aa2b017aab4bc975c9bbd3060536fbda	d__Bacteria; p__Firmicutes; c__Clostridia; o__Lachnospirales; f__Lachnospiraceae
75e4336457e9cc235ec2659037cb4960	d__Bacteria; p__Firmicutes; c__Clostridia; o__Lachnospirales; f__Lachnospiraceae; g__[Eubacterium]_hallii_group
b65f7da0db615243e798d2aa31d7456b	d__Bacteria; p__Firmicutes; c__Clostridia; o__Clostridiales; f__Clostridiaceae; g__Clostridium_sensu_stricto_1
af08d63c2dd5e64fe631c02f474ca80b	d__Bacteria; p__Firmicutes; c__Clostridia; o__Clostridiales; f__Clostridiaceae; g__Clostridium_sensu_stricto_1
44bb1254683d9701268cb02cbd166c2e	d__Bacteria; p__Firmicutes; c__Clostridia; o__Oscillospirales; f__Butyricicoccaceae; g__UCG-009
a2574668de352ef40d49113097405485	d__Bacteria; p__Proteobacteria; c__Gammaproteobacteria; o__Alteromonadales; f__Shewanellaceae; g__Shewanella
90d4076fbcfc001b2c76ea1614b8eaca	d__Bacteria; p__Firmicutes; c__Clostridia; o__Lachnospirales; f__Lachnospiraceae; g__Blautia
53072f8b2a2e8284c74970b9f30bca7c	d__Bacteria; p__Firmicutes; c__Clostridia; o__Lachnospirales; f__Lachnospiraceae; g__Blautia
6e53faed543671dcdb05f23b3e19897a	d__Bacteria; p__Firmicutes; c__Clostridia; o__Lachnospirales; f__Lachnospiraceae; g__Coprococcus
e2e833acb70911f75f2a52a17786954d	d__Bacteria; p__Firmicutes; c__Clostridia; o__Lachnospirales; f__Lachnospiraceae; g__Blautia
f9451ab0509ed358202c990d7fdf22c6	d__Bacteria; p__Firmicutes; c__Clostridia; o__Lachnospirales; f__Lachnospiraceae; g__Blautia
de4565c4ca86667693dd29b364f426f4	d__Bacteria; p__Firmicutes; c__Clostridia; o__Lachnospirales; f__Lachnospiraceae; g__[Eubacterium]_ventriosum_group
755f3d07c9c73d5ceb50188fabc558e7	d__Bacteria; p__Firmicutes; c__Clostridia; o__Lachnospirales; f__Lachnospiraceae
de323c1348947d1006784df7c10edcc9	d__Bacteria; p__Firmicutes; c__Clostridia; o__Lachnospirales; f__Lachnospiraceae
7e433356576f6cc64ac9da1ed68cb472	d__Bacteria; p__Firmicutes; c__Clostridia; o__Lachnospirales; f__Lachnospiraceae; g__GCA-900066575
d52604cbe05b63c1365a1df26bb9506f	d__Bacteria; p__Firmicutes; c__Clostridia; o__Lachnospirales; f__Lachnospiraceae; g__Sellimonas
cbe5229242c3a6a322c7100dd141a00c	d__Bacteria; p__Firmicutes; c__Clostridia; o__Lachnospirales; f__Lachnospiraceae; g__Frisingicoccus
ed08e9b898d8a66f7d913658e744b201	d__Bacteria; p__Firmicutes; c__Clostridia; o__Lachnospirales; f__Lachnospiraceae
f395b958f727f913072d1b35d7b01b95	d__Bacteria; p__Firmicutes; c__Clostridia; o__Lachnospirales; f__Lachnospiraceae
928a1337c930d126646527fc45375b30	d__Bacteria; p__Firmicutes; c__Clostridia; o__Lachnospirales; f__Lachnospiraceae
77095ad0606bba546038a878a6fc516b	d__Bacteria; p__Firmicutes; c__Clostridia; o__Lachnospirales; f__Lachnospiraceae
bdfcef7470728ea1d81c293e37115f70	d__Bacteria; p__Firmicutes; c__Clostridia; o__Lachnospirales; f__Lachnospiraceae
9d4320db66b47dde4ea68cb45b7c09e8	d__Bacteria; p__Firmicutes; c__Clostridia; o__Lachnospirales; f__Lachnospiraceae
00347e4082b99be65c2f2ac65a9c763d	d__Bacteria; p__Firmicutes; c__Clostridia; o__Lachnospirales; f__Lachnospiraceae; g__Roseburia
90fe757fbe34b6aa45aba445c57ef782	d__Bacteria; p__Firmicutes; c__Clostridia; o__Lachnospirales; f__Lachnospiraceae
f598bf101b2bf1a81d143e24cf655a1b	d__Bacteria; p__Firmicutes; c__Clostridia; o__Lachnospirales; f__Lachnospiraceae
4b0f3c64e2ffeff917ce5c07ceef301f	d__Bacteria; p__Firmicutes; c__Clostridia; o__Oscillospirales; f__[Clostridium]_methylpentosum_group; g__[Clostridium]_methylpentosum_group; s__Ruminococcus_sp.
ac6fe8b74a186e9c4ffd65c6f81830e2	d__Bacteria; p__Firmicutes; c__Clostridia; o__Oscillospirales; f__Ruminococcaceae; g__Paludicola; s__uncultured_bacterium
0d30f895cff8bc1fc93f02485e2ed9ae	d__Bacteria; p__Firmicutes; c__Clostridia; o__Lachnospirales; f__Lachnospiraceae; g__Anaerostipes
9b8784bc94666cc1042d4a3241bc1483	d__Bacteria; p__Firmicutes; c__Clostridia; o__Lachnospirales; f__Lachnospiraceae
954e8be4246726af2441c9b41e244936	d__Bacteria; p__Firmicutes; c__Clostridia; o__Lachnospirales; f__Lachnospiraceae
ce27de2c521659d13ec1b3208d2d46d9	d__Bacteria; p__Firmicutes; c__Clostridia; o__Lachnospirales; f__Lachnospiraceae
606b4dd09796364512d4d4f6dd77fe68	d__Bacteria; p__Firmicutes; c__Clostridia; o__Lachnospirales; f__Lachnospiraceae
fe53a35bae5ed08c146c01a7a363f1b0	d__Bacteria; p__Firmicutes; c__Clostridia; o__Lachnospirales; f__Lachnospiraceae
683acc584c60eae09272afb7a6dec440	d__Bacteria; p__Firmicutes; c__Clostridia; o__Lachnospirales; f__Lachnospiraceae
697777a0c029bc3b32c58ff046274a7e	d__Bacteria; p__Firmicutes; c__Clostridia; o__Lachnospirales; f__Lachnospiraceae
d5bc3320fa632238d9a3faf8f1e07155	d__Bacteria; p__Firmicutes; c__Clostridia; o__Lachnospirales; f__Lachnospiraceae
9f845e7bbb9dde7d0d46cfa54a320643	d__Bacteria; p__Firmicutes; c__Clostridia; o__Lachnospirales; f__Lachnospiraceae
45242d748b10e13b1f3c63e3e57350ea	d__Bacteria; p__Firmicutes; c__Clostridia; o__Lachnospirales; f__Lachnospiraceae
eb13e0ae98f1ed0872ec7c469a7e3441	d__Bacteria; p__Firmicutes; c__Clostridia; o__Lachnospirales; f__Lachnospiraceae
8597bb6100cb629b3455399f6bc882de	d__Bacteria; p__Firmicutes; c__Clostridia; o__Lachnospirales; f__Lachnospiraceae
089f6238ad2ff009d0b679ed73b50ee3	d__Bacteria; p__Firmicutes; c__Clostridia; o__Lachnospirales; f__Lachnospiraceae; g__Coprococcus
da1073305ef8dfa95da6d4e1a8637f8d	d__Bacteria; p__Firmicutes; c__Clostridia; o__Lachnospirales; f__Lachnospiraceae
f804e2a9654e8135149b55ad1bb0f1c0	d__Bacteria; p__Firmicutes; c__Clostridia; o__Lachnospirales; f__Lachnospiraceae; g__[Eubacterium]_ruminantium_group
cf0a3d18e089c8eaf30feb2271dc5e6a	d__Bacteria; p__Firmicutes; c__Clostridia; o__Lachnospirales; f__Lachnospiraceae
5ef8420dfe494de18dce597a5277e2ef	d__Bacteria; p__Firmicutes; c__Clostridia; o__Lachnospirales; f__Lachnospiraceae
af7a6a372813484df1f99685165c16bf	d__Bacteria; p__Firmicutes; c__Clostridia; o__Lachnospirales; f__Lachnospiraceae; g__Moryella; s__human_gut
77ce941fd40e53e1f50440976fae5b5c	d__Bacteria; p__Firmicutes; c__Clostridia; o__Oscillospirales; f__Ruminococcaceae; g__UBA1819
98fa1f4181dc02ad1ea071fa84355415	d__Bacteria; p__Firmicutes; c__Clostridia; o__Oscillospirales; f__Ruminococcaceae; g__Faecalibacterium
650b39ed128503726b2ed05fa99dda2f	d__Bacteria; p__Firmicutes; c__Clostridia; o__Oscillospirales; f__Ruminococcaceae; g__Faecalibacterium
42975c7797b54fb6781a40822cd59494	d__Bacteria; p__Firmicutes; c__Clostridia; o__Oscillospirales; f__Ruminococcaceae; g__Faecalibacterium
d86d48bafa25f7296dc9bf2d29368f6b	d__Bacteria; p__Firmicutes; c__Clostridia; o__Oscillospirales; f__Ruminococcaceae; g__Faecalibacterium
ed1bc4ab942645e6b2925413ea240b16	d__Bacteria; p__Firmicutes; c__Clostridia; o__Lachnospirales; f__Lachnospiraceae; g__Lachnospiraceae_FCS020_group
482b87bb17f1331cfa444f8e46d4900f	d__Bacteria; p__Firmicutes; c__Clostridia; o__Lachnospirales; f__Defluviitaleaceae; g__Defluviitaleaceae_UCG-011; s__uncultured_bacterium
3939fb8a2cfdc2e40d11feae1d137fdb	d__Bacteria; p__Firmicutes; c__Clostridia; o__Oscillospirales
f10d2ad85614c53cad0b3b6de789d2b0	d__Bacteria; p__Firmicutes; c__Clostridia; o__Oscillospirales; f__Ruminococcaceae; g__Candidatus_Soleaferrea; s__Ruminococcaceae_bacterium
c33657b8ff87a1e5592a3ba43d4a3737	d__Bacteria; p__Firmicutes; c__Clostridia; o__Lachnospirales; f__Defluviitaleaceae; g__Defluviitaleaceae_UCG-011; s__uncultured_bacterium
d9f5da27322e3600a46125a69201d7ea	d__Bacteria; p__Desulfobacterota; c__Desulfovibrionia; o__Desulfovibrionales; f__Desulfovibrionaceae; g__Desulfovibrio; s__bacterium
c0cf73ee05dc9155c426bf0158ac7665	d__Bacteria; p__Desulfobacterota; c__Desulfovibrionia; o__Desulfovibrionales; f__Desulfovibrionaceae; g__Bilophila
756c1c8363f0320134a3d60150ec8f9e	d__Bacteria; p__Desulfobacterota; c__Desulfovibrionia; o__Desulfovibrionales; f__Desulfovibrionaceae; g__uncultured
a838c084104f6d2cbda0b29731105413	d__Bacteria; p__Actinobacteriota; c__Actinobacteria; o__Bifidobacteriales; f__Bifidobacteriaceae; g__Bifidobacterium; s__Bifidobacterium_pullorum
6d7dc351d96b0248fd1bc3268bc5a9e7	d__Bacteria; p__Firmicutes; c__Clostridia; o__Oscillospirales; f__Butyricicoccaceae; g__Butyricicoccus
a5a85956c3f9d729acce61bcb46454ed	d__Bacteria; p__Firmicutes; c__Clostridia; o__Oscillospirales; f__Butyricicoccaceae; g__Butyricicoccus
3b9c81fa6b270ae7dba3163fedfc9fb2	d__Bacteria; p__Firmicutes; c__Clostridia; o__Oscillospirales; f__Butyricicoccaceae; g__Butyricicoccus
68e9cc8f5a273c821e0bbb19715f01a3	d__Bacteria; p__Firmicutes; c__Clostridia; o__Eubacteriales; f__Anaerofustaceae; g__Anaerofustis; s__Anaerofustis_sp.
79ab988e4000328c2f0575a45cc78304	d__Bacteria; p__Firmicutes; c__Clostridia; o__Monoglobales; f__Monoglobaceae; g__Monoglobus
78bcc537eb1ed241ee9f318e586a138b	d__Bacteria; p__Proteobacteria; c__Gammaproteobacteria; o__Pasteurellales; f__Pasteurellaceae
9c640c2e264a4fdf210f1633b1c18e2e	d__Bacteria; p__Firmicutes; c__Clostridia
2840d86750f3deff79ecd6bfb8f79492	d__Bacteria; p__Firmicutes; c__Clostridia; o__Oscillospirales; f__Butyricicoccaceae; g__Butyricicoccus
098c2eccbfb628439e5f0957790d3cba	d__Bacteria; p__Firmicutes; c__Clostridia; o__Oscillospirales; f__Butyricicoccaceae; g__Butyricicoccus; s__bacterium_NLAE-zl-H60
9c1835c7a79330e51ac1f83e9de3814d	d__Bacteria; p__Firmicutes; c__Clostridia; o__Lachnospirales; f__Lachnospiraceae; g__Butyrivibrio
730a873fbdf8d800fdae0701d4defa36	d__Bacteria; p__Proteobacteria; c__Alphaproteobacteria; o__Rickettsiales; f__Fokiniaceae; g__Candidatus_Lariskella
34189bf6e391337f2e916ec92cbdc6f6	d__Bacteria; p__Firmicutes; c__Clostridia; o__Lachnospirales; f__Lachnospiraceae; g__Hungatella
7a66b8a79ccdac194f1e17d98cc810e3	d__Bacteria; p__Proteobacteria; c__Alphaproteobacteria; o__Rhizobiales; f__Beijerinckiaceae; g__Methylobacterium-Methylorubrum
57b2117fb7ff599936f4175092407c97	d__Bacteria; p__Firmicutes; c__Clostridia; o__Oscillospirales; f__Oscillospiraceae; g__Oscillibacter; s__human_gut
50f055584ab28d6753930e1262fda8a2	d__Bacteria; p__Firmicutes; c__Clostridia; o__Oscillospirales; f__Oscillospiraceae; g__Oscillospira
cf8dc056536bf3bf3393083daff5e943	d__Bacteria; p__Firmicutes; c__Clostridia; o__Oscillospirales; f__Oscillospiraceae; g__Oscillospira
0c81cbba95b1da70cea63f16f4854e77	d__Bacteria; p__Firmicutes; c__Clostridia; o__Oscillospirales; f__Oscillospiraceae; g__Oscillibacter
8dccaa2b3759aed0d9c130d5cedef631	d__Bacteria; p__Firmicutes; c__Clostridia; o__Oscillospirales; f__Oscillospiraceae; g__Oscillibacter
37542cbd307753873cb9fe7d9dc02887	d__Bacteria; p__Firmicutes; c__Clostridia; o__Oscillospirales; f__UCG-010; g__UCG-010
acf14f06a70ebacd7e9fcaa01a04027a	d__Bacteria; p__Firmicutes; c__Clostridia; o__Christensenellales; f__Christensenellaceae; g__Christensenellaceae_R-7_group
09acb7a16b423971d288be9fd121aaf3	d__Bacteria; p__Firmicutes; c__Clostridia; o__Oscillospirales; f__Oscillospiraceae; g__NK4A214_group
73a699faa8c018cba89541102c36a0e0	d__Bacteria; p__Firmicutes; c__Clostridia; o__Oscillospirales; f__Oscillospiraceae
4fb29b1daf8ceb22104b966ff47a6bd2	d__Bacteria; p__Firmicutes; c__Clostridia; o__Oscillospirales; f__Oscillospiraceae; g__NK4A214_group
db9bfbafb7e39f99f4e45df6fadb434d	d__Bacteria; p__Firmicutes; c__Clostridia; o__Oscillospirales; f__Oscillospiraceae; g__NK4A214_group
c400e47bc590d705420a4c7595871054	d__Bacteria; p__Firmicutes; c__Clostridia; o__Oscillospirales; f__Oscillospiraceae; g__NK4A214_group; s__gut_metagenome
6e574c62ab989906b7d497b1bed91da0	d__Bacteria; p__Firmicutes; c__Clostridia; o__Oscillospirales; f__Oscillospiraceae; g__NK4A214_group
cb7bf6d037026a358cb9df5342154168	d__Bacteria; p__Firmicutes; c__Clostridia; o__Oscillospirales; f__Oscillospiraceae; g__NK4A214_group
8284fa5dfdb92e909bdcea8880a19092	d__Bacteria; p__Firmicutes; c__Clostridia; o__Oscillospirales; f__UCG-010; g__UCG-010; s__unidentified
955af871f23f22ceca63fbfe9fa2e78e	d__Bacteria; p__Firmicutes; c__Clostridia; o__Oscillospirales; f__UCG-010; g__UCG-010; s__unidentified
b0ba94b542505c32262cda02ac155732	d__Bacteria; p__Firmicutes; c__Clostridia; o__Christensenellales; f__Christensenellaceae; g__Christensenellaceae_R-7_group
efdd52c68ffc665e868ae7ed50e14479	d__Bacteria; p__Firmicutes; c__Clostridia; o__Christensenellales; f__Christensenellaceae; g__Christensenellaceae_R-7_group; s__uncultured_prokaryote
02db3466170cb9ba2e52d3c8edf483cd	d__Bacteria; p__Firmicutes; c__Clostridia; o__Christensenellales; f__Christensenellaceae; g__Christensenellaceae_R-7_group; s__uncultured_prokaryote
f50073b6b692197d593511f365147d39	d__Bacteria; p__Firmicutes; c__Clostridia; o__Christensenellales; f__Christensenellaceae; g__Christensenellaceae_R-7_group
67b11a5d395d14dc97e0f3670c9d4288	d__Bacteria; p__Firmicutes; c__Clostridia; o__Christensenellales; f__Christensenellaceae; g__Christensenellaceae_R-7_group
50b92d27ae89826946e2107024abb47a	d__Bacteria; p__Firmicutes; c__Clostridia; o__Christensenellales; f__Christensenellaceae; g__Christensenellaceae_R-7_group
babfa056e109c7be2ff333ff3b138fdf	d__Bacteria; p__Firmicutes; c__Clostridia; o__Christensenellales; f__Christensenellaceae; g__Christensenellaceae_R-7_group
3461f00f76d95e4c3d4d453185a872dd	d__Bacteria; p__Firmicutes; c__Clostridia; o__Clostridia; f__Hungateiclostridiaceae; g__Fastidiosipila
b254d9f8eee0f8a3884a96865086f654	d__Bacteria; p__Firmicutes; c__Clostridia; o__Christensenellales; f__Christensenellaceae; g__Christensenellaceae_R-7_group; s__bacterium_YE57
fdc927d46b696b79ab45e8698f3aada3	d__Bacteria; p__Firmicutes; c__Clostridia; o__Oscillospirales; f__Oscillospiraceae; g__Intestinimonas; s__uncultured_Clostridiales
83914dbe058f4134d7571f3c0180750a	d__Bacteria; p__Firmicutes; c__Clostridia; o__Oscillospirales; f__Oscillospiraceae
1e92695c7d36acd5eb179688fa75907b	d__Bacteria; p__Firmicutes; c__Clostridia; o__Oscillospirales; f__Oscillospiraceae
b6f1c0a3326d4d71172390a9f155857c	d__Bacteria; p__Firmicutes; c__Clostridia; o__Oscillospirales; f__Oscillospiraceae; g__UCG-002
719d3d646e0c3b05c63dfab81e0bece6	d__Bacteria; p__Firmicutes; c__Clostridia; o__Oscillospirales; f__Oscillospiraceae; g__UCG-003
5b0e303750f0b60860f23aaf781db596	d__Bacteria; p__Firmicutes; c__Clostridia; o__Oscillospirales; f__Oscillospiraceae; g__Colidextribacter; s__uncultured_Clostridia
ff8420f7a3f6406a7968a11d6f72b5ff	d__Bacteria; p__Firmicutes; c__Clostridia; o__Oscillospirales; f__Oscillospiraceae
6daa087d1827962b5b4e239eb9bf471e	d__Bacteria; p__Firmicutes; c__Clostridia; o__Oscillospirales; f__Oscillospiraceae; g__Colidextribacter
1bc65a0842daf1671a90298ef902f875	d__Bacteria; p__Firmicutes; c__Clostridia; o__Oscillospirales; f__Oscillospiraceae
8bb39fbf78b1fc12a3ce281d5afc9381	d__Bacteria; p__Firmicutes; c__Clostridia; o__Oscillospirales; f__Oscillospiraceae; g__uncultured
4523a8b130da1ab4a5a35f52960aa954	d__Bacteria; p__Firmicutes; c__Clostridia; o__Oscillospirales; f__Oscillospiraceae
e29e2383fb329813c0c7ee52bc9b9890	d__Bacteria; p__Firmicutes; c__Clostridia; o__Oscillospirales; f__Oscillospiraceae
ad3009c1e73e57fec2dfeb917a692348	d__Bacteria; p__Firmicutes; c__Clostridia; o__Oscillospirales; f__Oscillospiraceae
32d672dee0b0274ef7afc9eaeeb99056	d__Bacteria; p__Firmicutes; c__Clostridia; o__Oscillospirales; f__Oscillospiraceae; g__Colidextribacter
2c562b0c4470cdec219f1d779f15859a	d__Bacteria; p__Firmicutes; c__Clostridia; o__Oscillospirales; f__Oscillospiraceae
0a84c26aa8bcb1af16a75671e20e464d	d__Bacteria; p__Firmicutes; c__Clostridia; o__Oscillospirales; f__Oscillospiraceae
c173ff5a42ad892a5343a1bca541dc18	d__Bacteria; p__Firmicutes; c__Clostridia; o__Oscillospirales; f__Oscillospiraceae
f46dc80bba69dc5d7f602073fb5569c0	d__Bacteria; p__Firmicutes; c__Clostridia; o__Oscillospirales; f__Oscillospiraceae
7451aaad63ff9b3a9aaa22a6da60efef	d__Bacteria; p__Firmicutes; c__Clostridia; o__Oscillospirales; f__Oscillospiraceae
a832a106526b60f0c9f5dcd38175de6b	d__Bacteria; p__Firmicutes; c__Clostridia; o__Oscillospirales; f__Oscillospiraceae
8bbe32f7d274b020a3d4fa9ff9b1e95f	d__Bacteria; p__Firmicutes; c__Clostridia; o__Oscillospirales; f__Oscillospiraceae
baadb8ae29c28684c8896061952f28e5	d__Bacteria; p__Firmicutes; c__Clostridia; o__Oscillospirales; f__Oscillospiraceae; g__UCG-002
e985b2f8f7823f7bc2cbb87fde4abba0	d__Bacteria; p__Firmicutes; c__Clostridia; o__Oscillospirales; f__Oscillospiraceae; g__UCG-002
4e5da0d2d97244d6c98724c6b9148e0c	d__Bacteria; p__Firmicutes; c__Clostridia; o__Oscillospirales; f__Oscillospiraceae; g__UCG-002
04faccb1bc1a3d5451cc0ff71dd73f55	d__Bacteria; p__Firmicutes; c__Clostridia; o__Oscillospirales; f__Oscillospiraceae; g__Flavonifractor
130ce07e6e9aff91985f4d6c6b34d296	d__Bacteria; p__Firmicutes; c__Clostridia; o__Oscillospirales; f__Oscillospiraceae; g__UCG-002
31bbe66ce75f38e778782691603d9284	d__Bacteria; p__Firmicutes; c__Clostridia; o__Oscillospirales; f__Oscillospiraceae; g__UCG-002
4ca43026d6ac40c6f1d16b5cab8fd528	d__Bacteria; p__Firmicutes; c__Clostridia
1fc4bf209f1c76f845d142dd43bcf0fb	d__Bacteria; p__Firmicutes; c__Clostridia; o__Oscillospirales; f__Oscillospiraceae; g__Pseudoflavonifractor
74cb6af974bacb578c99555663aef3bb	d__Bacteria; p__Firmicutes; c__Clostridia; o__Oscillospirales; f__Oscillospiraceae; g__Pseudoflavonifractor; s__uncultured_bacterium
04c4960d1bfbf965790c7d9ab99c7608	d__Bacteria; p__Firmicutes; c__Clostridia; o__Christensenellales; f__Christensenellaceae; g__uncultured
123e9ec1c80097899c013038c1db735a	d__Bacteria; p__Firmicutes; c__Clostridia; o__Christensenellales; f__Christensenellaceae; g__Christensenellaceae_R-7_group
d8e255cc1dd522edc21b83ef574f9b22	d__Bacteria; p__Firmicutes; c__Clostridia; o__Oscillospirales; f__Oscillospiraceae
cefc1e7e68ef16fe8bde03d146322d87	d__Bacteria; p__Firmicutes; c__Clostridia; o__Oscillospirales; f__Oscillospiraceae; g__UCG-005
f8f2e695b58211d9f9b0b69253c39f23	d__Bacteria; p__Firmicutes; c__Clostridia; o__Oscillospirales; f__Oscillospiraceae; g__UCG-005
2313288ae81d79806aea655c486c0a94	d__Bacteria; p__Firmicutes; c__Clostridia; o__Oscillospirales; f__Oscillospiraceae; g__UCG-005
e2a2779f0c120e25d51c143699b71d16	d__Bacteria; p__Firmicutes; c__Clostridia; o__Christensenellales; f__Christensenellaceae; g__Catabacter; s__Catabacter_hongkongensis
8c34ff6441aa621e54a201cfc56df494	d__Bacteria; p__Firmicutes; c__Clostridia; o__Oscillospirales; f__Oscillospiraceae; g__UCG-005
60698cc07b0db860a81fcd1b48b29751	d__Bacteria; p__Firmicutes; c__Clostridia; o__Oscillospirales; f__Oscillospiraceae; g__UCG-005
fec60f67b5b965250f3dca09548b46ef	d__Bacteria; p__Firmicutes; c__Clostridia; o__Oscillospirales; f__Oscillospiraceae; g__UCG-005
761f598c9ff611e03534e7d9a9b6ac46	d__Bacteria; p__Firmicutes; c__Clostridia; o__Oscillospirales; f__Oscillospiraceae; g__UCG-005
515f9825f4fbb54c17616723d5752aff	d__Bacteria; p__Firmicutes; c__Clostridia; o__Christensenellales; f__Christensenellaceae; g__Christensenellaceae_R-7_group
cd7f633e080b72248dc01cae0249f7e3	d__Bacteria; p__Firmicutes; c__Clostridia; o__Christensenellales; f__Christensenellaceae; g__Christensenellaceae_R-7_group; s__uncultured_marine
fd2da32a7e29dad364a665680c4d0c8c	d__Bacteria; p__Firmicutes; c__Clostridia
0dd98f1a8c6ae622a80d1d97e04ee491	d__Bacteria; p__Firmicutes; c__Clostridia
f75f23918d589d0c4abefc8787d32727	d__Bacteria; p__Firmicutes; c__Clostridia; o__Christensenellales; f__Christensenellaceae; g__uncultured
00c434298db2030ebe3b9b4318b355d2	d__Bacteria; p__Firmicutes; c__Clostridia; o__Oscillospirales; f__Oscillospiraceae; g__UCG-005; s__metagenome
0d7fca84e42b6973bfc197398d437b70	d__Bacteria; p__Firmicutes; c__Clostridia; o__Christensenellales; f__Christensenellaceae; g__Christensenella
402ffebb33a775ce14939dcbf7c63d18	d__Bacteria; p__Firmicutes; c__Clostridia; o__Christensenellales; f__Christensenellaceae
0dc46e0b800e4700e991a334883cdcee	d__Bacteria; p__Firmicutes; c__Clostridia; o__Christensenellales; f__Christensenellaceae; g__Christensenellaceae_R-7_group; s__uncultured_marine
2afca7d079a47dd394749d63774657d6	d__Bacteria; p__Firmicutes; c__Clostridia; o__Oscillospirales; f__Oscillospiraceae
3d6c92032471f46b7a13d3ec20105129	d__Bacteria; p__Firmicutes; c__Clostridia; o__Christensenellales; f__Christensenellaceae; g__uncultured
a4cca4a8e9fc265dbd0c3bb6bca04cce	d__Bacteria; p__Firmicutes; c__Clostridia
231a2ed14eeda36b77d85f917095dc63	d__Bacteria; p__Firmicutes; c__Clostridia; o__Christensenellales; f__Christensenellaceae; g__Christensenellaceae_R-7_group
321717a2846c60ab656bec82e0bb6ae8	d__Bacteria; p__Firmicutes; c__Clostridia; o__Oscillospirales; f__Oscillospiraceae
13e945a892ab87ba9b51fe17c988fc2a	d__Bacteria; p__Firmicutes; c__Negativicutes; o__Veillonellales-Selenomonadales; f__Veillonellaceae; g__Allisonella
7993fe290e25cbdd8b2a460273a09ee6	d__Bacteria; p__Firmicutes; c__Negativicutes; o__Veillonellales-Selenomonadales; f__Veillonellaceae; g__Allisonella; s__uncultured_bacterium
6ea29b0627bc7e9d9f5af7a7a2994315	d__Bacteria; p__Firmicutes; c__Negativicutes; o__Veillonellales-Selenomonadales; f__Veillonellaceae; g__Allisonella; s__uncultured_bacterium
c0ad429480c9fd8af9db2537484265ce	d__Bacteria; p__Firmicutes; c__Negativicutes; o__Acidaminococcales; f__Acidaminococcaceae; g__Phascolarctobacterium; s__Ruminococcus_sp.
37940652414bc645edefbeee3babeb42	d__Bacteria; p__Firmicutes; c__Negativicutes; o__Acidaminococcales; f__Acidaminococcaceae; g__Acidaminococcus
ebc641c644c0d6f26a930195af169c0e	d__Bacteria; p__Firmicutes; c__Negativicutes; o__Veillonellales-Selenomonadales; f__Veillonellaceae; g__Veillonella
781f7d844d80473302e730bd66fa7adb	d__Bacteria; p__Firmicutes; c__Negativicutes; o__Veillonellales-Selenomonadales; f__Veillonellaceae; g__Veillonella
34b441eccc3030ef58941d9957d512fd	d__Bacteria; p__Firmicutes; c__Negativicutes; o__Veillonellales-Selenomonadales; f__Veillonellaceae; g__Veillonella
6426ff834dee634ba771b733b550f390	d__Bacteria; p__Firmicutes; c__Negativicutes; o__Veillonellales-Selenomonadales; f__Veillonellaceae; g__Veillonella
d5bb9f2095829b27f37b5aa22891524c	d__Bacteria; p__Firmicutes; c__Negativicutes; o__Veillonellales-Selenomonadales; f__Veillonellaceae; g__Veillonella
31f44488151d5626a6420d127ceadff5	d__Bacteria; p__Firmicutes; c__Negativicutes; o__Veillonellales-Selenomonadales; f__Veillonellaceae; g__Dialister
ce8c1f102aebccf34ee00557c49cb26a	d__Bacteria; p__Firmicutes; c__Negativicutes; o__Veillonellales-Selenomonadales; f__Veillonellaceae; g__Dialister
31057f2cb5de6a4976ba077c6a3952fa	d__Bacteria; p__Firmicutes; c__Clostridia; o__Peptococcales; f__Peptococcaceae; g__uncultured; s__uncultured_bacterium
c18fadbc3a07019dcde8d1e7f60124f5	d__Bacteria; p__Firmicutes; c__Clostridia; o__Peptococcales; f__Peptococcaceae; g__uncultured; s__uncultured_bacterium
bc42a5c804af363235bdd8346d8adde4	d__Bacteria; p__Firmicutes; c__Negativicutes; o__Acidaminococcales; f__Acidaminococcaceae; g__Phascolarctobacterium
aef3d345b05cfcd6078cc4b2fd313799	d__Bacteria; p__Firmicutes; c__Negativicutes; o__Acidaminococcales; f__Acidaminococcaceae; g__Phascolarctobacterium
c6e1e23ecfdc78bcaf511a777686b9a2	d__Bacteria; p__Firmicutes; c__Clostridia; o__Peptococcales; f__Peptococcaceae; g__uncultured; s__uncultured_bacterium
f00d9317a15fb7cf9a4e9a8147f88611	d__Bacteria; p__Actinobacteriota; c__Coriobacteriia; o__Coriobacteriales; f__Coriobacteriaceae; g__Collinsella
6f71f5931f74cfab925f442b9b423125	d__Bacteria; p__Actinobacteriota; c__Coriobacteriia; o__Coriobacteriales; f__Coriobacteriaceae; g__Collinsella
859937adaf280dfdb2b6ab63eaf8274d	d__Bacteria; p__Proteobacteria; c__Gammaproteobacteria; o__Coxiellales; f__Coxiellaceae; g__Coxiella
e313c299999a3f00520f42c1eb0a0e45	d__Bacteria; p__Actinobacteriota; c__Coriobacteriia; o__Coriobacteriales; f__Eggerthellaceae
60bfdb9b48ce7ffd10ab70d2698431b5	d__Bacteria; p__Actinobacteriota; c__Coriobacteriia; o__Coriobacteriales; f__Eggerthellaceae; g__uncultured; s__uncultured_bacterium
9ac12cbec7d6f3e69c995637d7005064	d__Bacteria; p__Actinobacteriota; c__Coriobacteriia; o__Coriobacteriales; f__uncultured; g__uncultured; s__uncultured_bacterium
a76bad6ce09b76db47e86b766b865581	d__Bacteria; p__Actinobacteriota; c__Coriobacteriia; o__Coriobacteriales
9abaefacf0a09c690d1117c7bb0b5ee7	d__Bacteria; p__Actinobacteriota; c__Coriobacteriia; o__Coriobacteriales; f__Eggerthellaceae; g__Senegalimassilia
03b5bdefb09ceec1003fbfa9eb5dcba8	d__Bacteria; p__Actinobacteriota; c__Coriobacteriia; o__Coriobacteriales; f__Eggerthellaceae; g__Enterorhabdus; s__uncultured_bacterium
9b24e6be3a844682f9bc50286a06adff	d__Bacteria; p__Actinobacteriota; c__Coriobacteriia; o__Coriobacteriales; f__Eggerthellaceae; g__Slackia; s__Slackia_isoflavoniconvertens
ca70eed271c3eaeb89abc9a28dc91de0	d__Bacteria; p__Actinobacteriota; c__Coriobacteriia; o__Coriobacteriales; f__Eggerthellaceae; g__Gordonibacter; s__Gordonibacter_pamelaeae
425ff694892f45d8a537ee1e1a0df996	d__Bacteria; p__Proteobacteria; c__Gammaproteobacteria; o__Burkholderiales; f__Sutterellaceae; g__Parasutterella
3d7b5f2982c10ab29a5f29a8d57fc97a	d__Bacteria; p__Proteobacteria; c__Gammaproteobacteria; o__Burkholderiales; f__Oxalobacteraceae
fca988b2436093b26c1442e5e04c3aa1	d__Bacteria; p__Proteobacteria; c__Gammaproteobacteria; o__Burkholderiales; f__Sutterellaceae; g__Sutterella; s__gut_metagenome
d6c5a43e3713e53aa0f6ecfb8c4b7429	d__Bacteria; p__Proteobacteria; c__Gammaproteobacteria; o__Burkholderiales; f__Oxalobacteraceae
a97423d1bb96bae4b2f4198add1b8baf	d__Bacteria; p__Proteobacteria; c__Gammaproteobacteria; o__Burkholderiales; f__Sutterellaceae; g__Sutterella
525545ce05baa4115cafa8a1ce4a5278	d__Bacteria; p__Proteobacteria; c__Gammaproteobacteria; o__Burkholderiales; f__Sutterellaceae; g__Sutterella
618c93771b1cecfd67705db60b413e1b	d__Bacteria; p__Proteobacteria; c__Gammaproteobacteria; o__Burkholderiales
d468cc31a5ba8dda1f900bfd4c4c5818	d__Bacteria; p__Firmicutes; c__Clostridia; o__Oscillospirales; f__Ruminococcaceae; g__Caproiciproducens
349fcd56f4fe55e43e91447fa0cf9c1c	d__Bacteria; p__Firmicutes; c__Clostridia; o__Oscillospirales; f__Ruminococcaceae; g__Anaerotruncus; s__Anaerotruncus_sp.
10bd84137260dff2b4ae884a9ddd0ab8	d__Bacteria; p__Firmicutes; c__Clostridia; o__Lachnospirales; f__Lachnospiraceae
0e4e86477f66f90a3b190169c47b71fb	d__Bacteria; p__Firmicutes; c__Clostridia; o__Oscillospirales; f__[Eubacterium]_coprostanoligenes_group; g__[Eubacterium]_coprostanoligenes_group; s__uncultured_Clostridiales
3ebb715740516383d87ede5407e21bd9	d__Bacteria; p__Firmicutes; c__Clostridia; o__Oscillospirales; f__Ruminococcaceae; g__uncultured; s__human_gut
f28cdebc0920874474da170d3e18bd3c	d__Bacteria; p__Firmicutes; c__Clostridia; o__Oscillospirales; f__Ruminococcaceae; g__uncultured; s__human_gut
a5f9fdf83f0ee5b7ea89813e887d3ba9	d__Bacteria; p__Firmicutes; c__Clostridia; o__Oscillospirales; f__Ruminococcaceae
a58a5d9eb0f500833a83367df67e3635	d__Bacteria; p__Firmicutes; c__Clostridia; o__Oscillospirales; f__Ruminococcaceae; g__Anaerotruncus
6a05c074ae8085472330f1fb8824593a	d__Bacteria; p__Firmicutes; c__Clostridia; o__Oscillospirales; f__[Eubacterium]_coprostanoligenes_group; g__[Eubacterium]_coprostanoligenes_group
8e3390b42642c68eb6c5c233ade0d659	d__Bacteria; p__Firmicutes; c__Clostridia; o__Oscillospirales; f__Ruminococcaceae; g__DTU089
6a5eee8e68c302d968ed9af06f20f41b	d__Bacteria; p__Firmicutes; c__Clostridia; o__Oscillospirales; f__Ruminococcaceae
3fe65becfb5dc787466c23f72556bc7d	d__Bacteria; p__Firmicutes; c__Clostridia; o__Oscillospirales; f__[Eubacterium]_coprostanoligenes_group; g__[Eubacterium]_coprostanoligenes_group; s__Eubacteriaceae_bacterium
18258c87f915305d538a8bcdf4c9e85d	d__Bacteria; p__Firmicutes; c__Clostridia; o__Oscillospirales; f__Ruminococcaceae
f0855495c535e5456621fc0536f7501d	d__Bacteria; p__Firmicutes; c__Clostridia; o__Oscillospirales; f__Ruminococcaceae; g__Incertae_Sedis; s__[Clostridium]_leptum
57fa64aa549283cacd1875175b322c3e	d__Bacteria; p__Firmicutes; c__Clostridia; o__Oscillospirales; f__Ruminococcaceae
24862dd6b62c0cc5ef7322d480da3fb8	d__Bacteria; p__Firmicutes; c__Clostridia; o__Oscillospirales; f__Ruminococcaceae
f4794854dcc1b2f74ed60766116d65d3	d__Bacteria; p__Firmicutes; c__Clostridia; o__Oscillospirales; f__Ruminococcaceae; g__Incertae_Sedis; s__uncultured_organism
7a779e0b79686275989f86294be094c1	d__Bacteria; p__Firmicutes; c__Clostridia; o__Oscillospirales; f__Ruminococcaceae
4acb8a6a319e103569a64ba0b3db8e98	d__Bacteria; p__Firmicutes; c__Clostridia; o__Oscillospirales; f__Ruminococcaceae
10a23744bd494c2b6ffd451eed26a361	d__Bacteria; p__Firmicutes; c__Clostridia; o__Oscillospirales; f__Ruminococcaceae; g__Subdoligranulum; s__uncultured_Subdoligranulum
2a7c932f46417c2408d5a18ad7e4dd65	d__Bacteria; p__Firmicutes; c__Clostridia; o__Oscillospirales
f88a896418bc7a541251b601432d8f36	d__Bacteria; p__Firmicutes; c__Clostridia; o__Oscillospirales; f__Ruminococcaceae; g__Negativibacillus; s__uncultured_organism
ffc6f45c4593377d5c5f675fb0a4c38d	d__Bacteria; p__Firmicutes; c__Clostridia; o__Oscillospirales; f__Ruminococcaceae; g__uncultured; s__gut_metagenome
b03f2f7e44a40130076cf87f4aa83fe4	d__Bacteria; p__Firmicutes; c__Clostridia; o__Lachnospirales; f__Lachnospiraceae
e5208b5acbe428584116a5b78137020c	d__Bacteria; p__Firmicutes; c__Clostridia; o__Oscillospirales; f__Ruminococcaceae; g__Subdoligranulum
49cdb0658a7577ad3674fcbaba0e19b9	d__Bacteria; p__Firmicutes; c__Clostridia; o__Oscillospirales; f__Ruminococcaceae; g__Subdoligranulum
b6e0d1ae0e2e047689c863938307d686	d__Bacteria; p__Firmicutes; c__Clostridia; o__Oscillospirales; f__Ruminococcaceae
d935b52b70d9b01b1c7304fc60134478	d__Bacteria; p__Firmicutes; c__Clostridia; o__Monoglobales; f__Monoglobaceae; g__Monoglobus
4634ca35d49f2176523c25c638560765	d__Bacteria; p__Firmicutes; c__Clostridia; o__Oscillospirales; f__Ruminococcaceae; g__CAG-352
1bbc4ec13e14db76d9f00b795437261b	d__Bacteria; p__Firmicutes; c__Clostridia; o__Oscillospirales; f__Ruminococcaceae
5a727463581066f86c7ab53fc939874e	d__Bacteria; p__Firmicutes; c__Clostridia; o__Oscillospirales; f__Ruminococcaceae; g__Ruminococcus
d5585cb48c9554b5ce212db7885f8162	d__Bacteria; p__Firmicutes; c__Clostridia
f53f16491722c18f0bb4b1ee9a3f789a	d__Bacteria; p__Firmicutes; c__Clostridia; o__Oscillospirales; f__Ruminococcaceae; g__Ruminococcus
8190ac9016a0245f08f1a154d2bda654	d__Bacteria; p__Firmicutes; c__Clostridia; o__Oscillospirales; f__Ruminococcaceae; g__Ruminococcus
dd7836532603a903d7925a4f70250c94	d__Bacteria; p__Firmicutes; c__Clostridia; o__Oscillospirales; f__Ruminococcaceae; g__Ruminococcus
0c0fb008cd3e8cb4d2246580567ed2e1	d__Bacteria; p__Firmicutes; c__Clostridia; o__Monoglobales; f__Monoglobaceae; g__Monoglobus
69cb388045691f6809b8aa927cddcc61	d__Bacteria; p__Firmicutes; c__Clostridia; o__Oscillospirales; f__Ruminococcaceae; g__[Eubacterium]_siraeum_group
82a570006835b7271d917f8505a2b7f2	d__Bacteria; p__Firmicutes; c__Clostridia; o__Oscillospirales; f__Ruminococcaceae; g__[Eubacterium]_siraeum_group
4885ec270c7912b67cc2886e4d79ed0b	d__Bacteria; p__Firmicutes; c__Clostridia; o__Oscillospirales; f__Ruminococcaceae
a088389a7f5ad5857d0994ceab3661c2	d__Bacteria; p__Firmicutes; c__Bacilli; o__RF39; f__RF39; g__RF39; s__uncultured_bacterium
db6205b4ec4db955be2eb3068e0f1551	d__Bacteria; p__Firmicutes; c__Clostridia; o__Clostridia_UCG-014; f__Clostridia_UCG-014; g__Clostridia_UCG-014
f793b9a3928cdc2fddb407ddb2931a31	d__Bacteria; p__Firmicutes; c__Clostridia; o__Lachnospirales; f__Lachnospiraceae
32f1feb63d78aa24c3ec9b35e64ecf61	d__Bacteria; p__Proteobacteria; c__Gammaproteobacteria; o__Aeromonadales; f__Succinivibrionaceae; g__Succinivibrio; s__uncultured_bacterium
36f993bdac6599750898b76b2201e1a8	d__Bacteria; p__Firmicutes; c__Bacilli; o__Erysipelotrichales; f__Erysipelotrichaceae; g__[Clostridium]_innocuum_group
4586b5dc5339056188bcfae987707303	d__Bacteria; p__Bacteroidota; c__Bacteroidia; o__Bacteroidales; f__Bacteroidaceae; g__Bacteroides
bf6e41dab0c50f8b55669b73268513a7	d__Bacteria; p__Firmicutes; c__Clostridia; o__Peptostreptococcales-Tissierellales; f__Anaerovoracaceae
d2cae18b3d849aaa5bc4a8ffc01a239b	d__Bacteria; p__Firmicutes; c__Clostridia
de169d7b08600d4c66c165b9916211ee	d__Bacteria; p__Firmicutes; c__Clostridia; o__Oscillospirales; f__Oscillospiraceae; g__Colidextribacter
0e63b0078b2249304633b8ba493033d7	d__Bacteria; p__Firmicutes; c__Negativicutes; o__Acidaminococcales; f__Acidaminococcaceae; g__Acidaminococcus
88a5402dc4bd2f58e03b7c6dfe10f603	d__Bacteria; p__Firmicutes; c__Clostridia; o__Peptostreptococcales-Tissierellales; f__Anaerovoracaceae
eb0be5d92a5c4dd56b330bb821dd6f57	d__Bacteria; p__Firmicutes; c__Clostridia; o__Oscillospirales; f__Ruminococcaceae; g__Anaerofilum
6a688b2e5204cb8414a87f9520a10cdc	d__Bacteria; p__Firmicutes; c__Clostridia; o__Oscillospirales; f__Ruminococcaceae
